	Aedes_albopictus 5-mer OE values GC sorted
AAAAA	1.3743182245349794
AAAAT	1.0663462347279864
AATAT	0.9337378604586603
AATAA	1.6672706321990065
AATTA	1.292867806788914
AATTT	1.258784599715138
ATAAA	1.3373513551560938
ATAAT	1.310824304105427
ATATT	1.0398655388951143
ATATA	1.0773898389907621
ATTAA	1.2210418175228637
ATTAT	1.2222980895784676
ATTTT	1.2109266918058348
ATTTA	1.2101359195329107
TTATT	1.519836562164466
TTATA	1.009460113781222
TTTTT	1.2553721271456468
TTTTA	1.2541740736560432
TTTAA	1.1310818142367909
TTTAT	1.34066883735646
TTAAA	1.0115493488302154
TTAAT	1.337838705011258
AAATA	1.2313058732494429
AAATT	1.2030853202063507
TAAAT	1.310824304105427
TAAAA	1.1075861443583508
TAATT	1.3864873851934858
TAATA	1.3527227978439569
TATTT	1.2479958762488705
TATTA	1.2587845997151381
TATAA	1.0474623434632409
TATAT	1.0702709640090065
GAAAT	1.0430675464839123
GAAAA	0.7769409908872322
ATACT	0.9132195457494244
ATACA	0.6643785129272449
GAATA	1.1558316055632547
GAATT	1.11700732590685
ATTAC	1.052187737493902
ATTAG	1.40341946075476
ATTTG	1.2803384741368484
ATTTC	1.0286514625422842
ATTGA	1.059724898937268
ATTGT	0.5237748303287107
ATTCA	0.7742513540049467
ATTCT	0.8471247338583519
GATAA	0.6202023249363806
GATAT	0.7160303371197757
GATTA	1.1742897528764322
GATTT	0.9311552539177079
ATGAA	1.0712585612537484
ATGAT	0.5441830562110296
ATGTA	0.6301066966654026
ATGTT	0.4364790252739256
ATAAC	0.7034596019229652
ATAAG	0.7893484135553935
AATTC	0.9926299410319829
AATTG	1.231572179846014
AATAG	0.9303034874045706
AATAC	0.8207028689101259
AATGA	1.071258561253748
AATGT	0.45825941575665635
AACAT	0.8793245024037064
AACAA	0.5193016709554823
GTAAT	0.7733127640893578
GTAAA	0.8739214578648999
TCATT	1.0084818260218473
TCATA	0.754398755184307
TCAAT	0.7742513540049466
TCAAA	0.9379461358972868
TCTTT	0.9016364359067417
TCTTA	0.5445801860517976
GTATA	0.5155418427262385
GTATT	0.6110706353834958
ATCAA	1.074729947382308
ATCAT	0.7941039528255865
ATCTA	0.45660977287471216
ATCTT	0.6050890956131085
GTTAA	0.4869006292414474
GTTAT	0.46557762695885396
TGATA	0.8305951910589399
TGATT	0.7565636438081377
CATAA	0.5862163349358044
CATAT	0.5360201681572709
CATTA	0.8536617492875054
CATTT	0.9883121895014105
AGAAA	1.248655163925909
AGAAT	0.5074382658570384
GTTTA	0.5819720336985674
GTTTT	0.5912658836663772
TGTAA	0.7446715506045666
TGTAT	0.4364790252739256
TGTTA	0.49467622864378236
TGTTT	0.4434494127497829
TGAAA	0.7893484135553935
TGAAT	1.2602133933308053
TTTCT	0.9221281730864405
TTTCA	0.8269550973379148
TTCTT	1.0450785961646325
TTCTA	0.7261069147357301
TTCAT	1.0689907355831583
TTCAA	0.8735143481081449
AGATT	0.3150533483327013
AGATA	0.5638202953967096
AGTTT	0.7274650421232093
AGTTA	0.6301066966654026
AGTAT	0.3723357753022834
AGTAA	0.817539428325229
TTGAA	1.174289752876432
TTGAT	1.25123987245192
TTGTA	0.5819720336985674
TTGTT	0.5025760011164206
TTTAG	1.0475496606574215
TTTAC	0.766446187776604
TTACT	0.9076336434196626
TTACA	0.6551357610811087
TTTTG	0.8573355313162471
TTTTC	0.7581942756488511
TCTAA	0.7345461563636673
TCTAT	0.5849194590926714
ATATG	0.3150533483327013
ATATC	0.4367571740540726
ATAGA	0.6765843544760516
ATAGT	0.6014654831806117
AACTT	0.9132195457494242
AACTA	0.8597839579058463
AAAAG	1.0821678087357878
AAAAC	0.6347020422789228
TTATC	0.6252587321335453
TTATG	0.7856622454930661
TTAAG	0.31505334833270127
TTAAC	0.7742513540049467
CAAAA	0.7116356231612165
CAAAT	0.8988650469015665
CAATA	0.7425406909186855
CAATT	0.9727773422113434
TTTGT	0.6503924720330149
TTTGA	1.1057468640272783
TACAT	0.4367571740540726
TACAA	0.5862163349358044
CTATA	0.8338091504668655
CTATT	1.109330008624032
TTAGA	0.45825941575665635
TTAGT	0.9602538556026363
TAGTA	0.6587479101501936
TAGTT	0.9020566522327795
TATAC	0.4764623716953518
TATAG	0.8878776180285217
TATTG	1.3385356775067052
TATTC	0.766446187776604
TATGA	0.2864121348479103
TATGT	0.46557762695885396
TATCA	0.4963149705159915
TATCT	0.38322309388830206
TACTA	0.933072144570064
TACTT	0.826955097337915
TAGAT	0.4869006292414475
TAGAA	0.8739214578648999
CTAAA	1.1333515808758883
CTAAT	1.3102715221622174
CTTTT	1.0860620705240298
CTTTA	1.109330008624032
ACATT	0.6749883599017484
ACATA	0.5666757904379442
ACAAT	0.5275947014422239
ACAAA	0.6924022279406431
ACTTT	0.8471247338583519
ACTTA	0.5955779646191898
TAAAC	0.8597839579058464
TAAAG	0.9584945021744063
TAATG	0.8878776180285219
TAATC	0.9330721445700642
TAAGA	0.4792472510872032
TAAGT	0.25777092136311924
ACTAA	0.9965677693908673
ACTAT	0.7543987551843072
TAACT	0.6749883599017485
TAACA	0.7034596019229652
CTTAA	0.635283162260469
CTTAT	0.7261069147357301
AAGTA	0.535629280626874
AAGTT	0.5155418427262384
AAGAA	1.1099157012674745
AAGAT	0.535629280626874
AATCT	0.5558727669779104
AATCA	0.9184055913994267
AAATG	0.535629280626874
AAATC	1.0551894028844477
AAAGA	1.026672023672414
AAAGT	0.6765843544760513
AAACA	0.5193016709554824
AAACT	1.0747299473823078
AAACC	1.4034457604843444
AAACG	0.18406744996193472
AAAGC	1.1044046997716082
AAAGG	1.7260938305527844
AATCC	1.8795403575598144
AATCG	0.6545242555300431
CACTT	0.3292337639569835
CACTA	0.2592469458703193
CACAT	0.6481173646757983
CACAA	0.8293088584680217
AAGCT	1.5895589062872475
AAGCA	1.4725395996954775
AAGGT	1.7536588270863267
AAGGA	1.9916467275609049
AAGTC	0.2805103952271613
AAGTG	0.2697936657055887
AAGAC	0.7362697998477388
AAGAG	0.6638822425203017
CTCTT	1.6055591494322003
CTCTA	0.7901610334967603
CTCAT	0.9218545390795536
CTCAA	1.036987783481277
CTGTT	1.1581648019184998
CTGTA	0.8549700867455992
CTGAT	0.7599734104405326
CTGAA	0.7480277206057637
GCATT	0.7599734104405325
GCATA	0.46751732537860224
GCAAT	1.4025519761358065
GCAAA	0.6442360748667715
ACCTT	1.119394797453744
ACCTA	0.8425525740785378
ACCAT	0.712929101143378
ACCAA	0.6379298911292475
CTTAC	0.7243142807053635
CTTAG	0.5699800578303993
GCTTT	1.4477060023981245
GCTTA	0.7599734104405326
GCTAT	2.184923555016531
GCTAA	2.0570762316658504
ACGTT	0.28499002891519976
ACGTA	0.18700693015144093
ACGAT	0.8415311856814842
ACGAA	0.6442360748667716
ACTCT	1.1852415502451403
ACTCA	0.5184938917406385
ACTGT	0.7599734104405326
ACTGA	0.37401386030288186
TAACC	1.101799519948857
TAACG	0.18700693015144093
TAAGC	1.028538115832925
TAAGG	1.348968328527944
ACTTC	1.4486285614107273
ACTTG	0.7599734104405326
ACTAC	0.5184938917406386
ACTAG	0.6545242555300432
ACACT	0.12962347293515966
ACACA	0.765515869355097
ACAGT	1.1220415809086455
ACAGA	0.6442360748667715
CTTCT	1.8062540431112248
CTTCA	1.7778623253677102
CTTGT	0.5790824009592498
CTTGA	1.7099401734911979
CTTTC	1.1372710641811417
CTTTG	0.2895412004796249
ACATC	0.7129291011433779
ACATG	1.028538115832925
ACAAC	0.5741369020163227
ACAAG	0.5522023498858042
CCTTT	1.8062540431112253
CCTTA	1.3169350558279338
CTAGT	0.6649767341354659
CTAGA	0.8415311856814841
TATCC	0.856007786288157
TATCG	0.2849900289151997
TATGC	0.5699800578303994
TATGG	1.0964086308217997
GGTAT	1.6446129462326993
GGTAA	1.4838651613807383
CGATT	0.9499667630506655
CGATA	0.3740138603028818
TAGCT	1.4249501445759982
TAGCA	1.215545045984366
TAGGT	1.0964086308217995
TAGGA	3.9120081527310377
TAGTC	0.8549700867455992
TAGTG	0.4111532365581749
TAGAC	0.5610207904543227
TAGAG	0.5395873314111775
GGAAT	2.428142991350299
GGAAA	1.194988036536543
TACCT	1.3169350558279338
TACCA	0.4536821552730587
TACGT	0.2849900289151997
TACGA	1.0285381158329252
TACTC	1.1193947974537437
TACTG	0.9499667630506657
TACAC	0.9073643105461175
TACAG	1.1220415809086457
GGTTT	0.6961986363012947
GGTTA	0.4111532365581748
CTATC	0.3292337639569834
CTATG	0.0
CTAAC	0.45368215527305866
CTAAG	0.2805103952271613
CCTAT	0.7901610334967603
CCTAA	1.5554816752219156
AGCTT	1.3299534682709317
AGCTA	3.3661247427259364
AGCAT	1.3090485110600862
AGCAA	1.4725395996954775
CAAGT	0.28051039522716137
CAAGA	0.5522023498858042
TTAGC	1.7099401734911979
TTAGG	3.7003791290235735
CGAAT	1.2155450459843657
CGAAA	0.3681348999238694
GGATT	4.522685602139923
GGATA	0.4046904985583832
CAATC	0.3240586823378991
CAATG	1.215545045984366
CAAAC	1.020687825806796
CAAAG	0.4601686249048368
CTACT	1.1193947974537435
CTACA	0.45368215527305866
AGGTT	0.6852553942636247
AGGTA	2.023452492791916
AGGAT	3.5073176541726543
AGGAA	2.5227525215771465
AGTCT	0.37998670522026623
AGTCA	0.5610207904543227
TTTGC	1.351192268904916
TTTGG	1.2531575453423305
TTACC	1.1193947974537435
TTACG	1.4249501445759982
AGTGT	0.0
AGTGA	0.26979366570558877
AGTTC	1.1399601156607988
AGTTG	0.8223064731163497
AGTAC	0.3740138603028818
AGTAG	1.348968328527944
AGACT	0.5610207904543227
AGACA	0.6442360748667715
AGAGT	0.26979366570558877
AGAGA	0.398329345512181
AGATC	0.8415311856814841
AGATG	0.8093809971167664
TTGCT	1.544219735891333
TTGCA	1.2349567919658655
TTGGT	1.3923972726025895
TTGGA	2.192817261643599
TTGTC	0.5790824009592498
TTGTG	0.5569589090410357
TTGAC	0.9499667630506655
TTGAG	1.3705107885272494
TTTCC	1.0703727662881335
TTTCG	0.5790824009592498
GTCTT	0.8686236014388747
GTCTA	0.664976734135466
GTCAT	0.5699800578303994
GTCAA	0.6545242555300432
TTCCT	1.7393557452182165
TTCCA	1.5144753142021234
TTCGT	0.7721098679456663
TTCGA	0.5699800578303993
TTCTC	1.20416936207415
TTCTG	0.9651373349320829
TTCAC	0.9218545390795535
TTCAG	0.8549700867455989
AGAAC	1.1044046997716082
AGAAG	2.257199624569026
CATGT	0.7599734104405326
CATGA	1.0285381158329252
CATTC	0.856007786288157
CATTG	0.3799867052202663
CATAC	1.425858202286756
CATAG	0.37401386030288186
GTTCT	0.09651373349320831
GTTCA	1.2349567919658655
GTTGT	0.13923972726025896
GTTGA	1.5075618673799744
TGACT	0.47498338152533276
TGACA	0.3740138603028818
TGAGT	0.2741021577054499
TGAGA	0.4046904985583832
TGATC	0.8549700867455992
TGATG	1.0964086308217997
TGAAC	0.9350346507572045
TGAAG	1.348968328527944
TGTCT	0.48256866746604155
TGTCA	0.2849900289151997
TGTGT	0.4177191817807769
TGTGA	0.4111532365581748
TGTTC	0.48256866746604143
TGTTG	1.1139178180820715
TGTAC	0.28499002891519964
TGTAG	0.9593575519690746
GTGTT	0.13923972726025896
GTGTA	0.0
GTGAT	0.2741021577054499
GTGAA	0.674484164263972
GTTAC	0.7599734104405325
GTTAG	0.4111532365581748
GTACT	0.6649767341354659
GTACA	0.3740138603028818
GTAGT	0.6852553942636247
GTAGA	1.2140714956751495
CCAAT	1.5554816752219154
CCAAA	0.8293088584680216
TGGTT	0.6961986363012947
TGGTA	1.0964086308217995
TGGAT	1.7816640250854243
TGGAA	1.8885556599391216
CAACT	1.0369877834812773
CAACA	1.3396527713714197
ATCCT	1.3169350558279338
ATCCA	1.2962347293515963
ATCGT	0.18999335261013314
ATCGA	0.6545242555300432
ATCTC	0.5267740223311735
ATCTG	0.18999335261013314
ATCAC	0.5184938917406386
ATCAG	0.6545242555300432
CAGTT	0.9499667630506659
CAGTA	0.7480277206057637
GTAAC	0.6545242555300432
GTAAG	0.674484164263972
CGTTT	0.48256866746604155
CGTTA	0.18999335261013314
TGCTT	1.254678535411708
TGCTA	1.7099401734911983
TGCAT	0.664976734135466
TGCAA	0.9350346507572047
CCATT	1.1193947974537437
CCATA	0.7129291011433779
GTTTC	0.2895412004796249
GTTTG	0.9746780908218126
GACTT	0.9499667630506655
GACTA	0.8415311856814841
GACAT	0.7480277206057635
GACAA	0.7362697998477388
TCAGT	0.37998670522026623
TCAGA	0.5610207904543227
TCATC	1.0535480446623469
TCATG	0.8549700867455989
TCAAC	1.4258582022867559
TCAAG	1.2155450459843657
GTATC	0.18999335261013314
GTATG	0.27410215770544993
GAGAT	0.4046904985583832
GAGAA	0.9294351395284224
TCTGT	0.19302746698641657
TCTGA	0.37998670522026623
TCTTC	2.00694893679025
TCTTG	1.2546785354117078
TCTAC	0.3950805167483801
TCTAG	0.5699800578303993
TCACT	0.39508051674838
TCACA	0.32405868233789903
CGTAT	0.2849900289151997
CGTAA	0.37401386030288186
CAGAT	0.6545242555300432
CAGAA	1.2884721497335432
CATCT	0.7243142807053636
CATCA	1.4258582022867559
ATGCT	1.1399601156607986
ATGCA	0.5610207904543227
ATGGT	0.8223064731163496
ATGGA	1.6187619942335327
ATGTC	0.3799867052202663
ATGTG	0.6852553942636248
ATGAC	0.3740138603028818
ATGAG	0.8093809971167664
GATTC	0.5699800578303994
GATTG	0.13705107885272497
GATAC	0.46751732537860224
GATAG	0.5395873314111775
TCGTT	0.48256866746604155
TCGTA	0.3799867052202663
TCGAT	0.47498338152533287
TCGAA	0.46751732537860236
TCTCT	0.6020846810370749
TCTCA	0.8560077862881568
GAGTT	0.8223064731163496
GAGTA	0.8093809971167664
ATTCC	1.3169350558279338
ATTCG	0.5699800578303994
ATTGC	1.8049368497962648
ATTGG	2.7410215770544992
GAATC	0.46751732537860224
GAATG	1.079174662822355
GAAAC	1.1964384247525754
GAAAG	1.0622115880324827
TCCTT	1.739355745218217
TCCTA	1.3169350558279338
TCCAT	0.856007786288157
TCCAA	1.361046465819176
GATCT	0.47498338152533276
GATCA	1.4960554412115272
GATGT	0.8223064731163496
GATGA	1.079174662822355
ATACC	0.7777408376109579
ATACG	0.09350346507572047
ATAGC	1.215545045984366
ATAGG	1.8885556599391216
AATGC	0.5610207904543226
AATGG	1.6187619942335323
GAACT	1.3090485110600865
GAACA	1.1964384247525757
GAAGT	0.8093809971167664
GAAGA	1.593317382048724
AACCT	0.9721760470136971
AACCA	0.8293088584680216
AACGT	0.0
AACGA	0.3681348999238694
AACTC	1.361046465819176
AACTG	0.7480277206057635
AACAC	0.3189649455646237
AACAG	1.840674499619347
CCCTT	4.149587817420093
CCCTA	2.5795972171008925
CCCAT	1.7197314780672617
CCCAA	2.327462184715844
GAACC	1.2210234019321986
GAACG	0.44039060377712175
GAAGC	4.403906037771217
GAAGG	1.2706972435632136
CGCTT	0.0
CGCTA	0.0
CGCAT	0.0
CGCAA	0.6105117009660993
TCCCT	1.7471948704926705
TCCCA	1.7197314780672617
TCCGT	0.0
TCCGA	0.6202613174834285
TCCTC	3.0575910233621735
TCCTG	2.8357498408443895
TCCAC	0.6448993042752231
TCCAG	3.411437246158857
GATCC	1.2405226349668572
GATCG	0.4474234575256536
GATGC	0.4474234575256536
GATGG	1.2909897470725877
TCGCT	0.31508331564937664
TCGCA	0.9303919762251428
TCGGT	0.454568623007052
TCGGA	1.342270372576961
TCGTC	1.2603332625975066
TCGTG	0.0
TCGAC	1.2405226349668572
TCGAG	3.5793876602052292
TCTCC	0.8735974352463352
TCTCG	1.2603332625975063
CGGTT	0.909137246014104
CGGTA	1.342270372576961
CGGAT	0.0
CGGAA	0.8807812075542435
GAGCT	6.711351862884805
GAGCA	4.403906037771217
GAGGT	1.9364846206088817
GAGGA	5.71813759603446
GAGTC	0.4474234575256536
GAGTG	0.6454948735362939
GAGAC	0.8807812075542435
GAGAG	0.6353486217816068
TCTGC	2.2055832095456362
TCTGG	0.9091372460141037
TCACC	1.7197314780672612
TCACG	1.240522634966857
CGTAC	0.6202613174834286
CGTAG	0.44742345752565366
GACCT	1.8607839524502854
GACCA	0.9157675514491487
GACGT	0.8948469150513072
GACGA	0.44039060377712164
GACTC	0.0
GACTG	0.4474234575256536
GACAC	0.6105117009660992
GACAG	0.44039060377712164
TCAGC	2.4810452699337144
TCAGG	0.4474234575256536
TGCCT	1.5754165782468832
TGCCA	1.5506532937085713
TGCGT	0.454568623007052
TGCGA	0.44742345752565366
CGTCT	1.5754165782468832
CGTCA	0.0
CGTGT	0.0
CGTGA	0.0
CGTTC	0.31508331564937664
CGTTG	0.0
TGCTC	2.520666525195013
TGCTG	2.27284311503526
TGCAC	1.860783952450286
TGCAG	3.1319642026795758
CCACT	0.6448993042752231
CCACA	1.0579373566890202
CCAGT	0.6202613174834286
CCAGA	2.1367909533813476
CCATC	0.6448993042752231
CCATG	1.5506532937085713
GTACC	0.6202613174834286
GTACG	0.4474234575256536
GTAGC	1.3422703725769607
GTAGG	1.9364846206088817
CCAAC	1.6926997707024323
CCAAG	0.3052558504830496
TGGCT	1.3637058690211559
TGGCA	0.8948469150513072
TGGGT	1.3116063133756484
TGGGA	0.6454948735362939
TGGTC	2.27284311503526
TGGTG	0.0
TGGAC	2.237117287628268
TGGAG	5.163958988290351
TGTCC	0.6301666312987533
TGTCG	0.454568623007052
TGTGC	0.909137246014104
TGTGG	1.3116063133756484
GTGTC	0.454568623007052
GTGTG	0.6558031566878242
GTGAC	0.4474234575256536
GTGAG	0.0
GTTCC	1.89049989389626
GTTCG	0.454568623007052
GTTGC	0.909137246014104
GTTGG	1.9674094700634726
TGACC	2.170914611192
TGACG	0.8948469150513072
TGAGC	3.579387660205229
TGAGG	2.5819794941451755
GTCCT	1.2603332625975066
GTCCA	0.0
GTCGT	0.0
GTCGA	1.342270372576961
GTCTC	0.31508331564937664
GTCTG	0.909137246014104
GTCAC	0.0
GTCAG	0.0
GTGCT	0.909137246014104
GTGCA	0.8948469150513072
GTGGT	0.0
GTGGA	1.9364846206088817
TTCCC	1.7471948704926703
TTCCG	0.3150833156493766
TTCGC	0.31508331564937664
TTCGG	0.45456862300705186
TTGCC	2.83574984084439
TTGCG	0.454568623007052
TTGGC	0.909137246014104
TTGGG	3.279015783439121
CGAAC	0.6105117009660992
CGAAG	0.0
GGACT	2.684540745153922
GGACA	2.6423436226627306
GGAGT	5.163958988290351
GGAGA	1.2706972435632133
GGATC	2.237117287628268
GGATG	0.6454948735362939
GGAAC	3.523124830216974
GGAAG	1.9060458653448202
TACCC	1.504765043308854
TACCG	0.3101306587417143
TACGC	0.6202613174834286
TACGG	0.44742345752565366
GGTTC	1.3637058690211559
GGTTG	1.9674094700634726
GGTAC	2.237117287628268
GGTAG	1.2909897470725877
CGACT	0.9303919762251427
CGACA	0.6105117009660992
CGAGT	0.8948469150513072
CGAGA	2.2019530188856082
CGATC	0.9303919762251428
CGATG	0.8948469150513072
TAGCC	1.8607839524502856
TAGCG	0.4474234575256536
TAGGC	0.8948469150513072
TAGGG	5.163958988290351
CTCTC	0.6551980764347515
CTCTG	0.31508331564937664
CTCAC	0.2149664347584077
CTCAG	0.9303919762251428
GGGTT	1.3116063133756481
GGGTA	2.5819794941451755
GGGAT	1.9364846206088817
GGGAA	1.90604586534482
GGTCT	2.27284311503526
GGTCA	1.7896938301026144
GGTGT	0.0
GGTGA	1.9364846206088817
CTGTC	0.0
CTGTG	0.0
CTGAC	0.930391976225143
CTGAG	0.44742345752565366
GGCTT	2.7274117380423117
GGCTA	0.8948469150513072
GGCAT	1.3422703725769607
GGCAA	0.8807812075542433
CTCCT	4.149587817420093
CTCCA	1.0748321737920385
CTCGT	0.9452499469481298
CTCGA	1.8607839524502854
GCACT	0.6202613174834285
GCACA	1.526279252415248
GCAGT	2.237117287628268
GCAGA	1.7615624151084865
GCATC	2.7911759286754285
GCATG	0.8948469150513072
GCAAC	2.136790953381347
GCAAG	0.44039060377712164
CTGCT	4.411166419091273
CTGCA	2.7911759286754285
CTGGT	0.909137246014104
CTGGA	4.026811117730883
ACCCT	3.0095300866177084
ACCCA	0.8463498853512162
ACCGT	0.3101306587417143
ACCGA	1.5262792524152482
ACCTC	1.719731478067262
ACCTG	2.791175928675429
ACCAC	0.8463498853512162
ACCAG	0.6105117009660993
ACGCT	0.3101306587417143
ACGCA	0.0
ACGGT	0.44742345752565377
ACGGA	0.8807812075542436
GCTCT	1.5754165782468832
GCTCA	2.170914611192
GCTGT	2.7274117380423117
GCTGA	0.44742345752565366
GCTTC	1.89049989389626
GCTTG	1.818274492028208
GCTAC	3.4114372461588576
GCTAG	0.0
ACGTC	0.31013065874171436
ACGTG	0.0
ACGAC	0.9157675514491491
ACGAG	0.4403906037771218
ACTCC	2.149664347584077
ACTCG	0.6202613174834286
ACTGC	2.4810452699337144
ACTGG	1.342270372576961
ACACC	1.0579373566890204
ACACG	0.6105117009660993
ACAGC	1.831535102898298
ACAGG	5.284687245325461
GCGTT	0.0
GCGTA	0.0
GCGAT	1.342270372576961
GCGAA	0.8807812075542435
CTTCC	3.4943897409853406
CTTCG	0.9452499469481297
CTTGC	1.2603332625975066
CTTGG	0.45456862300705186
CCTCT	1.7471948704926705
CCTCA	1.2897986085504463
CCTGT	1.575416578246883
CCTGA	3.4114372461588567
CCTTC	3.2759903821737573
CCTTG	1.2603332625975066
CTAGC	0.3101306587417143
CTAGG	1.3422703725769607
GCCTT	1.2603332625975066
GCCTA	0.3101306587417143
GCCAT	1.2405226349668572
GCCAA	1.2210234019321986
CCTAC	0.6448993042752231
CCTAG	2.170914611192
AGCCT	1.550653293708571
AGCCA	0.3052558504830496
AGCGT	0.0
AGCGA	0.8807812075542433
AGCTC	1.8607839524502856
AGCTG	3.579387660205229
AGCAC	0.3052558504830496
AGCAG	5.725077849102582
CAAGC	1.5262792524152482
CAAGG	3.082734226439852
CTACC	0.8598657390336306
CTACG	0.0
CCGTT	0.0
CCGTA	1.2405226349668572
CCGAT	0.6202613174834286
CCGAA	1.5262792524152482
AGGCT	0.8948469150513073
AGGCA	1.3211718113313653
AGGGT	4.518464114754058
AGGGA	0.0
AGGTC	2.6845407451539214
AGGTG	1.9364846206088817
AGGAC	3.523124830216974
AGGAG	8.894880704942494
AGTCC	1.5506532937085713
AGTCG	0.8948469150513072
AGTGC	1.3422703725769607
AGTGG	1.2909897470725877
AGACC	1.5262792524152482
AGACG	0.0
AGAGC	1.3211718113313653
AGAGG	1.9060458653448202
CATGC	1.5506532937085715
CATGG	1.342270372576961
CAACC	1.6926997707024325
CAACG	0.30525585048304965
ATCCC	2.3646307823424846
ATCCG	0.0
ATCGC	0.6202613174834286
ATCGG	0.44742345752565366
CAGCT	5.2722211986091425
CAGCA	1.5262792524152482
CAGGT	2.237117287628269
CAGGA	6.165468452879706
CAGTC	1.2405226349668574
CAGTG	0.44742345752565377
CAGAC	0.6105117009660994
CAGAG	0.4403906037771218
CATCC	1.0748321737920385
CATCG	0.3101306587417143
ATGCC	0.0
ATGCG	0.0
ATGGC	1.7896938301026144
ATGGG	1.9364846206088817
AACCC	3.8085744840804727
AACCG	1.526279252415248
AACGC	0.0
AACGG	0.8807812075542433
CACCT	1.2897986085504465
CACCA	0.8463498853512162
CACGT	0.3101306587417143
CACGA	1.2210234019321986
CACTC	0.0
CACTG	1.2405226349668572
CACAC	0.0
CACAG	1.2210234019321986
AAGCC	0.9157675514491489
AAGCG	0.8807812075542433
AAGGC	1.321171811331365
AAGGG	0.6353486217816066
CCCCA	6.316106641920942
CCCCT	14.972935187641232
CCCGT	3.085907845672271
CCCGA	2.0249345394506166
CCCAG	1.0124672697253085
CCCAC	2.807158507520419
CCCTG	12.343631382689084
CCCTC	2.1389907410916043
CACCC	5.614317015040839
CACCG	1.0124672697253088
CACGC	0.0
CACGG	1.4606798576123006
CAGGG	2.1073132043203247
CAGGC	0.0
CAGCG	0.0
CAGCC	3.0374018091759254
GCCAC	0.0
GCCAG	1.4606798576123006
GCCTG	2.9680126080152602
GCCTC	3.085907845672271
GCCCA	3.0374018091759254
GCCCT	3.085907845672271
GCCGT	0.0
GCCGA	1.4606798576123006
GCGTC	1.4840063040076301
GCGTG	0.0
GCGAC	1.4606798576123006
GCGAG	2.107313204320324
GCGGA	0.0
GCGGT	4.281932229615138
GCGCT	0.0
GCGCA	0.0
GGCCA	2.9213597152246007
GGCCT	0.0
GGCGT	0.0
GGCGA	6.321939612960971
CTGCC	3.085907845672271
CTGCG	2.9680126080152602
CTGGC	2.9680126080152602
CTGGG	4.281932229615138
GCTCC	2.0572718971148474
GCTCG	2.9680126080152602
GCTGC	4.45201891202289
GCTGG	8.563864459230276
GCAGG	10.536566021601619
GCAGC	10.224759003286103
GCACG	0.0
GCACC	3.037401809175925
GGGTC	4.281932229615137
GGGTG	3.0887577043140704
GGGAC	0.0
GGGAG	6.080413744270963
GGGGA	18.241241232812893
GGGGT	0.0
GGGCT	6.422898344422706
GGGCA	6.321939612960971
CTCGG	0.0
CTCGC	1.0286359485574235
CTCCG	0.0
CTCCC	2.8519876547888057
GGCAG	2.1073132043203238
GGCAC	2.9213597152246007
GGCTG	0.0
GGCTC	1.4840063040076295
CGGCA	0.0
CGGCT	1.4840063040076301
CGGGT	0.0
CGGGA	2.1073132043203238
GTGCC	1.4840063040076295
GTGCG	2.1409661148075685
GTGGC	0.0
GTGGG	3.088757704314071
CGTCC	1.0286359485574237
CGTCG	0.0
CGTGC	0.0
CGTGG	0.0
GACCC	5.062336348626541
GACCG	4.3820395728369
GACGC	0.0
GACGG	2.1073132043203238
CGACC	3.037401809175925
CGACG	1.4606798576123003
CGAGC	1.4606798576123003
CGAGG	8.429252817281295
GGTCC	1.4840063040076295
GGTCG	6.4228983444227055
GGTGC	2.140966114807569
GGTGG	0.0
GGACC	2.921359715224601
GGACG	2.107313204320324
GGAGC	29.502384860484533
GGAGG	15.201034360677408
GTCGG	4.281932229615138
GTCGC	1.4840063040076301
GTCCG	1.4840063040076301
GTCCC	4.114543794229695
GAGCC	1.4606798576123006
GAGCG	0.0
GAGGC	2.1073132043203238
GAGGG	9.120620616406445
CGGAG	10.53656602160162
CGGAC	2.921359715224601
CGGTG	0.0
CGGTC	0.0
TGCGG	4.281932229615138
TGCGC	0.0
TGCCG	1.4840063040076301
TGCCC	2.0572718971148474
CCAGG	2.921359715224601
CCAGC	4.049869078901234
CCACG	0.0
CCACC	2.105368880640314
TCGCC	0.0
TCGCG	1.4840063040076301
TCGGC	0.0
TCGGG	0.0
TCCGG	0.0
TCCGC	0.0
TCCCG	2.0572718971148474
TCCCC	6.416972223274812
CGCTC	1.0286359485574237
CGCTG	1.4840063040076301
CGCAC	1.0124672697253085
CGCAG	0.0
CGCGA	1.4606798576123006
CGCGT	0.0
CGCCT	0.0
CGCCA	1.0124672697253083
CCGCA	0.0
CCGCT	0.0
CCGGT	1.4840063040076301
CCGGA	5.842719430449202
ACGCC	1.0124672697253085
ACGCG	0.0
ACGGC	2.9213597152246016
ACGGG	0.0
CCTCC	8.555962964366417
CCTCG	2.0572718971148474
CCTGC	10.286359485574236
CCTGG	8.904037824045776
AGCCC	5.062336348626541
AGCCG	2.9213597152246007
AGCGC	0.0
AGCGG	2.1073132043203238
AGGCC	1.4606798576123006
AGGCG	0.0
AGGGC	2.1073132043203238
AGGGG	15.201034360677408
CCGAG	2.921359715224601
CCGAC	1.0124672697253085
CCGTG	0.0
CCGTC	0.0
TGGCC	2.968012608015259
TGGCG	2.1409661148075685
TGGGC	6.422898344422706
TGGGG	15.443788521570355
ACCGG	2.921359715224601
ACCGC	2.024934539450617
ACCCG	3.037401809175926
ACCCC	11.930423656961782
CGGCC	9.689514844935616
CGGCG	6.989499605193529
CGGGG	0.0
CGGGC	0.0
GGGGC	40.33482007123141
GGGGG	58.19077909989975
GGGCG	10.083705017807853
GGGCC	6.989499605193528
GCGCC	0.0
GCGCG	0.0
GCGGG	10.083705017807853
GCGGC	6.989499605193528
GGCCC	19.37902968987123
GGCCG	0.0
GGCGG	0.0
GGCGC	0.0
GCCGG	20.96849881558059
GCCGC	0.0
GCCCG	0.0
GCCCC	16.790668723349206
CCCGC	0.0
CCCGG	4.844757422467808
CCCCG	3.358133744669841
CCCCC	18.62146855038371
CGCGC	0.0
CGCGG	6.989499605193529
CGCCG	4.844757422467808
CGCCC	0.0
CCGGC	4.844757422467808
CCGGG	0.0
CCGCG	4.844757422467808
CCGCC	3.358133744669841
