	Albinaria_coerulea 5-mer OE values GC sorted
AAAAA	1.2392126312948601
AAAAT	1.1196566448141083
AATAT	1.2761773681651227
AATAA	1.476648618522954
AATTA	1.0658184613247177
AATTT	1.151402390058542
ATAAA	1.0547490132306814
ATAAT	1.388368785146672
ATATT	1.3453227925947175
ATATA	1.0798423884474115
ATTAA	1.3462970037785909
ATTAT	1.224122541009608
ATTTT	1.2779010504010886
ATTTA	1.151402390058542
TTATT	1.5397660197455738
TTATA	1.0544421887904543
TTTTT	1.122517077031996
TTTTA	1.393121636912662
TTTAA	1.187762465534075
TTTAT	1.3093248467224268
TTAAA	0.9536270443431686
TTAAT	1.50288311965536
AAATA	1.2007911842933912
AAATT	0.9255791900977812
TAAAT	0.9255791900977812
TAAAA	1.1034297369182513
TAATT	1.2847226668021627
TAATA	1.7670148174594005
TATTT	1.267426451627309
TATTA	1.6483234215574918
TATAA	1.1219141698154924
TATAT	1.102922289424498
GAAAT	0.6497561316477533
GAAAA	1.14752170386478
ATACT	1.3639221546267946
ATACA	0.8468266808429216
GAATA	0.6497561316477533
GAATT	0.9457593402379052
ATTAC	0.9647254264433425
ATTAG	1.4186390103568578
ATTTG	1.021702667278484
ATTTC	0.9775039460492149
ATTGA	0.6502095464135597
ATTGT	0.6896493004129767
ATTCA	0.698594274321041
ATTCT	0.9487538299889436
GATAA	0.6155584405083979
GATAT	1.0639792577676435
GATTA	0.768429463943298
GATTT	0.9195324005506357
ATGAA	0.8891399696232413
ATGAT	0.7093195051784288
ATGTA	0.7684294639432978
ATGTT	0.6385641670490524
ATAAC	0.885318802699418
ATAAG	0.9575353519019522
AATTC	0.9314590324280547
AATTG	1.0639792577676435
AATAG	1.2311168810167956
AATAC	0.885318802699418
AATGA	0.7523492050658196
AATGT	0.5319896288838217
AACAT	0.885318802699418
AACAA	0.979852393239811
GTAAT	1.034424278385209
GTAAA	0.6839538227871088
TCATT	0.8050032496875886
TCATA	0.9647254264433425
TCAAT	0.8316598503821918
TCAAA	0.885318802699418
TCTTT	0.7205621991934819
TCTTA	0.9200037139286729
GTATA	1.2708641134446852
GTATT	0.766277000458863
ATCAA	1.0777794119819002
ATCAT	0.9979918204586301
ATCTA	0.9647254264433425
ATCTT	0.7187529015067755
GTTAA	0.7684294639432981
GTTAT	0.7151918670949389
TGATA	0.8570944020906016
TGATT	0.6130216003670904
CATAA	1.0007951682689074
CATAT	1.0645246084892055
CATTA	1.197590184550356
CATTT	1.1212545263505698
AGAAA	0.8309639924538063
AGAAT	0.6497561316477533
GTTTA	0.766277000458863
GTTTT	0.8829953210391829
TGTAA	0.6206545670311254
TGTAT	0.6896493004129768
TGTTA	0.766277000458863
TGTTT	0.7505460228833055
TGAAA	1.0601284253200187
TGAAT	0.6797645257959943
TTTCT	0.8199500887374104
TTTCA	0.8912535978684019
TTCTT	1.142960729755178
TTCTA	0.9200037139286729
TTCAT	0.8050032496875886
TTCAA	0.7651270623516164
AGATT	0.768429463943298
AGATA	0.6497561316477533
AGTTT	0.6385641670490525
AGTTA	1.034424278385209
AGTAT	1.0639792577676435
AGTAA	1.5046984101316394
TTGAA	0.7684294639432978
TTGAT	0.8429047005047492
TTGTA	0.536393900321204
TTGTT	0.7946957889352645
TTTAG	0.8173621338227871
TTTAC	1.2650051066519252
TTACT	1.437505803013551
TTACA	0.8981926384127671
TTTTG	0.8829953210391828
TTTTC	0.795103116351428
TCTAA	0.7651270623516164
TCTAT	0.9200037139286726
ATATG	1.0639792577676435
ATATC	0.8649262443974794
ATAGA	0.8207445873445304
ATAGT	0.827539422708167
AACTT	1.031258214473918
AACTA	0.6158739497039429
AAAAG	1.1475217038647803
AAAAC	0.8462361577980185
TTATC	0.8337533657478597
TTATG	0.8429047005047492
TTAAG	1.0048692990027743
TTAAC	0.8316598503821918
CAAAA	0.8907749029452825
CAAAT	0.7698424371299286
CAATA	0.8468266808429216
CAATT	1.0312582144739177
TTTGT	0.7063962568313462
TTTGA	0.7151918670949388
TACAT	1.0645246084892055
TACAA	0.6158739497039429
CTATA	1.1643237905350685
CTATT	1.322505338772467
TTAGA	0.7388744845608634
TTAGT	0.6641067337310145
TAGTA	1.0935342371500778
TAGTT	0.6896493004129767
TATAC	1.297389366596219
TATAG	0.9457593402379052
TATTG	0.9450749672325975
TATTC	1.150004642410841
TATGA	0.7684294639432978
TATGT	0.7151918670949388
TATCA	1.0645246084892055
TATCT	0.8625034818081306
TACTA	1.5635205187185206
TACTT	1.1500046424108408
TAGAT	0.7684294639432978
TAGAA	0.9575353519019522
CTAAA	0.9238109245559144
CTAAT	0.8649262443974794
CTTTT	1.0684198125972317
CTTTA	1.178754758471112
ACATT	1.1310573965197808
ACATA	0.6543660715604394
ACAAT	0.6543660715604392
ACAAA	0.9353136480925466
ACTTT	1.0925044102902988
ACTTA	1.0977910025044932
TAAAC	0.7313503152734322
TAAAG	0.8207445873445304
TAATG	0.8866493814730362
TAATC	0.7318606683363288
TAAGA	0.7865468962051749
TAAGT	0.8866493814730362
ACTAA	0.7698424371299287
ACTAT	1.3639221546267946
TAACT	0.9314590324280547
TAACA	0.885318802699418
CTTAA	1.0645246084892055
CTTAT	1.2075048745313828
AAGTA	1.4363030278529283
AAGTT	0.6797645257959943
AAGAA	0.7518245646010628
AAGAT	0.9233376607625967
AATCT	0.698594274321041
AATCA	0.5388897059909501
AAATG	0.6497561316477533
AAATC	0.5773818278474465
AAAGA	0.7913942785274345
AAAGT	0.8549422784838858
AAACA	0.8462361577980186
AAACT	0.885318802699418
AAACC	1.0565110842723653
AAACG	0.2815919570239596
AAAGC	1.501823770794451
AAAGG	1.4176624830925422
AATCC	1.0043859248951925
AATCG	0.5678464388265293
CACTT	1.1836766132963972
CACTA	1.0043859248951925
CACAT	0.9130781135410841
CACAA	0.31695332528170955
AAGCT	1.2168137974854203
AAGCA	1.7834157278184106
AAGGT	0.9369170718161114
AAGGA	1.1674867507820934
AAGTC	0.7300882784912521
AAGTG	0.3603527199292736
AAGAC	0.6570478997225724
AAGAG	0.8339191077014954
CTCTT	0.5455890809920423
CTCTA	0.789117742197598
CTCAT	1.1047648390766374
CTCAA	1.1870015476034095
CTGTT	1.0906191567781502
CTGTA	0.49075505488126575
CTGAT	0.7711865148134176
CTGAA	0.7300882784912521
GCATT	1.1217258397286074
GCATA	1.0545719578206976
GCAAT	0.9734510379883362
GCAAA	0.7509118853972255
ACCTT	1.4993237101754362
ACCTA	1.5522327930198432
ACCAT	1.095693736249301
ACCAA	1.1621621926996017
CTTAC	1.499323710175436
CTTAG	0.8412943797964555
GCTTT	1.2723890162411753
GCTTA	1.6124808946098732
GCTAT	1.752696624575949
GCTAA	1.5412974768148655
ACGTT	0.28043145993215185
ACGTA	0.7300882784912521
ACGAT	0.4867255189941681
ACGAA	0.6570478997225724
ACTCT	0.4734706453185588
ACTCA	1.4609249816657346
ACTGT	1.0516179747455694
ACTGA	0.8112091983236134
TAACC	1.1870015476034095
TAACG	0.5678464388265293
TAAGC	1.379055637150143
TAAGG	1.2251992477595302
ACTTC	1.183676613296397
ACTTG	0.7711865148134176
ACTAC	1.5522327930198432
ACTAG	0.973451037988336
ACACT	1.095693736249301
ACACA	0.31695332528170955
ACAGT	0.5678464388265294
ACAGA	0.5631839140479191
CTTCT	0.8183836214880635
CTTCA	1.1836766132963972
CTTGT	0.9088492973151252
CTTGA	0.8412943797964555
CTTTC	0.6137877161160477
CTTTG	0.7876693910064418
ACATC	0.8217703021869758
ACATG	0.973451037988336
ACAAC	0.7395577589906556
ACAAG	0.5631839140479191
CCTTT	1.2275754322320955
CCTTA	1.3415001617359168
CTAGT	0.8412943797964554
CTAGA	0.730088278491252
TATCC	0.7102059679778382
TATCG	0.5608629198643037
TATGC	1.1217258397286074
TATGG	1.6194406006965316
GGTAT	1.4948682467967984
GGTAA	0.6486348958726925
CGATT	0.9815101097625315
CGATA	0.5678464388265294
TAGCT	1.6825887595929108
TAGCA	1.3790556371501428
TAGGT	1.4325820698469318
TAGGA	1.6576225116746586
TAGTC	0.42064718989822775
TAGTG	0.5605755925487994
TAGAC	0.730088278491252
TAGAG	0.7927759838444018
GGAAT	1.297269791745385
GGAAA	0.7505271969313458
TACCT	2.2095296781532747
TACCA	0.6391546794787589
TACGT	0.2804314599321518
TACGA	0.730088278491252
TACTC	1.2625883875161568
TACTG	1.3320494346777212
TACAC	0.9130781135410841
TACAG	0.973451037988336
GGTTT	1.3457536270960906
GGTTA	0.934292654247999
CTATC	1.1047648390766371
CTATG	1.0516179747455694
CTAAC	1.2783093589575178
CTAAG	0.8112091983236134
CCTAT	0.9469412906371177
CCTAA	1.095693736249301
AGCTT	1.4722651646437972
AGCTA	1.4601765569825043
AGCAT	1.78466023631195
AGCAA	0.9386398567465323
CAAGT	1.0545719578206976
CAAGA	0.6570478997225724
TTAGC	1.3320494346777212
TTAGG	2.1177300162954644
CGAAT	0.7300882784912521
CGAAA	0.9386398567465319
GGATT	0.9965788311978655
GGATA	1.0089876158019662
CAATC	0.5478468681246506
CAATG	0.8112091983236134
CAAAC	0.7395577589906556
CAAAG	1.1263678280958382
CTACT	1.8938825812742353
CTACA	1.3696171703116262
AGGTT	1.3080097159471988
AGGTA	1.081058159787821
AGGAT	1.36934033573124
AGGAA	1.0840948400119441
AGTCT	0.3505393249151898
AGTCA	0.5678464388265294
TTTGC	1.332978969395517
TTTGG	1.5072440623476218
TTACC	1.8149708070544752
TTACG	0.5608629198643037
AGTGT	0.1868585308495998
AGTGA	0.8648465278302566
AGTTC	0.7711865148134176
AGTTG	0.8097203003482659
AGTAC	0.5678464388265295
AGTAG	1.2251992477595306
AGACT	0.5678464388265294
AGACA	0.8447758710718787
AGAGT	0.8648465278302566
AGAGA	0.5003514646208972
AGATC	0.7300882784912521
AGATG	0.8648465278302566
TTGCT	1.9388785009389338
TTGCA	0.8412943797964555
TTGGT	1.3457536270960906
TTGGA	0.6851479464485326
TTGTC	0.6664894846977585
TTGTG	0.6459617410061236
TTGAC	0.6309707848473417
TTGAG	0.8720064772981324
TTTCC	1.15937679710809
TTTCG	0.12117990630868336
GTCTT	0.6058995315434168
GTCTA	0.49075505488126575
GTCAT	0.7010786498303796
GTCAA	0.6489673586588908
TTCCT	0.8865822566120688
TTCCA	1.6571472586149558
TTCGT	0.48471962523473344
TTCGA	0.7010786498303796
TTCTC	0.34099317562002646
TTCTG	0.6664894846977585
TTCAC	1.1047648390766371
TTCAG	0.5608629198643037
AGAAC	0.37545594269861277
AGAAG	1.3342705723223927
CATGT	0.35053932491518974
CATGA	1.3790556371501428
CATTC	0.6312941937580784
CATTG	0.7711865148134176
CATAC	0.7304624908328673
CATAG	0.973451037988336
GTTCT	0.9694392504694671
GTTCA	0.42064718989822786
GTTGT	0.32298087050306185
GTTGA	1.2457235389973322
TGACT	1.0516179747455694
TGACA	0.3244836793294454
TGAGT	0.934292654247999
TGAGA	0.2882821759434189
TGATC	0.6309707848473417
TGATG	0.8720064772981325
TGAAC	0.16224183966472272
TGAAG	1.081058159787821
TGTCT	0.7270794378521003
TGTCA	0.5608629198643038
TGTGT	0.4844713057545928
TGTGA	0.49828941559893286
TGTTC	0.787669391006442
TGTTG	0.8074521762576546
TGTAC	0.5608629198643038
TGTAG	0.43600323864906626
GTGTT	0.6997918860899672
GTGTA	0.5605755925487995
GTGAT	0.49828941559893275
GTGAA	0.7207054398585472
GTTAC	1.1217258397286076
GTTAG	0.7474341233983993
GTACT	0.49075505488126575
GTACA	0.4867255189941681
GTAGT	0.8097203003482658
GTAGA	1.1531287037736755
CCAAT	1.3696171703116262
CCAAA	0.7395577589906557
TGGTT	1.022772756593029
TGGTA	1.6194406006965318
TGGAT	0.6851479464485326
TGGAA	1.0089876158019662
CAACT	0.8217703021869758
CAACA	1.1621621926996017
ATCCT	1.0258530648568776
ATCCA	1.1870015476034095
ATCGT	0.35053932491518974
ATCGA	0.5678464388265293
ATCTC	0.5523824195383186
ATCTG	0.6309707848473417
ATCAC	0.5478468681246506
ATCAG	0.6489673586588907
CAGTT	1.1918337047116454
CAGTA	0.9734510379883362
GTAAC	0.7300882784912522
GTAAG	1.081058159787821
CGTTT	0.6664894846977585
CGTTA	0.14021572996607592
TGCTT	0.9694392504694669
TGCTA	1.892912354542025
TGCAT	0.7711865148134176
TGCAA	1.2979347173177815
CCATT	1.2625883875161568
CCATA	1.73484841572806
GTTTC	0.48471962523473355
GTTTG	0.9151124664253419
GACTT	0.7711865148134176
GACTA	1.2979347173177815
GACAT	0.5678464388265295
GACAA	0.9386398567465323
TCAGT	0.7711865148134175
TCAGA	0.486725518994168
TCATC	0.7102059679778382
TCATG	1.1217258397286074
TCAAC	1.2783093589575178
TCAAG	0.8112091983236134
GTATC	0.7010786498303796
GTATG	0.7474341233983993
GAGAT	0.4324232639151284
GAGAA	0.5837433753910468
TCTGT	0.48471962523473344
TCTGA	0.7010786498303796
TCTTC	0.954780891736074
TCTTG	0.8482593441607835
TCTAC	0.7891177421975979
TCTAG	0.9114022447794935
TCACT	0.8680295164173578
TCACA	0.36523124541643365
CGTAT	0.5608629198643037
CGTAA	0.40560459916180674
CAGAT	0.5678464388265294
CAGAA	0.5631839140479191
CATCT	0.7102059679778382
CATCA	1.4609249816657346
ATGCT	1.2619415696946832
ATGCA	1.1356928776530586
ATGGT	1.4948682467967984
ATGGA	0.8648465278302566
ATGTC	0.5608629198643037
ATGTG	0.49828941559893275
ATGAC	0.730088278491252
ATGAG	0.9369170718161112
GATTC	0.5608629198643037
GATTG	0.6228617694986661
GATAC	0.7300882784912522
GATAG	0.4324232639151284
TCGTT	0.3029497657717084
TCGTA	0.49075505488126575
TCGAT	0.9114022447794935
TCGAA	0.8112091983236135
TCTCT	0.6819863512400529
TCTCA	0.7102059679778382
GAGTT	1.0588650081477324
GAGTA	0.9369170718161116
ATTCC	1.4204119359556764
ATTCG	0.8412943797964555
ATTGC	1.2619415696946834
ATTGG	1.6817267776463982
GAATC	0.8112091983236135
GAATG	0.5765643518868377
GAAAC	0.9386398567465319
GAAAG	1.084094840011944
TCCTT	0.8183836214880635
TCCTA	0.7102059679778382
TCCAT	1.4204119359556764
TCCAA	1.1870015476034095
GATCT	0.7010786498303796
GATCA	0.8112091983236135
GATGT	0.9965788311978655
GATGA	0.5044938079009831
ATACC	1.0043859248951925
ATACG	0.4056045991618067
ATAGC	1.5412974768148655
ATAGG	1.0810581597878208
AATGC	0.8112091983236135
AATGG	1.2251992477595302
GAACT	0.5678464388265294
GAACA	0.6570478997225724
GAAGT	0.792775983844402
GAAGA	1.084094840011944
AACCT	0.7304624908328673
AACCA	0.8452088674178923
AACGT	0.5678464388265295
AACGA	0.3754559426986129
AACTC	0.8217703021869759
AACTG	0.8923301181559748
AACAC	0.7395577589906557
AACAG	0.7509118853972256
CCCTT	1.6846915529479427
CCCTA	2.3825207895514877
CCCAT	1.5161495933509468
CCCAA	1.7543174313730165
GAACC	0.4453126865220862
GAACG	0.5934460733637911
GAAGC	1.5825228623034429
GAAGG	1.0544747624159894
CGCTT	0.9978242925930285
CGCTA	0.38485660377669745
CGCAT	0.38485660377669745
CGCAA	0.0
TCCCT	0.9359397516377458
TCCCA	0.6497783971504056
TCCGT	0.665216195062019
TCCGA	0.5772849056650461
TCCTC	0.9359397516377458
TCCTG	0.9978242925930285
TCCAC	1.082963995250676
TCCAG	1.346998113218441
GATCC	1.7318547169951384
GATCG	0.0
GATGC	1.5386377745252802
GATGG	1.2150909929564142
TCGCT	0.665216195062019
TCGCA	0.7697132075533949
TCGGT	0.29550018136748607
TCGGA	0.5128792581750934
TCGTC	0.16630404876550475
TCGTG	0.4432502720512291
TCGAC	0.9621415094417436
TCGAG	0.6838390109001246
TCTCC	0.7487518013101967
TCTCG	0.49891214629651426
CGGTT	0.8865005441024582
CGGTA	1.0257585163501868
CGGAT	0.6838390109001246
CGGAA	1.1868921467275821
GAGCT	1.367678021800249
GAGCA	0.9890767889396518
GAGGT	2.278295611793277
GAGGA	1.0544747624159896
GAGTC	0.17095975272503114
GAGTG	0.6075454964782072
GAGAC	0.5934460733637912
GAGAG	1.2302205561519877
TCTGC	0.49891214629651426
TCTGG	1.0342506347862013
TCACC	1.949335191451217
TCACG	1.5394264151067898
CGTAC	0.19242830188834872
CGTAG	0.8547987636251556
GACCT	1.1545698113300924
GACCA	0.6679690297831294
GACGT	0.5128792581750934
GACGA	0.5934460733637911
GACTC	0.7697132075533949
GACTG	1.367678021800249
GACAC	0.8906253730441726
GACAG	0.39563071557586077
TCAGC	1.346998113218441
TCAGG	0.8547987636251555
TGCCT	0.8315202438275238
TGCCA	1.1545698113300922
TGCGT	0.4432502720512291
TGCGA	1.367678021800249
CGTCT	0.49891214629651426
CGTCA	0.7697132075533949
CGTGT	0.4432502720512291
CGTGA	0.5128792581750934
CGTTC	0.0
CGTTG	0.29550018136748607
TGCTC	1.1641283413585333
TGCTG	2.9550018136748606
TGCAC	0.9621415094417436
TGCAG	0.8547987636251556
CCACT	0.6497783971504058
CCACA	0.5012335518208618
CCAGT	1.7318547169951386
CCAGA	0.8906253730441726
CCATC	1.7327423924010819
CCATG	0.9621415094417436
GTACC	0.9621415094417436
GTACG	0.5128792581750934
GTAGC	1.367678021800249
GTAGG	1.366977367075966
CCAAC	1.7543174313730163
CCAAG	1.5585944028273018
TGGCT	1.773001088204917
TGGCA	1.196718269075218
TGGGT	1.1813951923114043
TGGGA	2.4301819859128284
TGGTC	0.5910003627349723
TGGTG	1.837725854706629
TGGAC	0.6838390109001246
TGGAG	1.518863741195518
TGTCC	0.33260809753100956
TGTCG	0.44325027205122924
TGTGC	0.7387504534187154
TGTGG	1.0501290598323596
GTGTC	0.14775009068374306
GTGTG	0.6563306623952246
GTGAC	1.0257585163501868
GTGAG	0.9113182447173107
GTTCC	0.6652161950620191
GTTCG	0.7387504534187154
GTTGC	1.0342506347862015
GTTGG	1.5751935897485396
TGACC	1.1545698113300922
TGACG	0.6838390109001246
TGAGC	1.7095975272503112
TGAGG	2.126409237673725
GTCCT	0.3326080975310095
GTCCA	0.9621415094417436
GTCGT	0.14775009068374304
GTCGA	1.0257585163501868
GTCTC	0.8315202438275238
GTCTG	0.7387504534187151
GTCAC	0.5772849056650461
GTCAG	1.0257585163501868
GTGCT	1.773001088204917
GTGCA	0.8547987636251557
GTGGT	1.0501290598323594
GTGGA	0.6075454964782071
TTCCC	1.6846915529479425
TTCCG	1.1641283413585333
TTCGC	0.665216195062019
TTCGG	0.14775009068374304
TTGCC	0.49891214629651426
TTGCG	0.5910003627349721
TTGGC	2.3640014509398886
TTGGG	2.6253226495808986
CGAAC	1.1132817163052156
CGAAG	0.7912614311517214
GGACT	1.880557279975342
GGACA	1.3847075045155122
GGAGT	0.6075454964782071
GGAGA	1.2302205561519874
GGATC	1.3676780218002489
GGATG	1.5188637411955177
GGAAC	1.5825228623034429
GGAAG	0.5272373812079947
TACCC	1.082963995250676
TACCG	1.1545698113300922
TACGC	0.0
TACGG	1.1967182690752176
GGTTC	1.0342506347862013
GGTTG	1.968991987185674
GGTAC	0.8547987636251555
GGTAG	2.58206836003238
CGACT	1.1545698113300922
CGACA	0.6679690297831293
CGAGT	0.6838390109001246
CGAGA	1.1868921467275821
CGATC	0.5772849056650461
CGATG	0.6838390109001246
TAGCC	1.346998113218441
TAGCG	0.5128792581750933
TAGGC	1.0257585163501866
TAGGG	2.733954734151932
CTCTC	1.6846915529479425
CTCTG	0.49891214629651426
CTCAC	1.949335191451217
CTCAG	1.346998113218441
GGGTT	2.1002581196647188
GGGTA	1.2150909929564142
GGGAT	2.126409237673725
GGGAA	0.8787289686799911
GGTCT	1.034250634786201
GGTCA	1.3676780218002487
GGTGT	1.7064597222275841
GGTGA	1.0632046188368625
CTGTC	0.8315202438275238
CTGTG	0.7387504534187151
CTGAC	0.9621415094417436
CTGAG	1.7095975272503112
GGCTT	2.0685012695724025
GGCTA	2.2224767854254046
GGCAT	0.8547987636251556
GGCAA	0.7912614311517214
CTCCT	0.7487518013101967
CTCCA	0.8663711962005409
CTCGT	0.3326080975310095
CTCGA	1.7318547169951384
GCACT	0.9621415094417436
GCACA	1.3359380595662587
GCAGT	1.7095975272503112
GCAGA	0.7912614311517214
GCATC	0.9621415094417436
GCATG	1.0257585163501868
GCAAC	0.6679690297831293
GCAAG	1.3847075045155124
CTGCT	1.330432390124038
CTGCA	1.1545698113300922
CTGGT	0.8865005441024582
CTGGA	2.0515170327003736
ACCCT	1.2995567943008113
ACCCA	1.5037006554625851
ACCGT	1.1545698113300922
ACCGA	0.6679690297831293
ACCTC	1.2995567943008113
ACCTG	0.9621415094417436
ACCAC	0.7518503277312927
ACCAG	1.5585944028273018
ACGCT	0.19242830188834872
ACGCA	0.0
ACGGT	0.6838390109001246
ACGGA	0.9890767889396518
GCTCT	1.6630404876550475
GCTCA	1.9242830188834872
GCTGT	1.4775009068374303
GCTGA	1.5386377745252802
GCTTC	1.1641283413585333
GCTTG	0.8865005441024582
GCTAC	2.3091396226601844
GCTAG	0.6838390109001246
ACGTC	0.7697132075533949
ACGTG	0.6838390109001246
ACGAC	0.6679690297831293
ACGAG	0.7912614311517214
ACTCC	1.082963995250676
ACTCG	0.7697132075533949
ACTGC	0.9621415094417436
ACTGG	1.880557279975342
ACACC	1.5037006554625854
ACACG	0.2226563432610431
ACAGC	1.3359380595662587
ACAGG	0.7912614311517214
GCGTT	0.0
GCGTA	0.17095975272503114
GCGAT	1.0257585163501868
GCGAA	0.9890767889396518
CTTCC	2.0590674536030407
CTTCG	0.665216195062019
CTTGC	0.665216195062019
CTTGG	0.7387504534187151
CCTCT	0.7487518013101968
CCTCA	1.732742392401082
CCTGT	0.33260809753100956
CCTGA	1.1545698113300924
CCTTC	1.1231277019652952
CCTTG	0.8315202438275239
CTAGC	0.9621415094417436
CTAGG	2.051517032700373
GCCTT	0.9978242925930285
GCCTA	1.346998113218441
GCCAT	2.1167113207718358
GCCAA	1.1132817163052156
CCTAC	2.3825207895514877
CCTAG	1.7318547169951386
AGCCT	1.1545698113300924
AGCCA	2.4492197758714744
AGCGT	0.17095975272503114
AGCGA	0.7912614311517214
AGCTC	1.9242830188834872
AGCTG	1.1967182690752178
AGCAC	0.6679690297831294
AGCAG	2.769415009031025
CAAGC	1.1132817163052156
CAAGG	0.9890767889396518
CTACC	1.5161495933509466
CTACG	0.7697132075533949
CCGTT	0.9978242925930286
CCGTA	0.3848566037766975
CCGAT	0.5772849056650462
CCGAA	1.3359380595662589
AGGCT	2.2224767854254046
AGGCA	0.5934460733637911
AGGGT	1.67075011531507
AGGGA	1.2302205561519877
AGGTC	1.025758516350187
AGGTG	2.430181985912829
AGGAC	1.9781535778793038
AGGAG	1.5817121436239843
AGTCC	0.7697132075533949
AGTCG	0.5128792581750934
AGTGC	0.6838390109001246
AGTGG	0.6075454964782071
AGACC	1.1132817163052156
AGACG	0.19781535778793036
AGAGC	1.1868921467275821
AGAGG	1.4059663498879857
CATGC	1.9242830188834872
CATGG	1.1967182690752176
CAACC	2.0049342072834473
CAACG	0.6679690297831293
ATCCC	0.8663711962005409
ATCCG	0.5772849056650461
ATCGC	0.19242830188834872
ATCGG	0.6838390109001244
CAGCT	1.7318547169951384
CAGCA	1.7812507460883449
CAGGT	1.1967182690752178
CAGGA	1.5825228623034429
CAGTC	0.5772849056650461
CAGTG	0.8547987636251556
CAGAC	0.6679690297831293
CAGAG	0.7912614311517214
CATCC	0.8663711962005409
CATCG	0.38485660377669745
ATGCC	1.7318547169951384
ATGCG	0.6838390109001244
ATGGC	1.3676780218002489
ATGGG	2.126409237673725
AACCC	2.0049342072834473
AACCG	2.0039070893493878
AACGC	0.0
AACGG	0.9890767889396519
CACCT	1.082963995250676
CACCA	3.7592516386564627
CACGT	1.346998113218441
CACGA	0.8906253730441724
CACTC	0.43318559810027046
CACTG	0.5772849056650461
CACAC	0.2506167759104309
CACAG	0.2226563432610431
AAGCC	1.7812507460883449
AAGCG	0.7912614311517214
AAGGC	0.9890767889396518
AAGGG	2.284695318567977
CCCCA	2.377969121298769
CCCCT	2.56891715531529
CCCGT	0.0
CCCGA	2.6408343326809525
CCCAG	2.112667466144762
CCCAC	0.5944922803246923
CCCTG	0.4564624198561139
CCCTC	1.0275668621261158
CACCC	1.7834768409740762
CACCG	0.0
CACGC	0.5281668665361905
CACGG	0.0
CAGGG	1.6675582437933365
CAGGC	0.0
CAGCG	0.9384822919964548
CAGCC	3.1690011992171425
GCCAC	1.056333733072381
GCCAG	1.8769645839929097
GCCTG	0.40553651235850546
GCCTC	1.8258496794244552
GCCCA	3.1690011992171425
GCCCT	3.195236938992797
GCCGT	0.40553651235850546
GCCGA	1.8769645839929097
GCGTC	0.8110730247170109
GCGTG	0.7205844586625173
GCGAC	0.4692411459982275
GCGAG	1.2506686828450024
GCGGA	0.4168895609483341
GCGGT	1.0808766879937761
GCGCT	1.6221460494340219
GCGCA	0.0
GGCCA	0.9384822919964548
GGCCT	2.4332190741510327
GGCGT	0.36029222933125865
GGCGA	1.2506686828450024
CTGCC	0.9129248397122276
CTGCG	1.2166095370755163
CTGGC	1.2166095370755163
CTGGG	2.5220456053188105
GCTCC	0.9129248397122276
GCTCG	0.8110730247170109
GCTGC	3.2442920988680437
GCTGG	2.882337834650069
GCAGG	2.0844478047416706
GCAGC	3.75392916798582
GCACG	0.0
GCACC	2.640834332680952
GGGTC	3.2426300639813284
GGGTG	0.9602870757176035
GGGAC	2.0844478047416706
GGGAG	2.5926506074095625
GGGGA	2.2222719492081966
GGGGT	4.161243994776282
GGGCT	3.9632145226438453
GGGCA	4.168895609483341
CTCGG	0.40553651235850546
CTCGC	0.9129248397122276
CTCCG	0.4564624198561138
CTCCC	1.0275668621261158
GGCAG	2.0844478047416706
GGCAC	2.815446875989365
GGCTG	2.1617533759875522
GGCTC	2.4332190741510327
CGGCA	0.0
CGGCT	1.2166095370755163
CGGGT	1.0808766879937761
CGGGA	0.8337791218966683
GTGCC	1.2166095370755163
GTGCG	0.7205844586625174
GTGGC	1.4411689173250348
GTGGG	0.9602870757176035
CGTCC	0.4564624198561138
CGTCG	0.40553651235850546
CGTGC	1.2166095370755163
CGTGG	0.7205844586625173
GACCC	1.056333733072381
GACCG	1.4077234379946826
GACGC	0.4692411459982275
GACGG	0.8337791218966683
CGACC	0.5281668665361905
CGACG	0.4692411459982274
CGAGC	1.4077234379946826
CGAGG	0.8337791218966683
GGTCC	0.8110730247170108
GGTCG	1.0808766879937761
GGTGC	3.6029222933125866
GGTGG	1.6004784595293389
GGACC	0.9384822919964547
GGACG	1.2506686828450022
GGAGC	3.335116487586673
GGAGG	2.5926506074095625
GTCGG	0.36029222933125865
GTCGC	0.8110730247170109
GTCCG	0.40553651235850546
GTCCC	0.4564624198561138
GAGCC	4.692411459982275
GAGCG	1.6675582437933365
GAGGC	2.918226926638339
GAGGG	1.1111359746040983
CGGAG	0.0
CGGAC	1.87696458399291
CGGTG	0.7205844586625173
CGGTC	0.40553651235850546
TGCGG	0.7205844586625173
TGCGC	0.0
TGCCG	0.40553651235850546
TGCCC	2.282312099280569
CCAGG	2.3462057299911376
CCAGC	2.112667466144762
CCACG	1.5845005996085715
CCACC	1.7834768409740764
TCGCC	0.0
TCGCG	0.40553651235850546
TCGGC	0.0
TCGGG	0.7205844586625173
TCCGG	0.8110730247170109
TCCGC	1.3693872595683414
TCCCG	1.3693872595683414
TCCCC	2.5689171553152894
CGCTC	0.4564624198561138
CGCTG	0.8110730247170109
CGCAC	1.056333733072381
CGCAG	1.4077234379946824
CGCGA	0.0
CGCGT	0.0
CGCCT	0.4564624198561138
CGCCA	1.5845005996085713
CCGCA	1.5845005996085715
CCGCT	0.9129248397122276
CCGGT	2.4332190741510327
CCGGA	2.3462057299911376
ACGCC	0.0
ACGCG	0.4692411459982274
ACGGC	1.4077234379946826
ACGGG	0.8337791218966683
CCTCC	0.0
CCTCG	2.2823120992805697
CCTGC	1.3693872595683416
CCTGG	0.8110730247170109
AGCCC	3.6971680657533335
AGCCG	3.2846880219875927
AGCGC	0.4692411459982275
AGCGG	2.9182269266383387
AGGCC	0.938482291996455
AGGCG	0.0
AGGGC	2.5013373656900053
AGGGG	5.185301214819125
CCGAG	1.87696458399291
CCGAC	1.056333733072381
CCGTG	0.8110730247170109
CCGTC	0.9129248397122278
TGGCC	3.6498286112265492
TGGCG	1.0808766879937761
TGGGC	2.1617533759875522
TGGGG	4.161243994776282
ACCGG	3.2846880219875922
ACCGC	1.056333733072381
ACCCG	1.5845005996085713
ACCCC	1.7834768409740762
CGGCC	2.2261896706097355
CGGCG	1.9778215151910719
CGGGG	1.757162921738516
CGGGC	2.966732272786608
GGGGC	8.785814608692581
GGGGG	8.586173375097971
GGGCG	0.878581460869258
GGGCC	2.966732272786608
GCGCC	1.1130948353048677
GCGCG	0.0
GCGGG	5.271488765215548
GCGGC	0.9889107575955359
GGCCC	4.452379341219471
GGCCG	3.9556430303821437
GGCGG	0.0
GGCGC	1.9778215151910719
GCCGG	2.966732272786608
GCCGC	5.565474176524338
GCCCG	1.1130948353048677
GCCCC	2.5057470613321264
CCCGC	1.2528735306660639
CCCGG	2.226189670609736
CCCCG	1.2528735306660639
CCCCC	5.640820652675912
CGCGC	2.2261896706097355
CGCGG	1.9778215151910719
CGCCG	1.1130948353048677
CGCCC	0.0
CCGGC	3.3392845059146037
CCGGG	0.0
CCGCG	2.226189670609736
CCGCC	5.011494122664254
