	Asterias_amurensis 5-mer OE values GC sorted
AAAAA	1.9246038157536305
AAAAT	1.2123731510177147
AATAT	0.7204576335936924
AATAA	1.4775797778028399
AATTA	0.8919951654017144
AATTT	1.180526036876037
ATAAA	1.288146472956322
ATAAT	0.7890726463169012
ATATT	0.8077283410204464
ATATA	0.4974588422432638
ATTAA	1.063532697209736
ATTAT	0.9941271889482416
ATTTT	1.8285555185543516
ATTTA	0.9009277649843439
TTATT	1.57537090829298
TTATA	1.0873266129121395
TTTTT	2.840354078174138
TTTTA	2.067674317134536
TTTAA	1.118393087566772
TTTAT	1.6878974017424788
TTAAA	1.1321477099329453
TTAAT	1.0251936636028747
AAATA	0.7766765498707235
AAATT	0.9777639313057255
TAAAT	0.6518426208704836
TAAAA	1.5154664387721435
TAATT	0.8698612903297116
TAATA	1.2350702290177584
TATTT	1.5753709082929799
TATTA	1.0562601382575068
TATAA	0.7547651399552966
TATAT	0.5125968318014371
GAAAT	0.8772939677848755
GAAAA	1.7614877724665088
ATACT	0.8117183544370341
ATACA	0.47808076787199016
GAATA	0.9570479648562278
GAATT	0.9388552328053894
ATTAC	0.7034892405120962
ATTAG	0.7221963329272224
ATTTG	1.3079408241493014
ATTTC	0.9555458693130893
ATTGA	0.5416472496954169
ATTGT	0.3269852060373254
ATTCA	0.5682028481059239
ATTCT	0.9310446931768561
GATAA	0.8772939677848755
GATAT	0.541647249695417
GATTA	1.1194043160371951
GATTT	1.4387349065642319
ATGAA	1.03680196192758
ATGAT	0.6860865162808614
ATGTA	0.5055374330490557
ATGTT	0.5231763296597206
ATAAC	0.537840863855989
ATAAG	1.2361869546059607
AATTC	0.7576037974745652
AATTG	0.36109816646361126
AATAG	1.2361869546059607
AATAC	0.6872411038159859
AATGA	0.7975399707135231
AATGT	0.36109816646361126
AACAT	0.537840863855989
AACAA	1.3858868061022005
GTAAT	0.7583061495735837
GTAAA	1.1165559589989322
TCATT	0.5145246988608942
TCATA	0.622317405068393
TCAAT	0.5952601265871584
TCAAA	0.7470011997999847
TCTTT	1.7083642651118633
TCTTA	1.274061159084119
GTATA	0.3972079831099724
GTATT	0.9809556181119762
ATCAA	0.9561615357439803
ATCAT	0.459973734180986
ATCTA	0.5682028481059239
ATCTT	1.0780517499942546
GTTAA	0.830525782866306
GTTAT	0.5885733708671858
TGATA	0.6499766996345002
TGATT	0.9155585769045111
CATAA	0.5677209118479883
CATAT	0.6493746835496274
CATTA	0.5682028481059239
CATTT	0.857541164768157
AGAAA	1.893599355401497
AGAAT	1.1564329575346086
GTTTA	0.9482570975082438
GTTTT	0.8586752058081563
TGTAA	0.6499766996345003
TGTAT	0.7847644944895811
TGTTA	0.6212718914709183
TGTTT	0.7402372463863417
TGAAA	1.076678960463256
TGAAT	0.6499766996345002
TTTCT	1.3755660316485132
TTTCA	0.9800470454493224
TTCTT	1.9524163029849866
TTCTA	0.8575411647681571
TTCAT	0.7350352840869918
TTCAA	0.7576037974745652
AGATT	0.7944159662199449
AGATA	1.0766789604632563
AGTTT	1.144448221130639
AGTTA	0.9027454161590283
AGTAT	0.830525782866306
AGTAA	1.1963099560702848
TTGAA	1.1194043160371951
TTGAT	0.7847644944895811
TTGTA	1.013654138715709
TTGTT	0.5921897971090733
TTTAG	1.6022275095828944
TTTAC	1.1270541022667209
TTACT	1.1025529261304878
TTACA	0.8387756329182688
TTTTG	1.7765693913272196
TTTTC	1.1758870915705033
TCTAA	0.6223174050683928
TCTAT	0.6860329318145257
ATATG	0.7583061495735837
ATATC	0.3246873417748137
ATAGA	0.7975399707135231
ATAGT	0.7221963329272225
AACTT	1.7587231012802407
AACTA	1.075681727711978
AAAAG	1.8055249667781714
AAAAC	1.6168679404525674
TTATC	0.9555458693130894
TTATG	1.0136541387157088
TTAAG	1.1194043160371951
TTAAC	1.1093484177306137
CAAAA	1.1219083668446386
CAAAT	0.6274810078319871
CAATA	1.1055617757039773
CAATT	0.7305465189933308
TTTGT	1.125160614507239
TTTGA	1.3733378653567667
TACAT	0.459973734180986
TACAA	0.926281487751981
CTATA	0.622317405068393
CTATT	1.176056454539187
TTAGA	0.9027454161590283
TTAGT	1.1117497005269066
TAGTA	0.9749650494517504
TAGTT	0.8828600563007786
TATAC	0.7305465189933306
TATAG	1.0471846827444726
TATTG	0.850161535697046
TATTC	0.88204234090439
TATGA	0.9027454161590281
TATGT	0.7193674532821159
TATCA	0.7034892405120963
TATCT	0.9555458693130893
TACTA	0.9470047468432066
TACTT	0.9555458693130893
TAGAT	0.7583061495735837
TAGAA	1.315940951677313
CTAAA	0.8964014397599817
CTAAT	1.1364056962118478
CTTTT	2.2186548897556664
CTTTA	1.2985623352203524
ACATT	0.6493746835496274
ACATA	0.5677209118479883
ACAAT	1.0458016797199785
ACAAA	1.2538975864734194
ACTTT	1.641578801127615
ACTTA	0.7846610759557997
TAAAC	0.9860415837359797
TAAAG	1.5950799414270462
TAATG	0.7944159662199448
TAATC	0.6764319620308618
TAAGA	1.3558179502129892
TAAGT	0.6499766996345002
ACTAA	1.2250819676719749
ACTAT	0.9470047468432066
TAACT	0.9470047468432066
TAACA	0.8067612957839835
CTTAA	1.27169208861802
CTTAT	1.20055763067542
AAGTA	0.8772939677848755
AAGTT	1.0471846827444729
AAGAA	2.1137853269598104
AAGAT	1.1963099560702848
AATCT	0.8658329113995031
AATCA	0.5677209118479883
AAATG	0.5981549780351423
AAATC	0.9561615357439803
AAAGA	1.3211158293498815
AAAGT	1.5153259443556937
AAACA	1.2868948913806146
AAACT	1.5238824475919688
AAACC	1.5093898401836852
AAACG	0.3473078507846324
AAAGC	1.8060008240800882
AAAGG	2.502934773355456
AATCC	0.9426191120168255
AATCG	0.3773971945392457
CACTT	0.9816053172258166
CACTA	1.2725358012227144
CACAT	0.518440511609254
CACAA	1.2491502125658085
AAGCT	1.8869859726962288
AAGCA	1.5281545434523827
AAGGT	1.175213101467974
AAGGA	1.7613244701390247
AAGTC	0.7547943890784915
AAGTG	0.8394379296199815
AAGAC	1.1808466926677503
AAGAG	1.6686231822369708
CTCTT	1.8550393412289925
CTCTA	0.9816053172258166
CTCAT	0.810891349012631
CTCAA	0.8012262452143016
CTGTT	0.6189196977998255
CTGTA	0.3987018748761386
CTGAT	0.968275981842051
CTGAA	1.0063925187713219
GCATT	0.8543611604488685
GCATA	0.6289953242320762
GCAAT	1.3208901808873599
GCAAA	1.18084669266775
ACCTT	1.621782698025262
ACCTA	0.8483572008151429
ACCAT	0.6127024228109366
ACCAA	0.8327668083772056
CTTAC	1.0669623013324092
CTTAG	0.9113185711454597
GCTTT	1.5472992444995637
GCTTA	1.2530630353250072
GCTAT	1.4808926781113718
GCTAA	1.1950911160409445
ACGTT	0.22782964278636492
ACGTA	0.44029672696245337
ACGAT	0.3144976621160381
ACGAA	0.5556925612554118
ACTCT	1.1523192854390016
ACTCA	0.6127024228109365
ACTGT	0.512616696269321
ACTGA	1.1321915836177372
TAACC	1.0840119788193492
TAACG	0.5031962593856609
TAAGC	1.3837897133105677
TAAGG	1.1752131014679739
ACTTC	1.1949977774922982
ACTTG	0.8543611604488685
ACTAC	0.9897500676176666
ACTAG	1.3837897133105674
ACACT	0.895488156415984
ACACA	0.884814733900781
ACAGT	0.6918948566552837
ACAGA	1.319769832981603
CTTCT	2.357445829478511
CTTCA	1.1949977774922982
CTTGT	0.8768029052164195
CTTGA	1.1961056246284159
CTTTC	1.2366928941526616
CTTTG	1.4441459615329262
ACATC	0.5655714672100952
ACATG	0.5031962593856609
ACAAC	1.1971022870422332
ACAAG	1.319769832981603
CCTTT	1.5072194647485562
CCTTA	1.4510687298120764
CTAGT	0.8543611604488687
CTAGA	1.2579906484641525
TATCC	0.46946341258626
TATCG	0.22782964278636492
TATGC	0.9113185711454597
TATGG	1.21621790356001
GGTAT	0.8361498086975069
GGTAA	1.4270444803539684
CGATT	0.7974037497522772
CGATA	0.3144976621160381
TAGCT	1.537850088807963
TAGCA	1.0692920511945294
TAGGT	0.7601361897250061
TAGGA	2.3504262029359473
TAGTC	0.6265315176625036
TAGTG	0.8361498086975069
TAGAC	0.44029672696245337
TAGAG	1.0073255155439775
GGAAT	1.5949320662779647
GGAAA	1.2978180306287548
TACCT	0.7682128569593344
TACCA	0.8012262452143015
TACGT	0.22782964278636492
TACGA	0.5660957918088686
TACTC	0.9816053172258163
TACTG	0.8543611604488685
TACAC	0.518440511609254
TACAG	0.5031962593856609
GGTTT	1.5143173954752083
GGTTA	0.7601361897250062
CTATC	0.810891349012631
CTATG	0.9113185711454599
CTAAC	0.9426191120168255
CTAAG	1.0063925187713219
CCTAT	0.7255343649060381
CCTAA	1.1782738900210317
AGCTT	1.8795945529875107
AGCTA	1.7611869078498135
AGCAT	0.8805934539249066
AGCAA	1.319769832981603
CAAGT	0.5031962593856609
CAAGA	1.7365392539231619
TTAGC	1.3100204460215985
TTAGG	0.9881770466425083
CGAAT	0.25159812969283046
CGAAA	0.7640772717261912
GGATT	2.2043949502025177
GGATA	0.9233817225819794
CAATC	0.6598333784117777
CAATG	0.817693921501699
CAAAC	1.3532460636129593
CAAAG	1.597616113609309
CTACT	1.0669623013324092
CTACA	0.5655714672100953
AGGTT	0.9121634276700075
AGGTA	0.7554941366579833
AGGAT	1.4270444803539686
AGGAA	1.575921894334917
AGTCT	1.139148213931825
AGTCA	0.2515981296928305
TTTGC	1.5472992444995637
TTTGG	1.9961456576718655
TTACC	0.8962483331192238
TTACG	0.5126166962693212
AGTGT	0.7601361897250063
AGTGA	1.007325515543978
AGTTC	0.5126166962693212
AGTTG	1.0641906656150089
AGTAC	0.5660957918088686
AGTAG	0.8394379296199815
AGACT	0.7547943890784915
AGACA	1.3197698329816032
AGAGT	0.9233817225819796
AGAGA	2.1321296217472407
AGATC	0.5660957918088686
AGATG	1.091269308505976
TTGCT	1.1862627541163324
TTGCA	1.2530630353250074
TTGGT	1.101321742163788
TTGGA	1.5202723794500126
TTGTC	0.6189196977998256
TTGTG	0.48182826219665725
TTGAC	1.196105624628416
TTGAG	1.0641906656150089
TTTCC	1.1207529353258494
TTTCG	0.5673430563165067
GTCTT	1.0831094711496947
GTCTA	0.5695741069659124
GTCAT	0.05695741069659123
GTCAA	0.5031962593856609
TTCCT	1.5845127706330975
TTCCA	0.6828558728527419
TTCGT	0.15472992444995637
TTCGA	0.740446339055686
TTCTC	0.6183464470763308
TTCTG	1.3925693200496074
TTCAC	1.0669623013324092
TTCAG	0.740446339055686
AGAAC	1.4586929732954563
AGAAG	2.2248309096492944
CATGT	0.2847870534829562
CATGA	0.5031962593856609
CATTC	0.3841064284796673
CATTG	0.45565928557272983
CATAC	0.4241786004075714
CATAG	0.9434929863481142
GTTCT	0.257883207416594
GTTCA	0.39870187487613873
GTTGT	0.34416304442618373
GTTGA	0.9121634276700076
TGACT	1.0821908032352332
TGACA	1.0063925187713219
TGAGT	0.5320953328075043
TGAGA	0.7554941366579832
TGATC	0.6834889283590948
TGATG	0.7601361897250062
TGAAC	1.2579906484641523
TGAAG	1.3431006873919702
TGTCT	0.8252262637331008
TGTCA	0.22782964278636497
TGTGT	0.20649782665571026
TGTGA	0.5320953328075044
TGTTC	0.1547299244499564
TGTTG	0.550660871081894
TGTAC	0.5126166962693212
TGTAG	0.38006809486250315
GTGTT	0.41299565331142046
GTGTA	0.3040544758900025
GTGAT	0.608108951780005
GTGAA	0.6715503436959851
GTTAC	0.5126166962693212
GTTAG	0.7601361897250063
GTACT	0.6834889283590947
GTACA	0.5031962593856609
GTAGT	0.5320953328075043
GTAGA	0.671550343695985
CCAAT	0.6127024228109366
CCAAA	1.2491502125658085
TGGTT	1.4454847865899716
TGGTA	1.2922315225325105
TGGAT	0.8361498086975069
TGGAA	1.6788758592399626
CAACT	1.5081905792269206
CAACA	1.6655336167544113
ATCCT	0.7255343649060381
ATCCA	0.5655714672100952
ATCGT	0.3417444641795474
ATCGA	0.3144976621160381
ATCTC	0.93892682517252
ATCTG	0.8543611604488685
ATCAC	0.32991668920588885
ATCAG	0.5660957918088685
CAGTT	0.7974037497522772
CAGTA	0.7547943890784914
GTAAC	0.8805934539249067
GTAAG	0.9233817225819795
CGTTT	0.257883207416594
CGTTA	0.3417444641795474
TGCTT	0.8768029052164195
TGCTA	1.3669778567181896
TGCAT	0.512616696269321
TGCAA	1.4466892457337752
CCATT	0.5548203966928528
CCATA	0.7069643340126192
GTTTC	0.9283795466997384
GTTTG	0.7571586977376042
GACTT	0.6834889283590948
GACTA	1.32089018088736
GACAT	1.0692920511945294
GACAA	1.2503082628246764
TCAGT	0.5695741069659125
TCAGA	0.7547943890784915
TCATC	0.46946341258626006
TCATG	0.6834889283590949
TCAAC	1.036881023218508
TCAAG	1.0063925187713219
GTATC	0.5695741069659124
GTATG	0.8361498086975069
GAGAT	1.0073255155439778
GAGAA	2.0394283338451866
TCTGT	0.5673430563165067
TCTGA	1.025233392538642
TCTTC	1.893685994171263
TCTTG	1.1862627541163322
TCTAC	0.7682128569593347
TCTAG	1.1391482139318247
TCACT	0.5974988887461492
TCACA	0.6127024228109366
CGTAT	0.2278296427863649
CGTAA	0.5660957918088685
CAGAT	0.5031962593856609
CAGAA	0.9724619821969707
CATCT	0.7255343649060381
CATCA	0.518440511609254
ATGCT	0.9113185711454596
ATGCA	0.3773971945392457
ATGGT	1.5202723794500121
ATGGA	1.0073255155439775
ATGTC	0.3417444641795474
ATGTG	0.45608171383500373
ATGAC	0.7547943890784914
ATGAG	0.6715503436959851
GATTC	0.39870187487613873
GATTG	0.836149808697507
GATAC	0.6918948566552839
GATAG	1.091269308505976
TCGTT	0.15472992444995637
TCGTA	0.22782964278636492
TCGAT	0.3987018748761386
TCGAA	0.3773971945392457
TCTCT	1.0821062823835788
TCTCA	0.7255343649060382
GAGTT	0.988177046642508
GAGTA	0.9233817225819795
ATTCC	0.5974988887461491
ATTCG	0.3987018748761386
ATTGC	0.9113185711454597
ATTGG	1.0641906656150086
GAATC	0.37739719453924575
GAATG	1.175213101467974
GAAAC	1.1113851225108238
GAAAG	1.575921894334917
TCCTT	1.2753395470949322
TCCTA	0.810891349012631
TCCAT	0.38410642847966736
TCCAA	1.036881023218508
GATCT	0.7974037497522775
GATCA	0.5660957918088686
GATGT	0.38006809486250315
GATGA	1.007325515543978
ATACC	0.8954881564159842
ATACG	0.3144976621160381
ATAGC	1.3837897133105677
ATAGG	2.1825386170119514
AATGC	0.9434929863481143
AATGG	1.5949320662779647
GAACT	1.509588778156983
GAACA	0.8335388418831178
GAAGT	0.7554941366579834
GAAGA	2.2248309096492944
AACCT	1.5081905792269206
AACCA	0.7286709573300549
AACGT	0.12579906484641523
AACGA	0.48623099109848533
AACTC	1.036881023218508
AACTG	1.132191583617737
AACAC	1.1971022870422332
AACAG	1.8754623942370148
CCCTT	1.8849162226638319
CCCTA	1.7098540289558677
CCCAT	0.7434147951982034
CCCAA	1.724041334207742
GAACC	1.7530307474244518
GAACG	0.4386639826103058
GAAGC	1.9008772579779918
GAAGG	1.561140106770807
CGCTT	0.8085701454893369
CGCTA	0.3968554629826091
CGCAT	0.5952831944739136
CGCAA	0.7669509519981975
TCCCT	1.615642476568999
TCCCA	0.6690733156783831
TCCGT	0.44920563638296496
TCCGA	0.6944970602195659
TCCTC	1.346368730474166
TCCTG	1.2577757818723019
TCCAC	0.7434147951982035
TCCAG	0.5952831944739138
GATCC	0.5952831944739138
GATCG	0.2648155839721201
GATGC	1.0592623358884807
GATGG	1.4136591289422287
TCGCT	0.269523381829779
TCGCA	0.3968554629826091
TCGGT	0.3596976653261862
TCGGA	0.39722337595818014
TCGTC	0.5390467636595578
TCGTG	0.1198992217753954
TCGAC	0.5952831944739136
TCGAG	1.1916701278745405
TCTCC	1.2117318574267493
TCTCG	0.6288878909361508
CGGTT	0.7193953306523723
CGGTA	0.39722337595818014
CGGAT	1.0592623358884803
CGGAA	0.7311066376838429
GAGCT	2.7805636317072615
GAGCA	1.169770620294149
GAGGT	1.0602443467066711
GAGGA	4.488277806966069
GAGTC	0.7944467519163603
GAGTG	1.23695173782445
GAGAC	1.0235492927573802
GAGAG	2.1465676468098596
TCTGC	1.4374580364254876
TCTGG	1.0790929959785587
TCACC	1.1151221927973054
TCACG	0.7937109259652183
CGTAC	0.3968554629826091
CGTAG	0.39722337595818014
GACCT	1.091352523202175
GACCA	0.8765153737122257
GACGT	0.5296311679442403
GACGA	0.2924426550735372
GACTC	1.091352523202175
GACTG	0.7944467519163603
GACAC	1.533901903996395
GACAG	1.0235492927573802
TCAGC	0.992138657456523
TCAGG	1.3240779198606007
TGCCT	1.1679346545957088
TGCCA	1.2897802546934796
TGCGT	0.3596976653261862
TGCGA	0.6620389599303003
CGTCT	0.35936450910637185
CGTCA	0.49606932872826126
CGTGT	0.0
CGTGA	0.13240779198606004
CGTTC	0.08984112727659298
CGTTG	0.4795968871015815
TGCTC	1.1679346545957086
TGCTG	0.8392945524277677
TGCAC	0.2976415972369568
TGCAG	1.3240779198606005
CCACT	1.2638051518369458
CCACA	1.3956525086443625
CCAGT	0.6944970602195659
CCAGA	1.3147730605683385
CCATC	0.7434147951982035
CCATG	0.4960693287282615
GTACC	0.2976415972369568
GTACG	0.13240779198606004
GTAGC	0.5296311679442401
GTAGG	0.353414782235557
CCAAC	1.8882357469894318
CCAAG	1.6434663257104236
TGGCT	1.3188914395293494
TGGCA	1.7213012958187808
TGGGT	0.8000691786784213
TGGGA	1.9437813022955637
TGGTC	1.0790929959785587
TGGTG	0.8000691786784213
TGGAC	1.1916701278745405
TGGAG	1.9437813022955641
TGTCC	0.7187290182127439
TGTCG	0.11989922177539543
TGTGC	0.23979844355079086
TGTGG	1.2801106858854743
GTGTC	0.4795968871015816
GTGTG	0.16001383573568426
GTGAC	0.6620389599303003
GTGAG	0.7068295644711142
GTTCC	0.7187290182127439
GTTCG	0.11989922177539543
GTTGC	0.839294552427768
GTTGG	1.4401245216211587
TGACC	1.4882079861847841
TGACG	0.5296311679442401
TGAGC	1.7213012958187806
TGAGG	1.2369517378244494
GTCCT	0.8085701454893369
GTCCA	0.2976415972369568
GTCGT	0.2397984435507908
GTCGA	0.39722337595818014
GTCTC	0.8085701454893368
GTCTG	0.8392945524277677
GTCAC	0.5952831944739136
GTCAG	0.7944467519163603
GTGCT	0.599496108876977
GTGCA	0.39722337595818014
GTGGT	0.9600830144141056
GTGGA	0.8835369555888926
TTCCC	1.0770949843793327
TTCCG	0.8085701454893368
TTCGC	0.3593645091063719
TTCGG	0.7193953306523724
TTGCC	1.5272991637020807
TTGCG	0.4795968871015817
TTGGC	1.7984883266309313
TTGGG	1.9201660288282114
CGAAC	0.6573865302841693
CGAAG	0.7311066376838429
GGACT	1.8537090878048406
GGACA	2.193319913051529
GGAGT	2.4739034756488993
GGAGA	2.146567646809859
GGATC	1.1916701278745403
GGATG	0.8835369555888924
GGAAC	1.1697706202941487
GGAAG	1.7562826201171575
TACCC	1.0407807132774847
TACCG	0.8929247917108704
TACGC	0.5952831944739136
TACGG	0.5296311679442403
GGTTC	0.9591937742031632
GGTTG	1.1200968501497899
GGTAC	0.2648155839721201
GGTAG	0.5301221733533357
CGACT	0.49606932872826137
CGACA	0.6573865302841693
CGAGT	0.6620389599303004
CGAGA	1.3159919478309174
CGATC	0.09921386574565227
CGATG	0.6620389599303003
TAGCC	1.3889941204391318
TAGCG	0.5296311679442401
TAGGC	1.8537090878048406
TAGGG	0.8835369555888924
CTCTC	1.548324040045291
CTCTG	0.44920563638296496
CTCAC	0.8920977542378442
CTCAG	1.388994120439132
GGGTT	1.280110685885474
GGGTA	0.7068295644711141
GGGAT	3.004025649002235
GGGAA	1.5611401067708066
GGTCT	0.8392945524277677
GGTCA	1.0592623358884805
GGTGT	0.3200276714713685
GGTGA	0.8835369555888926
CTGTC	0.6288878909361508
CTGTG	0.7193953306523724
CTGAC	1.5874218519304364
CTGAG	1.3240779198606005
GGCTT	2.158185991957117
GGCTA	1.1916701278745403
GGCAT	0.5296311679442401
GGCAA	2.193319913051529
CTCCT	1.2790502939504576
CTCCA	1.1894636723171255
CTCGT	0.269523381829779
CTCGA	0.6944970602195659
GCACT	1.091352523202175
GCACA	0.7669509519981975
GCAGT	1.0592623358884805
GCAGA	0.2924426550735372
GCATC	0.5952831944739136
GCATG	0.2648155839721201
GCAAC	1.8625951691384797
GCAAG	1.3159919478309172
CTGCT	1.5272991637020807
CTGCA	1.3889941204391318
CTGGT	1.198992217753954
CTGGA	1.8537090878048408
ACCCT	2.08156142655497
ACCCA	1.9703329533802767
ACCGT	0.49606932872826137
ACCGA	0.547822108570141
ACCTC	0.5203903566387424
ACCTG	0.5952831944739138
ACCAC	0.9030692702992934
ACCAG	1.5339019039963953
ACGCT	0.6944970602195659
ACGCA	0.547822108570141
ACGGT	0.3972233759581802
ACGGA	1.0235492927573802
GCTCT	1.7069814182552663
GCTCA	1.0913525232021748
GCTGT	0.5994961088769769
GCTGA	0.7944467519163603
GCTTC	1.7069814182552665
GCTTG	0.8392945524277676
GCTAC	1.091352523202175
GCTAG	1.1916701278745403
ACGTC	0.2976415972369568
ACGTG	0.13240779198606006
ACGAC	0.6573865302841693
ACGAG	1.0235492927573802
ACTCC	1.2638051518369458
ACTCG	0.29764159723695677
ACTGC	0.9921386574565227
ACTGG	1.0592623358884805
ACACC	1.2314580958626726
ACACG	0.547822108570141
ACAGC	1.2052086388543104
ACAGG	1.6084346029044545
GCGTT	0.23979844355079075
GCGTA	0.39722337595818014
GCGAT	0.7944467519163603
GCGAA	0.5848853101470743
CTTCC	2.086871532234957
CTTCG	0.6288878909361508
CTTGC	1.1679346545957086
CTTGG	1.3188914395293494
CCTCT	1.6829609130927072
CCTCA	1.5611710699162273
CCTGT	0.6288878909361509
CCTGA	1.6866357176760887
CCTTC	2.086871532234957
CCTTG	1.5272991637020805
CTAGC	1.2897802546934798
CTAGG	2.118524671776961
GCCTT	1.9765048000850458
GCCTA	0.6944970602195659
GCCAT	1.091352523202175
GCCAA	1.7530307474244513
CCTAC	0.892097754237844
CCTAG	1.2897802546934793
AGCCT	2.18270504640435
AGCCA	1.4243374822823667
AGCGT	0.13240779198606006
AGCGA	0.5848853101470745
AGCTC	1.5874218519304364
AGCTG	1.8537090878048408
AGCAC	1.533901903996395
AGCAG	2.0470985855147603
CAAGC	1.533901903996395
CAAGG	1.754655930441223
CTACC	1.1151221927973054
CTACG	0.992138657456523
CCGTT	0.6288878909361509
CCGTA	0.5952831944739136
CCGAT	0.6944970602195659
CCGAA	0.8765153737122257
AGGCT	2.5157480477351415
AGGCA	0.731106637683843
AGGGT	1.4136591289422282
AGGGA	3.317422726887964
AGGTC	1.0592623358884805
AGGTG	0.7068295644711142
AGGAC	2.631983895661835
AGGAG	5.6591328870441755
AGTCC	0.8929247917108706
AGTCG	0.13240779198606006
AGTGC	0.6620389599303004
AGTGG	1.0602443467066716
AGACC	0.8765153737122259
AGACG	0.4386639826103058
AGAGC	1.0235492927573802
AGAGG	2.3417101601562105
CATGC	0.9921386574565227
CATGG	0.5296311679442403
CAACC	1.4777497150352072
CAACG	0.32869326514208463
ATCCC	0.9664392337576644
ATCCG	0.29764159723695677
ATCGC	0.2976415972369568
ATCGG	0.13240779198606006
CAGCT	1.2897802546934796
CAGCA	1.533901903996395
CAGGT	0.3972233759581802
CAGGA	1.6084346029044547
CAGTC	0.49606932872826137
CAGTG	0.6620389599303003
CAGAC	1.2052086388543104
CAGAG	1.754655930441223
CATCC	0.5947318361585627
CATCG	0.29764159723695677
ATGCC	1.9842773149130455
ATGCG	0.9268545439024203
ATGGC	1.3240779198606003
ATGGG	0.8835369555888924
AACCC	2.3808189853345008
AACCG	1.2052086388543104
AACGC	0.6573865302841693
AACGG	0.5848853101470743
CACCT	0.5947318361585627
CACCA	1.2314580958626729
CACGT	0.49606932872826137
CACGA	0.8765153737122257
CACTC	0.2973659180792814
CACTG	0.694497060219566
CACAC	0.6567776511267589
CACAG	1.2052086388543106
AAGCC	2.300852855994593
AAGCG	0.2924426550735372
AAGGC	2.4857625681250664
AAGGG	2.1465676468098596
CCCCA	1.8129313937362053
CCCCT	2.6970189051977553
CCCGT	0.46948160552133766
CCCGA	1.555381807605042
CCCAG	2.073842410140056
CCCAC	2.071921592841378
CCCTG	2.660395764620913
CCCTC	2.110710447546069
CACCC	2.7193970906043083
CACCG	0.518460602535014
CACGC	0.34564040169000937
CACGG	0.6919216693905688
CAGGG	4.924893365540014
CAGGC	0.9225622258540919
CAGCG	0.23064055646352294
CAGCC	2.765123213520075
GCCAC	2.246662610985061
GCCAG	0.9225622258540918
GCCTG	1.6708154597265352
GCCTC	2.3474080276066887
GCCCA	2.073842410140056
GCCCT	1.7214325535782382
GCCGT	1.0442596623290843
GCCGA	0.6919216693905688
GCGTC	0.0
GCGTG	0.2787274038964898
GCGAC	0.23064055646352294
GCGAG	0.30780583534625083
GCGGA	1.539029176731254
GCGGT	1.1149096155859595
GCGCT	0.20885193246581685
GCGCA	0.23064055646352294
GGCCA	2.998327234025798
GGCCT	2.5062231895898024
GGCGT	0.5574548077929797
GGCGA	0.6156116706925017
CTGCC	1.095457079549788
CTGCG	0.6265557973974507
CTGGC	2.2973712571239853
CTGGG	1.1149096155859595
GCTCC	0.7824693425355627
GCTCG	1.044259662329084
GCTGC	0.8354077298632674
GCTGG	3.344728846757878
GCAGG	2.770252518116258
GCAGC	2.30640556463523
GCACG	0.4612811129270459
GCACC	0.6912808033800187
GGGTC	0.8361822116894696
GGGTG	1.1159432153531899
GGGAC	2.7702525181162576
GGGAG	2.464729544342414
GGGGA	2.8755178017328165
GGGGT	1.11594321535319
GGGCT	1.6723644233789392
GGGCA	1.539029176731254
CTCGG	0.6265557973974507
CTCGC	0.6259754740284502
CTCCG	0.7824693425355628
CTCCC	1.4071402983640466
GGCAG	0.6156116706925017
GGCAC	0.9225622258540918
GGCTG	1.1149096155859592
GGCTC	1.2531115947949012
CGGCA	0.4612811129270459
CGGCT	0.20885193246581685
CGGGT	0.5574548077929797
CGGGA	1.539029176731254
GTGCC	0.8354077298632674
GTGCG	0.27872740389648987
GTGGC	0.8361822116894696
GTGGG	1.4879242871375864
CGTCC	0.15649386850711255
CGTCG	0.20885193246581682
CGTGC	0.6265557973974506
CGTGG	0.5574548077929796
GACCC	2.073842410140056
GACCG	0.9225622258540918
GACGC	0.23064055646352297
GACGG	0.9234175060387526
CGACC	0.6912808033800187
CGACG	0.23064055646352294
CGAGC	0.46128111292704593
CGAGG	2.154640847423756
GGTCC	1.0442596623290843
GGTCG	1.1149096155859595
GGTGC	0.8361822116894696
GGTGG	0.7439621435687932
GGACC	1.8451244517081835
GGACG	0.6156116706925017
GGAGC	4.617087530193762
GGAGG	5.34024734607523
GTCGG	0.27872740389648987
GTCGC	0.20885193246581685
GTCCG	0.6265557973974507
GTCCC	1.2519509480569004
GAGCC	1.383843338781138
GAGCG	0.6156116706925018
GAGGC	1.2312233413850033
GAGGG	2.464729544342414
CGGAG	2.1546408474237557
CGGAC	0.6919216693905688
CGGTG	0.0
CGGTC	0.6265557973974506
TGCGG	0.8361822116894696
TGCGC	0.8354077298632674
TGCCG	1.4619635272607183
TGCCC	2.3474080276066887
CCAGG	0.9225622258540918
CCAGC	2.246662610985061
CCACG	0.518460602535014
CCACC	1.6834362941836194
TCGCC	0.7824693425355628
TCGCG	0.0
TCGGC	0.20885193246581685
TCGGG	1.1149096155859595
TCCGG	0.4177038649316338
TCCGC	0.9389632110426753
TCCCG	0.3129877370142251
TCCCC	1.641663681424721
CGCTC	0.7824693425355628
CGCTG	0.4177038649316338
CGCAC	0.518460602535014
CGCAG	0.4612811129270459
CGCGA	0.23064055646352294
CGCGT	0.0
CGCCT	0.7824693425355628
CGCCA	0.8641010042250233
CCGCA	1.3825616067600373
CCGCT	1.408444816564013
CCGGT	0.4177038649316337
CCGGA	1.8451244517081835
ACGCC	0.518460602535014
ACGCG	0.0
ACGGC	0.46128111292704593
ACGGG	0.6156116706925018
CCTCC	1.4071402983640466
CCTCG	0.3129877370142251
CCTGC	1.7214325535782382
CCTGG	2.088519324658169
AGCCC	2.765123213520075
AGCCG	1.3838433387811375
AGCGC	0.0
AGCGG	1.2312233413850036
AGGCC	2.767686677562276
AGGCG	0.9234175060387526
AGGGC	1.2312233413850033
AGGGG	3.6970943165136214
CCGAG	1.3838433387811375
CCGAC	0.518460602535014
CCGTG	0.6265557973974507
CCGTC	0.3129877370142251
TGGCC	2.5062231895898024
TGGCG	0.8361822116894696
TGGGC	0.8361822116894696
TGGGG	2.2318864307063797
ACCGG	1.8451244517081835
ACCGC	1.5553818076050423
ACCCG	1.036921205070028
ACCCC	2.33091179194655
CGGCC	1.4551930879557133
CGGCG	0.0
CGGGG	1.9438566289048156
CGGGC	0.48551405149243465
GGGGC	5.183617677079508
GGGGG	7.782634883835226
GGGCG	0.6479522096349385
GGGCC	1.9420562059697386
GCGCC	0.7275965439778567
GCGCG	0.0
GCGGG	0.6479522096349385
GCGGC	0.9710281029848693
GGCCC	1.091394815966785
GGCCG	1.9420562059697386
GGCGG	1.9438566289048156
GGCGC	0.0
GCCGG	1.9420562059697386
GCCGC	2.5465879039224983
GCCCG	1.8189913599446417
GCCCC	2.998555871345607
CCCGC	1.3629799415207304
CCCGG	0.7275965439778567
CCCCG	1.6355759298248762
CCCCC	5.106440750340865
CGCGC	0.0
CGCGG	0.9710281029848693
CGCCG	0.7275965439778567
CGCCC	1.3629799415207304
CCGGC	0.7275965439778567
CCGGG	1.9420562059697386
CCGCG	1.091394815966785
CCGCC	1.9081719181290224
