	Bipes_biporus 5-mer OE values GC sorted
AAAAA	0.6406003040895817
AAAAT	0.6994860049637586
AATAT	1.0049037954768332
AATAA	1.3077347049322443
AATTA	1.2142587528678401
AATTT	0.6917617457958024
ATAAA	0.63866113496691
ATAAT	1.5910976761716524
ATATT	1.3258766794419548
ATATA	0.7536778466076248
ATTAA	1.2561297443460415
ATTAT	1.441170303741255
ATTTT	1.0317647812498738
ATTTA	0.8070553700951029
TTATT	1.1904978245190851
TTATA	1.0952894308433538
TTTTT	1.3112353356208024
TTTTA	1.190497824519085
TTTAA	1.3835234915916048
TTTAT	0.8730317379806624
TTAAA	1.0467747869550346
TTAAT	0.9223489943944033
AAATA	0.9123730499527284
AAATT	0.7536778466076247
TAAAT	0.6699358636512222
TAAAA	0.8211357449574558
TAATT	1.2105830551426542
TAATA	2.4285175057356803
TATTT	1.5079639110575078
TATTA	1.4988171158909054
TATAA	0.5861938806948194
TATAT	0.9223489943944033
GAAAT	0.7351390350636264
GAAAA	0.5784549463362041
ATACT	1.6306034853666243
ATACA	1.0659303417608512
GAATA	0.4900926900424176
GAATT	0.16868648341836215
ATTAC	0.9375970040858089
ATTAG	0.9277756588009919
ATTTG	2.0901855701648198
ATTTC	0.6173665731469192
ATTGA	0.9277756588009919
ATTGT	0.5806071028235611
ATTCA	1.0598922654883058
ATTCT	2.0204724212080993
GATAA	0.3675695175318132
GATAT	0.6747459336734487
GATTA	0.5904026919642676
GATTT	1.1612142056471224
ATGAA	1.2864933113613461
ATGAT	1.0964621422193541
ATGTA	0.927775658800992
ATGTT	0.9289713645176979
ATAAC	0.6514018755205203
ATAAG	0.3675695175318132
AATTC	0.7337715684149809
AATTG	1.5181783507652593
AATAG	1.531539656382555
AATAC	1.273194574881017
AATGA	0.8576622075742308
AATGT	0.7590891753826298
AACAT	1.5396771603212296
AACAA	1.2903737602570304
GTAAT	0.6747459336734487
GTAAA	0.6738774488083242
TCATT	1.0102362106040497
TCATA	1.3044827882932994
TCAAT	1.0598922654883058
TCAAA	0.7402294040005911
TCTTT	1.1590541765608984
TCTTA	1.0102362106040497
GTATA	0.7590891753826298
GTATT	0.8128499439529856
ATCAA	1.2139762225609694
ATCAT	1.6713685725007899
ATCTA	0.6522413941466497
ATCTT	0.7857392749142608
GTTAA	0.33737296683672435
GTTAT	0.46448568225884895
TGATA	0.7590891753826298
TGATT	1.3934570467765468
CATAA	0.7106202278405674
CATAT	0.7745366555491465
CATTA	1.1006573526224714
CATTT	0.841863508836708
AGAAA	0.5784549463362041
AGAAT	0.3675695175318132
GTTTA	0.6967285233882734
GTTTT	0.47961819017322527
TGTAA	0.8434324170918109
TGTAT	0.8128499439529856
TGTTA	0.23224284112942448
TGTTT	1.1191091104041924
TGAAA	0.9801853800848352
TGAAT	0.7590891753826298
TTTCT	1.313594733435685
TTTCA	0.6734908070693664
TTCTT	2.3181083531217967
TTCTA	1.0102362106040497
TTCAT	1.5714785498285213
TTCAA	0.6930064812808151
AGATT	0.3373729668367243
AGATA	0.4900926900424176
AGTTT	0.23224284112942448
AGTTA	0.2530297251275433
AGTAT	1.0964621422193541
AGTAA	0.8576622075742308
TTGAA	0.7590891753826297
TTGAT	1.1612142056471222
TTGTA	1.5095784673412587
TTGTT	0.9592363803464505
TTTAG	0.8128499439529855
TTTAC	0.7857392749142608
TTACT	0.7857392749142608
TTACA	1.2229526140249682
TTTTG	1.1191091104041921
TTTTC	0.7727027843739322
TCTAA	0.4484159584758217
TCTAT	0.785739274914261
ATATG	0.8434324170918107
ATATC	0.6522413941466497
ATAGA	0.8576622075742308
ATAGT	1.7712080758928028
AACTT	0.8968319169516433
AACTA	1.2139762225609694
AAAAG	1.2459029613395163
AAAAC	1.0107927788680071
TTATC	0.7296150409918136
TTATG	1.2773356262118343
TTAAG	0.5904026919642675
TTAAC	1.0191271783541402
CAAAA	1.2473613015817961
CAAAT	0.9771028132807805
CAATA	1.1547578702409222
CAATT	1.4675431368299618
TTTGT	0.9592363803464505
TTTGA	1.5095784673412587
TACAT	1.1006573526224714
TACAA	1.3028037510410404
CTATA	0.8153017426833121
CTATT	2.0765966551305466
TTAGA	0.16868648341836215
TTAGT	0.46448568225884884
TAGTA	2.6146404929846137
TAGTT	0.46448568225884895
TATAC	0.8560668298174777
TATAG	1.2651486256377162
TATTG	1.1612142056471222
TATTC	1.5153543159060745
TATGA	1.5181783507652593
TATGT	0.6967285233882733
TATCA	1.2229526140249682
TATCT	0.7857392749142608
TACTA	2.8535560993915925
TACTT	1.3469816141387327
TAGAT	0.6747459336734487
TAGAA	1.2864933113613461
CTAAA	0.917884460960733
CTAAT	2.3236099666474397
CTTTT	1.2363244549982917
CTTTA	1.1786089123713912
ACATT	1.345247875427465
ACATA	0.9474936371207566
ACAAT	0.8882752848007095
ACAAA	1.720498347009374
ACTTT	1.3469816141387327
ACTTA	0.8153017426833121
TAAAC	0.9474936371207568
TAAAG	0.7964006213189286
TAATG	0.5904026919642675
TAATC	1.345247875427465
TAAGA	0.0612615862553022
TAAGT	0.42171620854590547
ACTAA	1.4804588080011822
ACTAT	1.549073311098293
TAACT	0.40765087134165606
TAACA	1.095539517920875
CTTAA	0.6114763070124842
CTTAT	1.01023621060405
AAGTA	0.7351390350636264
AAGTT	0.16868648341836215
AAGAA	0.7119445493368665
AAGAT	0.3675695175318132
AATCT	0.5707112198783185
AATCA	1.4212404556811349
AAATG	0.7351390350636262
AAATC	0.7106202278405674
AAAGA	0.8899306866710831
AAAGT	0.612615862553022
AAACA	1.3118799895946476
AAACT	0.9771028132807803
AAACC	0.8375281137842047
AAACG	1.083032091692927
AAAGC	1.2129959426960786
AAAGG	1.3444804450605214
AATCC	0.6630240622685072
AATCG	1.1928706789638566
CACTT	1.2700285484636904
CACTA	1.6431465891002137
CACAT	1.0666039262580334
CACAA	1.3819213877439378
AAGCT	1.0139400771192781
AAGCA	1.559566212037815
AAGGT	0.8638201332767982
AAGGA	0.8963202967070143
AAGTC	0.656078873430121
AAGTG	0.8638201332767982
AAGAC	0.8664256733543417
AAGAG	0.44816014835350715
CTCTT	1.147479276552058
CTCTA	0.6350142742318452
CTCAT	1.2303401563242
CTCAA	0.8648139942632702
CTGTT	0.45221760081110224
CTGTA	0.7390399721770351
CTGAT	1.14961773449761
CTGAA	0.6560788734301211
GCATT	1.3959643918899551
GCATA	1.073583611067471
GCAAT	1.6700189505493996
GCAAA	0.9530682406897761
ACCTT	0.4762607056738839
ACCTA	0.9224682605474884
ACCAT	1.1530853256843605
ACCAA	1.423797793433148
CTTAC	1.1112749799057293
CTTAG	0.9032710771052651
GCTTT	1.1305440020277555
GCTTA	1.1496177344976102
GCTAT	1.395964391889955
GCTAA	0.9542965431710853
ACGTT	0.16423110492822998
ACGTA	0.5964353394819283
ACGAT	0.2385741357927713
ACGAA	0.7797831060189075
ACTCT	0.5159490978133743
ACTCA	1.0954310594001424
ACTGT	0.6569244197129199
ACTGA	0.7753659413265067
TAACC	1.0089496599738152
TAACG	0.2385741357927713
TAAGC	1.0735836110674708
TAAGG	0.3702086285471993
ACTTC	1.1906517641847096
ACTTG	1.395964391889955
ACTAC	1.7584551216686495
ACTAG	2.3260978239795205
ACACT	1.2972209913949055
ACACA	1.4447359962777533
ACAGT	0.8946530092228924
ACAGA	0.3898915530094538
CTTCT	1.420688628112072
CTTCA	1.2303401563242
CTTGT	1.5827616028388578
CTTGA	0.65692441971292
CTTTC	0.9289117953040471
CTTTG	1.3566528024333067
ACATC	0.8648139942632702
ACATG	1.7893060184457847
ACAAC	1.3400449820547278
ACAAG	0.7364618223511905
CCTTT	0.9289117953040471
CCTTA	0.7937678427898065
CTAGT	2.4634665739234496
CTAGA	1.0139400771192781
TATCC	0.7143910585108257
TATCG	0.41057776232057497
TATGC	1.1496177344976097
TATGG	0.8494881743744803
GGTAT	0.8494881743744802
GGTAA	0.6170143809119987
CGATT	0.5748088672488051
CGATA	0.23857413579277137
TAGCT	1.14961773449761
TAGCA	2.6839590276686773
TAGGT	0.8494881743744803
TAGGA	0.9872230094591979
TAGTC	1.231733286961725
TAGTG	1.1892834441242728
TAGAC	0.7157224073783139
TAGAG	1.1106258856415978
GGAAT	0.7404172570943984
GGAAA	0.8963202967070143
TACCT	0.6747026663713356
TACCA	1.1530853256843605
TACGT	0.6569244197129199
TACGA	0.7157224073783139
TACTC	1.0715865877662387
TACTG	1.47807994435407
TACAC	1.2107395919685782
TACAG	1.0735836110674708
GGTTT	1.6373722445004295
GGTTA	1.0193858092493762
CTATC	1.1906517641847096
CTATG	1.395964391889955
CTAAC	0.8359868611211612
CTAAG	0.29821766974096414
CCTAT	1.3890937248821613
CCTAA	1.2972209913949053
AGCTT	1.395964391889955
AGCTA	1.1332271450156637
AGCAT	1.0735836110674708
AGCAA	1.7328513467086835
CAAGT	0.4175047376373498
CAAGA	0.5631766876803221
TTAGC	1.1496177344976097
TTAGG	1.5290787138740647
CGAAT	0.5367918055337355
CGAAA	0.5631766876803223
GGATT	2.3785668882485447
GGATA	1.1106258856415976
CAATC	1.0377767931159243
CAATG	0.7753659413265067
CAAAC	1.3400449820547278
CAAAG	0.9530682406897759
CTACT	2.540057096927381
CTACA	1.2395667251106874
AGGTT	1.0193858092493764
AGGTA	0.6170143809119987
AGGAT	2.0978488951007956
AGGAA	0.6274242076949099
AGTCT	0.739039972177035
AGTCA	0.5367918055337354
TTTGC	1.921924803447184
TTTGG	1.6373722445004295
TTACC	0.7937678427898064
TTACG	0.49269331478469
AGTGT	0.8494881743744803
AGTGA	1.1106258856415976
AGTTC	0.49269331478469003
AGTTG	0.0
AGTAC	1.5507318826530134
AGTAG	2.097848895100796
AGACT	0.5367918055337354
AGACA	0.8664256733543417
AGAGT	0.49361150472959897
AGAGA	0.6274242076949099
AGATC	0.3578612036891569
AGATG	0.8638201332767982
TTGCT	1.469707202636082
TTGCA	0.9853866295693797
TTGGT	1.1695516032145925
TTGGA	1.8688739836238566
TTGTC	0.9044352016222043
TTGTG	0.467820641285837
TTGAC	0.8211555246411498
TTGAG	1.0193858092493764
TTTCC	0.4917768328080249
TTTCG	0.4522176008111021
GTCTT	0.7913808014194289
GTCTA	0.410577762320575
GTCAT	0.574808867248805
GTCAA	0.5964353394819283
TTCCT	1.3114048874880662
TTCCA	0.9128330192082774
TTCGT	1.1305440020277553
TTCGA	0.6569244197129198
TTCTC	1.420688628112072
TTCTG	1.469707202636082
TTCAC	0.9525214113477676
TTCAG	0.7390399721770348
AGAAC	0.6064979713480393
AGAAG	2.330432771438237
CATGT	0.6569244197129199
CATGA	1.4910883487048208
CATTC	1.5875356855796128
CATTG	0.9032710771052649
CATAC	1.1819124588264693
CATAG	1.6700189505493992
GTTCT	0.9044352016222045
GTTCA	0.7390399721770351
GTTGT	0.9356412825716742
GTTGA	0.5096929046246883
TGACT	1.47807994435407
TGACA	0.5367918055337354
TGAGT	0.6795905394995843
TGAGA	1.1106258856415976
TGATC	1.231733286961725
TGATG	1.0193858092493766
TGAAC	0.8350094752746996
TGAAG	0.8638201332767984
TGTCT	0.5652720010138778
TGTCA	0.65692441971292
TGTGT	0.4678206412858371
TGTGA	0.8494881743744804
TGTTC	0.9044352016222045
TGTTG	0.4678206412858371
TGTAC	0.9853866295693801
TGTAG	1.3591810789991687
GTGTT	0.2339103206429185
GTGTA	0.6795905394995841
GTGAT	0.8494881743744802
GTGAA	0.6170143809119987
GTTAC	0.410577762320575
GTTAG	0.0
GTACT	1.724426601746415
GTACA	1.3121577468602421
GTAGT	0.33979526974979213
GTAGA	2.0978488951007956
CCAAT	1.1530853256843603
CCAAA	1.0469101422302558
TGGTT	1.871282565143348
TGGTA	0.6795905394995841
TGGAT	1.1892834441242723
TGGAA	1.357431638006397
CAACT	1.2395667251106874
CAACA	1.591303416189989
ATCCT	1.1906517641847099
ATCCA	0.7495054616948343
ATCGT	0.6569244197129199
ATCGA	0.6560788734301211
ATCTC	0.5953258820923548
ATCTG	0.49269331478469
ATCAC	0.9801225268317062
ATCAG	1.371801280808435
CAGTT	0.32846220985645996
CAGTA	1.1928706789638566
GTAAC	0.5964353394819283
GTAAG	1.1106258856415978
CGTTT	0.22610880040555112
CGTTA	0.16423110492823
TGCTT	0.7913808014194289
TGCTA	1.9707732591387601
TGCAT	0.739039972177035
TGCAA	1.371801280808435
CCATT	0.992209803487258
CCATA	0.8648139942632702
GTTTC	0.45221760081110224
GTTTG	1.4034619238575112
GACTT	1.067502182033495
GACTA	1.1928706789638566
GACAT	0.5367918055337354
GACAA	0.9097469570220589
TCAGT	0.574808867248805
TCAGA	0.5964353394819283
TCATC	1.6669124698585935
TCATG	1.2317332869617248
TCAAC	1.0954310594001422
TCAAG	0.5367918055337354
GTATC	0.65692441971292
GTATG	0.8494881743744804
GAGAT	0.49361150472959897
GAGAA	0.8066882670363128
TCTGT	0.22610880040555112
TCTGA	0.82115552464115
TCTTC	1.5299723687360776
TCTTG	1.243598402230531
TCTAC	0.8731446270687873
TCTAG	0.65692441971292
TCACT	0.9128330192082775
TCACA	0.9512953936895974
CGTAT	0.32846220985645996
CGTAA	0.5367918055337354
CAGAT	0.4175047376373498
CAGAA	0.5631766876803221
CATCT	0.5953258820923549
CATCA	1.4125295239633415
ATGCT	1.067502182033495
ATGCA	0.8946530092228924
ATGGT	1.1892834441242726
ATGGA	0.6170143809119987
ATGTC	0.32846220985646
ATGTG	0.6795905394995844
ATGAC	1.0735836110674708
ATGAG	1.4808345141887973
GATTC	1.231733286961725
GATTG	0.8494881743744804
GATAC	0.6560788734301211
GATAG	0.6170143809119989
TCGTT	0.5652720010138778
TCGTA	0.5748088672488051
TCGAT	0.246346657392345
TCGAA	0.35786120368915697
TCTCT	0.8196280546800415
TCTCA	0.8731446270687871
GAGTT	0.16989763487489606
GAGTA	0.8638201332767982
ATTCC	0.7937678427898064
ATTCG	1.47807994435407
ATTGC	1.3959643918899547
ATTGG	1.8688739836238568
GAATC	0.7157224073783138
GAATG	0.9872230094591979
GAAAC	0.7364618223511905
GAAAG	0.8963202967070143
TCCTT	0.8196280546800415
TCCTA	2.063796391253497
TCCAT	0.5953258820923548
TCCAA	0.6341969291263981
GATCT	0.6569244197129199
GATCA	0.7157224073783139
GATGT	0.6795905394995843
GATGA	0.8638201332767982
ATACC	0.8359868611211612
ATACG	0.6560788734301211
ATAGC	1.8489495523939776
ATAGG	0.8638201332767984
AATGC	0.29821766974096414
AATGG	1.4808345141887973
GAACT	0.7157224073783139
GAACA	0.8231043896866247
GAAGT	1.2340287618239973
GAAGA	1.1652163857191185
AACCT	0.7495054616948341
AACCA	1.1516011564532813
AACGT	0.29821766974096414
AACGA	0.8231043896866247
AACTC	0.5188883965579622
AACTG	1.0139400771192781
AACAC	1.2144157649870968
AACAG	0.9963895243574928
CCCTT	0.772802700229135
CCCTA	1.3752215338374543
CCCAT	0.7577751308900258
CCCAA	0.9988737794288677
GAACC	0.590479035147021
GAACG	0.34905860793294174
GAAGC	1.4834990837150024
GAAGG	1.2638580968724753
CGCTT	0.7195203122217133
CGCTA	1.103296140799904
CGCAT	0.6968186152420447
CGCAA	0.6748331830251669
TCCCT	0.5409618901603945
TCCCA	0.4490519294163116
TCCGT	0.3997335067898407
TCCGA	0.23227287174734823
TCCTC	1.1592040503437027
TCCTG	0.5596269095057771
TCCAC	0.9261696044211426
TCCAG	0.6387503973052076
GATCC	0.34840930762102235
GATCG	0.24028707334533206
GATGC	0.4805741466906641
GATGG	1.7400445444945478
TCGCT	0.7994670135796814
TCGCA	0.9290914869893929
TCGGT	0.496230801687811
TCGGA	0.8410047567086624
TCGTC	0.39973350678984076
TCGTG	0.9924616033756222
TCGAC	0.6968186152420447
TCGAG	0.6007176833633301
TCTCC	0.8500829702520486
TCTCG	0.1598934027159363
CGGTT	0.496230801687811
CGGTA	0.36043061001799814
CGGAT	0.6007176833633303
CGGAA	0.1745293039664709
GAGCT	0.7208612200359962
GAGCA	0.6981172158658835
GAGGT	1.7400445444945478
GAGGA	1.805511566960679
GAGTC	0.4805741466906641
GAGTG	0.4971555841412994
GAGAC	1.2217051277652962
GAGAG	0.9027557834803395
TCTGC	1.5189873258013948
TCTGG	1.8195129395219738
TCACC	1.2910242970718961
TCACG	0.5226139614315335
CGTAC	0.9290914869893929
CGTAG	1.0812918300539942
GACCT	0.8129550511157186
GACCA	0.5904790351470209
GACGT	0.7208612200359962
GACGA	0.5235879118994127
GACTC	0.46454574349469646
GACTG	0.6007176833633301
GACAC	0.7591873309033128
GACAG	0.7853818678491189
TCAGC	1.5678418842946005
TCAGG	1.2014353667266602
TGCCT	2.238507638023108
TGCCA	1.5678418842946005
TGCGT	0.6616410689170813
TGCGA	0.7208612200359963
CGTCT	0.559626909505777
CGTCA	0.4064775255578594
CGTGT	0.33082053445854065
CGTGA	0.36043061001799814
CGTTC	0.6395736108637452
CGTTG	1.4886924050634331
TGCTC	0.8794137149376496
TGCTG	1.4886924050634331
TGCAC	1.161364358736741
TGCAG	0.24028707334533206
CCACT	1.2629585514833763
CCACA	1.3046514670091334
CCAGT	0.5806821793683704
CCAGA	0.4639478133298022
CCATC	1.234892805894857
CCATG	1.1613643587367408
GTACC	0.5806821793683705
GTACG	0.6007176833633301
GTAGC	1.6820095134173243
GTAGG	0.7457333762119491
CCAAC	1.2638811086650978
CCAAG	0.8013644048423856
TGGCT	1.9849232067512437
TGGCA	1.8021530500899905
TGGGT	0.6844699290931194
TGGGA	0.7457333762119491
TGGTC	1.3232821378341624
TGGTG	1.3689398581862386
TGGAC	0.7208612200359962
TGGAG	1.2428889603532483
TGTCC	0.5596269095057771
TGTCG	0.0
TGTGC	0.496230801687811
TGTGG	1.026704893639679
GTGTC	0.3308205344585406
GTGTG	1.026704893639679
GTGAC	0.4805741466906641
GTGAG	1.2428889603532483
GTTCC	0.4796802081478089
GTTCG	0.4962308016878111
GTTGC	1.1578718706048923
GTTGG	1.026704893639679
TGACC	0.8710232690525559
TGACG	0.6007176833633301
TGAGC	1.4417224400719924
TGAGG	2.485777920706497
GTCCT	0.9593604162956176
GTCCA	0.5806821793683705
GTCGT	0.496230801687811
GTCGA	0.36043061001799814
GTCTC	0.7994670135796815
GTCTG	1.1578718706048925
GTCAC	0.4064775255578594
GTCAG	0.4805741466906641
GTGCT	0.3308205344585406
GTGCA	1.3215789033993264
GTGGT	0.6844699290931194
GTGGA	1.2428889603532485
TTCCC	0.309121080091654
TTCCG	0.5596269095057769
TTCGC	1.4390406244434264
TTCGG	0.9924616033756218
TTGCC	2.238507638023108
TTGCG	0.9924616033756218
TTGGC	1.9849232067512437
TTGGG	2.053409787279358
CGAAC	0.7170102569642399
CGAAG	0.7853818678491192
GGACT	1.4417224400719924
GGACA	1.1344404757820608
GGAGT	0.9943111682825986
GGAGA	1.083306940176407
GGATC	0.4805741466906641
GGATG	1.2428889603532483
GGAAC	0.34905860793294174
GGAAG	0.9027557834803395
TACCC	0.7577751308900259
TACCG	0.6968186152420447
TACGC	0.6968186152420447
TACGG	0.7208612200359962
GGTTC	0.6616410689170812
GGTTG	2.053409787279358
GGTAC	0.4805741466906641
GGTAG	0.4971555841412993
CGACT	0.4064775255578594
CGACA	0.6326561090860939
CGAGT	0.24028707334533211
CGAGA	0.8726465198323545
CGATC	0.17420465381051117
CGATG	0.48057414669066423
TAGCC	1.8001147560419488
TAGCG	0.6007176833633301
TAGGC	1.8021530500899905
TAGGG	0.2485777920706497
CTCTC	0.38640135011456755
CTCTG	1.2791472217274904
CTCAC	1.2910242970718957
CTCAG	1.0452279228630668
GGGTT	2.053409787279358
GGGTA	0.9943111682825988
GGGAT	0.7457333762119491
GGGAA	0.9027557834803395
GGTCT	1.3232821378341624
GGTCA	0.4805741466906641
GGTGT	0.3422349645465597
GGTGA	0.4971555841412994
CTGTC	0.4796802081478089
CTGTG	0.6616410689170814
CTGAC	0.8710232690525559
CTGAG	1.4417224400719924
GGCTT	2.4811540084390544
GGCTA	1.4417224400719924
GGCAT	1.9222965867626565
GGCAA	0.7853818678491189
CTCCT	1.4683251304353564
CTCCA	0.6174464029474285
CTCGT	0.15989340271593627
CTCGA	0.23227287174734823
GCACT	1.9162511919156229
GCACA	1.4761975878675526
GCAGT	1.2014353667266606
GCAGA	0.6108525638826482
GCATC	0.8129550511157188
GCATG	0.7208612200359963
GCAAC	1.1387809963549693
GCAAG	0.9599111718155902
CTGCT	1.8387741312332673
CTGCA	0.9290914869893929
CTGGT	1.6541026722927032
CTGGA	0.9611482933813285
ACCCT	1.0384325867752207
ACCCA	0.6523257335045668
ACCGT	0.34840930762102235
ACCGA	0.42177073939072934
ACCTC	0.701643639712987
ACCTG	1.5097736663577634
ACCAC	1.141570033632992
ACCAG	0.8013644048423857
ACGCT	0.3484093076210223
ACGCA	0.7170102569642397
ACGGT	0.12014353667266603
ACGGA	0.5235879118994127
GCTCT	0.8794137149376495
GCTCA	1.161364358736741
GCTGT	0.6616410689170813
GCTGA	0.9611482933813285
GCTTC	1.4390406244434266
GCTTG	0.9924616033756222
GCTAC	1.6259101022314375
GCTAG	1.5618659767446583
ACGTC	0.46454574349469646
ACGTG	0.4805741466906641
ACGAC	0.8013644048423857
ACGAG	0.7853818678491189
ACTCC	0.5893806573589091
ACTCG	0.6968186152420447
ACTGC	1.7420465381051118
ACTGG	1.8021530500899905
ACACC	1.1823403919770272
ACACG	0.6326561090860939
ACAGC	1.6027288096847714
ACAGG	1.4834990837150024
GCGTT	0.33082053445854065
GCGTA	1.0812918300539944
GCGAT	0.36043061001799814
GCGAA	0.5235879118994127
CTTCC	1.0432836453093324
CTTCG	1.3590939230854586
CTTGC	1.4390406244434266
CTTGG	2.1503334739805147
CCTCT	0.927363240274962
CCTCA	1.2629585514833763
CCTGT	0.7195203122217132
CCTGA	1.2194325766735783
CCTTC	0.9660033752864189
CCTTG	1.5189873258013948
CTAGC	2.090455845726134
CTAGG	1.2014353667266602
GCCTT	2.7181878461709172
GCCTA	1.6839783201682748
GCCAT	2.148524063662971
GCCAA	1.3496663660503339
CCTAC	1.3752215338374543
CCTAG	1.9162511919156224
AGCCT	1.6259101022314373
AGCCA	1.687082957562917
AGCGT	0.4805741466906641
AGCGA	0.4363232599161772
AGCTC	0.4064775255578594
AGCTG	1.6820095134173243
AGCAC	1.6027288096847714
AGCAG	2.3561456035473567
CAAGC	1.0544268484768233
CAAGG	0.9599111718155898
CTACC	1.0384325867752207
CTACG	0.9290914869893929
CCGTT	0.9593604162956176
CCGTA	0.6968186152420447
CCGAT	0.46454574349469635
CCGAA	0.7591873309033127
AGGCT	1.2014353667266602
AGGCA	0.7853818678491189
AGGGT	1.2428889603532485
AGGGA	0.5416534700882036
AGGTC	0.4805741466906641
AGGTG	1.9886223365651976
AGGAC	1.1344404757820608
AGGAG	1.805511566960679
AGTCC	0.6387503973052077
AGTCG	0.9611482933813282
AGTGC	0.7208612200359962
AGTGG	1.7400445444945478
AGACC	0.7591873309033128
AGACG	0.9599111718155898
AGAGC	0.4363232599161772
AGAGG	1.444409253568543
CATGC	1.3355690125472524
CATGG	1.8021530500899905
CAACC	1.1823403919770272
CAACG	0.590479035147021
ATCCC	0.5613149117703896
ATCCG	0.6387503973052077
ATCGC	1.2194325766735783
ATCGG	1.5618659767446583
CAGCT	1.1613643587367408
CAGCA	1.4340205139284794
CAGGT	0.4805741466906641
CAGGA	1.6580283876814732
CAGTC	0.4064775255578594
CAGTG	1.3215789033993264
CAGAC	0.5061248872688752
CAGAG	0.4363232599161772
CATCC	1.1226298235407792
CATCG	1.5097736663577634
ATGCC	0.7548868331788817
ATGCG	0.6007176833633301
ATGGC	1.6820095134173243
ATGGG	3.231511296918446
AACCC	0.8969478835687791
AACCG	0.9278956266596043
AACGC	0.6326561090860939
AACGG	0.6981172158658835
CACCT	1.0664983323637403
CACCA	1.5085032587293106
CACGT	0.29034108968418526
CACGA	0.5483019612079482
CACTC	0.8700381132441039
CACTG	1.5097736663577634
CACAC	1.4065773628692222
CACAG	1.223135144233115
AAGCC	1.0544268484768233
AAGCG	0.8726465198323544
AAGGC	0.9599111718155898
AAGGG	1.444409253568543
CCCCA	0.7541769583786772
CCCCT	0.6011382947531355
CCCGT	0.6784141135477783
CCCGA	0.5338201087526776
CCCAG	0.574883194041345
CCCAC	0.7144834342534836
CCCTG	0.8480176419347228
CCCTC	0.7377606344697573
CACCC	0.8732575307542579
CACCG	0.8623247910620176
CACGC	0.7801986204846826
CACGG	0.7646382172041742
CAGGG	2.2851712814915865
CAGGC	1.6991960382314981
CAGCG	0.25487940573472473
CAGCC	2.0120911791447074
GCCAC	1.8067757527013704
GCCAG	1.0195176229388991
GCCTG	2.3394056687756453
GCCTC	1.4698972460201865
GCCCA	1.6425234115467005
GCCCT	2.148311359567965
GCCGT	1.4036434012653871
GCCGA	1.1044774248504738
GCGTC	0.9357622675102581
GCGTG	0.4840246192237443
GCGAC	0.16991960382314986
GCGAG	0.878912031342918
GCGGA	1.0546944376115015
GCGGT	1.2100615480593606
GCGCT	0.7018217006326936
GCGCA	1.019517622938899
GGCCA	1.954075443966223
GGCCT	3.0412273694083387
GGCGT	2.4201230961187212
GGCGA	0.3515648125371672
CTGCC	2.261380378492594
CTGCG	0.9357622675102581
CTGGC	2.9242570859695567
CTGGG	1.4520738576712329
GCTCC	0.5088105851608337
GCTCG	0.3509108503163468
GCTGC	1.2866731178266049
GCTGG	2.9041477153424657
GCAGG	2.2851712814915865
GCAGC	1.8691156420546482
GCACG	0.9345578210273241
GCACC	0.9855140469280201
GGGTC	0.9680492384474886
GGGTG	0.0
GGGAC	0.1757824062685836
GGGAG	0.3636949905525101
GGGGA	0.3636949905525101
GGGGT	2.503625548378103
GGGCT	3.38817233456621
GGGCA	2.2851712814915865
CTCGG	0.9357622675102581
CTCGC	0.791483132472408
CTCCG	0.3392070567738891
CTCCC	0.3825425512065408
GGCAG	1.4062592501486686
GGCAC	1.869115642054648
GGCTG	1.4520738576712329
GGCTC	1.7545542515817336
CGGCA	1.5292764344083483
CGGCT	1.4036434012653871
CGGGT	0.4840246192237443
CGGGA	0.5273472188057508
GTGCC	1.1697028343878224
GTGCG	0.4840246192237443
GTGGC	1.2100615480593606
GTGGG	2.503625548378103
CGTCC	0.45227607569851885
CGTCG	0.7018217006326936
CGTGC	0.8187919840714758
CGTGG	0.9680492384474886
GACCC	0.7801986204846825
GACCG	0.7646382172041741
GACGC	0.42479900955787453
GACGG	0.35156481253716715
CGACC	0.6570093646186801
CGACG	0.16991960382314986
CGAGC	0.6796784152925994
CGAGG	1.0546944376115015
GGTCC	0.3509108503163467
GGTCG	0.9680492384474886
GGTGC	2.178110786506849
GGTGG	1.5021753290268618
GGACC	0.5947186133810244
GGACG	0.17578240626858357
GGAGC	1.4062592501486684
GGAGG	2.1821699433150603
GTCGG	0.9680492384474886
GTCGC	0.9357622675102581
GTCCG	0.11697028343878227
GTCCC	0.3392070567738891
GAGCC	1.3593568305851986
GAGCG	0.5273472188057506
GAGGC	1.5820416564172524
GAGGG	1.4547799622100404
CGGAG	1.4062592501486688
CGGAC	1.104477424850474
CGGTG	0.7260369288356164
CGGTC	0.3509108503163468
TGCGG	0.9680492384474886
TGCGC	0.8187919840714758
TGCCG	1.754554251581734
TGCCC	1.187224698708612
CCAGG	1.3593568305851986
CCAGC	0.7801986204846825
CCACG	0.45169393817534254
CCACC	0.9724913410672417
TCGCC	1.7525697933317606
TCGCG	0.4678811337551291
TCGGC	1.9884948184592985
TCGGG	0.9680492384474886
TCCGG	0.3509108503163468
TCCGC	0.7349486230100931
TCCCG	0.45227607569851885
TCCCC	0.27324467943324343
CGCTC	0.5653450946231486
CGCTG	0.7018217006326936
CGCAC	0.9444509616393527
CGCAG	1.274397028673624
CGCGA	0.25487940573472473
CGCGT	0.3509108503163468
CGCCT	1.5264317554825013
CGCCA	1.437207985103363
CCGCA	0.8623247910620176
CCGCT	1.2437592081709268
CCGGT	0.3509108503163468
CCGGA	0.7646382172041741
ACGCC	0.98551404692802
ACGCG	0.33983920764629966
ACGGC	1.019517622938899
ACGGG	1.0546944376115013
CCTCC	0.7650851024130816
CCTCG	0.6218796040854634
CCTGC	1.526431755482501
CCTGG	1.2866731178266049
AGCCC	1.4372079851033626
AGCCG	1.5292764344083483
AGCGC	0.7646382172041741
AGCGG	0.5273472188057506
AGGCC	2.2089548497009477
AGGCG	1.7578240626858357
AGGGC	1.757824062685836
AGGGG	2.9095599244200807
CCGAG	0.5947186133810244
CCGAC	0.2874415970206725
CCGTG	0.4678811337551291
CCGTC	0.395741566236204
TGGCC	2.339405668775645
TGGCG	2.178110786506849
TGGGC	4.59823388262557
TGGGG	3.0043506580537236
ACCGG	1.104477424850474
ACCGC	1.4372079851033628
ACCCG	1.1497663880826903
ACCCC	0.7343301963160805
CGGCC	1.488884903366524
CGGCG	1.711396089563037
CGGGG	1.7704450571526666
CGGGC	1.8825356985193407
GGGGC	4.603157148596933
GGGGG	3.6630628286601037
GGGCG	2.1245340685832
GGGCC	3.422792179126074
GCGCC	1.406169075401717
GCGCG	0.3422792179126074
GCGGG	1.7704450571526666
GCGGC	1.1979772626941259
GGCCC	2.067895699120172
GGCCG	1.711396089563037
GGCGG	3.894979125735867
GGCGC	2.053675307475644
GCCGG	2.053675307475644
GCCGC	1.9024640431905584
GCCCG	0.9098741076128759
GCCCC	1.0394415073071226
CCCGC	0.9195059487716851
CCCGG	0.9925899355776827
CCCCG	0.5197207536535612
CCCCC	0.6376446689284272
CGCGC	0.744442451683262
CGCGG	0.8556980447815185
CGCCG	1.4061690754017173
CGCCC	1.3592696634016217
CCGGC	1.8197482152257516
CCGGG	1.026837653737822
CCGCG	0.8271582796480689
CCGCC	1.6391192999843083
