	Boa_constrictor 5-mer OE values GC sorted
AAAAA	1.1025017377265693
AAAAT	1.351831364833677
AATAT	0.6604473354107624
AATAA	1.2830941767912867
AATTA	0.9732908100790182
AATTT	0.5800846333200542
ATAAA	0.6988280784309686
ATAAT	1.268754091710149
ATATT	1.819356349958352
ATATA	0.5561661771880104
ATTAA	1.5468371803041538
ATTAT	1.3974766166346761
ATTTT	1.6000839019835735
ATTTA	0.7119220499837031
TTATT	1.0400545362893228
TTATA	1.8984587999565414
TTTTT	1.8813021111422559
TTTTA	2.480130048074539
TTTAA	0.5009821833218652
TTTAT	1.7200901946323415
TTAAA	1.1123323543760208
TTAAT	0.9755968833110004
AAATA	0.8133900585016192
AAATT	0.7821086866706397
TAAAT	0.29546328163113056
TAAAA	1.3174627708124818
TAATT	0.8701269499800813
TAATA	1.181853126524522
TATTT	1.0800566338389122
TATTA	1.661151449961974
TATAA	0.7994888797077649
TATAT	1.4765790666328653
GAAAT	0.6781798296580995
GAAAA	0.7375895051339268
ATACT	1.5636755702576037
ATACA	0.7689354352244078
GAATA	0.5764528552093847
GAATT	0.6687631118934747
ATTAC	1.0920908744656281
ATTAG	0.925979693390965
ATTTG	1.0926248604338844
ATTTC	0.7907505102406597
ATTGA	0.8230930607919689
ATTGT	0.9365355946576152
ATTCA	0.819068155849221
ATTCT	1.1296435860580853
GATAA	0.6103618466922897
GATAT	0.8230930607919689
GATTA	0.977423009690463
GATTT	0.8584909617694806
ATGAA	0.7120888211410047
ATGAT	1.028866325989961
ATGTA	0.7202064281929728
ATGTT	0.8584909617694806
ATAAC	1.374267586358516
ATAAG	0.5425438637264797
AATTC	0.5212251900858679
AATTG	0.977423009690463
AATAG	1.0172697444871495
AATAC	1.1943039738591865
AATGA	0.6442708381751947
AATGT	0.5658764792944786
AACAT	1.3579072579494862
AACAA	1.380345813662998
GTAAT	0.6687631118934747
GTAAA	0.3729989063119548
TCATT	0.6777861516348512
TCATA	1.1913718630534125
TCAAT	1.340293345935089
TCAAA	0.5726114943160484
TCTTT	0.7426387780003936
TCTTA	0.9413696550484044
GTATA	0.8745363770914669
GTATT	1.560892657762692
ATCAA	1.1615833170411267
ATCAT	1.638136311698442
ATCTA	0.5460454372328141
ATCTT	0.7530957240387236
GTTAA	0.3601032140964864
GTTAT	0.780446328881346
TGATA	0.7202064281929728
TGATT	1.326758759098288
CATAA	0.9488990477237372
CATAT	0.8687086501431132
CATTA	1.638136311698442
CATTT	1.5815010204813196
AGAAA	0.7375895051339268
AGAAT	0.5086348722435747
GTTTA	0.390223164440673
GTTTT	0.5920073938451682
TGTAA	0.5658764792944786
TGTAT	1.2487141262101535
TGTTA	0.4682677973288076
TGTTT	0.5920073938451682
TGAAA	0.9155427700384345
TGAAT	0.3086598977969883
TTTCT	0.6283866583080254
TTTCA	1.016679227452277
TTCTT	1.4852775560007871
TTCTA	0.640131365432915
TTCAT	1.1672983722600214
TTCAA	1.1665516159064664
AGATT	0.20577326519799222
AGATA	0.5086348722435747
AGTTT	0.1560892657762692
AGTTA	0.5144331629949805
AGTAT	0.925979693390965
AGTAA	0.7459978126239096
TTGAA	0.5144331629949805
TTGAT	0.7024016959932113
TTGTA	1.0145802275457498
TTGTT	0.9472118301522692
TTTAG	0.9365355946576152
TTTAC	1.3555723032697025
TTACT	1.468536661875511
TTACA	1.7622375474331724
TTTTG	0.5920073938451682
TTTTC	0.7426387780003936
TCTAA	0.3226632129102992
TCTAT	0.640131365432915
ATATG	0.6687631118934747
ATATC	0.7694276615553288
ATAGA	0.27127193186323983
ATAGT	0.6687631118934747
AACTT	1.0424503801717357
AACTA	0.703494121588288
AAAAG	0.7375895051339268
AAAAC	0.8411482302008895
TTATC	0.9413696550484044
TTATG	0.780446328881346
TTAAG	0.6687631118934747
TTAAC	0.6949669201144906
CAAAA	0.873500085208616
CAAAT	0.7525751068153779
CAATA	1.5869518556759055
CAATT	0.6949669201144906
TTTGT	0.8288103513832356
TTTGA	0.9365355946576152
TACAT	0.8935288972900592
TACAA	0.687133793179258
CTATA	0.7197871672614367
CTATT	1.28026273086583
TTAGA	0.5144331629949805
TTAGT	1.0145802275457498
TAGTA	1.5947428052844397
TAGTT	0.4682677973288076
TATAC	0.9928098858778437
TATAG	0.41154653039598443
TATTG	1.0145802275457498
TATTC	1.732120165289064
TATGA	0.977423009690463
TATGT	2.497428252420307
TATCA	1.2906528516411968
TATCT	0.866060082644532
TACTA	2.3331032318129328
TACTT	1.6191558066832556
TAGAT	0.41154653039598443
TAGAA	0.9494517615213395
CTAAA	0.9979800329508272
CTAAT	1.2906528516411968
CTTTT	1.9994120946164444
CTTTA	0.6024765792309789
ACATT	2.2338222432251484
ACATA	0.7525751068153779
ACAAT	1.1125023318140368
ACAAA	1.1538828286089124
ACTTT	1.656810592885192
ACTTA	0.9183491444370054
TAAAC	0.7852957636334378
TAAAG	0.5764528552093847
TAATG	0.8230930607919689
TAATC	1.4395743345228733
TAAGA	0.3390899148290498
TAAGT	0.4629898466954825
ACTAA	1.5051502136307557
ACTAT	1.613316064551496
TAACT	0.4467644486450296
TAACA	1.6033121840849354
CTTAA	0.6701466729675445
CTTAT	1.016679227452277
AAGTA	0.7459978126239096
AAGTT	0.3086598977969883
AAGAA	0.7822918993844679
AAGAT	0.23736294038033484
AATCT	0.6205061786736523
AATCA	1.5215105420397856
AAATG	0.5425438637264797
AAATC	1.1288626602230667
AAAGA	0.6928871108833858
AAAGT	0.5425438637264797
AAACA	1.304858151978303
AAACT	1.1125023318140368
AAACC	0.9702194756993191
AAACG	0.3830306617384377
AAAGC	0.6383844362307296
AAAGG	0.9923535091914336
AATCC	1.0747349070230203
AATCG	1.0653420270336151
CACTT	1.2405825038412959
CACTA	1.9391955931067542
CACAT	1.5186471512281807
CACAA	1.0780216396659101
AAGCT	0.6295202887016816
AAGCA	0.9894958761576309
AAGGT	0.8029328422421655
AAGGA	0.9261966085786715
AAGTC	0.7263695638865557
AAGTG	1.304765868643519
AAGAC	0.9575766543460943
AAGAG	0.4630983042893357
CTCTT	0.806608791226683
CTCTA	0.38989735835012157
CTCAT	1.0279112174685023
CTCAA	0.7943692791039716
CTGTT	0.5572685736684347
CTGTA	0.9550449574697157
CTGAT	1.4692999345687934
CTGAA	0.43582173833193344
GCATT	1.1754399476550348
GCATA	0.48424637592437053
GCAAT	1.4527391277731114
GCAAA	0.6703036580422661
ACCTT	0.9570207886775711
ACCTA	0.8878244884103211
ACCAT	1.238281523309132
ACCAA	1.8172364782939627
CTTAC	1.382363361423158
CTTAG	1.0285099541981553
GCTTT	0.8916297178694956
GCTTA	1.101974950926595
GCTAT	1.1754399476550348
GCTAA	0.48424637592437053
ACGTT	0.220394990185319
ACGTA	0.5326710135168076
ACGAT	0.5326710135168076
ACGAA	0.6383844362307296
ACTCT	0.4962330015365184
ACTCA	0.7710054767773842
ACTGT	0.661184970555957
ACTGA	0.7747942014789928
TAACC	1.1915539186559574
TAACG	0.43582173833193344
TAAGC	0.7747942014789928
TAAGG	0.5018330264013535
ACTTC	1.5241442190050207
ACTTG	0.6611849705559572
ACTAC	1.1915539186559574
ACTAG	1.6948623157352969
ACACT	1.004643500043258
ACACA	1.6170324594988652
ACAGT	1.5980130405504225
ACAGA	1.212930428838386
CTTCT	1.4518958242080295
CTTCA	1.5950346477959518
CTTGT	1.1145371473368693
CTTGA	0.5142549770990776
CTTTC	1.1292523077173562
CTTTG	1.3374445768042431
ACATC	0.8644606860837337
ACATG	1.5011637653655485
ACAAC	1.1550231853563322
ACAAG	0.670303658042266
CCTTT	1.021704468887132
CCTTA	1.0633564318639679
CTAGT	1.3958349378403534
CTAGA	0.9684927518487408
TATCC	0.46078778714105273
TATCG	0.5142549770990776
TATGC	0.36732498364219834
TATGG	1.370395200797566
GGTAT	1.2181290673756144
GGTAA	0.5018330264013535
CGATT	0.440789980370638
CGATA	0.48424637592437053
TAGCT	0.8081149640128363
TAGCA	2.1306840540672303
TAGGT	0.7613306671097589
TAGGA	1.204399263363248
TAGTC	0.881579960741276
TAGTG	0.30453226684390355
TAGAC	0.5326710135168076
TAGAG	0.6021996316816242
GGAAT	1.1040326580829778
GGAAA	0.9261966085786715
TACCT	0.7089042879093119
TACCA	1.3784643372686562
TACGT	0.36732498364219823
TACGA	1.065342027033615
TACTC	0.6734590735138463
TACTG	1.0285099541981553
TACAC	1.285009127962307
TACAG	1.4527391277731114
GGTTT	1.15501442549184
GGTTA	1.5226613342195179
CTATC	1.0988016462594334
CTATG	2.9385998691375868
CTAAC	1.0280073023698455
CTAAG	0.33897246314705937
CCTAT	1.2760277182367616
CCTAA	1.1448263140027826
AGCTT	1.1019749509265948
AGCTA	0.6295202887016815
AGCAT	1.3558898525882372
AGCAA	1.5959610905768238
CAAGT	0.7263695638865556
CAAGA	0.8937382107230213
TTAGC	1.322369941111914
TTAGG	0.9135968005317107
CGAAT	0.48424637592437053
CGAAA	0.6064652144191931
GGATT	2.8930565350170836
GGATA	1.204399263363248
CAATC	1.16819011632937
CAATG	0.920068114256304
CAAAC	1.6632333869131184
CAAAG	0.7022228798538024
CTACT	1.8077059341687454
CTACA	0.6775502674710344
AGGTT	0.7613306671097589
AGGTA	0.4014664211210827
AGGAT	1.1040326580829778
AGGAA	1.058510409804196
AGTCT	0.5877199738275174
AGTCA	0.7263695638865557
TTTGC	0.7801760031358085
TTTGG	1.848023080786944
TTACC	0.46078778714105273
TTACG	0.2938599869137587
AGTGT	0.9135968005317107
AGTGA	1.6058656844843309
AGTTC	0.14692999345687935
AGTTG	0.45679840026585533
AGTAC	1.7917115909201708
AGTAG	2.308431921446226
AGACT	0.5326710135168076
AGACA	1.2767688724614592
AGAGT	0.7025662369618949
AGAGA	0.19847070183828674
AGATC	0.1936985503697482
AGATG	0.4014664211210828
TTGCT	0.8916297178694954
TTGCA	0.5877199738275174
TTGGT	2.3100288509836795
TTGGA	2.8930565350170836
TTGTC	0.5572685736684346
TTGTG	2.079025965885312
TTGAC	1.0285099541981553
TTGAG	1.370395200797566
TTTCC	0.6452870329813464
TTTCG	0.6687222884021216
GTCTT	0.4458148589347478
GTCTA	0.7346499672843967
GTCAT	0.14692999345687935
GTCAA	0.8716434766638669
TTCCT	1.9896350183591516
TTCCA	0.6734590735138464
TTCGT	1.0030834326031823
TTCGA	0.7346499672843967
TTCTC	0.6990609523964586
TTCTG	1.8947131504726777
TTCAC	1.0633564318639679
TTCAG	0.440789980370638
AGAAC	0.5745459926076566
AGAAG	2.2493346208339164
CATGT	0.661184970555957
CATGA	1.1621913022184893
CATTC	1.2760277182367616
CATTG	1.0285099541981555
CATAC	0.934552093063496
CATAG	0.7263695638865557
GTTCT	0.5572685736684346
GTTCA	0.661184970555957
GTTGT	1.3860173105902076
GTTGA	1.0658629339536625
TGACT	0.881579960741276
TGACA	0.7747942014789928
TGAGT	1.2181290673756142
TGAGA	0.602199631681624
TGATC	1.6896949247541124
TGATG	0.9135968005317107
TGAAC	0.7747942014789928
TGAAG	0.6021996316816242
TGTCT	0.7801760031358085
TGTCA	0.5877199738275174
TGTGT	1.3860173105902076
TGTGA	1.0658629339536625
TGTTC	1.3374445768042431
TGTTG	1.3860173105902078
TGTAC	1.2489049443834743
TGTAG	0.9135968005317107
GTGTT	1.1550144254918397
GTGTA	1.5226613342195179
GTGAT	1.6749274676414696
GTGAA	1.5054990792040601
GTTAC	0.5877199738275174
GTTAG	0.45679840026585533
GTACT	1.2489049443834743
GTACA	0.7747942014789928
GTAGT	0.9135968005317107
GTAGA	1.5054990792040601
CCAAT	0.9812796977166706
CCAAA	1.4476290589799365
TGGTT	2.772034621180415
TGGTA	1.370395200797566
TGGAT	1.979459734485373
TGGAA	0.8029328422421654
CAACT	0.6541864651444471
CAACA	1.5554312229465275
ATCCT	1.2760277182367614
ATCCA	0.53736745351151
ATCGT	0.4407899803706379
ATCGA	0.3389724631470593
ATCTC	0.9215755742821055
ATCTG	1.101974950926595
ATCAC	1.70555756984088
ATCAG	1.2106159398109262
CAGTT	0.220394990185319
CAGTA	1.9369855036974821
GTAAC	0.9684927518487411
GTAAG	0.4014664211210828
CGTTT	0.2229074294673739
CGTTA	0.07346499672843967
TGCTT	2.006166865206365
TGCTA	1.2489049443834743
TGCAT	0.440789980370638
TGCAA	0.48424637592437053
CCATT	1.20513728944583
CCATA	1.0280073023698453
GTTTC	0.11145371473368693
GTTTG	0.6930086552951039
GACTT	0.9550449574697154
GACTA	1.113766664626052
GACAT	0.9684927518487408
GACAA	0.9894958761576307
TCAGT	0.5142549770990775
TCAGA	0.5810956511092445
TCATC	1.7722607197732798
TCATG	0.881579960741276
TCAAC	1.4485557442484187
TCAAG	0.920068114256304
GTATC	0.5877199738275174
GTATG	0.30453226684390355
GAGAT	0.3010998158408121
GAGAA	0.7277259067403847
TCTGT	1.3374445768042431
TCTGA	1.1754399476550348
TCTTC	1.1830262271324683
TCTTG	0.5572685736684346
TCTAC	0.8506851454911742
TCTAG	0.440789980370638
TCACT	2.2330485069143324
TCACA	0.9345520930634958
CGTAT	0.36732498364219834
CGTAA	0.48424637592437053
CAGAT	0.43582173833193344
CAGAA	0.8298997670999485
CATCT	0.8152399310957088
CATCA	1.5420109535547684
ATGCT	1.3958349378403536
ATGCA	0.24212318796218527
ATGGT	1.2181290673756142
ATGGA	1.204399263363248
ATGTC	1.9100899149394315
ATGTG	0.9135968005317107
ATGAC	0.8716434766638669
ATGAG	1.1040326580829778
GATTC	0.9550449574697157
GATTG	0.45679840026585533
GATAC	0.6779449262941187
GATAG	0.3010998158408121
TCGTT	0.4458148589347478
TCGTA	0.881579960741276
TCGAT	0.36732498364219834
TCGAA	0.5326710135168076
TCTCT	0.5915131135662343
TCTCA	0.88613035988664
GAGTT	0.30453226684390355
GAGTA	0.7025662369618948
ATTCC	1.0988016462594334
ATTCG	1.6162299280256727
ATTGC	0.7346499672843967
ATTGG	1.6749274676414696
GAATC	0.43582173833193344
GAATG	0.3010998158408121
GAAAC	0.9575766543460943
GAAAG	0.6615690061276225
TCCTT	0.9141566300569075
TCCTA	1.9140415773551422
TCCAT	0.5316782159319839
TCCAA	0.584095058164685
GATCT	0.881579960741276
GATCA	1.1621913022184893
GATGT	0.7613306671097589
GATGA	0.8029328422421654
ATACC	0.8878244884103211
ATACG	0.920068114256304
ATAGC	1.0653420270336151
ATAGG	1.304765868643519
AATGC	0.6779449262941187
AATGG	1.003666052802707
GAACT	0.48424637592437053
GAACA	0.861818988911485
GAAGT	1.605865684484331
GAAGA	0.6615690061276225
AACCT	0.8644606860837336
AACCA	1.5246306046703586
AACGT	0.09684927518487409
AACGA	0.606465214419193
AACTC	0.5140036511849227
AACTG	0.8232188390714299
AACAC	1.21662442190867
AACAG	1.819395643257579
CCCTT	1.1136065952224947
CCCTA	1.134420186886662
CCCAT	1.1010548872723482
CCCAA	0.6817774590900259
GAACC	0.8204956931921487
GAACG	0.28343136698951754
GAAGC	1.4171568349475874
GAAGG	1.7623494288655634
CGCTT	0.2098272869069412
CGCTA	0.6915409227493711
CGCAT	0.4149245536496226
CGCAA	0.6837464109934571
TCCCT	0.9617511504194273
TCCCA	0.7340365915148989
TCCGT	0.3147409303604118
TCCGA	0.4840786459245596
TCCTC	0.7086587424143148
TCCTG	1.2589637214416471
TCCAC	1.367977284186857
TCCAG	0.3457704613746855
GATCC	0.3457704613746855
GATCG	0.7166560069370591
GATGC	0.4299936041622355
GATGG	0.8912198518700386
TCGCT	0.524568217267353
TCGCA	1.244773660948868
TCGGT	0.4348954071534068
TCGGA	2.0066368194237656
TCGTC	0.3147409303604118
TCGTG	1.3046862214602204
TCGAC	0.691540922749371
TCGAG	0.4299936041622355
TCTCC	0.6074217792122699
TCTCG	0.0
CGGTT	0.43489540715340685
CGGTA	0.5733248055496475
CGGAT	1.8633056180363543
CGGAA	1.3226797126177485
GAGCT	0.7166560069370591
GAGCA	1.7005882019371048
GAGGT	1.4853664197833976
GAGGA	2.741432444901988
GAGTC	0.28666240277482363
GAGTG	3.267806123523475
GAGAC	0.6613398563088742
GAGAG	0.5874498096218546
TCTGC	1.468791008348588
TCTGG	0.6523431107301101
TCACC	0.6673059922862716
TCACG	0.41492455364962255
CGTAC	0.8298491072992452
CGTAG	1.2899808124867065
GACCT	1.1756195686739306
GACCA	0.8204956931921485
GACGT	1.0033184097118828
GACGA	0.4723856116491958
GACTC	0.760695015024308
GACTG	0.4299936041622354
GACAC	0.9116618813246096
GACAG	0.8502941009685524
TCAGC	1.3139277532238047
TCAGG	1.57664321526153
TGCCT	1.2589637214416471
TGCCA	1.1756195686739308
TGCGT	0.2174477035767034
TGCGA	0.5733248055496474
CGTCT	0.1049136434534706
CGTCA	0.0691540922749371
CGTGT	0.4348954071534068
CGTGA	1.0033184097118828
CGTTC	0.6294818607208236
CGTTG	1.0872385178835169
TGCTC	0.7343955041742942
TGCTG	0.4348954071534068
TGCAC	0.2766163690997484
TGCAG	0.7166560069370591
CCACT	0.9675936888150939
CCACA	1.2535908118752088
CCAGT	0.8990031995741822
CCAGA	0.8204956931921485
CCATC	0.7674018911292123
CCATG	1.3139277532238047
GTACC	2.074622768248113
GTACG	1.1466496110992945
GTAGC	2.8666240277482364
GTAGG	1.4853664197833978
CCAAC	0.9676841354826173
CCAAG	0.8204956931921485
TGGCT	0.6523431107301102
TGGCA	1.2899808124867065
TGGGT	3.605518003900203
TGGGA	2.673659555610116
TGGTC	1.9570293321903303
TGGTG	3.1548282534126773
TGGAC	2.1499680208111775
TGGAG	1.1882931358267181
TGTCC	2.937582016697176
TGTCG	0.6523431107301101
TGTGC	0.6523431107301101
TGTGG	4.056207754387728
GTGTC	0.6523431107301101
GTGTG	2.2534487524376265
GTGAC	0.859987208324471
GTGAG	1.7824397037400772
GTTCC	0.8393091476277647
GTTCG	0.8697908143068134
GTTGC	0.4348954071534067
GTTGG	3.1548282534126773
TGACC	0.8990031995741823
TGACG	0.4299936041622355
TGAGC	2.293299222198589
TGAGG	1.7824397037400772
GTCCT	1.1540500779881766
GTCCA	2.1437768605230505
GTCGT	0.8697908143068136
GTCGA	0.5733248055496474
GTCTC	0.2098272869069412
GTCTG	0.8697908143068136
GTCAC	0.691540922749371
GTCAG	0.859987208324471
GTGCT	1.0872385178835169
GTGCA	0.42999360416223553
GTGGT	3.605518003900203
GTGGA	1.4853664197833978
TTCCC	0.5061848160102249
TTCCG	0.2098272869069412
TTCGC	0.734395504174294
TTCGG	2.391924739343737
TTGCC	0.734395504174294
TTGCG	0.0
TTGGC	1.0872385178835167
TTGGG	4.056207754387728
CGAAC	0.36466475252984387
CGAAG	0.3779084893193567
GGACT	2.436630423586001
GGACA	1.7005882019371048
GGAGT	1.188293135826718
GGAGA	1.1748996192437091
GGATC	1.2899808124867065
GGATG	1.4853664197833978
GGAAC	1.5116339572774267
GGAAG	1.1748996192437091
TACCC	0.6339406926719581
TACCG	0.6223868304744338
TACGC	0.3457704613746855
TACGG	1.57664321526153
GGTTC	1.3046862214602204
GGTTG	3.605518003900203
GGTAC	0.7166560069370592
GGTAG	2.3765862716534367
CGACT	0.691540922749371
CGACA	0.27349856439738285
CGAGT	0.42999360416223553
CGAGA	0.8502941009685524
CGATC	0.691540922749371
CGATG	0.5733248055496473
TAGCC	1.7980063991483646
TAGCG	0.4299936041622355
TAGGC	1.1466496110992945
TAGGG	2.9707328395667956
CTCTC	0.3543293712071574
CTCTG	0.9442227910812354
CTCAC	0.5338447938290174
CTCAG	0.8298491072992452
GGGTT	4.506897504875253
GGGTA	2.673659555610116
GGGAT	2.3765862716534363
GGGAA	1.7623494288655634
GGTCT	0.8697908143068136
GGTCA	1.7199744166489421
GGTGT	4.056207754387728
GGTGA	2.3765862716534363
CTGTC	1.2589637214416471
CTGTG	1.0872385178835169
CTGAC	0.4149245536496226
CTGAG	1.4333120138741182
GGCTT	1.3046862214602204
GGCTA	0.2866624027748237
GGCAT	0.859987208324471
GGCAA	1.7005882019371048
CTCCT	0.6580402608132924
CTCCA	0.4337488949860766
CTCGT	0.6294818607208236
CTCGA	0.5532327381994967
GCACT	0.8990031995741823
GCACA	0.5469971287947657
GCAGT	1.4333120138741184
GCAGA	1.0392483456282309
GCATC	1.1064654763989936
GCATG	0.5733248055496473
GCAAC	1.3674928219869145
GCAAG	1.1337254679580702
CTGCT	1.2589637214416471
CTGCA	0.622386830474434
CTGGT	2.3919247393437373
CTGGA	0.5733248055496474
ACCCT	1.0009589884294074
ACCCA	0.9017056716997116
ACCGT	0.2766163690997484
ACCGA	0.3190816584636133
ACCTC	0.6005753930576445
ACCTG	1.2447736609488678
ACCAC	1.2535908118752088
ACCAG	1.230743539788223
ACGCT	0.2766163690997484
ACGCA	0.3190816584636133
ACGGT	0.42999360416223553
ACGGA	1.3226797126177483
GCTCT	0.9442227910812354
GCTCA	0.5532327381994968
GCTGT	0.8697908143068136
GCTGA	0.14333120138741184
GCTTC	0.8393091476277648
GCTTG	2.1744770357670338
GCTAC	0.4840786459245597
GCTAG	1.2899808124867065
ACGTC	0.4149245536496226
ACGTG	0.4299936041622355
ACGAC	0.9116618813246097
ACGAG	1.0392483456282309
ACTCC	0.33365299614313587
ACTCG	0.8298491072992452
ACTGC	0.4840786459245597
ACTGG	2.1499680208111775
ACACC	1.1216338843093974
ACACG	0.5014140347285352
ACAGC	1.3674928219869142
ACAGG	1.7005882019371048
GCGTT	0.0
GCGTA	0.8599872083244713
GCGAT	0.7166560069370594
GCGAA	0.09447712232983918
CTTCC	0.8605141872173824
CTTCG	0.524568217267353
CTTGC	0.4196545738138823
CTTGG	3.696610960803957
CCTCT	0.4049478528081799
CCTCA	0.8341324903578397
CCTGT	1.049136434534706
CCTGA	0.8298491072992451
CCTTC	1.0629881136214723
CCTTG	1.4687910083485884
CTAGC	1.6596982145984902
CTAGG	1.57664321526153
GCCTT	1.8884455821624708
GCCTA	1.313927753223805
GCCAT	1.313927753223805
GCCAA	1.0939942575895314
CCTAC	1.201150786115289
CCTAG	1.6596982145984904
AGCCT	1.8671604914233015
AGCCA	1.3674928219869142
AGCGT	0.5733248055496473
AGCGA	0.2834313669895175
AGCTC	0.6223868304744338
AGCTG	0.5733248055496473
AGCAC	1.0939942575895314
AGCAG	2.6453594252354966
CAAGC	0.9116618813246096
CAAGG	0.6613398563088742
CTACC	0.8674977899721531
CTACG	0.8298491072992451
CCGTT	0.7343955041742942
CCGTA	0.4840786459245596
CCGAT	0.6223868304744338
CCGAA	0.4102478465960743
AGGCT	0.28666240277482363
AGGCA	0.8502941009685524
AGGGT	2.6736595556101155
AGGGA	1.370716222450994
AGGTC	1.1466496110992945
AGGTG	2.9707328395667956
AGGAC	1.6061110796072657
AGGAG	2.545615841694703
AGTCC	1.1756195686739308
AGTCG	0.28666240277482363
AGTGC	0.5733248055496473
AGTGG	2.0795129876967566
AGACC	0.9116618813246097
AGACG	1.2282025902879092
AGAGC	0.7558169786387133
AGAGG	1.1748996192437091
CATGC	1.1756195686739308
CATGG	2.293299222198589
CAACC	1.451526203223926
CAACG	0.7293295050596876
ATCCC	0.800767190743526
ATCCG	0.691540922749371
ATCGC	1.2447736609488675
ATCGG	1.57664321526153
CAGCT	0.8298491072992452
CAGCA	1.6865744804505276
CAGGT	1.2899808124867065
CAGGA	1.6061110796072657
CAGTC	0.8990031995741823
CAGTG	1.0033184097118828
CAGAC	1.6409913863842973
CAGAG	0.7558169786387134
CATCC	0.967593688815094
CATCG	0.5532327381994968
ATGCC	0.8298491072992452
ATGCG	0.4299936041622355
ATGGC	0.859987208324471
ATGGG	3.5648794074801544
AACCC	0.9896769567435859
AACCG	0.7749125991259181
AACGC	0.3190816584636133
AACGG	1.13372546795807
CACCT	0.9008630895864668
CACCA	1.7374328796165175
CACGT	0.6223868304744339
CACGA	0.7293295050596876
CACTC	0.567210093443331
CACTG	0.8990031995741823
CACAC	1.2315979906142402
CACAG	1.0484111635233009
AAGCC	1.0939942575895316
AAGCG	0.28343136698951754
AAGGC	0.6613398563088742
AAGGG	1.370716222450994
CCCCA	1.2248899112687492
CCCCT	0.6194266513768156
CCCGT	0.7900587330970401
CCCGA	0.846249955589389
CCCAG	0.9764422564492952
CCCAC	1.1934824776464736
CCCTG	0.9875734163713004
CCCTC	0.6670748553288783
CACCC	0.9108155750459932
CACCG	0.3905769025797181
CACGC	0.32548075214976513
CACGG	0.8095234112589764
CAGGG	3.6353344405945753
CAGGC	0.8095234112589764
CAGCG	0.6746028427158137
CAGCC	2.2132691146184027
GCCAC	1.3670191590290135
GCCAG	1.3492056854316274
GCCTG	2.0468793612965968
GCCTC	0.8888160747341703
GCCCA	0.9764422564492955
GCCCT	1.777632149468341
GCCGT	1.6375034890372773
GCCGA	0.26984113708632546
GCGTC	0.4093758722593194
GCGTG	0.0
GCGAC	0.40476170562948827
GCGAG	0.27964111081496734
GCGGA	0.8389233324449021
GCGGT	0.8484868163212582
GCGCT	0.4093758722593194
GCGCA	0.40476170562948827
GGCCA	2.2936496652337666
GGCCT	1.6375034890372773
GGCGT	0.848486816321258
GGCGA	0.27964111081496734
CTGCC	1.7776321494683407
CTGCG	0.614063808388979
CTGGC	1.0234396806482982
CTGGG	3.393947265285032
GCTCC	0.4937867081856502
GCTCG	1.228127616777958
GCTGC	0.4093758722593193
GCTGG	0.424243408160629
GCAGG	2.516769997334706
GCAGC	2.698411370863255
GCACG	0.6746028427158137
GCACC	0.8462499555893893
GGGTC	1.696973632642516
GGGTG	9.672319729635149
GGGAC	2.2371288865197387
GGGAG	2.3183759660132757
GGGGA	2.3183759660132757
GGGGT	11.43092331684154
GGGCT	3.818190673445661
GGGCA	3.0760522189646404
CTCGG	1.2281276167779578
CTCGC	0.5925440498227801
CTCCG	0.4937867081856502
CTCCC	0.4764820395206274
GGCAG	2.2371288865197383
GGCAC	0.6746028427158136
GGCTG	0.0
GGCTC	1.842191425166937
CGGCA	1.079364548345302
CGGCT	0.614063808388979
CGGGT	1.6969736326425164
CGGGA	2.5167699973347064
GTGCC	1.0234396806482982
GTGCG	0.848486816321258
GTGGC	2.9697038571244025
GTGGG	4.396508968015977
CGTCC	0.8888160747341703
CGTCG	0.8187517445186387
CGTGC	0.4093758722593193
CGTGG	1.272730224481887
GACCC	1.171730707739154
GACCG	0.944443979802139
GACGC	0.8095234112589763
GACGG	1.3982055540748364
CGACC	1.2368268581691075
CGACG	0.4047617056294882
CGAGC	0.6746028427158137
CGAGG	1.1185644432598694
GGTCC	0.8187517445186386
GGTCG	1.696973632642516
GGTGC	2.545460448963774
GGTGG	5.275810761619172
GGACC	1.0793645483453018
GGACG	1.1185644432598691
GGAGC	2.5167699973347055
GGAGG	5.21634592352987
GTCGG	0.424243408160629
GTCGC	0.8187517445186386
GTCCG	0.4093758722593194
GTCCC	1.3826027829198204
GAGCC	1.7539673910611153
GAGCG	0.5592822216299346
GAGGC	1.1185644432598691
GAGGG	1.1591879830066378
CGGAG	1.9574877757047715
CGGAC	0.9444439798021392
CGGTG	0.4242434081606291
CGGTC	0.614063808388979
TGCGG	1.272730224481887
TGCGC	0.0
TGCCG	0.4093758722593194
TGCCC	1.0863307580084305
CCAGG	0.944443979802139
CCAGC	1.236826858169107
CCACG	0.9113461060193421
CCACC	1.7902237164697106
TCGCC	1.1850880996455604
TCGCG	0.0
TCGGC	0.6140638083889789
TCGGG	4.24243408160629
TCCGG	0.8187517445186386
TCCGC	0.49378670818565007
TCCCG	0.4937867081856502
TCCCC	0.5717784474247529
CGCTC	0.2962720249113901
CGCTG	0.4093758722593194
CGCAC	0.6509615042995303
CGCAG	1.2142851168884645
CGCGA	0.26984113708632546
CGCGT	0.20468793612965966
CGCCT	0.8888160747341705
CGCCA	0.6509615042995303
CCGCA	0.781153805159436
CCGCT	0.5925440498227801
CCGGT	0.6140638083889788
CCGGA	1.349205685431627
ACGCC	0.7160576547294832
ACGCG	0.13492056854316273
ACGGC	1.3492056854316274
ACGGG	1.9574877757047713
CCTCC	0.6670748553288783
CCTCG	0.7900587330970403
CCTGC	1.8763894911054704
CCTGG	1.842191425166937
AGCCC	1.8877883624686371
AGCCG	1.48412625397479
AGCGC	0.40476170562948816
AGCGG	0.8389233324449018
AGGCC	1.3492056854316272
AGGCG	1.1185644432598691
AGGGC	1.1185644432598691
AGGGG	6.955127898039827
CCGAG	0.8095234112589763
CCGAC	0.325480752149765
CCGTG	1.0234396806482982
CCGTC	0.39502936654852006
TGGCC	2.0468793612965963
TGGCG	0.424243408160629
TGGGC	2.9697038571244025
TGGGG	8.793017936031953
ACCGG	1.2142851168884645
ACCGC	1.2368268581691075
ACCCG	0.5858653538695772
ACCCC	0.9736304422905444
CGGCC	1.1560614485562688
CGGCG	0.399348929442157
CGGGG	8.277046223404163
CGGGC	2.7954425060950987
GGGGC	12.415569335106243
GGGGG	22.301885863094554
GGGCG	2.4831138670212485
GGGCC	3.993489294421569
GCGCC	0.19267690809271149
GCGCG	0.0
GCGGG	4.966227734042498
GCGGC	0.399348929442157
GGCCC	1.5414152647416912
GGCCG	1.1980467883264707
GGCGG	2.4831138670212485
GGCGC	1.1980467883264707
GCCGG	1.5973957177686275
GCCGC	1.34873835664898
GCCCG	1.7340921728344032
GCCCC	1.487396636881959
CCCGC	0.18592457961024475
CCCGG	1.3487383566489797
CCCCG	0.6507360286358567
CCCCC	1.5698277463424093
CGCGC	0.0
CGCGG	1.1980467883264707
CGCCG	0.9633845404635574
CGCCC	0.9296228980512242
CCGGC	0.7707076323708455
CCGGG	2.7954425060950974
CCGCG	0.9633845404635569
CCGCC	0.9296228980512238
