	Branchiostoma_floridae 6-mer OE values GC sorted
AATTAA	1.4852222747943515
AATTAT	1.7878869364691938
AATTTA	0.9684387572541466
AATTTT	1.1770006932905155
ATTTAA	0.6704576011759479
ATTTAT	0.9528100850447032
ATTTTA	1.9056201700894064
ATTTTT	0.8433658941244813
TAAAAA	0.7896285289365237
TAAAAT	1.5842370931139749
ATTAAA	1.5842370931139753
ATTAAT	1.4154104913714456
ATTATA	1.564401069410545
ATTATT	1.5132866056592347
TAAATA	1.1881778198354813
TAAATT	1.2664199133323457
TAATAA	2.079311184712092
TAATAT	1.1919246243127959
TAATTA	2.011372803527843
TAATTT	1.0649053891676092
ATATTA	1.713391647449644
ATATTT	1.1209530412290625
TATAAA	0.9901481831962345
TATAAT	0.9684387572541469
ATATAA	0.5940889099177407
ATATAT	0.5959623121563979
TATTAA	1.6388963584300948
TATTAT	1.3451436494748752
ATAAAA	0.6580237741137698
ATAAAT	1.0891630015158578
ATAATA	0.9901481831962343
ATAATT	1.5644010694105446
TTTTTA	1.0963756623618255
TTTTTT	1.300764002312416
TATTTA	1.1770006932905157
TATTTT	1.391553725305394
TATATA	0.595962312156398
TATATT	0.7286194767988907
AAAAAA	1.574292677328698
AAAAAT	0.7896285289365237
TTAAAA	1.3862074564747284
TTAAAT	0.9684387572541469
TTATAA	1.3409152023518958
TTATAT	0.9528100850447032
TTATTA	1.0088577371061564
TTATTT	1.5602269041302903
TTAATA	2.160363381566943
TTAATT	1.5132866056592347
TTTATA	0.7286194767988907
TTTATT	1.3072171358929456
TTTTAA	1.0088577371061564
TTTTAT	0.801197599418257
TTTAAA	0.5214670231368482
TTTAAT	1.233048345351969
AAATTA	1.0891630015158575
AAATTT	1.0429340462736962
AATAAA	1.1844427934047854
AATAAT	1.5842370931139749
AATATA	0.5940889099177407
AATATT	1.8623822254887437
AAATAA	1.7108618126958013
AAATAT	1.2871926381551047
AAAATA	1.1844427934047854
AAAATT	0.7921185465569874
AAAACT	1.7815231891901206
AAAACA	0.29598716447620627
AAAAGT	0.9909447132941027
AAAAGA	0.8780708332295376
AAAATC	2.449594385136416
AAAATG	0.6606298088627353
AAATCT	1.842989209073141
AAATCA	2.2269039864876508
AAATAC	0.6680711959462952
AAATAG	0.9909447132941027
AAACTT	0.8377223677605187
AAACTA	2.0042135878388856
TTGAAT	0.3739515993357596
TTGAAA	0.7455521716046893
AATATC	0.5026334206563112
AATATG	1.118328257407034
AATAAC	2.0042135878388856
AATAAG	1.8167319743725219
AAATGT	0.7455521716046893
AAATGA	0.49547235664705136
AAATTC	0.6701778942084148
AAATTG	0.6212934763372411
TTAGAT	0.5609273990036396
TTAGAA	0.7455521716046895
TTATCT	0.9483908083489941
TTATCA	0.8823822469099111
TTTAAC	1.6387098871184058
TTTAAG	0.6544152988375794
TTACTT	1.2329080508536923
TTACTA	2.8992559541325646
TTACAT	1.5126552804169904
TTACAA	1.1728113148647263
AAGTTT	0.7479031986715192
AAGTTA	1.118328257407034
AAGTAT	0.9940695621395857
AAGTAA	1.3212596177254703
TTTTAC	2.2761379400375854
TTTTAG	1.969436803624724
TTTACT	2.0864597783677863
TTTACA	1.51265528041699
TTTAGT	1.8287627462229579
TTTAGA	0.46743949916969957
TTTATC	0.6638735658442958
TTTATG	0.6330332583079471
AAGATT	0.9940695621395857
AAGATA	1.3212596177254703
AAGAAT	1.1561021655097865
AAGAAA	0.8780708332295376
TTATGT	0.8440443444105962
TTATGA	0.6544152988375795
TTATTC	1.138068970018793
TTATTG	1.1957294879150113
TTATAC	1.6387098871184063
TTATAG	0.9348789983393994
TTAACT	1.890819100521238
TTAACA	1.6754447355210378
TTAGTT	1.2660665166158942
TTAGTA	1.8697579966787987
TTAAAC	1.507900261968934
TTAAAG	0.7455521716046895
CTATTT	1.8019425358630883
CTATTA	1.8908191005212376
CTATAT	0.5042184268056633
CTATAA	0.670177894208415
AAAAAC	1.183948657904825
AAAAAG	0.21951770830738446
TTAAGT	0.8413910985054593
TTAAGA	0.7455521716046895
TTAATC	0.7563276402084952
TTAATG	1.1218547980072793
TACTTT	0.8535517275140945
TACTTA	1.2605460670141584
TACTAT	1.51265528041699
TACTAA	1.8429892090731412
TTCTTT	0.9275969308593165
TTCTTA	1.2329080508536923
TTCATT	0.8535517275140947
TTCATA	1.0084368536113268
TTCAAT	1.0084368536113268
TTCAAA	0.5026334206563113
AACATT	1.0052668413126225
AACATA	0.8907615945950603
AACAAT	0.8907615945950601
AACAAA	0.8879614934286186
TTGTTT	0.8467059570715085
TTGTTA	0.773707315709713
TAGTTT	1.40674057401766
TAGTTA	1.4023184975090988
TAGTAT	1.4023184975090985
TAGTAA	2.236656514814068
CTAAAT	0.5026334206563112
CTAAAA	1.7815231891901206
TTCTAT	0.5690344850093962
TTCTAA	1.1344914603127425
TACATT	1.6387098871184058
TACATA	1.34035578841683
TACAAT	0.8377223677605187
TACAAA	0.6680711959462952
AACTTT	0.8823822469099106
AACTTA	0.6701778942084148
AACTAT	1.172811314864726
AACTAA	1.7815231891901202
CTAATT	0.8823822469099109
CTAATA	1.5079002619689337
TATCAT	0.6302730335070793
TATCAA	1.1728113148647263
TATGTT	1.2660665166158942
TATGTA	0.2804636995018198
TATCTT	0.3793563233395977
TATCTA	0.8823822469099111
TGAATT	0.1869757996678798
TGAATA	0.6212934763372411
TGAAAT	0.8698108668721375
TGAAAA	1.651574522156838
TAGATT	0.3739515993357596
TAGATA	0.6212934763372411
TAGAAT	0.9940695621395857
TAGAAA	1.1561021655097867
TATAAC	0.33508894710420756
TATAAG	0.8698108668721377
TATGAT	0.5609273990036396
TATGAA	0.994069562139586
TATTCT	1.2329080508536923
TATTCA	1.0084368536113268
TATTGT	1.0550554305132451
TATTGA	1.0283668981733392
TATTTC	1.3277471316885918
TATTTG	1.1957294879150113
TATTAC	2.0168737072226537
TATTAG	1.0283668981733392
TTTGAT	0.844044344410596
TTTGAA	0.37395159933575967
TTTTCT	0.9275969308593165
TTTTCA	0.7587126466791951
TTTTGT	1.0054633240224167
TTTTGA	1.125392459214128
TTTTTC	0.784889710727114
TTTTTG	1.0583824463393858
AATCTT	1.51265528041699
AATCTA	1.1728113148647263
AATCAT	1.5079002619689335
AATCAA	1.7815231891901206
TTGATT	0.844044344410596
TTGATA	0.6544152988375794
TAACAT	0.8377223677605187
TAACAA	0.8907615945950603
ATAAAC	1.5588327905413555
ATAAAG	1.4864170699411543
TATACT	1.6387098871184063
TATACA	1.1728113148647263
TATAGT	0.7479031986715194
TATAGA	0.7455521716046895
TATATC	0.8823822469099111
TATATG	0.3739515993357597
TAATCT	1.2605460670141584
TAATCA	1.1728113148647263
ATATAC	0.8377223677605188
ATATAG	0.6212934763372411
ATAACT	0.6701778942084149
ATAACA	1.1134519932438254
ATAAGT	0.9940695621395857
ATAAGA	0.6606298088627353
ATAATC	1.5079002619689337
ATAATG	0.8698108668721375
TAACTT	1.0084368536113266
TAACTA	1.5079002619689337
TAAACT	1.3403557884168298
TAAACA	1.7815231891901206
ATAGAT	0.4970347810697929
ATAGAA	1.1561021655097867
ATATCT	1.0084368536113266
ATATCA	1.0052668413126225
ATATGT	0.1869757996678798
ATATGA	0.9940695621395857
ATATTC	0.6302730335070792
ATATTG	0.934878998339399
TAAGTT	0.7479031986715192
TAAGTA	0.8698108668721375
TAAGAT	0.7455521716046893
TAAGAA	0.6606298088627353
ATACTT	1.3866006737155743
ATACTA	2.010533682625245
ATACAT	1.3403557884168298
ATACAA	0.22269039864876508
ATAGTT	1.1218547980072788
ATAGTA	1.118328257407034
TAATGT	0.8413910985054591
TAATGA	1.118328257407034
TAATTC	1.1344914603127425
TAATTG	2.2437095960145577
TAATAC	1.34035578841683
TAATAG	1.4911043432093787
TTTCAT	1.0432298891838931
TTTCAA	1.0084368536113266
TTTGTT	0.8996250793884778
TTTGTA	1.055055430513245
TTTCTT	1.070304150991519
TTTCTA	0.5690344850093964
TTGTAT	0.633033258307947
TTGTAA	1.215342697841219
AATGTT	0.5609273990036394
AATGTA	0.7455521716046893
AATGAT	1.118328257407034
AATGAA	1.1561021655097867
AATTCT	0.6302730335070792
AATTCA	1.0052668413126225
AATTGT	0.5609273990036394
AATTGA	0.8698108668721375
TAAAGT	0.9940695621395857
TAAAGA	1.1561021655097867
TAAATC	1.6754447355210376
TAAATG	0.4970347810697929
TGATTT	0.633033258307947
TGATTA	0.5609273990036395
TGATAT	0.6544152988375793
TGATAA	0.7455521716046893
ATTAAC	1.3403557884168302
ATTAAG	0.994069562139586
TAAAAC	1.1134519932438254
TAAAAG	0.825787261078419
ATTTAC	1.2605460670141586
ATTTAG	0.9348789983393994
ATTACT	1.6387098871184063
ATTACA	1.3403557884168302
ATTAGT	1.402318497509099
ATTAGA	0.7455521716046895
ATTATC	0.6302730335070793
ATTATG	0.9348789983393994
TGTTTT	0.8996250793884778
TGTTTA	0.844044344410596
TGTATT	0.351685143504415
TGTATA	0.28046369950181976
TGTAAT	1.963245896512738
TGTAAA	1.2425869526744822
ATTGTT	0.5626962296070641
ATTGTA	0.6544152988375795
ATTGAT	0.18697579966787986
ATTGAA	0.994069562139586
ATTTCT	0.9483908083489941
ATTTCA	1.2605460670141586
ATTTGT	0.8440443444105962
ATTTGA	0.3739515993357597
ATTTTC	1.4225862125234912
ATTTTG	1.1253924592141284
CTTTTT	1.2130113711237214
CTTTTA	1.0432298891838931
CTTTAT	1.232908050853692
CTTTAA	1.6387098871184058
TGTTAT	0.844044344410596
TGTTAA	1.121854798007279
GTTTAT	0.773707315709713
GTTTAA	0.8413910985054592
ATTCTT	1.3277471316885918
ATTCTA	1.0084368536113268
ATTCAT	0.7563276402084952
ATTCAA	0.6701778942084151
CTTATT	0.758712646679195
CTTATA	1.8908191005212376
CTTAAT	1.7647644938198213
CTTAAA	1.1728113148647261
ACTTAT	1.0084368536113264
ACTTAA	1.0052668413126225
ACTTTT	0.6638735658442957
ACTTTA	0.8823822469099109
TCATTT	1.1380689700187925
TCATTA	0.8823822469099109
TCATAT	0.756327640208495
TCATAA	0.670177894208415
TCAATT	1.3866006737155743
TCAATA	1.0052668413126225
TCAAAT	1.3403557884168298
TCAAAA	0.6680711959462952
ATGAAT	0.9940695621395857
ATGAAA	1.1561021655097867
GTTTTT	1.0583824463393856
GTTTTA	1.266066516615894
TCTTTT	1.14165776105762
TCTTTA	1.3277471316885914
TCTATT	1.1380689700187925
TCTATA	0.6302730335070792
TCTAAT	0.37816382010424743
TCTAAA	1.1728113148647261
ACTATT	1.51265528041699
ACTATA	1.6754447355210376
ACTAAT	1.842989209073141
ACTAAA	2.0042135878388856
ATGTTT	0.562696229607064
ATGTTA	0.8413910985054592
ATGTAT	0.0934878998339399
ATGTAA	1.2425869526744822
ATGATT	0.5609273990036394
ATGATA	1.2425869526744822
CATTAT	1.0084368536113264
CATTAA	1.0052668413126225
ACAATT	0.33508894710420745
ACAATA	0.22269039864876508
ACAAAT	0.44538079729753016
ACAAAA	2.071910151333444
TCTTAT	1.3277471316885914
TCTTAA	1.3866006737155743
ACATTT	1.51265528041699
ACATTA	0.8377223677605188
ACATAT	1.6754447355210373
ACATAA	1.1134519932438254
GTTATT	1.266066516615894
GTTATA	0.8413910985054592
GTTAAT	1.7762700968448581
GTTAAA	1.4911043432093787
GATAAT	1.2425869526744822
GATAAA	0.9909447132941028
GAATTT	0.4674394991696995
GAATTA	1.4911043432093787
GAATAT	1.2425869526744822
GAATAA	1.3212596177254705
GAAAAT	0.9909447132941027
GAAAAA	0.2195177083073844
CATAAT	1.3403557884168298
CATAAA	1.5588327905413555
GAAATT	0.37277608580234467
GAAATA	1.1561021655097865
CATATT	1.6387098871184058
CATATA	0.8377223677605188
CATTTT	2.276137940037585
CATTTA	0.5042184268056633
AGTAAT	1.2425869526744822
AGTAAA	1.8167319743725219
AGTTTT	1.125392459214128
AGTTTA	1.4023184975090988
AGTTAT	0.8413910985054591
AGTTAA	1.4911043432093787
GATTTT	0.49235920090618096
GATTTA	0.7479031986715193
GATTAT	0.6544152988375793
GATTAA	0.9940695621395857
GATATT	0.6544152988375793
GATATA	0.6212934763372411
ATCATT	0.756327640208495
ATCATA	0.670177894208415
ATCAAT	0.6701778942084149
ATCAAA	1.3361423918925903
AGATAT	0.7455521716046893
AGATAA	0.9909447132941028
CAAATT	1.1728113148647261
CAAATA	1.5588327905413555
CAATAT	0.6701778942084149
CAATAA	0.6680711959462952
CAATTT	0.8823822469099109
CAATTA	1.8429892090731412
GTATAT	0.2804636995018197
GTATAA	0.4970347810697929
ATCTTT	0.8535517275140945
ATCTTA	1.2605460670141584
ATCTAT	0.756327640208495
ATCTAA	0.8377223677605188
AGTATT	1.7762700968448581
AGTATA	0.6212934763372411
AAACAT	2.0042135878388856
AAACAA	0.5919743289524125
GTAATT	2.2437095960145577
GTAATA	1.118328257407034
CAAAAT	0.8907615945950603
CAAAAA	1.183948657904825
AGAATT	1.2425869526744822
AGAATA	1.486417069941154
AGAAAT	1.486417069941154
AGAAAA	0.4390354166147688
GTAAAT	1.9881391242791715
GTAAAA	0.825787261078419
GTATTT	0.633033258307947
GTATTA	1.5892942971769786
AGATTT	0.7479031986715192
AGATTA	0.7455521716046893
AATTTC	0.756327640208495
AATTTG	0.4674394991696995
AATTAC	1.0052668413126225
AATTAG	1.9881391242791715
AATACT	1.1728113148647261
AATACA	0.8907615945950603
AATAGT	0.9940695621395857
AATAGA	0.9909447132941028
AAAGTT	1.118328257407034
AAAGTA	0.1651574522156838
AAAGAT	0.9909447132941027
AAAGAA	1.536623958151691
AAAACC	1.0016887268381247
AAAACG	0.3714492385877143
AAAAGC	1.4857969543508573
AAAAGG	1.3774192835624246
AAATCC	0.7536355919227293
AAATCG	0.838396278081118
AAACCT	0.3768177959613647
AAACCA	1.5025330902571872
AAACGT	0.838396278081118
AAACGA	0.3714492385877143
AAACTC	1.5072711838454587
AAACTG	0.5589308520540787
AAACAC	1.5025330902571872
AAACAG	0.7428984771754286
GACTTT	0.15819229108321245
GACTTA	1.0513001001351066
GACTAT	1.0513001001351066
GACTAA	0.5589308520540788
ATCCTT	1.7063912716927578
ATCCTA	0.8505136229378382
ATCCAT	0.5670090819585588
ATCCAA	0.7536355919227294
CGAATT	0.8410400801080848
CGAATA	0.2794654260270393
GTAAGT	0.7796925557004488
GTAAGA	0.8290577056767493
GTAATC	0.6307800600810638
GTAATG	0.9356310668405383
GACATT	1.0513001001351066
GACATA	0.5589308520540788
GACAAT	0.0
GACAAA	0.7428984771754286
AGAAGT	1.0363221320959366
AGAAGA	1.6529031402749095
AGAATC	0.27946542602703933
AGAATG	0.8290577056767493
AGAAAC	0.7428984771754287
AGAAAG	0.27548385671248493
GTAAAC	1.1178617041081576
GTAAAG	0.8290577056767493
CGAAAT	0.0
CGAAAA	0.3714492385877142
ATCGTT	0.4745768732496373
ATCGTA	0.2102600200270213
ATCGAT	0.6307800600810639
ATCGAA	0.2794654260270394
GTATTC	1.107346037582487
GTATTG	0.7039361170664485
GTATAC	0.6307800600810638
GTATAG	0.46781553342026916
AGATAC	0.5589308520540788
AGATAG	0.41452885283837465
AGAACT	0.2794654260270394
AGAACA	0.0
CAAAGT	0.5589308520540788
CAAAGA	1.8572461929385713
CAAATC	0.7536355919227293
CAAATG	0.27946542602703933
CAAAAC	0.5008443634190624
CAAAAG	1.8572461929385713
GAGTTT	0.9385814894219312
GAGTTA	1.2475080891207178
GAGTAT	0.46781553342026916
GAGTAA	0.20726442641918733
AGAGTT	0.7796925557004486
AGAGTA	0.621793279257562
AGAGAT	1.243586558515124
AGAGAA	1.1019354268499397
AGATCT	0.2102600200270213
AGATCA	0.0
AGATGT	0.9356310668405385
AGATGA	1.0363221320959366
AGATTC	0.6307800600810638
AGATTG	0.31187702228017944
GAGATT	0.9356310668405383
GAGATA	0.20726442641918733
GAGAAT	1.243586558515124
GAGAAA	0.27548385671248493
AGACTT	0.6307800600810639
AGACTA	0.838396278081118
AGACAT	0.838396278081118
AGACAA	0.0
CAATGT	0.2102600200270213
CAATGA	0.5589308520540788
CAATTC	1.1340181639171176
CAATTG	0.8410400801080852
CAATAC	1.1304533878840939
CAATAG	1.1178617041081573
GTAACT	0.6307800600810639
GTAACA	1.3973271301351968
ATCTCT	0.4265978179231895
ATCTCA	0.8505136229378383
ATCTGT	1.2655383286656996
ATCTGA	0.8410400801080852
ATCTTC	1.0664945448079737
ATCTTG	0.31638458216642484
ATCTAC	0.8505136229378383
ATCTAG	0.6307800600810639
GATGTT	0.586613430888707
GATGTA	1.091569577980628
AGTACT	0.4205200400540426
AGTACA	0.5589308520540788
AGTAGT	0.9356310668405385
AGTAGA	0.621793279257562
AGTATC	0.841040080108085
AGTATG	0.31187702228017944
AGTAAC	0.8383962780811182
AGTAAG	1.243586558515124
CAAACT	0.0
CAAACA	1.5025330902571872
AGTTCT	0.9491537464992746
AGTTCA	0.6307800600810639
AGTTGT	0.9385814894219314
AGTTGA	0.7796925557004487
AGTTTC	0.15819229108321245
AGTTTG	1.407872234132897
AGTTAC	2.312860220297234
AGTTAG	1.8712621336810766
GATCTT	0.3163845821664249
GATCTA	0.2102600200270213
GATCAT	0.2102600200270213
GATCAA	1.1178617041081576
GATGAT	0.7796925557004486
GATGAA	0.41452885283837465
GATTCT	0.7909614554160622
GATTCA	0.6307800600810639
GATTGT	0.23464537235548286
GATTGA	0.3118770222801795
GATTTC	0.6327691643328498
GATTTG	1.1732268617774142
CTCTTT	1.4443078042541373
CTCTTA	1.2797934537695683
AGTGTT	1.9944856650216038
AGTGTA	0.7796925557004486
AGTGAT	1.091569577980628
AGTGAA	1.865379837772686
GATTAC	1.2615601201621276
GATTAG	1.2475080891207178
GATACT	0.6307800600810639
GATACA	1.1178617041081576
GATAGT	0.7796925557004488
GATAGA	0.41452885283837465
GATATC	1.4718201401891489
GATATG	0.15593851114008972
AGTCTT	1.107346037582487
AGTCTA	0.4205200400540426
AGTCAT	0.6307800600810639
AGTCAA	1.1178617041081576
ATCACT	1.984531786854956
ATCACA	1.5072711838454589
ATCAGT	1.0513001001351066
ATCAGA	0.0
ATCATC	1.1340181639171176
ATCATG	0.8410400801080852
ATCAAC	1.8840889798068232
ATCAAG	1.1178617041081573
GTAGTT	1.2905495479551554
GTAGTA	1.2475080891207178
GTAGAT	0.46781553342026916
GTAGAA	1.0363221320959366
GAAGAT	0.8290577056767493
GAAGAA	0.5509677134249699
GAATCT	0.2102600200270213
GAATCA	1.676792556162236
GATAAC	0.2794654260270394
GATAAG	0.0
GAACTT	0.2102600200270213
GAACTA	0.2794654260270394
GAACAT	0.5589308520540788
GAACAA	1.1143477157631427
AGGATT	1.5593851114008972
AGGATA	0.41452885283837465
AGGAAT	1.243586558515124
AGGAAA	0.27548385671248493
GAATAC	1.1178617041081576
GAATAG	0.0
GAAACT	1.1178617041081576
GAAACA	1.4857969543508571
CTCATT	1.4930923627311627
CTCATA	1.1340181639171174
AGGTTT	1.4078722341328969
AGGTTA	1.2475080891207178
AGGTAT	1.091569577980628
AGGTAA	1.243586558515124
GAAGTT	1.091569577980628
GAAGTA	1.243586558515124
GAAAGT	0.41452885283837465
GAAAGA	0.27548385671248493
CAAGTT	0.4205200400540426
CAAGTA	1.3973271301351968
CAAGAT	0.5589308520540788
CAAGAA	0.3714492385877143
CGTATT	0.3163845821664248
CGTATA	0.0
CTCTAT	0.8531956358463788
CTCTAA	0.850513622937838
GAATGT	0.7796925557004488
GAATGA	1.6581154113534986
GAATTC	0.21026002002702124
GAATTG	0.6237540445603589
CAACTT	0.5670090819585588
CAACTA	0.7536355919227294
CAACAT	0.7536355919227294
CAACAA	0.0
CTCAAT	0.28350454097927935
CTCAAA	0.37681779596136467
CAATCT	1.1340181639171176
CAATCA	1.130453387884094
GAAATC	0.838396278081118
GAAATG	1.0363221320959366
GAAAAC	0.7428984771754287
GAAAAG	2.2038708536998795
TCCTAT	0.8531956358463788
TCCTAA	0.850513622937838
AGCATT	1.471820140189149
AGCATA	0.838396278081118
AGCAAT	1.9562579821892756
AGCAAA	1.8572461929385713
CGTAAT	1.0513001001351063
CGTAAA	0.0
CATAGT	0.6307800600810639
CATAGA	0.0
CATATC	0.8505136229378383
CATATG	0.4205200400540426
CATAAC	0.0
CATAAG	1.1178617041081573
TCCATT	1.0664945448079735
TCCATA	0.5670090819585587
TCCAAT	0.5670090819585587
TCCAAA	0.7536355919227293
CATTGT	0.3163845821664248
CATTGA	0.6307800600810638
CATTTC	0.6398967268847842
CATTTG	1.107346037582487
AGCTTT	1.2655383286656996
AGCTTA	1.471820140189149
AGCTAT	2.102600200270213
AGCTAA	1.1178617041081576
TCCTTT	2.086222383922643
TCCTTA	1.2797934537695683
GTATCT	0.4745768732496373
GTATCA	0.8410400801080852
GTATGT	0.5866134308887071
GTATGA	0.4678155334202692
GTACTT	0.3163845821664249
GTACTA	0.6307800600810639
GTACAT	0.8410400801080852
GTACAA	0.2794654260270394
ATGCTT	1.5819229108321244
ATGCTA	0.8410400801080852
ATGCAT	1.2615601201621278
ATGCAA	0.8383962780811182
GTTAGT	1.2905495479551556
GTTAGA	1.0915695779806283
GTTATC	0.7909614554160622
GTTATG	0.82125880324419
TCGTTT	0.11901835144379701
TCGTTA	0.6327691643328497
TCGTAT	0.15819229108321245
TCGTAA	0.4205200400540426
CATGTT	0.3163845821664248
CATGTA	0.4205200400540425
CATGAT	0.6307800600810638
CATGAA	1.1178617041081573
CATTAC	1.4175227048963968
CATTAG	0.6307800600810638
CATACT	0.5670090819585588
CATACA	1.5072711838454589
CTGTAT	0.6327691643328498
CTGTAA	0.8410400801080852
TCTCAT	1.9196901806543525
TCTCAA	0.2835045409792794
CATCTT	1.7063912716927578
CATCTA	0.5670090819585588
CATCAT	0.8505136229378383
CATCAA	0.0
TCGATT	0.4745768732496373
TCGATA	0.4205200400540426
TCGAAT	0.4205200400540426
TCGAAA	0.0
CTGAAT	0.4205200400540426
CTGAAA	1.1178617041081576
CTGTTT	0.595091757218985
CTGTTA	0.47457687324963727
CATTCT	1.4930923627311627
CATTCA	0.5670090819585587
TCTGAT	0.4745768732496373
TCTGAA	0.2102600200270213
ACAAGT	0.838396278081118
ACAAGA	0.0
ACAATC	1.5072711838454587
ACAATG	0.838396278081118
ACAAAC	0.5008443634190624
ACAAAG	1.1143477157631427
CTGATT	0.6327691643328498
CTGATA	0.4205200400540426
TCTCTT	1.1233505144198845
TCTCTA	0.42659781792318946
ACATGT	0.4205200400540426
ACATGA	1.1178617041081576
ACATTC	1.1340181639171176
ACATTG	1.2615601201621278
ACATAC	0.37681779596136467
ACATAG	0.0
ACAACT	0.7536355919227294
ACAACA	1.0016887268381247
TCTGTT	1.071165162994173
TCTGTA	0.6327691643328497
GTTAAC	1.8923401802431912
GTTAAG	0.7796925557004486
ATGGTT	1.4078722341328969
ATGGTA	0.46781553342026916
ATGGAT	0.6237540445603589
ATGGAA	0.0
ATGTCT	0.6327691643328498
ATGTCA	0.8410400801080852
ATGTGT	0.23464537235548286
ATGTGA	0.3118770222801795
ATGTTC	0.4745768732496373
ATGTTG	1.2905495479551556
ACAGTT	1.6820801602161704
ACAGTA	1.1178617041081576
ACAGAT	1.3973271301351968
ACAGAA	1.4857969543508571
ACATCT	0.5670090819585588
ACATCA	0.3768177959613647
TCTTCT	1.9257437390055163
TCTTCA	0.8531956358463789
TCTTGT	0.833128460106579
TCTTGA	0.47457687324963727
TCTTTC	0.3209572898342527
TCTTTG	0.9521468115503761
TCTTAC	1.4930923627311632
TCTTAG	1.107346037582487
TCTACT	1.279793453769568
TCTACA	1.1340181639171174
TCTAGT	1.1073460375824868
TCTAGA	0.21026002002702124
TCTATC	0.42659781792318946
TCTATG	0.6327691643328497
TCTAAC	1.1340181639171174
TCTAAG	1.0513001001351063
ACACTT	0.8505136229378383
ACACTA	1.8840889798068237
ACACAT	0.3768177959613647
ACACAA	0.5008443634190624
TCATTC	1.0664945448079737
TCATTG	0.6327691643328497
TCACTT	1.2797934537695683
TCACTA	1.1340181639171176
TCACAT	0.8505136229378383
TCACAA	1.130453387884094
ACTAAC	0.7536355919227293
ACTAAG	0.5589308520540787
CTTCTT	1.2838291593370108
CTTCTA	1.2797934537695683
CTTCAT	1.2797934537695683
CTTCAA	0.5670090819585588
ATGTAC	0.0
ATGTAG	1.091569577980628
ATGACT	0.4205200400540426
ATGACA	0.838396278081118
ATGAGT	0.6237540445603591
ATGAGA	0.8290577056767493
ATGATC	0.6307800600810638
ATGATG	0.6237540445603589
ATGAAC	0.8383962780811182
ATGAAG	0.621793279257562
ACTACT	1.7010272458756766
ACTACA	1.5072711838454589
ACTAGT	1.2615601201621278
ACTAGA	1.3973271301351968
ACTATC	0.5670090819585588
ACTATG	0.8410400801080852
TCAGTT	1.740115201915337
TCAGTA	0.8410400801080852
TCAGAT	0.0
TCAGAA	0.8383962780811182
TCATCT	1.2797934537695685
TCATCA	0.2835045409792794
TCATGT	0.4745768732496373
TCATGA	0.4205200400540426
TCAATC	0.8505136229378383
TCAATG	0.2102600200270213
ACTGTT	0.6327691643328496
ACTGTA	1.2615601201621276
ACTGAT	0.4205200400540425
ACTGAA	0.5589308520540787
ACTTCT	1.279793453769568
ACTTCA	0.850513622937838
ACTTGT	0.3163845821664248
ACTTGA	0.21026002002702124
ACTTTC	1.2797934537695683
ACTTTG	0.31638458216642484
ACTTAC	1.4175227048963968
ACTTAG	1.0513001001351063
CAGAAT	0.8383962780811179
CAGAAA	0.7428984771754285
ACTCTT	0.8531956358463789
ACTCTA	1.1340181639171176
ACTCAT	1.1340181639171176
ACTCAA	0.7536355919227294
TCATAC	0.8505136229378383
TCATAG	1.2615601201621278
TCAACT	0.5670090819585588
TCAACA	1.130453387884094
TCAAGT	0.2102600200270213
TCAAGA	0.838396278081118
CAGTAT	0.8410400801080848
CAGTAA	0.8383962780811179
CTTTCT	1.4443078042541373
CTTTCA	1.2797934537695683
ACGATT	0.8410400801080848
ACGATA	0.5589308520540786
ACGAAT	0.8383962780811179
ACGAAA	0.7428984771754285
TCAAAC	0.0
TCAAAG	1.1178617041081573
CAGATT	0.2102600200270212
CAGATA	0.5589308520540786
TGCAAT	1.471820140189149
TGCAAA	1.1178617041081576
TGCTTT	1.547238568769361
TGCTTA	1.423730619748912
TGCTAT	1.2655383286656996
TGCTAA	1.471820140189149
CGTTAT	0.6327691643328496
CGTTAA	1.0513001001351063
ACGTAT	0.2102600200270212
ACGTAA	0.2794654260270393
CTTGTT	0.595091757218985
CTTGTA	0.6327691643328497
CTTGAT	0.6327691643328498
CTTGAA	1.0513001001351066
CAGTTT	1.2655383286656992
CAGTTA	2.523120240324255
TGGTAT	1.5251949203106383
TGGTAA	0.9356310668405383
CACTAT	1.1340181639171176
CACTAA	1.130453387884094
CACATT	0.8505136229378383
CACATA	0.7536355919227294
CACAAT	0.3768177959613647
CACAAA	2.5042218170953117
CGTTTT	0.714110108662782
CGTTTA	0.1581922910832124
CTTACT	0.639896726884784
CTTACA	2.551540868813514
ACGTTT	0.790961455416062
ACGTTA	1.2615601201621276
TGCATT	1.107346037582487
TGCATA	1.6820801602161704
ATTCCT	0.8531956358463793
ATTCCA	0.5670090819585589
ATTCGT	0.7909614554160623
ATTCGA	0.42052004005404264
ATTCTC	0.4265978179231895
ATTCTG	0.9491537464992749
GTTTGT	0.7061559119078747
GTTTGA	0.7039361170664484
GTTTTC	0.47607340577518803
GTTTTG	1.1475033568502964
GTTTAC	1.2655383286656996
GTTTAG	1.5251949203106385
TGGATT	0.8212588032441899
TGGATA	0.31187702228017944
TGGAAT	0.7796925557004486
TGGAAA	0.20726442641918733
CTTTGT	1.071165162994173
CTTTGA	0.6327691643328497
CTTTTC	0.6419145796685054
CTTTTG	1.19018351443797
CTTTAC	0.42659781792318946
CTTTAG	2.5310766573313987
TGGTTT	1.6771202907812026
TGGTTA	1.6425176064883797
TGTGTT	0.7061559119078749
TGTGTA	0.5866134308887071
TGTGAT	0.4692907447109657
TGTGAA	0.623754044560359
CACTTT	1.0664945448079737
CACTTA	1.417522704896397
TGTCTT	0.595091757218985
TGTCTA	1.107346037582487
TGTCAT	0.6327691643328498
TGTCAA	0.4205200400540426
ACCATT	0.5670090819585588
ACCATA	0.3768177959613647
ACCAAT	1.130453387884094
ACCAAA	1.5025330902571872
GTTACT	2.531076657331399
GTTACA	1.2615601201621278
ATTCAC	1.7010272458756768
ATTCAG	0.6307800600810639
ATTGCT	2.372884366248187
ATTGCA	2.9436402803782986
ATTGGT	1.1732268617774142
ATTGGA	0.15593851114008975
ATTGTC	0.47457687324963743
ATTGTG	0.8212588032441902
CTTAAC	1.701027245875676
CTTAAG	0.841040080108085
TGTTCT	1.547238568769361
TGTTCA	0.7909614554160621
TGTTGT	0.794425400896359
TGTTGA	0.586613430888707
TGTTTC	0.595091757218985
TGTTTG	0.6178864229193904
TGTTAC	0.9491537464992746
TGTTAG	0.7039361170664485
TGTATC	0.4745768732496373
TGTATG	0.82125880324419
TGTAAC	0.4205200400540425
TGTAAG	0.6237540445603589
ACCTTT	2.346287998577542
ACCTTA	0.8505136229378382
ACCTAT	0.8505136229378383
ACCTAA	0.7536355919227294
CTTAGT	0.9491537464992744
CTTAGA	0.6307800600810638
CTTATC	1.0664945448079737
CTTATG	0.7909614554160621
TGATGT	0.5866134308887071
TGATGA	0.7796925557004487
TGACTT	0.6327691643328498
TGACTA	0.6307800600810639
TGACAT	1.6820801602161704
TGACAA	0.5589308520540788
CTATCT	0.21329890896159476
CTATCA	0.2835045409792794
CTACTT	1.0664945448079737
CTACTA	2.2680363278342353
CTACAT	1.4175227048963972
CTACAA	2.637724571729553
TGTACT	0.6327691643328498
TGTACA	0.6307800600810639
TGTAGT	1.1732268617774142
TGTAGA	1.247508089120718
ATTGAC	0.8410400801080853
ATTGAG	1.403446600260808
ATTTCC	0.21329890896159476
ATTTCG	0.9491537464992749
ATTTGC	1.4237306197489121
ATTTGG	1.6425176064883804
TGAAGT	0.7796925557004488
TGAAGA	1.243586558515124
CTAGTT	0.7909614554160622
CTAGTA	1.6820801602161704
CTAGAT	0.4205200400540426
CTAGAA	0.8383962780811182
TGAGTT	1.173226861777414
TGAGTA	0.31187702228017944
TGAGAT	0.46781553342026916
TGAGAA	0.41452885283837465
TGATCT	0.4745768732496373
TGATCA	0.4205200400540426
ATTACC	1.9845317868549561
ATTACG	1.0513001001351066
ATTAGC	1.6820801602161706
ATTAGG	1.403446600260808
TGATTC	0.7909614554160622
TGATTG	0.9385814894219314
TGATAC	1.4718201401891489
TGATAG	0.7796925557004486
TGAACT	0.2102600200270213
TGAACA	1.1178617041081576
ATACCT	0.5670090819585588
ATACCA	0.7536355919227294
ATACGT	0.8410400801080852
ATACGA	0.838396278081118
ATACTC	0.2835045409792794
ATACTG	0.2102600200270213
GTTGTT	1.1475033568502966
GTTGTA	1.2905495479551556
GTTGAT	0.7039361170664485
GTTGAA	0.3118770222801795
GTTTCT	0.9521468115503761
GTTTCA	0.9491537464992745
ATACAC	1.5072711838454587
ATACAG	1.676792556162236
ATAGCT	1.471820140189149
ATAGCA	0.838396278081118
ATAGGT	0.7796925557004488
ATAGGA	0.621793279257562
ATAGTC	0.0
ATAGTG	0.46781553342026916
TAAACC	0.7536355919227293
TAAACG	1.3973271301351966
TAAAGC	1.1178617041081576
TAAAGG	1.243586558515124
ATAGAC	0.5589308520540788
ATAGAG	0.20726442641918733
ATATCC	0.8505136229378383
ATATCG	0.6307800600810639
ATATGC	1.0513001001351063
ATATGG	0.15593851114008972
TAAGGT	0.6237540445603591
TAAGGA	0.621793279257562
TAAGTC	1.0513001001351063
TAAGTG	1.4034466002608075
TAAGAC	0.5589308520540788
TAAGAG	1.243586558515124
TAATCC	1.984531786854956
TAATCG	0.6307800600810639
TAATGC	1.4718201401891489
TAATGG	0.7796925557004486
ATAACC	0.7536355919227293
ATAACG	0.27946542602703933
ATAAGC	1.1178617041081576
ATAAGG	1.243586558515124
GTTCTT	0.833128460106579
GTTCTA	1.107346037582487
TAACCT	0.8505136229378383
TAACCA	0.7536355919227294
TAACGT	0.6307800600810639
TAACGA	0.0
TAACTC	0.8505136229378383
TAACTG	1.2615601201621278
TAACAC	1.1304533878840939
TAACAG	3.0741196862974327
TAAGCT	1.2615601201621278
TAAGCA	0.2794654260270394
GTTCAT	0.6327691643328498
GTTCAA	0.8410400801080852
GTGATT	0.7039361170664484
GTGATA	0.9356310668405383
GTGAAT	0.9356310668405383
GTGAAA	1.0363221320959366
CGATTT	0.4745768732496372
CGATTA	1.0513001001351063
CGATAT	0.6307800600810637
CGATAA	0.8383962780811179
TATACC	1.1340181639171178
TATACG	0.6307800600810639
TATAGC	1.261560120162128
TATAGG	0.7796925557004488
TATTCC	0.4265978179231895
TATTCG	0.47457687324963743
TATTGC	1.2655383286656998
TATTGG	1.055904175599673
GTGTAT	0.4692907447109656
GTGTAA	1.5593851114008972
GCTTTT	0.9521468115503761
GCTTTA	1.2655383286656992
GCTTAT	0.6327691643328496
GCTTAA	2.1026002002702127
GCTAAT	2.312860220297234
GCTAAA	0.0
GTGTTT	1.059233867861812
GTGTTA	1.5251949203106383
AACCTT	1.1340181639171174
AACCTA	0.37681779596136467
AACCAT	0.7536355919227293
AACCAA	0.5008443634190624
CCTTAT	1.4930923627311627
CCTTAA	1.1340181639171174
TATCAC	1.1340181639171178
TATCAG	0.4205200400540426
TATGCT	1.4237306197489121
TATGCA	1.0513001001351066
TATGGT	1.2905495479551556
TATGGA	0.0
TATGTC	0.0
TATGTG	0.2346453723554829
TATGAC	0.0
TATGAG	1.403446600260808
TATCTC	0.6398967268847843
TATCTG	1.2655383286656998
TGAATC	1.2615601201621276
TGAATG	1.091569577980628
TGAAAC	1.1178617041081576
TGAAAG	0.20726442641918733
CTAAGT	1.471820140189149
CTAAGA	1.1178617041081576
CTAATC	2.5515408688135146
CTAATG	1.0513001001351066
TAGACT	1.0513001001351066
TAGACA	0.5589308520540788
TAGAGT	0.15593851114008977
TAGAGA	1.0363221320959366
TAGATC	0.0
TAGATG	0.9356310668405383
TAGAAC	0.0
TAGAAG	1.243586558515124
TATCCT	0.8531956358463793
TATCCA	0.28350454097927946
TATCGT	0.31638458216642495
TATCGA	0.0
GCTATT	2.372884366248186
GCTATA	1.0513001001351063
GTCAAT	1.6820801602161704
GTCAAA	1.397327130135197
CCTTTT	1.76526509408839
CCTTTA	3.199483634423921
GTCTAT	1.107346037582487
GTCTAA	0.4205200400540426
GTCATT	0.9491537464992746
GTCATA	0.6307800600810639
AACGTT	1.2615601201621274
AACGTA	0.5589308520540786
AACGAT	1.117861704108157
AACGAA	0.0
GCATTT	1.1073460375824868
GCATTA	1.0513001001351063
TTCCAT	0.6398967268847843
TTCCAA	0.5670090819585588
TAGGAT	1.2475080891207178
TAGGAA	0.41452885283837465
TAGTCT	0.7909614554160622
TAGTCA	1.0513001001351066
TAGTGT	0.5866134308887071
TAGTGA	1.247508089120718
TAGTTC	0.7909614554160622
TAGTTG	0.7039361170664485
TAGTAC	0.6307800600810638
TAGTAG	1.4034466002608075
TTCGAT	0.6327691643328498
TTCGAA	0.2102600200270213
TTCTCT	1.4443078042541373
TTCTCA	1.2797934537695685
TAGCTT	2.056499784081762
TAGCTA	1.471820140189149
TAGCAT	1.2615601201621278
TAGCAA	2.235723408216315
TAGGTT	1.173226861777414
TAGGTA	0.7796925557004486
CTAAAC	1.1304533878840939
CTAAAG	1.676792556162236
TTCCTT	0.8023932245856318
TTCCTA	0.6398967268847843
TTCACT	1.4930923627311636
TTCACA	1.4175227048963972
TACAGT	1.6820801602161704
TACAGA	1.1178617041081576
TACATC	0.8505136229378383
TACATG	1.0513001001351066
TACAAC	1.8840889798068232
TACAAG	0.838396278081118
TTCGTT	0.47607340577518803
TTCGTA	0.15819229108321242
GCATAT	1.051300100135106
GCATAA	2.235723408216314
GTCTTT	1.071165162994173
GTCTTA	1.5819229108321242
AACTCT	1.1340181639171174
AACTCA	0.37681779596136467
AACTGT	0.8410400801080848
AACTGA	0.2794654260270393
AACTTC	0.2835045409792793
AACTTG	0.8410400801080848
AACTAC	0.7536355919227292
AACTAG	1.117861704108157
TACTAC	1.7010272458756766
TACTAG	3.574420340459362
TACACT	1.1340181639171176
TACACA	0.3768177959613647
TTCTGT	0.7141101086627821
TTCTGA	0.6327691643328498
TTCTTC	2.086222383922643
TTCTTG	0.5950917572189851
TTCTAC	1.2797934537695683
TTCTAG	0.9491537464992745
TTCAAC	0.5670090819585589
TTCAAG	1.0513001001351066
TACGTT	1.2655383286656996
TACGTA	0.2102600200270213
TACGAT	0.4205200400540426
TACGAA	0.8383962780811182
TACTCT	1.066494544807974
TACTCA	0.8505136229378383
TACTGT	0.6327691643328498
TACTGA	0.8410400801080852
TACTTC	1.4930923627311632
TACTTG	0.7909614554160621
TTGCTT	1.19018351443797
TTGCTA	1.898307492998549
TTGCAT	1.4237306197489121
TTGCAA	1.8923401802431916
TTGGTT	1.4123118238157497
TTGGTA	0.9385814894219314
CTAACT	1.1340181639171176
CTAACA	1.130453387884094
TACCTT	1.9196901806543525
TACCTA	0.5670090819585588
TACCAT	0.5670090819585588
TACCAA	1.5072711838454589
TTCAGT	0.9491537464992749
TTCAGA	0.21026002002702132
TTCATC	1.066494544807974
TTCATG	0.7909614554160623
GCAAAT	1.3973271301351966
GCAAAA	0.7428984771754285
AACACT	0.37681779596136467
AACACA	1.502533090257187
AACAGT	2.235723408216314
AACAGA	1.857246192938571
AACATC	1.5072711838454587
AACATG	1.1178617041081573
AACAAC	0.5008443634190624
AACAAG	0.3714492385877143
GGAATT	0.9356310668405383
GGAATA	1.4508509849343114
CTATGT	0.6327691643328498
CTATGA	1.0513001001351066
CTATTC	0.42659781792318946
CTATTG	1.5819229108321242
CTATAC	1.7010272458756766
CTATAG	1.471820140189149
GGAAAT	0.41452885283837465
GGAAAA	1.1019354268499397
GCAATT	1.6820801602161697
GCAATA	1.6767925561622359
GGATTT	1.0559041755996725
GGATTA	1.8712621336810766
GGATAT	0.6237540445603589
GGATAA	0.41452885283837465
AAGCTT	1.2615601201621274
AAGCTA	1.6767925561622359
AAGCAT	1.117861704108157
AAGCAA	1.485796954350857
TTAAGC	0.630780060081064
TTAAGG	0.9356310668405385
TTGGAT	0.5866134308887071
TTGGAA	0.623754044560359
TTGTCT	0.9521468115503761
TTGTCA	0.31638458216642484
TTGTGT	0.8826948898848435
TTGTGA	0.7039361170664484
TTGTTC	0.9521468115503761
TTGTTG	0.7061559119078747
TTATGC	1.1073460375824873
TTATGG	0.5866134308887073
TTAACC	1.1340181639171178
TTAACG	1.471820140189149
CCAATT	1.4175227048963972
CCAATA	0.3768177959613647
CCAAAT	0.7536355919227294
CCAAAA	1.0016887268381247
CCATTT	1.4930923627311632
CCATTA	1.417522704896397
CCTAAT	1.4175227048963968
CCTAAA	1.5072711838454587
CCTATT	1.4930923627311627
CCTATA	0.28350454097927935
AAGGTT	0.9356310668405383
AAGGTA	1.4508509849343114
AAGGAT	0.41452885283837465
AAGGAA	1.6529031402749095
GGTTAT	1.6425176064883797
GGTTAA	2.4950161782414355
TTAGCT	2.372884366248187
TTAGCA	2.102600200270213
TTAGGT	1.5251949203106385
TTAGGA	1.0915695779806283
TTAGTC	0.9491537464992749
TTAGTG	1.6425176064883804
TTAGAC	1.261560120162128
TTAGAG	0.46781553342026927
TTATCC	0.6398967268847843
TTATCG	0.31638458216642495
TTACCT	2.1329890896159482
TTACCA	1.4175227048963972
TTACGT	0.9491537464992749
TTACGA	0.630780060081064
TTACTC	1.919690180654353
TTACTG	1.4237306197489121
TTACAC	2.2680363278342357
TTACAG	1.6820801602161704
GGTATT	1.5251949203106383
GGTATA	0.7796925557004486
GGTAAT	0.9356310668405383
GGTAAA	1.6581154113534986
AAGTCT	0.841040080108085
AAGTCA	0.838396278081118
AAGTGT	1.4034466002608075
AAGTGA	0.621793279257562
AAGTTC	0.21026002002702124
AAGTTG	1.2475080891207178
AAGTAC	0.0
AAGTAG	0.621793279257562
TTTACC	1.7063912716927578
TTTACG	0.31638458216642484
TTTAGC	1.740115201915337
TTTAGG	2.9330671544435356
CCATAT	0.5670090819585588
CCATAA	0.7536355919227294
GGTTTT	1.4123118238157495
GGTTTA	1.5251949203106383
AAGACT	0.2794654260270394
AAGACA	0.3714492385877143
AAGAGT	1.6581154113534986
AAGAGA	1.6529031402749095
AAGATC	0.0
AAGATG	0.41452885283837465
AAGAAC	0.37144923858771434
AAGAAG	0.5509677134249699
TTTGAC	1.2655383286656996
TTTGAG	0.7039361170664485
TTTTCC	1.2838291593370108
TTTTCG	0.5950917572189851
TTTTGC	0.8331284601065793
TTTTGG	1.500581312804234
AATCCT	0.8505136229378383
AATCCA	0.3768177959613647
AATCGT	0.4205200400540426
AATCGA	0.838396278081118
AATCTC	0.5670090819585588
AATCTG	1.0513001001351066
AATCAC	2.2609067757681878
AATCAG	0.838396278081118
AATGCT	1.0513001001351066
AATGCA	1.3973271301351968
AATGGT	1.0915695779806283
AATGGA	0.20726442641918733
TTGATC	0.3163845821664249
TTGATG	0.35196805853322427
TTTCAC	1.2797934537695683
TTTCAG	0.7909614554160621
TTTGCT	1.9042936231007521
TTTGCA	0.31638458216642484
TTTGGT	1.5005813128042338
TTTGGA	0.4692907447109656
TTTGTC	1.19018351443797
TTTGTG	0.529616933930906
TTTCCT	0.9628718695027582
TTTCCA	0.4265978179231895
TTTCGT	0.47607340577518814
TTTCGA	1.107346037582487
TTTCTC	1.76526509408839
TTTCTG	0.9521468115503763
TTGTAC	0.6327691643328498
TTGTAG	1.2905495479551556
TTGACT	0.9491537464992746
TTGACA	1.2615601201621278
TTGAGT	1.1732268617774142
TTGAGA	0.15593851114008975
AATGTC	1.2615601201621276
AATGTG	0.46781553342026916
AATGAC	0.5589308520540788
AATGAG	0.8290577056767493
AATTCC	0.8505136229378383
AATTCG	0.8410400801080852
AATTGC	2.9436402803782977
AATTGG	1.5593851114008972
AATACC	1.1304533878840939
AATACG	1.1178617041081573
AATAGC	0.5589308520540788
AATAGG	1.243586558515124
AAAGCT	1.3973271301351968
AAAGCA	1.4857969543508571
AAAGGT	1.6581154113534986
AAAGGA	1.6529031402749095
AAAGTC	0.27946542602703933
AAAGTG	1.4508509849343114
AAAGAC	0.37144923858771434
AAAGAG	0.8264515701374547
TTGAAC	0.21026002002702124
TTGAAG	1.2475080891207178
AAATGC	1.1178617041081573
AAATGG	0.20726442641918733
AAAGCC	1.257069763631013
AAAGCG	0.9323008117028275
AAAGGC	0.46615040585141376
AAAGGG	0.6914372047189596
TTTCCC	1.0827789421129266
TTTCCG	0.5353591427897452
TTTCGC	1.0707182855794903
TTTCGG	0.9926174700394643
TTGACC	1.7789208202536466
TTGACG	0.26386591622202915
TTGAGC	0.5277318324440583
TTGAGG	1.3698657822677687
TTTGCC	0.8030387141846178
TTTGCG	0.9926174700394642
TTTGGC	2.3822819280947134
TTTGGG	1.3251074678936485
TTACCC	1.9188893086557486
TTACCG	2.134704984304377
TTACGC	0.0
TTACGG	0.7915977486660877
TTAGCC	1.0673524921521884
TTAGCG	1.055463664888117
TTAGGC	2.110927329776233
TTAGGG	3.326816899793153
TTGGAC	0.5277318324440583
TTGGAG	0.5870853352576152
TTGTCC	0.8030387141846178
TTGTCG	0.5955704820236785
TTGTGC	0.5955704820236783
TTGTGG	0.44170248929788286
CTATGC	1.067352492152188
CTATGG	1.3193295811101458
TTGCTC	1.6060774283692356
TTGCTG	2.382281928094714
TTGCAC	1.4231366562029173
TTGCAG	1.5831954973321751
TTGGCT	1.5881879520631426
TTGGCA	1.0554636648881166
TTGGGT	1.6195757940922375
TTGGGA	0.9784755587626918
TTGGTC	1.1911409640473571
TTGGTG	1.3251074678936487
CTAACC	1.275238198097034
CTAACG	0.0
TACCCT	1.918889308655748
TACCCA	1.2752381980970338
TACCGT	0.7115683281014588
TACCGA	0.0
TACCTC	2.3986116358196847
TACCTG	0.7115683281014586
TACCAC	1.275238198097034
TACCAG	0.945775359170356
TTCAGC	1.7789208202536473
TTCAGG	1.055463664888117
TTGCCT	1.0707182855794903
TTGCCA	0.7115683281014588
TTGCGT	0.5955704820236785
TTGCGA	0.7915977486660876
TACGCT	0.7115683281014588
TACGCA	0.472887679585178
TACGGT	0.5277318324440585
TACGGA	0.7014305494837078
TACGTC	0.3557841640507293
TACGTG	0.5277318324440583
TACGAC	0.0
TACGAG	1.4028610989674155
TACTCC	0.4797223271639371
TACTCG	0.7115683281014588
TACTGC	1.7789208202536466
TACTGG	0.5277318324440583
TACACC	1.9128572971455509
TACACG	2.3644383979258903
TTCTGC	1.6060774283692356
TTCTGG	1.7867114460710358
TTCACC	0.47972232716393715
TTCACG	1.0673524921521884
TACAGC	2.3644383979258903
TACAGG	0.7014305494837076
TAGCCT	1.0673524921521882
TAGCCA	0.0
TAGCGT	1.055463664888117
TAGCGA	0.7014305494837078
TTCGCT	0.2676795713948726
TTCGCA	0.7115683281014588
TTCGGT	0.5955704820236785
TTCGGA	0.5277318324440583
TTCGTC	1.0707182855794903
TTCGTG	0.39704698801578564
TTCGAC	1.067352492152188
TTCGAG	1.0554636648881166
TTCTCC	0.3609263140376422
TTCTCG	0.5353591427897452
TAGCTC	2.134704984304376
TAGCTG	2.902525078442321
TAGCAC	2.3644383979258903
TAGCAG	1.7535763737092696
TAGGCT	1.3193295811101458
TAGGCA	0.7014305494837076
TAGGGT	1.7612560057728452
TAGGGA	0.7803197836227326
TAGGTC	1.5831954973321751
TAGGTG	1.3698657822677685
TTCCCT	1.0827789421129266
TTCCCA	0.0
TTCCGT	0.2676795713948726
TTCCGA	0.7115683281014588
TTCCTC	0.3609263140376422
TTCCTG	0.8030387141846178
TTCCAC	0.0
TTCCAG	1.0673524921521882
TAGGAC	0.0
TAGGAG	1.300532972704554
TAGTCC	0.7115683281014586
TAGTCG	0.0
TAGTGC	0.7915977486660876
TAGTGG	1.7612560057728455
TAGACC	0.0
TAGACG	1.0521458242255615
TAGAGC	0.7014305494837078
TAGAGG	1.0404263781636434
TATCCC	1.9188893086557486
TATCCG	0.0
TATCGC	0.0
TATCGG	1.5831954973321753
CTAAGC	0.472887679585178
CTAAGG	0.0
TATGCC	1.4231366562029177
TATGCG	0.26386591622202926
TATGGC	0.26386591622202915
TATGGG	0.5870853352576152
TAACCC	1.9128572971455509
TAACCG	0.0
TAACGC	0.945775359170356
TAACGG	1.0521458242255615
TAAGCC	1.4186630387555341
TAAGCG	0.3507152747418538
TAAGGC	1.4028610989674155
TAAGGG	0.5202131890818217
TGAACC	0.0
TGAACG	0.3507152747418538
TGAAGC	1.4028610989674155
TGAAGG	0.7803197836227326
CTAGGT	1.055463664888117
CTAGGA	0.7014305494837078
CTAGTC	1.4231366562029173
CTAGTG	1.0554636648881166
CTAGAC	0.0
CTAGAG	1.0521458242255617
CTATCC	0.9594446543278742
CTATCG	0.7115683281014588
TGAGTC	1.0554636648881166
TGAGTG	0.9784755587626918
TGAGAC	0.3507152747418538
TGAGAG	1.5606395672454647
TGATCC	0.3557841640507293
TGATCG	0.5277318324440583
TGATGC	0.26386591622202915
TGATGG	0.7827804470101536
TGACCT	0.3557841640507294
TGACCA	0.472887679585178
TGACGT	0.26386591622202926
TGACGA	0.7014305494837078
TGACTC	0.3557841640507293
TGACTG	1.5831954973321751
TGACAC	0.472887679585178
TGACAG	1.0521458242255617
TGAGCT	1.0554636648881166
TGAGCA	0.7014305494837076
TGAGGT	0.7827804470101535
TGAGGA	0.7803197836227326
ACCCTT	0.959444654327874
ACCCTA	0.6376190990485169
ACCCAT	0.0
ACCCAA	2.542458996279996
CTACGT	0.7115683281014588
CTACGA	0.472887679585178
CTACTC	0.479722327163937
CTACTG	1.067352492152188
CTACAC	0.0
CTACAG	1.891550718340712
TGTACC	1.067352492152188
TGTACG	0.0
TGTAGC	2.110927329776233
TGTAGG	1.1741706705152304
CTAGCT	2.846273312405835
CTAGCA	3.310213757096246
ACCGTT	0.35578416405072927
ACCGTA	0.47288767958517797
ACCGAT	0.0
ACCGAA	0.0
ACCTCT	2.3986116358196847
ACCTCA	0.6376190990485169
ACCTGT	1.0673524921521882
ACCTGA	0.472887679585178
ACCTTC	0.479722327163937
ACCTTG	0.0
ACCTAC	0.637619099048517
ACCTAG	0.0
ACCACT	0.637619099048517
ACCACA	3.3899453283733285
CTTAGC	1.0673524921521877
CTTAGG	1.3193295811101455
TGTTCC	0.8030387141846178
TGTTCG	0.39704698801578564
TGTTGC	1.3896644580552495
TGTTGG	1.9140441202908258
CACCAT	0.637619099048517
CACCAA	2.542458996279996
CACGTT	0.35578416405072927
CACGTA	0.47288767958517797
TGTGCT	0.19852349400789282
TGTGCA	0.7915977486660876
TGTGGT	0.7361708154964716
TGTGGA	0.39139022350507674
TGTGTC	0.39704698801578575
TGTGTG	0.14723416309929432
TGTGAC	0.5277318324440583
TGTGAG	0.978475558762692
TGTCCT	1.0707182855794903
TGTCCA	0.7115683281014588
TGTCGT	0.19852349400789282
TGTCGA	1.0554636648881166
TGTCTC	0.2676795713948726
TGTCTG	0.7940939760315713
TGTCAC	0.3557841640507293
TGTCAG	1.3193295811101458
CACCTT	0.479722327163937
CACCTA	1.2752381980970338
CTACCT	1.4391669814918109
CTACCA	1.2752381980970338
ACCAGT	1.8915507183407119
ACCAGA	0.6285348818155065
ACCATC	0.637619099048517
ACCATG	0.945775359170356
ACCAAC	1.6949726641866643
ACCAAG	0.6285348818155065
ACGCTT	1.0673524921521877
ACGCTA	1.418663038755534
ACGCAT	0.9457753591703559
ACGCAA	0.6285348818155064
TGGATC	1.3193295811101458
TGGATG	0.19569511175253837
TGGAAC	1.0521458242255615
TGGAAG	0.5202131890818216
CACGAT	1.418663038755534
CACGAA	2.514139527262026
CACTCT	0.959444654327874
CACTCA	0.6376190990485169
CACTGT	0.7115683281014588
CACTGA	0.472887679585178
CACTTC	0.479722327163937
CACTTG	0.7115683281014586
CCCATT	1.918889308655748
CCCATA	1.2752381980970338
CTTTGC	1.0707182855794903
CTTTGG	0.7940939760315713
CTTACC	2.3986116358196847
CTTACG	1.0673524921521877
TGGTCT	1.3896644580552495
TGGTCA	1.0554636648881164
TGGTGT	1.7668099571915317
TGGTGA	1.1741706705152302
TGGTTC	0.5955704820236783
TGGTTG	0.7361708154964715
TGGTAC	0.0
TGGTAG	0.9784755587626918
TGGACT	0.26386591622202915
TGGACA	1.4028610989674153
TGGAGT	0.19569511175253837
TGGAGA	0.26010659454091084
CACTAC	2.550476396194068
CACTAG	1.4186630387555341
CACACT	0.637619099048517
CACACA	0.8474863320933321
CACAGT	1.8915507183407119
CACAGA	3.1426744090775327
CACATC	0.637619099048517
CACATG	0.0
TGGGTT	1.7668099571915317
TGGGTA	0.7827804470101535
TGGGAT	0.19569511175253837
TGGGAA	1.3005329727045543
CGTTCT	0.2676795713948726
CGTTCA	1.423136656202917
CGTTGT	0.5955704820236783
CGTTGA	0.5277318324440582
CGTTTC	0.8030387141846177
CGTTTG	0.5955704820236783
CCGTAT	0.35578416405072927
CCGTAA	0.9457753591703559
TGGCTT	1.191140964047357
TGGCTA	0.7915977486660876
TGGCAT	0.5277318324440583
TGGCAA	1.4028610989674153
CCCAAT	1.275238198097034
CCCAAA	2.542458996279996
ACGGTT	0.7915977486660873
ACGGTA	0.0
ACGGAT	0.35071527474185377
ACGGAA	0.9323008117028273
ACGTCT	0.0
ACGTCA	0.9457753591703559
ACGTGT	0.2638659162220291
ACGTGA	0.35071527474185377
ACGTTC	0.7115683281014585
ACGTTG	0.5277318324440582
CAGCTT	1.0673524921521877
CAGCTA	3.3102137570962458
CAGCAT	1.418663038755534
CAGCAA	2.5141395272620257
TGCATC	1.067352492152188
TGCATG	0.7915977486660876
TGCAAC	1.4186630387555341
TGCAAG	1.7535763737092696
CCGTTT	0.2676795713948726
CCGTTA	0.7115683281014585
CACAAC	0.0
CACAAG	0.6285348818155065
TGCTTC	0.8030387141846178
TGCTTG	0.7940939760315713
TGCTAC	1.7789208202536466
TGCTAG	1.5831954973321751
TGCACT	0.7115683281014588
TGCACA	1.4186630387555341
TGCAGT	1.3193295811101462
TGCAGA	1.4028610989674155
CGTTAC	2.1347049843043755
CGTTAG	1.5831954973321747
CAGACT	0.9457753591703559
CAGACA	1.8856046454465194
CAGGTT	0.5277318324440582
CAGGTA	1.0521458242255615
CAGGAT	1.7535763737092689
CAGGAA	1.398451217554241
CAGTCT	0.0
CAGTCA	0.47288767958517797
TGCGTT	0.39704698801578564
TGCGTA	1.0554636648881166
TGCGAT	0.26386591622202915
TGCGAA	0.0
TGCTCT	1.0707182855794903
TGCTCA	1.4231366562029175
TGCTGT	2.382281928094714
TGCTGA	1.3193295811101458
ACGTAC	0.0
ACGTAG	0.7014305494837075
CTTGGT	0.5955704820236785
CTTGGA	0.26386591622202915
CTTGTC	0.2676795713948726
CTTGTG	0.7940939760315713
CTTGAC	1.4231366562029173
CTTGAG	0.5277318324440583
CTTTCC	0.36092631403764214
CTTTCG	1.0707182855794903
CATCCT	1.4391669814918109
CATCCA	2.5504763961940675
TGCCTT	0.5353591427897452
TGCCTA	0.3557841640507294
TGCCAT	0.7115683281014588
TGCCAA	1.891550718340712
CAGTGT	1.3193295811101455
CAGTGA	1.402861098967415
CAGTTC	1.0673524921521877
CAGTTG	2.374793245998262
CAGTAC	1.4186630387555335
CAGTAG	1.402861098967415
ACGACT	0.0
ACGACA	0.6285348818155064
ACGAGT	0.7014305494837075
ACGAGA	2.3307520292570683
ACGATC	1.4186630387555335
ACGATG	0.0
ACGAAC	0.0
ACGAAG	1.398451217554241
ACTCCT	0.0
ACTCCA	0.0
CAGAGT	0.35071527474185377
CAGAGA	1.398451217554241
CAGATC	0.9457753591703557
CAGATG	1.7535763737092689
CAGAAC	0.6285348818155064
CAGAAG	2.796902435108482
ACTCGT	0.7115683281014588
ACTCGA	0.945775359170356
ACTCTC	0.0
ACTCTG	1.067352492152188
ACTCAC	0.0
ACTCAG	0.472887679585178
ACTGCT	2.1347049843043755
ACTGCA	0.47288767958517797
ACTGGT	1.0554636648881166
ACTGGA	0.7014305494837076
ACTGTC	0.7115683281014585
ACTGTG	0.2638659162220291
TCAACC	0.637619099048517
TCAACG	1.4186630387555341
TCAAGC	1.891550718340712
TCAAGG	1.0521458242255615
ACTGAC	0.9457753591703559
ACTGAG	0.7014305494837075
ACTTCC	0.479722327163937
ACTTCG	0.0
ACTTGC	2.846273312405834
ACTTGG	0.7915977486660873
ACTACC	0.637619099048517
ACTACG	1.4186630387555341
ACTAGC	4.255989116266602
ACTAGG	2.104291648451123
TCAGAC	0.472887679585178
TCAGAG	0.3507152747418539
TCATCC	3.3580562901475597
TCATCG	0.3557841640507294
TCATGC	1.7789208202536466
TCATGG	1.0554636648881166
TCACGT	0.0
TCACGA	1.4186630387555341
TCACTC	0.959444654327874
TCACTG	1.067352492152188
TCACAC	0.0
TCACAG	1.891550718340712
TCAGCT	1.4231366562029175
TCAGCA	1.4186630387555341
TCAGGT	0.7915977486660877
TCAGGA	0.7014305494837078
TCAGTC	0.0
TCAGTG	1.0554636648881166
CTTCGT	0.5353591427897452
CTTCGA	0.3557841640507293
CTTCTC	1.0827789421129264
CTTCTG	1.6060774283692354
CTTCAC	0.959444654327874
CTTCAG	0.7115683281014586
TCTAGC	1.7789208202536464
TCTAGG	0.7915977486660873
TCACCT	0.479722327163937
TCACCA	0.6376190990485169
CTTGCT	1.338397856974363
CTTGCA	1.0673524921521882
ACACCT	1.275238198097034
ACACCA	1.6949726641866643
ACACGT	0.9457753591703559
ACACGA	2.514139527262026
ACACTC	0.0
ACACTG	0.0
ACACAC	2.542458996279996
ACACAG	1.8856046454465196
ACAGCT	1.8915507183407119
ACAGCA	1.257069763631013
ACAGGT	0.7014305494837076
ACAGGA	3.72920324681131
ACAGTC	0.945775359170356
ACAGTG	2.8057221979348306
ACAGAC	2.514139527262026
ACAGAG	0.9323008117028275
ACATCC	1.9128572971455509
ACATCG	1.4186630387555341
ACATGC	2.3644383979258903
ACATGG	1.0521458242255615
TCTTGC	0.5353591427897452
TCTTGG	1.191140964047357
TCTACC	1.4391669814918109
TCTACG	0.0
ACAACC	0.8474863320933321
ACAACG	1.257069763631013
ACAAGC	1.257069763631013
ACAAGG	0.46615040585141376
CATGCT	3.2020574764565635
CATGCA	0.47288767958517797
TCTGCT	1.338397856974363
TCTGCA	1.778920820253647
TCTGGT	1.5881879520631426
TCTGGA	0.7915977486660876
TCTGTC	1.0707182855794903
TCTGTG	0.7940939760315713
TCTGAC	0.3557841640507293
TCTGAG	1.3193295811101458
TCTTCC	0.7218526280752843
TCTTCG	1.0707182855794903
CTGAGT	1.055463664888117
CTGAGA	1.0521458242255617
CTGATC	0.3557841640507293
CTGATG	0.7915977486660876
TCTCAC	0.0
TCTCAG	1.4231366562029173
CATCGT	0.3557841640507294
CATCGA	0.472887679585178
CATCTC	0.959444654327874
CATCTG	1.067352492152188
CATCAC	1.275238198097034
CATCAG	0.0
TCGAGT	0.26386591622202926
TCGAGA	0.3507152747418539
TCGATC	1.067352492152188
TCGATG	1.3193295811101458
TCGAAC	0.0
TCGAAG	0.7014305494837078
TCTCCT	1.0827789421129266
TCTCCA	0.4797223271639371
TCTCGT	0.5353591427897452
TCTCGA	0.3557841640507293
TCTCTC	1.8046315701882107
TCTCTG	0.2676795713948726
CTGAAC	0.945775359170356
CTGAAG	0.7014305494837078
CTTCCT	0.7218526280752844
CTTCCA	1.439166981491811
AGCCTT	1.423136656202917
AGCCTA	1.8915507183407119
AGCCAT	1.8915507183407119
AGCCAA	1.8856046454465196
CTGTGT	0.19852349400789282
CTGTGA	1.0554636648881166
CTGTTC	1.8737569997641084
CTGTTG	2.1837584340868212
TCGTCT	0.8030387141846178
TCGTCA	0.7115683281014588
TCGTGT	0.39704698801578564
TCGTGA	0.26386591622202915
TCGTTC	0.5353591427897452
TCGTTG	0.5955704820236785
TCGTAC	0.3557841640507293
TCGTAG	0.7915977486660876
TCGACT	1.4231366562029175
TCGACA	0.0
TCGGTT	0.9926174700394642
TCGGTA	0.0
TCGGAT	0.26386591622202915
TCGGAA	1.7535763737092693
CATGGT	0.5277318324440583
CATGGA	0.7014305494837076
CATGTC	0.35578416405072927
CATGTG	0.5277318324440582
CATGAC	0.9457753591703559
CATGAG	1.0521458242255615
CATTCC	0.959444654327874
CATTCG	0.35578416405072927
CATACC	0.637619099048517
CATACG	0.945775359170356
TCGCTT	0.0
TCGCTA	0.3557841640507294
TCGCAT	0.7115683281014588
TCGCAA	0.472887679585178
CCGATT	0.0
CCGATA	0.47288767958517797
CCGAAT	0.47288767958517797
CCGAAA	1.2570697636310129
CTGTAC	1.4231366562029173
CTGTAG	2.110927329776233
CTGACT	1.0673524921521882
CTGACA	1.4186630387555341
AGCGTT	2.6386591622202915
AGCGTA	0.3507152747418538
AGCGAT	1.0521458242255615
AGCGAA	0.9323008117028275
AGCTCT	1.4231366562029175
AGCTCA	1.4186630387555341
AGCTGT	0.7915977486660877
AGCTGA	1.7535763737092696
CTGGTT	1.3896644580552497
CTGGTA	1.0554636648881166
TCCATC	0.479722327163937
TCCATG	0.0
TCCAAC	1.2752381980970335
TCCAAG	0.47288767958517797
CATTGC	2.1347049843043755
CATTGG	0.7915977486660873
CTGGAT	1.0554636648881166
CTGGAA	1.4028610989674153
CTGTCT	1.0707182855794903
CTGTCA	0.7115683281014588
AGCTTC	1.067352492152188
AGCTTG	1.8470614135542043
AGCTAC	2.3644383979258903
AGCTAG	2.455006923192977
AGCACT	0.9457753591703559
AGCACA	1.257069763631013
AGCAGT	2.4550069231929768
AGCAGA	0.46615040585141376
CAACCT	1.9128572971455509
CAACCA	1.6949726641866643
TCCTGT	0.2676795713948726
TCCTGA	1.067352492152188
TCCTTC	0.7218526280752843
TCCTTG	0.8030387141846177
TCCTAC	1.4391669814918109
TCCTAG	0.35578416405072927
TCCACT	0.479722327163937
TCCACA	0.0
TCCAGT	0.7115683281014585
TCCAGA	0.9457753591703559
AGCATC	1.4186630387555341
AGCATG	0.7014305494837076
AGCAAC	1.257069763631013
AGCAAG	1.3984512175542412
CCCTTT	2.165557884225853
CCCTTA	1.9188893086557484
CGTAAC	0.47288767958517797
CGTAAG	1.0521458242255615
CTGCTT	1.6060774283692356
CTGCTA	2.4904891483551057
TCCGAT	0.0
TCCGAA	0.9457753591703559
TCCTCT	0.7218526280752842
TCCTCA	0.959444654327874
CATAGC	1.4186630387555341
CATAGG	1.0521458242255615
CAACAC	1.6949726641866643
CAACAG	3.1426744090775327
CAAGCT	0.47288767958517797
CAAGCA	2.514139527262026
CCTCAT	0.959444654327874
CCTCAA	0.0
TCCCTT	2.165557884225853
TCCCTA	1.439166981491811
TCCCAT	1.918889308655748
TCCCAA	1.9128572971455506
TCCGTT	0.5353591427897452
TCCGTA	0.0
CTGCAT	1.4231366562029175
CTGCAA	0.945775359170356
CCCTAT	2.3986116358196847
CCCTAA	1.9128572971455506
AGGCTT	1.8470614135542043
AGGCTA	2.4550069231929768
AGGCAT	0.3507152747418538
AGGCAA	0.46615040585141376
CTCAAC	0.6376190990485168
CTCAAG	0.0
CGTACT	0.0
CGTACA	0.0
CGTAGT	0.5277318324440583
CGTAGA	0.3507152747418538
CCTCTT	1.804631570188211
CCTCTA	1.9188893086557484
CAACGT	1.418663038755534
CAACGA	1.8856046454465196
CAACTC	1.275238198097034
CAACTG	0.0
GAAAGC	0.9323008117028275
GAAAGG	0.6914372047189596
CAAGGT	1.4028610989674153
CAAGGA	0.46615040585141376
CAAGTC	0.472887679585178
CAAGTG	0.7014305494837076
CAAGAC	0.6285348818155065
CAAGAG	1.864601623405655
CAATCC	1.9128572971455509
CAATCG	1.4186630387555341
CGTATC	0.35578416405072927
CGTATG	0.2638659162220291
AGGGTT	1.9569511175253835
AGGGTA	0.26010659454091084
AGGGAT	0.5202131890818216
AGGGAA	1.3828744094379193
CTCTAC	0.959444654327874
CTCTAG	1.0673524921521877
CTCACT	0.0
CTCACA	0.0
CTCAGT	1.423136656202917
CTCAGA	0.9457753591703559
GAATGC	0.7014305494837078
GAATGG	0.26010659454091084
GAAACC	0.6285348818155065
GAAACG	0.46615040585141376
CTCATC	2.3986116358196847
CTCATG	0.7115683281014585
AGGTCT	1.5831954973321751
AGGTCA	1.7535763737092693
AGGTGT	0.9784755587626918
AGGTGA	0.7803197836227326
AGGTTC	0.0
AGGTTG	0.7827804470101535
AGGTAC	0.7014305494837076
AGGTAG	1.5606395672454647
GAAGCT	1.4028610989674153
GAAGCA	1.3984512175542412
GAAGGT	0.7803197836227324
GAAGGA	1.3828744094379193
GAAGTC	1.0521458242255615
GAAGTG	0.7803197836227324
GAAGAC	0.9323008117028275
GAAGAG	2.4200302165163587
GAATCC	0.472887679585178
GAATCG	0.3507152747418538
GAACCT	0.47288767958517797
GAACCA	0.0
GAACGT	0.0
GAACGA	0.46615040585141376
GAACTC	0.945775359170356
GAACTG	1.4028610989674153
GAACAC	0.0
GAACAG	1.3984512175542412
AGGACT	0.0
AGGACA	0.0
AGGAGT	1.8207461617863756
AGGAGA	1.3828744094379193
AGGATC	0.7014305494837076
AGGATG	0.5202131890818216
AGGAAC	0.9323008117028275
AGGAAG	1.3828744094379193
AGTCCT	1.4231366562029175
AGTCCA	1.4186630387555341
AGTCGT	0.5277318324440585
AGTCGA	0.0
GATACC	0.472887679585178
GATACG	0.3507152747418538
GATAGC	0.3507152747418539
GATAGG	0.26010659454091084
AGTCTC	0.0
AGTCTG	0.26386591622202915
AGTCAC	0.472887679585178
AGTCAG	1.4028610989674155
CTCGAT	1.423136656202917
CTCGAA	0.47288767958517797
CTCTCT	1.4437052561505683
CTCTCA	0.959444654327874
CTCTGT	0.8030387141846177
CTCTGA	0.0
CTCTTC	0.36092631403764214
CTCTTG	1.8737569997641081
GATGAC	0.3507152747418538
GATGAG	0.7803197836227324
GATTCC	0.7115683281014586
GATTCG	0.26386591622202915
GATTGC	1.5831954973321751
GATTGG	0.5870853352576152
AGTGCT	0.7915977486660876
AGTGCA	1.7535763737092693
AGTGGT	1.7612560057728452
AGTGGA	1.0404263781636434
AGTGTC	0.26386591622202915
AGTGTG	0.39139022350507674
AGTGAC	1.0521458242255615
AGTGAG	1.0404263781636431
AGTTCC	0.0
AGTTCG	0.5277318324440583
AGTTGC	1.0554636648881166
AGTTGG	1.7612560057728455
AGTACC	0.472887679585178
AGTACG	1.7535763737092693
GATCTC	0.3557841640507293
GATCTG	1.0554636648881166
GATCAC	0.472887679585178
GATCAG	0.3507152747418539
GATGCT	0.5277318324440583
GATGCA	1.7535763737092693
GATGGT	0.9784755587626918
GATGGA	0.7803197836227326
GATGTC	0.5277318324440583
GATGTG	0.19569511175253837
AGTAGC	1.4028610989674155
AGTAGG	1.5606395672454652
CTCCTT	1.0827789421129266
CTCCTA	1.9188893086557484
CAAACC	0.8474863320933321
CAAACG	0.6285348818155065
GAGATC	0.3507152747418538
GAGATG	1.8207461617863756
GAGAAC	0.0
GAGAAG	1.728593011797399
GATCCT	1.0673524921521882
GATCCA	0.945775359170356
GATCGT	0.0
GATCGA	0.0
CTCCAT	0.479722327163937
CTCCAA	0.6376190990485169
CTCGTT	0.8030387141846177
CTCGTA	0.7115683281014586
AGACCT	0.47288767958517797
AGACCA	0.6285348818155065
AGACGT	0.3507152747418538
AGACGA	0.9323008117028275
AGACTC	0.945775359170356
AGACTG	0.0
AGACAC	1.8856046454465196
AGACAG	0.9323008117028275
GAGACT	0.0
GAGACA	0.9323008117028275
GAGAGT	1.8207461617863756
GAGAGA	0.3457186023594798
CAATGC	0.0
CAATGG	1.4028610989674153
GAGGTT	1.1741706705152302
GAGGTA	1.5606395672454652
GAGGAT	0.2601065945409108
GAGGAA	0.6914372047189596
GAGTCT	0.26386591622202915
GAGTCA	1.0521458242255615
GAGTGT	1.1741706705152302
GAGTGA	2.0808527563272867
GAGTTC	0.5277318324440583
GAGTTG	0.5870853352576151
GAGTAC	1.4028610989674153
GAGTAG	0.7803197836227324
AGAGCT	1.0521458242255615
AGAGCA	0.9323008117028275
AGAGGT	1.8207461617863756
AGAGGA	0.6914372047189596
AGAGTC	0.3507152747418538
AGAGTG	2.0808527563272863
AGAGAC	0.9323008117028275
AGAGAG	1.0371558070784395
AGATCC	0.945775359170356
AGATCG	0.0
AGATGC	1.7535763737092696
AGATGG	1.0404263781636434
AGAACC	0.6285348818155065
AGAACG	0.0
CAAAGC	1.8856046454465196
CAAAGG	1.864601623405655
GAGCTT	0.7915977486660876
GAGCTA	2.104291648451123
GAGCAT	0.7014305494837076
GAGCAA	0.46615040585141376
CGTGTT	0.1985234940078928
CGTGTA	0.2638659162220291
CGTGAT	0.5277318324440582
CGTGAA	0.0
GACACT	0.9457753591703559
GACACA	1.8856046454465196
GACAGT	0.7014305494837076
GACAGA	0.46615040585141376
GACATC	0.472887679585178
GACATG	1.7535763737092693
GACAAC	0.6285348818155065
GACAAG	0.46615040585141376
AGAAGC	1.3984512175542412
AGAAGG	1.728593011797399
ATCCCT	3.358056290147559
ATCCCA	0.6376190990485169
ATCCGT	0.7115683281014588
ATCCGA	0.472887679585178
CGTCTT	0.8030387141846177
CGTCTA	0.7115683281014586
CGTCAT	0.7115683281014585
CGTCAA	0.9457753591703559
GACTCT	0.0
GACTCA	0.945775359170356
GACTGT	0.7915977486660877
GACTGA	0.7014305494837078
GACTTC	0.3557841640507293
GACTTG	0.7915977486660876
GACTAC	0.945775359170356
GACTAG	0.7014305494837078
GCCATT	0.7115683281014585
GCCATA	1.418663038755534
GCCAAT	1.8915507183407119
GCCAAA	0.6285348818155064
GCCTTT	1.0707182855794903
GCCTTA	0.35578416405072927
GCCTAT	0.7115683281014585
GCCTAA	0.9457753591703559
CGGATT	0.5277318324440582
CGGATA	0.35071527474185377
CCTGAT	0.35578416405072927
CCTGAA	1.8915507183407119
GACGTT	0.0
GACGTA	0.0
GACGAT	0.0
GACGAA	0.46615040585141376
GCGTAT	0.2638659162220291
GCGTAA	1.402861098967415
CGCATT	0.7115683281014585
CGCATA	1.418663038755534
CGGTTT	1.1911409640473567
CGGTTA	1.3193295811101455
CGGTAT	0.2638659162220291
CGGTAA	0.35071527474185377
GACCTT	0.35578416405072927
GACCTA	0.47288767958517797
GACCAT	0.47288767958517797
GACCAA	0.6285348818155065
CCTGTT	1.0707182855794903
CCTGTA	1.067352492152188
CGGAAT	1.0521458242255615
CGGAAA	2.796902435108482
ATCCTC	0.959444654327874
ATCCTG	0.0
ATCCAC	0.0
ATCCAG	1.891550718340712
CGAAGT	1.402861098967415
CGAAGA	0.9323008117028273
CGAATC	0.0
CGAATG	0.7014305494837075
CGAAAC	1.2570697636310129
CGAAAG	0.9323008117028273
GCGAAT	0.35071527474185377
GCGAAA	0.46615040585141365
GTAAGC	1.0521458242255617
GTAAGG	0.26010659454091084
GCGTTT	1.1911409640473567
GCGTTA	2.374793245998262
ATCGCT	0.3557841640507294
ATCGCA	0.472887679585178
ATCGGT	1.055463664888117
ATCGGA	1.0521458242255617
ATCGTC	0.0
ATCGTG	0.26386591622202915
ATCGAC	0.0
ATCGAG	0.0
ATCTCC	0.9594446543278742
ATCTCG	0.3557841640507294
GTAACC	0.0
GTAACG	0.0
CGCAAT	0.9457753591703559
CGCAAA	0.6285348818155064
GCGATT	0.7915977486660873
GCGATA	0.35071527474185377
ATCTGC	1.067352492152188
ATCTGG	1.3193295811101458
ATCACC	1.275238198097034
ATCACG	0.0
ATCAGC	0.0
ATCAGG	0.3507152747418538
ATGCCT	0.3557841640507294
ATGCCA	1.4186630387555341
GTAGTC	0.5277318324440583
GTAGTG	0.7827804470101535
GTAGAC	0.7014305494837076
GTAGAG	1.300532972704554
GTATCC	0.3557841640507293
GTATCG	0.26386591622202915
GTATGC	1.0554636648881166
GTATGG	0.7827804470101536
GCTCAT	1.0673524921521877
GCTCAA	0.0
GTACGT	0.0
GTACGA	0.7014305494837078
GTACTC	0.0
GTACTG	0.5277318324440583
GTACAC	0.472887679585178
GTACAG	0.3507152747418539
GTAGCT	1.8470614135542043
GTAGCA	1.4028610989674153
GTAGGT	1.1741706705152302
GTAGGA	0.7803197836227326
ATGCGT	0.7915977486660877
ATGCGA	0.3507152747418539
ATGCTC	1.4231366562029173
ATGCTG	1.8470614135542043
ATGCAC	1.891550718340712
ATGCAG	1.0521458242255617
ATGGCT	0.7915977486660876
ATGGCA	0.7014305494837076
ATGGGT	0.7827804470101535
ATGGGA	0.26010659454091084
ATGGTC	0.26386591622202915
ATGGTG	1.7612560057728452
GTTAGC	2.6386591622202915
GTTAGG	1.1741706705152304
GTACCT	1.0673524921521882
GTACCA	0.472887679585178
GCTCTT	1.8737569997641081
GCTCTA	0.7115683281014586
ATGGAC	0.7014305494837076
ATGGAG	0.0
ATGTCC	0.3557841640507293
ATGTCG	0.26386591622202915
ATGTGC	0.0
ATGTGG	0.7827804470101536
ATGACC	0.0
ATGACG	0.0
ATGAGC	1.7535763737092696
ATGAGG	1.5606395672454652
ATTCCC	0.47972232716393715
ATTCCG	0.7115683281014589
ATTCGC	0.0
ATTCGG	0.5277318324440585
GTTTGC	1.1911409640473567
GTTTGG	1.03063914169506
GTTACC	1.7789208202536466
GTTACG	0.5277318324440583
ATTGCC	0.0
ATTGCG	1.3193295811101462
ATTGGC	0.7915977486660876
ATTGGG	2.1526462292779223
ATACCC	1.275238198097034
ATACCG	1.4186630387555341
ATACGC	0.945775359170356
ATACGG	0.3507152747418538
GCTTGT	0.7940939760315712
GCTTGA	1.8470614135542038
GTTGGT	1.3251074678936487
GTTGGA	1.565560894020307
GTTGTC	0.39704698801578575
GTTGTG	0.7361708154964716
GTTGAC	0.5277318324440583
GTTGAG	0.5870853352576152
GTTTCC	0.8030387141846178
GTTTCG	0.9926174700394642
ATAGCC	0.472887679585178
ATAGCG	0.3507152747418538
ATAGGC	0.7014305494837078
ATAGGG	1.3005329727045543
GTTCTC	0.5353591427897452
GTTCTG	0.9926174700394642
GTTCAC	0.7115683281014586
GTTCAG	1.5831954973321751
GTTGCT	0.7940939760315713
GTTGCA	2.3747932459982626
GCTGTT	1.7867114460710352
GCTGTA	1.8470614135542038
GCTGAT	1.0554636648881164
GCTGAA	1.0521458242255615
GCTTCT	0.8030387141846177
GCTTCA	0.7115683281014585
GCTAGT	1.5831954973321751
GCTAGA	0.7014305494837076
GTGAGT	0.5870853352576151
GTGAGA	1.0404263781636434
GTGATC	0.5277318324440583
GTGATG	0.9784755587626918
GTGAAC	0.0
GTGAAG	1.300532972704554
GTTCCT	0.0
GTTCCA	0.3557841640507294
GTTCGT	0.0
GTTCGA	0.5277318324440583
CGATGT	0.5277318324440582
CGATGA	0.35071527474185377
CGATTC	0.35578416405072927
CGATTG	0.2638659162220291
CGATAC	0.0
CGATAG	0.0
GTGTAC	0.5277318324440583
GTGTAG	1.1741706705152302
GTGACT	0.7915977486660876
GTGACA	0.7014305494837076
GCTTTC	2.1414365711589807
GCTTTG	1.3896644580552495
GCTTAC	1.7789208202536464
GCTTAG	1.3193295811101455
GCTACT	1.7789208202536464
GCTACA	2.837326077511068
CGCTTT	0.5353591427897452
CGCTTA	0.7115683281014585
GTGGTT	0.8834049785957658
GTGGTA	1.7612560057728452
GTGGAT	0.39139022350507674
GTGGAA	0.7803197836227326
GTGTCT	0.1985234940078928
GTGTCA	1.0554636648881164
GTGTGT	0.4417024892978829
GTGTGA	0.5870853352576151
GTGTTC	0.992617470039464
GTGTTG	0.5889366523971772
CGAACT	0.0
CGAACA	0.6285348818155064
AACCCT	0.0
AACCCA	3.3899453283733276
AACCGT	0.0
AACCGA	0.0
AACCTC	1.2752381980970335
AACCTG	0.47288767958517797
AACCAC	0.8474863320933319
AACCAG	1.8856046454465194
CGAGTT	0.2638659162220291
CGAGTA	1.0521458242255615
GCACAT	0.47288767958517797
GCACAA	1.2570697636310129
CCTTAC	1.4391669814918109
CCTTAG	0.0
GTGCTT	0.5955704820236785
GTGCTA	0.7915977486660876
GTGCAT	0.5277318324440583
GTGCAA	1.7535763737092693
GCTATC	0.35578416405072927
GCTATG	1.0554636648881164
GCTAAC	1.418663038755534
GCTAAG	1.402861098967415
GTCAAC	0.472887679585178
GTCAAG	0.7014305494837078
CCTTCT	0.7218526280752842
CCTTCA	1.4391669814918109
CCTTGT	0.2676795713948726
CCTTGA	1.4231366562029173
CCTTTC	1.4437052561505685
CCTTTG	1.0707182855794903
CGCTAT	0.7115683281014585
CGCTAA	2.36443839792589
GCACTT	1.423136656202917
GCACTA	1.418663038755534
GCAGTT	2.374793245998262
GCAGTA	1.0521458242255615
GCAGAT	1.0521458242255615
GCAGAA	0.9323008117028273
GTCTAC	0.7115683281014586
GTCTAG	1.0554636648881166
GTCACT	0.3557841640507294
GTCACA	0.472887679585178
GTCAGT	1.055463664888117
GTCAGA	0.7014305494837078
GTCATC	0.3557841640507293
GTCATG	0.7915977486660876
CGAGAT	1.0521458242255615
CGAGAA	2.3307520292570683
CGATCT	0.7115683281014585
CGATCA	0.9457753591703559
AACGCT	1.418663038755534
AACGCA	0.6285348818155064
AACGGT	1.0521458242255615
AACGGA	0.9323008117028273
AACGTC	0.47288767958517786
AACGTG	0.0
AACGAC	0.0
AACGAG	0.46615040585141365
GCATAC	1.4186630387555335
GCATAG	0.35071527474185377
GTCGAT	0.5277318324440583
GTCGAA	0.3507152747418538
GTCTCT	0.0
GTCTCA	1.0673524921521882
GTCTGT	0.7940939760315713
GTCTGA	0.5277318324440583
GTCTTC	0.8030387141846178
GTCTTG	0.7940939760315713
AACTCC	1.9128572971455504
AACTCG	1.418663038755534
AACTGC	1.4186630387555335
AACTGG	1.402861098967415
GCAAAC	1.2570697636310129
GCAAAG	1.8646016234056546
GTCCTT	2.1414365711589807
GTCCTA	0.3557841640507294
GTCCAT	0.7115683281014588
GTCCAA	0.945775359170356
GTCGTT	0.0
GTCGTA	0.7915977486660876
GCATCT	1.7789208202536464
GCATCA	0.47288767958517797
GCATGT	0.2638659162220291
GCATGA	1.0521458242255615
GCATTC	1.0673524921521877
GCATTG	0.7915977486660873
AACACC	1.6949726641866638
AACACG	1.2570697636310129
AACAGC	2.5141395272620257
AACAGG	1.8646016234056546
GGAATC	0.7014305494837076
GGAATG	0.7803197836227324
GGAAAC	0.9323008117028275
GGAAAG	1.0371558070784395
GCAACT	0.9457753591703559
GCAACA	0.0
GCAAGT	1.402861098967415
GCAAGA	2.3307520292570683
GCAATC	0.9457753591703557
GCAATG	0.7014305494837075
CCAAGT	0.9457753591703559
CCAAGA	0.0
GGATGT	0.39139022350507674
GGATGA	0.0
GGATTC	0.5277318324440583
GGATTG	0.39139022350507674
GGATAC	0.0
GGATAG	0.5202131890818216
GGAACT	2.104291648451123
GGAACA	1.3984512175542412
GGAAGT	1.300532972704554
GGAAGA	0.3457186023594798
AAGCCT	0.9457753591703559
AAGCCA	1.2570697636310129
AAGCGT	1.402861098967415
AAGCGA	0.46615040585141365
AAGCTC	0.47288767958517786
AAGCTG	1.0521458242255615
AAGCAC	0.6285348818155064
AAGCAG	1.398451217554241
CCAATC	2.550476396194068
CCAATG	0.472887679585178
CCAAAC	1.6949726641866643
CCAAAG	1.8856046454465196
GGAGTT	0.9784755587626918
GGAGTA	0.7803197836227326
GGAGAT	0.7803197836227324
GGAGAA	0.3457186023594798
GGATCT	0.5277318324440583
GGATCA	1.0521458242255615
CCAACT	0.0
CCAACA	3.3899453283733285
GGCTTT	1.5881879520631423
GGCTTA	1.5831954973321747
GGCTAT	1.3193295811101455
GGCTAA	0.7014305494837075
GGCATT	0.5277318324440582
GGCATA	1.0521458242255615
CCTAAC	0.0
CCTAAG	0.47288767958517797
GGACTT	0.5277318324440583
GGACTA	0.3507152747418538
GGACAT	0.7014305494837076
GGACAA	0.46615040585141376
CCTACT	0.0
CCTACA	1.2752381980970335
CCTAGT	0.7115683281014585
CCTAGA	0.0
CCTATC	0.479722327163937
CCTATG	1.7789208202536464
GGCAAT	0.7014305494837075
GGCAAA	1.398451217554241
CCATCT	0.959444654327874
CCATCA	1.2752381980970338
CCATGT	0.3557841640507294
CCATGA	1.4186630387555341
CCATTC	0.0
CCATTG	0.3557841640507293
CGACTT	0.35578416405072927
CGACTA	1.8915507183407119
CGACAT	0.0
CGACAA	0.6285348818155064
AAGGCT	1.402861098967415
AAGGCA	0.46615040585141365
AAGGGT	1.0404263781636431
AAGGGA	1.0371558070784395
AAGGTC	1.0521458242255615
AAGGTG	0.7803197836227324
AAGGAC	0.46615040585141376
AAGGAG	1.728593011797399
GGTTAC	1.5831954973321751
GGTTAG	1.9569511175253835
GGTACT	0.26386591622202915
GGTACA	0.7014305494837076
GGTAGT	1.3698657822677685
GGTAGA	0.7803197836227326
GGTATC	0.26386591622202915
GGTATG	1.1741706705152302
GGTAAC	0.7014305494837076
GGTAAG	0.0
AAGTCC	0.9457753591703559
AAGTCG	0.35071527474185377
AAGTGC	1.4028610989674153
AAGTGG	1.300532972704554
CCATAC	1.275238198097034
CCATAG	0.945775359170356
CCAGTT	1.423136656202917
CCAGTA	1.418663038755534
GGTGAT	1.1741706705152302
GGTGAA	0.7803197836227326
GGTTCT	0.1985234940078928
GGTTCA	1.0554636648881164
GGTTGT	1.6195757940922375
GGTTGA	0.19569511175253837
GGTTTC	2.5808054221026064
GGTTTG	0.7361708154964715
CCACAT	0.637619099048517
CCACAA	0.8474863320933321
GGGTTT	1.4723416309929431
GGGTTA	3.718207123298229
GGGTAT	0.7827804470101535
GGGTAA	0.7803197836227326
CCAGAT	0.9457753591703559
CCAGAA	1.8856046454465196
CCACTT	0.0
CCACTA	1.2752381980970338
GGTCTT	2.1837584340868212
GGTCTA	1.0554636648881166
GGTCAT	1.0554636648881166
GGTCAA	2.8057221979348306
GGTGTT	1.1778733047943546
GGTGTA	2.152646229277922
AAGACC	1.8856046454465196
AAGACG	0.46615040585141376
AAGAGC	1.3984512175542412
AAGAGG	1.0371558070784395
AATCCC	2.550476396194068
AATCCG	2.3644383979258903
AATCGC	0.945775359170356
AATCGG	1.0521458242255615
AATGCC	0.0
AATGCG	1.0521458242255615
AATGGC	0.0
AATGGG	0.7803197836227326
GGGATT	1.1741706705152302
GGGATA	0.7803197836227326
GGGAAT	1.0404263781636431
GGGAAA	1.0371558070784395
AAACCC	1.6949726641866643
AAACCG	0.0
AAACGC	0.6285348818155065
AAACGG	1.3984512175542412
CCCCTT	1.6234908293507957
CCCCTA	4.315699734235769
CCCCAT	1.0789249335589421
CCCCAA	1.434044456808742
GGGACT	0.4401303076587126
GGGACA	1.1699913651815188
GGGAGT	1.3056835983390276
GGGAGA	0.8677194623577044
GGGATC	0.0
GGGATG	0.32642089958475695
GGGAAC	1.754987047772278
GGGAAG	2.169298655894261
GGTCCT	1.7859660512249482
GGTCCA	0.5934506275982309
GGTCGT	0.0
GGTCGA	0.0
CCACAC	0.0
CCACAG	2.1271067840164326
GGGTCT	2.317970635326687
GGGTCA	2.2006515382935627
GGGTGT	2.210289096353546
GGGTGA	1.3056835983390276
GGGTTC	0.6622773243790534
GGGTTG	2.455876773726162
GGGTAC	0.8802606153174254
GGGTAG	1.6321044979237846
CCAGAC	1.063553392008216
CCAGAG	0.7887801610902521
GGGGTT	3.1926398058440104
GGGGTA	2.611367196678055
GGGGAT	1.3056835983390276
GGGGAA	2.603158387073113
CCACCT	0.0
CCACCA	1.434044456808742
CCACGT	0.0
CCACGA	0.0
CCACTC	1.0789249335589421
CCACTG	0.8001804040039556
GGTCTC	1.3394745384187112
GGTCTG	1.9868319731371604
GGTCAC	0.5934506275982308
GGTCAG	1.3203909229761377
GGTGCT	2.317970635326687
GGTGCA	2.2006515382935627
GGTGGT	1.227938386863081
GGTGGA	1.3056835983390276
GGTGTC	1.3245546487581068
GGTGTG	1.227938386863081
GGGCTT	2.317970635326687
GGGCTA	2.6407818459522754
GGGCAT	2.2006515382935627
GGGCAA	1.1699913651815188
CCAGCT	3.2007216160158225
CCAGCA	2.127106784016432
CCAGGT	0.5934506275982308
CCAGGA	0.7887801610902521
CCAGTC	1.6003608080079113
CCAGTG	1.780351882794692
GGTGAC	1.3203909229761381
GGTGAG	0.6528417991695139
GGTTCC	0.0
GGTTCG	0.0
GGTTGC	0.6622773243790534
GGTTGG	1.227938386863081
GGTACC	1.1869012551964615
GGTACG	0.0
GGTAGC	0.8802606153174254
GGTAGG	1.6321044979237846
CCTACC	2.1578498671178843
CCTACG	0.8001804040039555
CCTAGC	2.4005412120118668
CCTAGG	0.0
GGCAAC	0.788780161090252
GGCAAG	2.339982730363037
CCATCC	2.1578498671178843
CCATCG	0.0
CCATGC	0.0
CCATGG	0.5934506275982309
GGCTTC	1.3394745384187108
GGCTTG	0.99341598656858
GGCTAC	2.9672531379911535
GGCTAG	1.76052123063485
GGCACT	2.373802510392923
GGCACA	0.788780161090252
GGCAGT	1.7605212306348503
GGCAGA	2.924978412953797
GGCATC	2.373802510392923
GGCATG	0.880260615317425
GGACCT	0.5934506275982309
GGACCA	0.7887801610902522
GGACGT	0.0
GGACGA	1.169991365181519
GGACTC	0.0
GGACTG	0.8802606153174252
GGACAC	1.5775603221805041
GGACAG	0.5849956825907594
GGCGTT	0.3311386621895267
GGCGTA	0.0
GGCGAT	0.8802606153174252
GGCGAA	0.5849956825907594
GGCTCT	1.3394745384187108
GGCTCA	0.5934506275982308
GGCTGT	2.3179706353266867
GGCTGA	0.0
GGAGCT	2.2006515382935627
GGAGCA	0.0
GGAGGT	1.3056835983390276
GGAGGA	1.3015791935365566
GGAGTC	0.4401303076587127
GGAGTG	1.9585253975085417
GGAGAC	0.5849956825907593
GGAGAG	0.8677194623577044
GGATCC	1.1869012551964615
GGATCG	0.4401303076587126
CGCCTT	1.80608331588205
CGCCTA	0.8001804040039556
CGCCAT	0.0
CGCCAA	0.0
GGCCTT	0.0
GGCCTA	1.1869012551964615
GGCCAT	0.0
GGCCAA	0.788780161090252
CCAACC	1.434044456808742
CCAACG	2.1271067840164326
CCAAGC	0.0
CCAAGG	1.5775603221805041
GGATGC	0.8802606153174254
GGATGG	0.0
GGAACC	0.0
GGAACG	1.1699913651815188
GGAAGC	1.754987047772278
GGAAGG	1.3015791935365566
GTCCCT	1.8060833158820506
GTCCCA	2.400541212011867
GTCCGT	0.0
GTCCGA	0.0
GCAACC	4.254213568032864
GCAACG	0.788780161090252
GCAAGC	2.366340483270756
GCAAGG	1.1699913651815186
GTCCTC	0.6020277719606835
GTCCTG	0.8929830256124741
GTCCAC	1.6003608080079117
GTCCAG	0.0
GTCGCT	0.44649151280623706
GTCGCA	0.0
GTCGGT	0.6622773243790534
GTCGGA	0.0
GTCGTC	0.44649151280623706
GTCGTG	0.3311386621895267
GCATCC	1.6003608080079113
GCATCG	1.780351882794692
GCATGC	0.5934506275982308
GCATGG	0.880260615317425
GTCGAC	0.0
GTCGAG	0.8802606153174252
GTCTCC	0.6020277719606835
GTCTCG	0.0
GTCTGC	1.7859660512249482
GTCTGG	0.6622773243790534
CGCGTT	1.3394745384187112
CGCGTA	0.5934506275982309
CGCGAT	0.0
CGCGAA	0.7887801610902521
GCAGCT	1.1869012551964615
GCAGCA	2.366340483270756
GCAGGT	1.3203909229761377
GCAGGA	0.5849956825907593
GCAGTC	1.1869012551964615
GCAGTG	1.76052123063485
GCAGAC	1.577560322180504
GCAGAG	1.7549870477722778
GTCACC	0.0
GTCACG	0.5934506275982309
GTCAGC	2.3738025103929234
GTCAGG	2.6407818459522763
CCTTCC	1.6234908293507955
CCTTCG	0.0
CCTTGC	1.2040555439213667
CCTTGG	0.0
CGCTAC	0.8001804040039556
CGCTAG	0.5934506275982308
GCACCT	1.600360808007911
GCACCA	3.1906601760246485
GCACGT	0.0
GCACGA	1.577560322180504
GCACTC	0.8001804040039556
GCACTG	0.0
GCACAC	2.127106784016432
GCACAG	2.366340483270756
GTGCCT	0.44649151280623706
GTGCCA	2.3738025103929234
GTGCGT	0.3311386621895267
GTGCGA	0.0
GTGCTC	0.44649151280623706
GTGCTG	1.6556933109476335
GTGCAC	1.1869012551964615
GTGCAG	1.7605212306348503
CGCTCT	1.8060833158820497
CGCTCA	0.8001804040039555
CGCTGT	0.44649151280623695
CGCTGA	2.373802510392923
CGCTTC	0.6020277719606831
CGCTTG	0.0
GTGGCT	0.3311386621895267
GTGGCA	1.3203909229761377
GTGGGT	1.227938386863081
GTGGGA	0.9792626987542706
GTGGTC	0.6622773243790534
GTGGTG	0.9823507094904648
GTGGAC	0.4401303076587127
GTGGAG	1.3056835983390278
GTGTCC	0.8929830256124739
GTGTCG	0.0
GTGTGC	0.3311386621895267
GTGTGG	0.4911753547452324
GTGACC	0.0
GTGACG	1.7605212306348503
GCTACC	1.6003608080079113
GCTACG	1.780351882794692
GCTAGC	4.154154393187616
GCTAGG	1.3203909229761377
GTGAGC	0.0
GTGAGG	1.6321044979237846
GTTCCC	0.0
GTTCCG	0.8929830256124741
GTTCGC	0.0
GTTCGG	0.6622773243790534
GTTGCC	0.44649151280623706
GTTGCG	0.33113866218952676
GCTGTC	1.7859660512249478
GCTGTG	0.99341598656858
GCTGAC	2.373802510392923
GCTGAG	1.3203909229761375
GCTTCC	1.8060833158820495
GCTTCG	0.8929830256124739
GCTTGC	0.44649151280623695
GCTTGG	0.6622773243790533
GTTGGC	1.9868319731371604
GTTGGG	0.9823507094904648
GTACCC	2.400541212011867
GTACCG	0.0
GCTCCT	1.2040555439213667
GCTCCA	0.8001804040039556
GCTCGT	0.44649151280623706
GCTCGA	1.7803518827946925
GCTCTC	1.2040555439213667
GCTCTG	1.3394745384187112
GCTCAC	2.4005412120118668
GCTCAG	1.780351882794692
GCTGCT	3.1254405896436586
GCTGCA	1.780351882794692
GCTGGT	2.98024795970574
GCTGGA	1.3203909229761375
GTACGC	0.5934506275982309
GTACGG	0.8802606153174254
GTAGCC	0.5934506275982308
GTAGCG	1.3203909229761377
GTAGGC	0.4401303076587127
GTAGGG	2.9377880962628122
CGCAAC	1.063553392008216
CGCAAG	1.577560322180504
GCGACT	0.5934506275982308
GCGACA	0.788780161090252
GCGAGT	0.8802606153174252
GCGAGA	0.0
GCGATC	0.5934506275982308
GCGATG	0.4401303076587125
GCGAAC	0.788780161090252
GCGAAG	0.5849956825907593
GACCCT	2.4005412120118668
GACCCA	4.254213568032864
GACCGT	1.7803518827946925
GACCGA	0.0
GCGTTC	0.44649151280623695
GCGTTG	0.0
GCGTAC	0.0
GCGTAG	0.4401303076587125
CGCACT	0.0
CGCACA	2.127106784016432
CGCAGT	1.1869012551964615
CGCAGA	0.0
CGCATC	0.8001804040039556
CGCATG	0.0
CGGGTT	1.9868319731371604
CGGGTA	0.4401303076587126
CGGGAT	1.3203909229761377
CGGGAA	0.0
CGGCTT	0.0
CGGCTA	0.0
CGGCAT	1.780351882794692
CGGCAA	2.366340483270756
GCGGTT	0.9934159865685802
GCGGTA	1.3203909229761377
GCGGAT	0.4401303076587126
GCGGAA	1.1699913651815188
GCGTCT	1.3394745384187108
GCGTCA	0.0
GCGTGT	0.0
GCGTGA	0.4401303076587125
CGGTCT	1.7859660512249478
CGGTCA	1.1869012551964615
CGGTGT	0.6622773243790533
CGGTGA	0.4401303076587125
CGGTTC	0.0
CGGTTG	0.0
CGGTAC	0.5934506275982308
CGGTAG	0.4401303076587125
GCGCTT	0.8929830256124739
GCGCTA	1.780351882794692
GCGCAT	0.0
GCGCAA	1.577560322180504
GACCTC	2.4005412120118668
GACCTG	0.0
GACCAC	1.063553392008216
GACCAG	0.0
CCTGCT	3.6121666317641
CCTGCA	0.0
CCTGGT	0.44649151280623706
CCTGGA	1.1869012551964615
CCTGTC	0.6020277719606834
CCTGTG	0.8929830256124741
CGGAAC	2.366340483270756
CGGAAG	0.5849956825907593
GCCACT	1.600360808007911
GCCACA	0.0
GCCAGT	2.373802510392923
GCCAGA	1.577560322180504
GCCATC	0.8001804040039556
GCCATG	0.0
GCCAAC	1.063553392008216
GCCAAG	1.577560322180504
GCCTTC	1.2040555439213663
GCCTTG	0.8929830256124739
GCCTAC	0.8001804040039556
GCCTAG	1.780351882794692
CGGACT	1.780351882794692
CGGACA	0.0
CGGAGT	1.3203909229761377
CGGAGA	0.0
CGGATC	0.5934506275982308
CGGATG	0.0
CCTGAC	0.0
CCTGAG	0.0
GACGCT	0.5934506275982309
GACGCA	0.7887801610902522
GACGGT	0.0
GACGGA	1.169991365181519
GACGTC	0.5934506275982308
GACGTG	0.4401303076587126
GACGAC	0.0
GACGAG	2.924978412953797
CGTCTC	0.0
CGTCTG	0.44649151280623706
CGTCAC	0.0
CGTCAG	2.373802510392923
GCCGTT	0.44649151280623706
GCCGTA	0.5934506275982309
GCCGAT	0.0
GCCGAA	0.0
GCCTCT	1.8060833158820497
GCCTCA	0.0
GCCTGT	2.232457564031185
GCCTGA	0.0
GACTCC	0.0
GACTCG	0.5934506275982309
GACTGC	1.1869012551964617
GACTGG	1.3203909229761381
CGTGTC	0.0
CGTGTG	0.33113866218952664
CGTGAC	0.5934506275982308
CGTGAG	0.4401303076587125
GCCCTT	2.4081110878427334
GCCCTA	0.8001804040039556
GCCCAT	5.601262828027688
GCCCAA	0.0
CGTCCT	0.0
CGTCCA	0.0
CGTCGT	0.8929830256124741
CGTCGA	0.5934506275982308
GACACC	1.063553392008216
GACACG	0.0
GACAGC	0.7887801610902521
GACAGG	1.7549870477722782
CGTGCT	0.44649151280623695
CGTGCA	0.0
CGTGGT	0.6622773243790533
CGTGGA	0.0
GAGCCT	1.1869012551964617
GAGCCA	1.5775603221805043
GAGCGT	0.8802606153174254
GAGCGA	1.169991365181519
GAGCTC	1.1869012551964615
GAGCTG	0.8802606153174252
GAGCAC	0.0
GAGCAG	1.1699913651815188
GAGGCT	3.080912153610988
GAGGCA	1.1699913651815188
GAGGGT	1.3056835983390276
GAGGGA	0.8677194623577044
GAGGTC	0.4401303076587127
GAGGTG	1.3056835983390278
GAGGAC	0.0
GAGGAG	2.603158387073113
GAGTCC	1.7803518827946925
GAGTCG	0.0
GAGTGC	1.7605212306348508
GAGTGG	0.9792626987542709
GAGACC	1.5775603221805041
GAGACG	0.0
GAGAGC	1.1699913651815186
GAGAGG	0.8677194623577044
GATCCC	0.8001804040039558
GATCCG	0.5934506275982309
GATCGC	0.0
GATCGG	1.7605212306348508
GATGCC	0.5934506275982308
GATGCG	0.0
GATGGC	0.4401303076587127
GATGGG	0.9792626987542709
GAACCC	0.0
GAACCG	0.0
GAACGC	0.7887801610902521
GAACGG	0.5849956825907594
GAAGCC	0.0
GAAGCG	1.7549870477722782
GAAGGC	0.5849956825907593
GAAGGG	1.3015791935365566
CAAGGC	0.7887801610902521
CAAGGG	1.1699913651815188
CCTCCT	2.435236244026193
CCTCCA	0.0
CCTCGT	0.6020277719606834
CCTCGA	0.8001804040039556
CCTCTC	0.8117454146753978
CCTCTG	0.6020277719606835
CAACGC	0.0
CAACGG	1.5775603221805041
CAAGCC	1.063553392008216
CAAGCG	2.366340483270756
CCTCAC	0.0
CCTCAG	0.8001804040039556
TCCCCT	1.6234908293507955
TCCCCA	1.0789249335589421
TCCCGT	0.6020277719606834
TCCCGA	0.8001804040039556
TCCCTC	1.6234908293507957
TCCCTG	1.204055543921367
TCCCAC	0.0
TCCCAG	0.0
TCCGCT	3.010138859803417
TCCGCA	0.8001804040039556
TCCGGT	0.0
TCCGGA	1.1869012551964615
TCCGTC	0.0
TCCGTG	0.44649151280623706
TCCGAC	1.6003608080079113
TCCGAG	0.5934506275982308
TCCTCC	0.0
TCCTCG	0.0
CAACCC	1.434044456808742
CAACCG	1.0635533920082163
TCCTGC	0.6020277719606834
TCCTGG	0.44649151280623706
TCCACC	1.0789249335589421
TCCACG	0.0
TCCAGC	2.4005412120118668
TCCAGG	0.0
TCGCCT	1.8060833158820506
TCGCCA	0.0
TCGCGT	0.44649151280623706
TCGCGA	0.5934506275982309
TCGCTC	0.6020277719606835
TCGCTG	0.44649151280623706
TCGCAC	0.0
TCGCAG	0.0
CCGACT	1.600360808007911
CCGACA	0.0
CCGAGT	1.1869012551964615
CCGAGA	2.366340483270756
CCGATC	0.0
CCGATG	0.5934506275982308
CCGAAC	0.0
CCGAAG	0.0
TCGGCT	0.0
TCGGCA	0.5934506275982309
TCGGGT	1.6556933109476335
TCGGGA	0.4401303076587126
TCGGTC	0.8929830256124741
TCGGTG	0.6622773243790534
TCGGAC	0.0
TCGGAG	0.0
CATGGC	2.373802510392923
CATGGG	0.8802606153174252
TCGTCC	0.0
TCGTCG	0.44649151280623706
TCGTGC	0.0
TCGTGG	0.3311386621895267
TCGACC	0.8001804040039558
TCGACG	0.0
TCGAGC	1.1869012551964617
TCGAGG	0.8802606153174254
TCTCCC	1.6234908293507957
TCTCCG	0.0
TCTCGC	0.0
TCTCGG	0.0
CATCGC	1.6003608080079117
CATCGG	1.7803518827946927
CATGCC	0.0
CATGCG	0.5934506275982308
TCTGCC	1.8060833158820502
TCTGCG	0.8929830256124741
TCTGGC	1.3394745384187112
TCTGGG	1.6556933109476335
TCACCC	0.0
TCACCG	0.8001804040039556
TCACGC	1.6003608080079117
TCACGG	1.1869012551964617
TCAGCC	3.2007216160158234
TCAGCG	0.5934506275982309
TCAGGC	2.9672531379911544
TCAGGG	0.4401303076587127
CAGAGC	0.788780161090252
CAGAGG	1.1699913651815186
CATCCC	3.2367748006768267
CATCCG	3.2007216160158225
TGCCCT	0.6020277719606835
TGCCCA	0.8001804040039558
TGCCGT	0.44649151280623706
TGCCGA	0.0
TGCCTC	0.6020277719606835
TGCCTG	1.7859660512249482
TGCCAC	0.0
TGCCAG	3.5607037655893854
TGCGCT	0.44649151280623706
TGCGCA	0.0
TGCGGT	0.6622773243790534
TGCGGA	0.4401303076587126
CAGTGC	1.780351882794692
CAGTGG	3.0809121536109876
CAGACC	2.127106784016432
CAGACG	0.788780161090252
CAGGCT	1.1869012551964615
CAGGCA	0.788780161090252
CAGGGT	1.3203909229761377
CAGGGA	1.1699913651815186
CAGGTC	1.780351882794692
CAGGTG	0.4401303076587125
CAGGAC	0.0
CAGGAG	2.339982730363037
CAGTCC	3.2007216160158225
CAGTCG	0.5934506275982308
TGCGTC	0.44649151280623706
TGCGTG	0.3311386621895267
TGCGAC	0.5934506275982308
TGCGAG	0.8802606153174252
TGCTCC	1.204055543921367
TGCTCG	1.3394745384187112
TGCTGC	3.5719321024498965
TGCTGG	2.6491092975162136
TGCACC	2.400541212011867
TGCACG	1.1869012551964617
TGCAGC	1.7803518827946927
TGCAGG	1.7605212306348508
CAGCCT	1.600360808007911
CAGCCA	3.1906601760246485
CAGCGT	2.373802510392923
CAGCGA	0.0
CAGCTC	0.8001804040039556
CAGCTG	1.780351882794692
CAGCAC	0.0
CAGCAG	2.366340483270756
CCGTCT	0.0
CCGTCA	3.200721616015822
CCGTGT	0.0
CCGTGA	0.5934506275982308
CCGTTC	0.0
CCGTTG	0.8929830256124739
CGTTCC	0.0
CGTTCG	0.0
CGTTGC	0.8929830256124739
CGTTGG	0.0
CCGTAC	0.0
CCGTAG	0.0
TGGCCT	0.8929830256124741
TGGCCA	0.0
TGGCGT	0.6622773243790534
TGGCGA	1.3203909229761377
TGGCTC	0.8929830256124741
TGGCTG	1.3245546487581068
TGGCAC	0.5934506275982308
TGGCAG	1.3203909229761377
CACACC	1.434044456808742
CACACG	2.1271067840164326
CACAGC	1.063553392008216
CACAGG	1.5775603221805041
CCGGTT	0.0
CCGGTA	0.5934506275982309
CCGGAT	0.5934506275982308
CCGGAA	3.1551206443610083
TGGGCT	1.9868319731371604
TGGGCA	0.8802606153174252
TGGGGT	2.7014644510987784
TGGGGA	0.9792626987542706
TGGGTC	1.6556933109476335
TGGGTG	1.227938386863081
TGGGAC	0.4401303076587127
TGGGAG	0.6528417991695139
TGGTCC	0.44649151280623695
TGGTCG	0.0
TGGTGC	1.9868319731371604
TGGTGG	1.4735260642356973
TGGACC	0.0
TGGACG	0.8802606153174252
TGGAGC	0.8802606153174254
TGGAGG	0.9792626987542709
CACGAC	1.063553392008216
CACGAG	0.7887801610902521
CACTCC	1.0789249335589421
CACTCG	0.0
CACTGC	0.8001804040039558
CACTGG	0.0
TGTCCC	0.6020277719606835
TGTCCG	0.0
TGTCGC	0.44649151280623706
TGTCGG	0.6622773243790534
CACCTC	0.0
CACCTG	1.6003608080079113
CACCAC	1.434044456808742
CACCAG	2.1271067840164326
CACGCT	2.4005412120118668
CACGCA	2.127106784016432
CACGGT	1.1869012551964615
CACGGA	2.366340483270756
CACGTC	0.0
CACGTG	0.0
TGTGCC	0.8929830256124741
TGTGCG	0.33113866218952676
TGTGGC	0.6622773243790534
TGTGGG	0.4911753547452324
TGACCC	1.6003608080079117
TGACCG	1.1869012551964617
TGACGC	0.5934506275982309
TGACGG	0.4401303076587127
TGAGCC	0.5934506275982308
TGAGCG	0.4401303076587126
TGAGGC	2.6407818459522763
TGAGGG	2.2849462970932986
CACCCT	0.0
CACCCA	0.0
CACCGT	0.0
CACCGA	1.063553392008216
TTCCCC	2.4352362440261937
TTCCCG	0.0
TTCCGC	1.204055543921367
TTCCGG	0.8929830256124741
TTCGCC	0.0
TTCGCG	0.44649151280623706
TTCGGC	0.8929830256124741
TTCGGG	1.6556933109476335
TTGCCC	0.6020277719606835
TTGCCG	0.44649151280623706
TTGCGC	0.44649151280623706
TTGCGG	1.6556933109476335
TTGGCC	1.7859660512249482
TTGGCG	1.9868319731371606
TTGGGC	1.9868319731371604
TTGGGG	1.9647014189809295
TACCCC	3.2367748006768267
TACCCG	0.8001804040039556
TACCGC	3.2007216160158234
TACCGG	2.9672531379911544
TACGCC	0.8001804040039558
TACGCG	0.0
TACGGC	1.1869012551964617
TACGGG	1.3203909229761381
TAGCCC	0.8001804040039558
TAGCCG	2.9672531379911544
TAGCGC	2.3738025103929234
TAGCGG	1.3203909229761381
TAGGCC	0.0
TAGGCG	1.7605212306348503
TAGGGC	3.5210424612697016
TAGGGG	5.549155292940868
CTAGGC	0.0
CTAGGG	2.6407818459522763
CCGCTT	0.0
CCGCTA	1.6003608080079113
CCGCAT	1.600360808007911
CCGCAA	2.127106784016432
ACCCCT	3.2367748006768267
ACCCCA	1.434044456808742
ACCCGT	0.0
ACCCGA	2.127106784016432
ACCCTC	1.0789249335589421
ACCCTG	2.4005412120118668
ACCCAC	4.302133370426226
ACCCAG	4.254213568032865
CTACGC	0.8001804040039558
CTACGG	1.7803518827946927
CTAGCC	3.2007216160158234
CTAGCG	2.9672531379911544
ACCGCT	0.8001804040039556
ACCGCA	1.063553392008216
ACCGGT	2.373802510392923
ACCGGA	1.5775603221805041
ACCGTC	1.6003608080079113
ACCGTG	0.5934506275982308
ACCGAC	0.0
ACCGAG	0.7887801610902521
ACCTCC	1.0789249335589421
ACCTCG	2.4005412120118668
ACCTGC	0.8001804040039558
ACCTGG	0.0
ACCACC	0.0
ACCACG	0.0
CTACCC	1.0789249335589421
CTACCG	1.6003608080079113
ACCAGC	1.063553392008216
ACCAGG	0.7887801610902521
ACGCCT	0.0
ACGCCA	1.063553392008216
ACGCGT	0.5934506275982308
ACGCGA	0.0
ACGCTC	0.8001804040039556
ACGCTG	1.1869012551964615
ACGCAC	0.0
ACGCAG	1.577560322180504
CCCACT	0.0
CCCACA	0.0
CCCAGT	1.6003608080079113
CCCAGA	2.127106784016432
CCCATC	3.2367748006768267
CCCATG	2.4005412120118668
CCCAAC	2.868088913617484
CCCAAG	0.0
ACGGCT	0.0
ACGGCA	0.788780161090252
ACGGGT	1.3203909229761377
ACGGGA	0.0
ACGGTC	1.780351882794692
ACGGTG	0.4401303076587125
ACGGAC	3.155120644361008
ACGGAG	1.1699913651815186
ACGTCC	0.8001804040039556
ACGTCG	0.0
ACGTGC	0.0
ACGTGG	0.4401303076587125
CTTGGC	0.44649151280623706
CTTGGG	1.9868319731371604
ACGACC	0.0
ACGACG	0.0
ACGAGC	0.788780161090252
ACGAGG	1.7549870477722778
ACTCCC	3.2367748006768267
ACTCCG	1.6003608080079113
ACTCGC	0.8001804040039558
ACTCGG	0.5934506275982309
ACTGCC	3.2007216160158225
ACTGCG	0.0
ACTGGC	1.1869012551964615
ACTGGG	0.4401303076587126
CTTCGC	0.0
CTTCGG	1.3394745384187112
CTTGCC	2.408111087842734
CTTGCG	0.44649151280623706
ACACCC	1.434044456808742
ACACCG	2.1271067840164326
ACACGC	0.0
ACACGG	2.366340483270756
ACAGCC	2.127106784016432
ACAGCG	2.366340483270756
ACAGGC	0.0
ACAGGG	0.5849956825907594
CTGAGC	0.5934506275982309
CTGAGG	0.8802606153174254
CTTCCC	1.6234908293507957
CTTCCG	0.6020277719606835
AGCCCT	0.8001804040039556
AGCCCA	3.1906601760246485
AGCCGT	1.7803518827946925
AGCCGA	0.7887801610902521
AGCCTC	0.0
AGCCTG	0.5934506275982308
AGCCAC	0.0
AGCCAG	0.0
AGCGCT	2.3738025103929234
AGCGCA	1.5775603221805043
AGCGGT	0.4401303076587127
AGCGGA	0.5849956825907595
CTGTGC	1.3394745384187112
CTGTGG	0.6622773243790534
CTGACC	0.8001804040039558
CTGACG	0.0
AGCGTC	0.5934506275982308
AGCGTG	0.8802606153174252
AGCGAC	0.0
AGCGAG	0.0
AGCTCC	0.8001804040039558
AGCTCG	1.1869012551964617
AGCTGC	1.7803518827946927
AGCTGG	3.5210424612697016
CTGGCT	1.3394745384187112
CTGGCA	0.5934506275982309
CTGGGT	1.9868319731371604
CTGGGA	0.0
CTGGTC	1.3394745384187112
CTGGTG	2.6491092975162136
CTGGAC	1.1869012551964615
CTGGAG	0.0
CTGTCC	0.6020277719606835
CTGTCG	1.7859660512249482
AGCACC	1.063553392008216
AGCACG	0.7887801610902521
AGCAGC	2.366340483270756
AGCAGG	1.1699913651815188
CCCTCT	0.8117454146753977
CCCTCA	0.0
CCCTGT	0.6020277719606834
CCCTGA	0.8001804040039556
CCCTTC	1.6234908293507957
CCCTTG	1.204055543921367
CTGCCT	1.204055543921367
CTGCCA	2.400541212011867
CTGCGT	0.44649151280623706
CTGCGA	0.0
CTGCTC	1.204055543921367
CTGCTG	4.0184236152561335
CTGCAC	0.0
CTGCAG	1.7803518827946927
CCCTAC	0.0
CCCTAG	0.8001804040039556
AGGCCT	0.5934506275982309
AGGCCA	0.0
AGGCGT	0.0
AGGCGA	0.0
AGGCTC	0.5934506275982308
AGGCTG	1.3203909229761377
AGGCAC	2.366340483270756
AGGCAG	0.5849956825907594
CGTACC	0.8001804040039556
CGTACG	0.0
CGTAGC	0.5934506275982308
CGTAGG	0.8802606153174252
CCCGTT	0.6020277719606834
CCCGTA	0.8001804040039556
CCCGAT	1.6003608080079117
CCCGAA	1.0635533920082163
AGGGCT	1.7605212306348503
AGGGCA	3.5099740955445564
AGGGGT	2.937788096262812
AGGGGA	0.8677194623577044
AGGGTC	1.3203909229761381
AGGGTG	1.9585253975085417
AGGGAC	0.5849956825907593
AGGGAG	1.3015791935365566
CTCACC	0.0
CTCACG	2.4005412120118668
CTCAGC	2.4005412120118668
CTCAGG	0.0
AGGTCC	1.1869012551964615
AGGTCG	0.0
AGGTGC	1.3203909229761381
AGGTGG	1.3056835983390278
AGGACC	0.7887801610902521
AGGACG	0.0
AGGAGC	2.339982730363037
AGGAGG	2.169298655894261
AGTCCC	3.2007216160158234
AGTCCG	0.0
AGTCGC	0.0
AGTCGG	0.0
CTCGAC	1.6003608080079113
CTCGAG	0.0
CTCTCC	1.6234908293507955
CTCTCG	0.0
CTCTGC	1.2040555439213667
CTCTGG	1.3394745384187112
AGTGCC	2.373802510392923
AGTGCG	0.8802606153174252
AGTGGC	0.8802606153174254
AGTGGG	2.9377880962628122
CTCCTC	0.0
CTCCTG	0.6020277719606835
CTCCAC	0.0
CTCCAG	0.0
CTCGCT	0.0
CTCGCA	0.0
CTCGGT	0.0
CTCGGA	0.5934506275982308
CTCGTC	0.6020277719606834
CTCGTG	0.0
AGACCC	4.254213568032864
AGACCG	0.7887801610902521
AGACGC	1.5775603221805041
AGACGG	0.0
AGAGCC	0.7887801610902521
AGAGCG	1.1699913651815188
AGAGGC	0.5849956825907593
AGAGGG	0.4338597311788522
ATCCCC	1.0789249335589421
ATCCCG	2.4005412120118668
ATCCGC	4.801082424023734
ATCCGG	0.5934506275982309
CGAAGC	0.0
CGAAGG	0.0
CTCCCT	0.0
CTCCCA	3.2367748006768267
CTCCGT	0.0
CTCCGA	1.6003608080079113
ATCGCC	0.8001804040039558
ATCGCG	0.5934506275982309
ATCGGC	0.0
ATCGGG	3.961172768928414
ATGCCC	0.0
ATGCCG	0.5934506275982309
ATGCGC	0.0
ATGCGG	0.4401303076587127
ATGGCC	0.5934506275982308
ATGGCG	0.0
ATGGGC	0.4401303076587127
ATGGGG	1.6321044979237846
CGATGC	0.0
CGATGG	1.76052123063485
CGAACC	0.0
CGAACG	0.0
AACCCC	1.434044456808742
AACCCG	1.063553392008216
AACCGC	1.063553392008216
AACCGG	0.0
CGAGCT	0.5934506275982308
CGAGCA	0.788780161090252
CGAGGT	0.8802606153174252
CGAGGA	0.5849956825907593
CGAGTC	0.5934506275982308
CGAGTG	0.880260615317425
CGAGAC	0.0
CGAGAG	0.5849956825907593
CGATCC	1.6003608080079113
CGATCG	0.5934506275982308
AACGCC	0.0
AACGCG	0.0
AACGGC	0.788780161090252
AACGGG	1.7549870477722778
AAGCCC	1.063553392008216
AAGCCG	0.788780161090252
AAGCGC	2.366340483270756
AAGCGG	0.5849956825907593
CGACCT	1.600360808007911
CGACCA	0.0
CGACGT	0.0
CGACGA	0.0
CGACTC	0.0
CGACTG	1.1869012551964615
CGACAC	0.0
CGACAG	0.788780161090252
AAGGCC	1.577560322180504
AAGGCG	0.0
AAGGGC	0.5849956825907593
AAGGGG	0.4338597311788522
CTGCGG	0.7447511588918392
CTGCGC	1.0041867941336773
CTGCCG	3.0125603824010314
CTGCCC	2.707994758982098
CTCGGG	0.0
CTCGGC	1.004186794133677
CTCGCG	0.0
CTCGCC	2.7079947589820974
CTCCGG	0.0
CTCCGC	0.0
CTCCCG	1.3539973794910487
CTCCCC	3.651330438477321
CGAGGG	0.7341406214690963
CGAGGC	2.96964016093632
CGAGCG	0.0
CGAGCC	2.6694137116245815
AGGGGG	4.355779875399565
AGGGGC	2.9365624858763857
AGGGCG	0.7341406214690964
AGGGCC	0.9898800536454401
CCCGAG	1.3347068558122912
CCCGAC	0.0
CCCGTG	0.0
CCCGTC	1.3539973794910487
CCCGGA	1.3347068558122912
CCCGGT	1.0041867941336773
ACGGGG	2.202421864407289
ACGGGC	0.0
CCCGCA	1.7996548009951292
CCCGCT	0.0
ACGGCG	0.98988005364544
ACGGCC	1.3347068558122908
CAGCGG	0.98988005364544
CAGCGC	1.3347068558122908
CAGCCG	5.338827423249164
CAGCCC	1.7996548009951292
CACGGG	0.0
CACGGC	0.0
CACGCG	2.669413711624582
CACGCC	0.0
CACCGG	1.334706855812291
CACCGC	1.7996548009951294
CACCCG	0.0
CACCCC	2.4265683424348174
CTGGGG	3.3140504848955543
CTGGGC	2.234253476675517
CTGGCG	0.7447511588918392
CTGGCC	1.0041867941336773
GCCCGA	0.0
GCCCGT	2.008373588267354
CCCAGG	1.334706855812291
CCCAGC	3.599309601990259
GCCCCA	0.0
GCCCCT	1.3539973794910487
CCCACG	5.3989644029853885
CCCACC	0.0
CGTGGG	1.6570252424477767
CGTGGC	0.0
CGTGCG	0.0
CGTGCC	1.004186794133677
CAGGGG	1.4682812429381926
CAGGGC	0.0
CAGGCG	0.98988005364544
CAGGCC	1.3347068558122908
GCCGGA	1.9797601072908801
GCCGGT	0.7447511588918392
ACGCGG	0.0
ACGCGC	1.3347068558122908
GCCGCA	4.004120567436873
GCCGCT	1.004186794133677
ACGCCG	0.0
ACGCCC	1.7996548009951292
CGTCGG	0.0
CGTCGC	0.0
CGTCCG	1.0041867941336773
CGTCCC	0.0
GCCCAG	2.669413711624582
GCCCAC	0.0
GCCCTG	1.0041867941336773
GCCCTC	0.0
GCCAGG	0.0
GCCAGC	5.338827423249163
GCCACG	0.0
GCCACC	0.0
CGGAGG	0.7341406214690963
CGGAGC	1.97976010729088
CGGACG	0.98988005364544
CGGACC	1.3347068558122908
GCCTGG	0.744751158891839
GCCTGC	1.004186794133677
GCCTCG	0.0
GCCTCC	0.0
GCCGAG	1.9797601072908801
GCCGAC	0.0
GCCGTG	0.7447511588918392
GCCGTC	3.0125603824010314
GCGCAG	1.97976010729088
GCGCAC	2.6694137116245815
GCGCTG	0.0
GCGCTC	1.004186794133677
GCGCGA	0.0
GCGCGT	0.744751158891839
ACCGGG	0.9898800536454401
ACCGGC	0.0
GCGCCA	1.3347068558122908
GCGCCT	2.008373588267354
ACCGCG	0.0
ACCGCC	7.198619203980518
CGGTGG	0.5523417474825922
CGGTGC	2.234253476675517
CGGTCG	0.744751158891839
CGGTCC	1.004186794133677
CGGCCA	0.0
CGGCCT	0.0
AGGCGG	5.1389843502836765
AGGCGC	0.0
CGGGAG	0.0
CGGGAC	0.0
CGGGTG	1.6570252424477772
CGGGTC	0.744751158891839
CGGGGA	0.7341406214690964
CGGGGT	2.2093669899303694
AGGCCG	0.9898800536454403
AGGCCC	1.3347068558122914
CGGGCA	1.97976010729088
CGGGCT	0.744751158891839
CCCTGG	3.0125603824010314
CCCTGC	4.061992138473146
GCGGGA	0.7341406214690964
GCGGGT	0.5523417474825923
CCCTCG	0.0
CCCTCC	3.651330438477321
GCGGCA	5.93928032187264
GCGGCT	1.489502317783678
AGCGGG	0.7341406214690966
AGCGGC	1.9797601072908801
CGGCAG	0.98988005364544
CGGCAC	1.3347068558122908
CGGCTG	1.489502317783678
CGGCTC	0.0
CGGCGA	0.98988005364544
CGGCGT	0.744751158891839
AGCGCG	0.9898800536454403
AGCGCC	1.3347068558122914
GCGAGG	1.4682812429381926
GCGAGC	0.98988005364544
GCGACG	0.0
GCGACC	1.3347068558122908
CGCAGG	1.97976010729088
CGCAGC	1.3347068558122908
CGCACG	1.334706855812291
CGCACC	0.0
GCGTGG	1.1046834949651845
GCGTGC	0.744751158891839
GCGTCG	0.0
GCGTCC	0.0
GCGGAG	2.2024218644072895
GCGGAC	0.0
GCGGTG	0.5523417474825923
GCGGTC	0.744751158891839
GCACGG	0.0
GCACGC	2.6694137116245815
GCACCG	0.0
GCACCC	0.0
CGCTGG	0.0
CGCTGC	2.008373588267354
CGCTCG	0.0
CGCTCC	0.0
GCTGGG	3.866392232378146
GCTGGC	0.744751158891839
GCTGCG	0.744751158891839
GCTGCC	3.012560382401031
GCTCGG	0.0
GCTCGC	1.004186794133677
GCTCCG	0.0
GCTCCC	1.3539973794910487
GCAGGG	3.670703107345482
GCAGGC	0.0
GCAGCG	0.98988005364544
GCAGCC	1.3347068558122908
CGCGAG	0.9898800536454401
CGCGAC	1.334706855812291
CGCGTG	0.0
CGCGTC	0.0
CGCGGA	0.0
CGCGGT	1.4895023177836784
AGCCGG	3.9595202145817603
AGCCGC	4.004120567436873
CGCGCA	4.004120567436873
CGCGCT	0.0
AGCCCG	0.0
AGCCCC	1.7996548009951294
GGCCCA	6.673534279061454
GGCCCT	1.004186794133677
CGACGG	0.0
CGACGC	0.0
CGCCAG	4.004120567436873
CGCCAC	0.0
CGCCTG	1.0041867941336773
CGCCTC	1.3539973794910487
CGCCGA	0.0
CGCCGT	2.008373588267354
CGACCG	0.0
CGACCC	0.0
CGCCCA	0.0
CGCCCT	4.061992138473146
CCCCAG	1.7996548009951294
CCCCAC	0.0
GGCGGA	2.9365624858763857
GGCGGT	1.657025242447777
CCCCTG	2.707994758982098
CCCCTC	0.0
GGCGCA	0.98988005364544
GGCGCT	0.744751158891839
CCCCGA	1.7996548009951299
CCCCGT	0.0
GGCCAG	0.98988005364544
GGCCAC	2.6694137116245815
GGCCTG	0.744751158891839
GGCCTC	1.004186794133677
GGCCGA	0.98988005364544
GGCCGT	0.0
CCCCCA	2.4265683424348174
CCCCCT	3.6513304384773217
GGGCCA	3.95952021458176
GGGCCT	0.744751158891839
GGCAGG	0.7341406214690963
GGCAGC	0.0
GGCACG	0.0
GGCACC	1.3347068558122908
GGCTGG	2.209366989930369
GGCTGC	0.744751158891839
GGCTCG	0.0
GGCTCC	1.004186794133677
GGCGAG	1.4682812429381928
GGCGAC	0.9898800536454401
GGCGTG	0.5523417474825923
GGCGTC	0.744751158891839
GGGGCA	2.2024218644072895
GGGGCT	3.8663922323781463
CCAGGG	0.0
CCAGGC	0.0
CCAGCG	1.334706855812291
CCAGCC	5.3989644029853885
GGGCAG	3.6707031073454823
GGGCAC	0.9898800536454401
GGGCTG	1.6570252424477772
GGGCTC	1.489502317783678
GGGCGA	1.4682812429381928
GGGCGT	0.0
GGGTGG	2.048210347641977
GGGTGC	2.2093669899303694
GGGTCG	0.0
GGGTCC	1.489502317783678
CCACGG	0.0
CCACGC	5.3989644029853885
CCACCG	0.0
CCACCC	0.0
GGGGAG	2.1778899376997827
GGGGAC	2.2024218644072895
GGGGTG	3.277136556227163
GGGGTC	2.7617087374129614
GGGGGA	5.989197328674402
GGGGGT	4.096420695283954
GGACGG	0.7341406214690966
GGACGC	0.0
GGACCG	0.9898800536454403
GGACCC	1.3347068558122914
GGTGGG	2.4578524171703724
GGTGGC	0.5523417474825923
GGTGCG	1.1046834949651847
GGTGCC	1.489502317783678
GGTCGG	0.0
GGTCGC	0.744751158891839
GGTCCG	0.0
GGTCCC	1.0041867941336773
GGGAGG	1.0889449688498913
GGGAGC	0.7341406214690964
GGGACG	0.0
GGGACC	1.9797601072908801
GTGCGG	1.1046834949651847
GTGCGC	1.489502317783678
GTGCCG	1.4895023177836784
GTGCCC	2.0083735882673546
GTCGGG	0.0
GTCGGC	0.0
GTCGCG	0.0
GTCGCC	1.0041867941336773
GTCCGG	0.7447511588918392
GTCCGC	0.0
GTCCCG	0.0
GTCCCC	0.0
GGAGGG	1.633417453274837
GGAGGC	0.7341406214690964
GGAGCG	0.7341406214690964
GGAGCC	2.9696401609363203
GACGGG	0.0
GACGGC	0.0
GACGCG	0.0
GACGCC	1.3347068558122914
CCTGGG	1.489502317783678
CCTGGC	0.0
CCTGCG	0.0
CCTGCC	0.0
GACCGG	0.9898800536454401
GACCGC	0.0
GACCCG	0.0
GACCCC	0.0
GTGGGG	3.686778625755559
GTGGGC	1.657025242447777
GTGGCG	0.5523417474825923
GTGGCC	0.0
TCCCGG	1.0041867941336773
TCCCGC	1.3539973794910487
TCCCCG	1.3539973794910487
TCCCCC	3.651330438477321
CCTCGG	1.0041867941336773
CCTCGC	0.0
CCTCCG	0.0
CCTCCC	0.0
GAGGGG	1.633417453274837
GAGGGC	2.2024218644072895
GAGGCG	1.4682812429381928
GAGGCC	0.0
GAGCGG	0.0
GAGCGC	0.0
GAGCCG	0.9898800536454403
GAGCCC	2.669413711624583
TCGGGG	2.2093669899303694
TCGGGC	2.979004635567356
TCGGCG	0.7447511588918392
TCGGCC	1.0041867941336773
CCGAGG	0.0
CCGAGC	0.0
CCGACG	0.0
CCGACC	0.0
TCGCGG	0.0
TCGCGC	0.0
TCGCCG	0.0
TCGCCC	1.353997379491049
TCCGGG	1.489502317783678
TCCGGC	0.0
TCCGCG	2.0083735882673546
TCCGCC	0.0
TGGCGG	1.1046834949651847
TGGCGC	0.744751158891839
TGGCCG	2.2342534766755175
TGGCCC	1.0041867941336773
CCGTGG	0.744751158891839
CCGTGC	1.004186794133677
CCGTCG	2.008373588267354
CCGTCC	0.0
TGCGGG	1.6570252424477772
TGCGGC	2.234253476675517
TGCGCG	1.4895023177836784
TGCGCC	1.0041867941336773
TGCCGG	1.4895023177836784
TGCCGC	4.016747176534709
TGCCCG	2.0083735882673546
TGCCCC	1.353997379491049
TGGGGG	4.096420695283954
TGGGGC	2.2093669899303694
TGGGCG	0.5523417474825923
TGGGCC	2.979004635567356
CCGGAG	0.9898800536454401
CCGGAC	1.334706855812291
CCGGTG	2.2342534766755175
CCGGTC	2.0083735882673546
CCGGGA	0.9898800536454401
CCGGGT	1.4895023177836784
CCGGCA	0.0
CCGGCT	0.0
ACCCGG	0.0
ACCCGC	0.0
ACCCCG	0.0
ACCCCC	2.4265683424348174
CCGCAG	1.334706855812291
CCGCAC	1.7996548009951292
CCGCTG	4.016747176534709
CCGCTC	1.3539973794910487
CCGCGA	2.669413711624582
CCGCGT	1.004186794133677
CCGCCA	1.7996548009951292
CCGCCT	1.3539973794910487
CCCGGG	0.0
CCCGGC	0.0
CCCGCG	2.2584776834270555
CCCGCC	0.0
GCCCGG	1.674991029447603
GCCCGC	0.0
GCCCCG	0.0
GCCCCC	3.0452231426100305
GCCGGG	6.211252316809879
GCCGGC	0.0
GCCGCG	6.699964117790412
GCCGCC	4.516955366854111
GCGCGG	1.2422504633619755
GCGCGC	1.674991029447603
GCGCCG	0.0
GCGCCC	2.258477683427055
CGGCCG	1.6749910294476027
CGGCCC	2.258477683427055
CGGGGG	6.449170954440156
CGGGGC	3.7267513900859264
CGGGCG	1.2422504633619755
CGGGCC	3.349982058895206
GCGGGG	3.685240545394375
GCGGGC	1.2422504633619755
GCGGCG	2.484500926723951
GCGGCC	0.0
CGGCGG	2.484500926723951
CGGCGC	0.0
CGCGGG	0.0
CGCGGC	1.6749910294476034
CGCGCG	0.0
CGCGCC	2.2584776834270555
GGCCCG	0.0
GGCCCC	0.0
CGCCGG	0.0
CGCCGC	2.2584776834270555
CGCCCG	2.2584776834270555
CGCCCC	0.0
GGCGGG	2.763930409045781
GGCGGC	4.969001853447902
GGCGCG	0.0
GGCGCC	1.674991029447603
GGCCGG	2.484500926723951
GGCCGC	3.349982058895206
CCGGCG	0.0
CCGGCC	0.0
CCGCCG	6.775433050281166
CCGCCC	3.0452231426100305
GGGGCG	3.685240545394375
GGGGCC	1.2422504633619755
GGGGGG	2.0498580416097583
GGGGGC	3.685240545394375
GGGCCG	0.0
GGGCCC	5.024973088342809
CCGGGG	4.969001853447903
CCGGGC	1.6749910294476034
GGGCGG	2.763930409045781
GGGCGC	2.484500926723951
CCCCGG	0.0
CCCCGC	3.045223142610031
CCGCGG	3.349982058895206
CCGCGC	4.516955366854111
CCCCCG	3.045223142610031
CCCCCC	0.0
