	Caenorhabditis_elegans 5-mer OE values GC sorted
AAAAA	1.797334744665031
AAAAT	1.14481516799363
AATAT	0.7566073351801803
AATAA	1.2443643130365545
AATTA	0.779887560878032
AATTT	1.2004537485699553
ATAAA	0.9788999262554228
ATAAT	1.0476101564033267
ATATT	0.988128595761664
ATATA	0.9312090279140681
ATTAA	0.8148078994248095
ATTAT	1.0534594120103689
ATTTT	1.4495043569924038
ATTTA	1.2086201006010433
TTATT	1.4495043569924038
TTATA	0.9064650754507825
TTTTT	1.1978051461398302
TTTTA	1.495338486857776
TTTAA	1.2821172688808364
TTTAT	1.266167837530914
TTAAA	0.849728237971587
TTAAT	0.9636295396683994
AAATA	1.0950405954721678
AAATT	1.0476101564033267
TAAAT	0.8497282379715871
TAAAA	1.14481516799363
TAATT	0.9472968356062234
TAATA	1.09417060779903
TATTT	1.3635653634948304
TATTA	1.1677883404456026
TATAA	0.8962886893672904
TATAT	0.9309641315440469
GAAAT	0.6649931331273692
GAAAA	1.3469653296793347
ATACT	0.45310920914369734
ATACA	0.9981325501956884
GAATA	0.5949938559560671
GAATT	0.9576329337244032
ATTAC	1.1945606422879291
ATTAG	0.9330782431160852
ATTTG	0.981929321227115
ATTTC	0.9825621435608813
ATTGA	0.5647578839913148
ATTGT	0.6029390568938426
ATTCA	0.9474101645731853
ATTCT	0.722472164383001
GATAA	0.5599942173704163
GATAT	0.8348594806828132
GATTA	0.9085235525077673
GATTT	1.016382981621049
ATGAA	0.6299934945417184
ATGAT	0.5402031933829968
ATGTA	0.4174297403414066
ATGTT	0.8441146796513798
ATAAC	0.46970943538620624
ATAAG	0.7349924102986712
AATTC	0.9062184182873947
AATTG	0.687531337032905
AATAG	1.0149895189838793
AATAC	0.8807051913491367
AATGA	0.48999494019911427
AATGT	0.6138672652079509
AACAT	1.2917009473120673
AACAA	0.7532010210859954
GTAAT	0.6138672652079509
GTAAA	0.9449902418125775
TCATT	0.6357755046570408
TCATA	0.7826431794300227
TCAAT	0.45310920914369734
TCAAA	1.11555990904224
TCTTT	0.9731801777945611
TCTTA	0.8669665972596011
GTATA	0.7857500994661771
GTATT	0.9991561514240822
ATCAA	0.7632778325025852
ATCAT	0.49430095542948793
ATCTA	0.9886019108589759
ATCTT	0.8091688241089611
GTTAA	0.8348594806828132
GTTAT	0.9819293212271152
TGATA	0.6138672652079509
TGATT	0.6201658870908097
CATAA	0.5871367942327579
CATAT	0.49430095542948793
CATTA	0.8238349257158133
CATTT	1.387146555615362
AGAAA	1.247190120073458
AGAAT	1.5399840977686443
GTTTA	1.4126000761512885
GTTTT	1.2448399121373557
TGTAA	0.4419844309497246
TGTAT	0.516804905909008
TGTTA	0.7407536984695782
TGTTT	1.0393808975127437
TGAAA	0.7349924102986714
TGAAT	0.39287504973308857
TTTCT	0.9934547648319478
TTTCA	1.1270565764374816
TTCTT	0.8718072426076277
TTCTA	0.9825621435608813
TTCAT	0.9825621435608813
TTCAA	0.9886019108589761
AGATT	1.2768439116325376
AGATA	0.9449902418125773
AGTTT	1.2058781137876853
AGTTA	1.0558516961576756
AGTAT	1.2768439116325379
AGTAA	1.1549880733264837
TTGAA	0.6384219558162689
TTGAT	0.7407536984695782
TTGTA	0.6201658870908097
TTGTT	0.8822651804468636
TTTAG	1.7915903404845606
TTTAC	1.502742101916642
TTACT	1.1559554630128015
TTACA	1.6064781051458359
TTTTG	1.1239816682405248
TTTTC	1.1353768740936545
TCTAA	0.7002596868584414
TCTAT	0.6357755046570408
ATATG	0.3683203591247705
ATATC	0.370725716572116
ATAGA	1.0149895189838796
ATAGT	0.712086027641223
AACTT	0.9062184182873947
AACTA	0.7045641530793094
AAAAG	1.646290958496965
AAAAC	0.7532010210859954
TTATC	0.9536632569855613
TTATG	0.723526868272611
TTAAG	1.3505079834574918
TTAAC	1.1121771497163477
CAAAA	1.2553350351433255
CAAAT	1.11555990904224
CAATA	0.4109957559629305
CAATT	0.7826431794300226
TTTGT	0.8822651804468636
TTTGA	0.8785683400453136
TACAT	0.9474101645731853
TACAA	1.2329872678887914
CTATA	0.8650266720016041
CTATT	1.0981576898621614
TTAGA	1.5960548895406723
TTAGT	1.1369707929998176
TAGTA	1.350507983457492
TAGTT	1.06806347221195
TATAC	0.7414514331442318
TATAG	0.8594141712911311
TATTG	1.0163829816210488
TATTC	0.8669665972596011
TATGA	0.5893125745996328
TATGT	0.5684853964999088
TATCA	0.6590679405726506
TATCT	0.751371050958321
TACTA	1.0709854034305573
TACTT	1.0114610301362013
TAGAT	0.9821876243327214
TAGAA	1.784981567868202
CTAAA	0.9981325501956884
CTAAT	0.61787619428686
CTTTT	1.0948277000188813
CTTTA	1.2426521227387617
ACATT	1.359327627431092
ACATA	0.3522820765396547
ACAAT	0.9394188707724125
ACAAA	1.171646032800437
ACTTT	1.2137532361634416
ACTTA	0.7826431794300226
TAAAC	0.528423114809482
TAAAG	0.8749909646412752
TAATG	0.4910938121663607
TAATC	0.741451433144232
TAAGA	1.6799826521112489
TAAGT	0.5647578839913148
ACTAA	0.7632778325025852
ACTAT	1.0297936571447666
TAACT	0.8238349257158134
TAACA	1.2917009473120673
CTTAA	0.49430095542948804
CTTAT	0.9247643704102412
AAGTA	0.6649931331273693
AAGTT	0.8348594806828132
AAGAA	1.5964033536940263
AAGAT	1.6099833749399464
AATCT	0.5766844480010693
AATCA	0.7632778325025852
AAATG	0.3849960244421611
AAATC	0.7632778325025852
AAAGA	1.5964033536940263
AAAGT	0.7699920488843222
AAACA	0.5021340140573303
AAACT	0.821991511925861
AAACC	1.1846263678577016
AAACG	0.17654103413937766
AAAGC	1.2357872389756435
AAAGG	1.1576109172886198
AATCC	1.0388726542853084
AATCG	0.8669910472502694
CACTT	1.4576834297869592
CACTA	1.0388726542853082
CACAT	1.0388726542853084
CACAA	1.7769395517865523
AAGCT	0.9908469111431649
AAGCA	0.7061641365575106
AAGGT	1.5504584421628904
AAGGA	1.15761091728862
AAGTC	0.6192793194644782
AAGTG	0.5906508351096725
AAGAC	1.588869307254399
AAGAG	2.209984478460092
CTCTT	1.4317334091887128
CTCTA	0.7288417148934798
CTCAT	0.8746100578721755
CTCAA	0.623323592571185
CTGTT	0.5486569633752366
CTGTA	0.7820418400681862
CTGAT	0.6082547644974782
CTGAA	0.9908469111431651
GCATT	1.0427224534242483
GCATA	0.619279319464478
GCAAT	0.619279319464478
GCAAA	0.8827051706968883
ACCTT	1.3119150868082634
ACCTA	1.0388726542853082
ACCAT	1.4544217159994317
ACCAA	1.480782959822127
CTTAC	0.7288417148934798
CTTAG	1.4771901423510183
GCTTT	1.4630852356672976
GCTTA	1.042722453424248
GCTAT	1.1296159912096022
GCTAA	0.8669910472502693
ACGTT	0.6951483022828322
ACGTA	0.7431351833573736
ACGAT	0.0
ACGAA	0.3530820682787553
ACTCT	1.0203784008508714
ACTCA	0.20777453085706163
ACTGT	0.6082547644974782
ACTGA	0.619279319464478
TAACC	0.6233235925711851
TAACG	0.3715675916786869
TAAGC	0.24771172778579129
TAAGG	1.4766270877741814
ACTTC	0.43730502893608775
ACTTG	1.2165095289949561
ACTAC	1.038872654285308
ACTAG	0.8669910472502693
ACACT	1.0388726542853082
ACACA	1.1846263678577016
ACAGT	2.1055496861792253
ACAGA	1.2357872389756432
CTTCT	0.9204000487641726
CTTCA	1.0203784008508718
CTTGT	0.914428272292061
CTTGA	1.2165095289949563
CTTTC	0.6136000325094484
CTTTG	0.9753901571115318
ACATC	2.701068901141801
ACATG	0.7431351833573736
ACAAC	2.073096143750977
ACAAG	0.8827051706968881
CCTTT	0.5113333604245403
CCTTA	0.7288417148934796
CTAGT	1.1296159912096022
CTAGA	1.6101262306076434
TATCC	0.14576834297869593
TATCG	0.6082547644974781
TATGC	0.6082547644974782
TATGG	0.725169913877772
GGTAT	1.2949462747817355
GGTAA	1.255133024608054
CGATT	0.0
CGATA	0.12385586389289562
TAGCT	0.9558289156388943
TAGCA	1.7339820945005389
TAGGT	1.7093290827118912
TAGGA	0.9598076070532178
TAGTC	0.08689353778535402
TAGTG	0.6215742118952331
TAGAC	1.1147027750360607
TAGAG	1.6981211509403087
GGAAT	1.033638961441927
GGAAA	0.9471362050543254
TACCT	1.4576834297869592
TACCA	3.1166179628559245
TACGT	0.5213612267121241
TACGA	0.24771172778579123
TACTC	0.7288417148934796
TACTG	0.34757415114141604
TACAC	2.2855198394276774
TACAG	1.8578379583934341
GGTTT	1.4899321971084754
GGTTA	1.5539355297380824
CTATC	0.2915366859573919
CTATG	0.5213612267121241
CTAAC	0.41554906171412337
CTAAG	0.7431351833573738
CCTAT	1.0203784008508714
CCTAA	0.623323592571185
AGCTT	1.2165095289949563
AGCTA	0.8669910472502693
AGCAT	0.9908469111431649
AGCAA	0.8827051706968883
CAAGT	0.619279319464478
CAAGA	1.5888693072543985
TTAGC	1.3034030667803103
TTAGG	1.5539355297380826
CGAAT	0.24771172778579123
CGAAA	0.17654103413937766
GGATT	1.1913505727991969
GGATA	0.5906508351096725
CAATC	0.6233235925711849
CAATG	1.1147027750360605
CAAAC	0.2961565919644253
CAAAG	1.7654103413937763
CTACT	1.0203784008508718
CTACA	1.6621962468564935
AGGTT	1.916520486676969
AGGTA	1.4027957333854721
AGGAT	1.107470315830636
AGGAA	1.15761091728862
AGTCT	1.0427224534242483
AGTCA	0.12385586389289564
TTTGC	0.7925045026531196
TTTGG	1.7443108649074839
TTACC	2.478061830637831
TTACG	0.7820418400681861
AGTGT	0.5697763609039638
AGTGA	0.6644821894983816
AGTTC	0.7820418400681862
AGTTG	0.5697763609039637
AGTAC	1.2385586389289565
AGTAG	1.4766270877741814
AGACT	0.9908469111431649
AGACA	1.7654103413937765
AGAGT	1.5504584421628902
AGAGA	1.6837976978743558
AGATC	1.238558638928956
AGATG	1.3289643789967631
TTGCT	0.914428272292061
TTGCA	0.6951483022828321
TTGGT	1.4172525777373304
TTGGA	1.0359570198253882
TTGTC	0.3657713089168244
TTGTG	0.7631360033970241
TTGAC	0.7820418400681862
TTGAG	1.0877548708166578
TTTCC	0.9204000487641726
TTTCG	0.42673319373629515
GTCTT	0.8534663874725903
GTCTA	0.4344676889267701
GTCAT	0.4344676889267701
GTCAA	0.49542345557158257
TTCCT	0.7158667045943564
TTCCA	1.8949884587230474
TTCGT	0.4876950785557659
TTCGA	0.08689353778535402
TTCTC	0.7158667045943564
TTCTG	0.5486569633752366
TTCAC	1.0203784008508718
TTCAG	1.3034030667803103
AGAAC	2.1184924096725317
AGAAG	2.209984478460092
CATGT	0.5213612267121241
CATGA	0.24771172778579123
CATTC	0.5830733719147837
CATTG	0.43446768892677007
CATAC	1.4544217159994313
CATAG	0.619279319464478
GTTCT	0.6096188481947074
GTTCA	0.9558289156388943
GTTGT	0.47241752591244357
GTTGA	0.5697763609039638
TGACT	0.6951483022828322
TGACA	0.49542345557158257
TGAGT	0.6733720628865026
TGAGA	0.8859762526645087
TGATC	0.8689353778535402
TGATG	0.8287656158603107
TGAAC	0.7431351833573738
TGAAG	1.2551330246080543
TGTCT	0.24384753927788294
TGTCA	0.3475741511414161
TGTGT	0.6541165743403065
TGTGA	0.3107871059476166
TGTTC	0.7925045026531196
TGTTG	0.47241752591244357
TGTAC	0.6951483022828322
TGTAG	0.984159168834119
GTGTT	0.8721554324537419
GTGTA	0.6733720628865026
GTGAT	0.7769677648690415
GTGAA	0.5906508351096725
GTTAC	1.6509772179217264
GTTAG	0.8805634668515802
GTACT	1.0427224534242483
GTACA	0.7431351833573738
GTAGT	1.1395527218079275
GTAGA	1.181301670219345
CCAAT	1.2466471851423702
CCAAA	2.0730961437509774
TGGTT	1.12653410025275
TGGTA	1.4503398277555442
TGGAT	0.6733720628865026
TGGAA	0.6644821894983816
CAACT	1.0388726542853082
CAACA	2.6654093276798285
ATCCT	0.5830733719147837
ATCCA	1.0388726542853082
ATCGT	0.9558289156388943
ATCGA	0.12385586389289562
ATCTC	0.7288417148934796
ATCTG	0.7820418400681861
ATCAC	1.2466471851423697
ATCAG	0.9908469111431649
CAGTT	1.4771901423510183
CAGTA	1.9816938222863298
GTAAC	1.362414502821852
GTAAG	0.8121448982757998
CGTTT	0.914428272292061
CGTTA	0.955828915638894
TGCTT	1.158275811569944
TGCTA	1.2165095289949563
TGCAT	0.5213612267121241
TGCAA	0.6192793194644782
CCATT	1.4576834297869592
CCATA	0.8310981234282465
GTTTC	0.4876950785557659
GTTTG	0.690456384025879
GACTT	0.9558289156388943
GACTA	0.8669910472502693
GACAT	0.9908469111431649
GACAA	1.0592462048362659
TCAGT	1.2165095289949563
TCAGA	0.7431351833573738
TCATC	1.3119150868082636
TCATG	0.6082547644974782
TCAAC	0.8310981234282467
TCAAG	1.2385586389289565
GTATC	0.5213612267121241
GTATG	0.7769677648690413
GAGAT	1.107470315830636
GAGAA	1.15761091728862
TCTGT	0.4876950785557659
TCTGA	0.5213612267121241
TCTTC	1.2272000650188968
TCTTG	0.5486569633752366
TCTAC	0.8746100578721758
TCTAG	1.9985513690631425
TCACT	1.0203784008508718
TCACA	0.8310981234282467
CGTAT	0.3475741511414161
CGTAA	0.7431351833573736
CAGAT	0.7431351833573736
CAGAA	1.4123282731150213
CATCT	1.894988458723047
CATCA	1.0388726542853082
ATGCT	1.0427224534242483
ATGCA	1.1147027750360607
ATGGT	0.8805634668515804
ATGGA	0.29532541755483627
ATGTC	0.3475741511414161
ATGTG	0.41438280793015536
ATGAC	0.3715675916786869
ATGAG	0.8859762526645089
GATTC	0.4344676889267701
GATTG	0.5179785099126942
GATAC	0.24771172778579129
GATAG	0.6644821894983817
TCGTT	0.7925045026531196
TCGTA	0.6082547644974782
TCGAT	0.08689353778535402
TCGAA	0.24771172778579129
TCTCT	0.5113333604245403
TCTCA	0.5830733719147838
GAGTT	1.0359570198253887
GAGTA	1.8457838597177265
ATTCC	1.1661467438295674
ATTCG	0.43446768892677007
ATTGC	1.4771901423510183
ATTGG	1.3985419767642744
GAATC	0.619279319464478
GAATG	1.1074703158306358
GAAAC	1.0592462048362659
GAAAG	0.42094942446858896
TCCTT	0.4090666883396322
TCCTA	0.5830733719147838
TCCAT	0.5830733719147837
TCCAA	1.662196246856493
GATCT	1.1296159912096022
GATCA	0.6192793194644782
GATGT	0.7251699138777721
GATGA	1.1074703158306358
ATACC	2.077745308570617
ATACG	0.49542345557158257
ATAGC	0.7431351833573738
ATAGG	1.033638961441927
AATGC	0.49542345557158257
AATGG	0.8859762526645089
GAACT	1.1147027750360605
GAACA	1.588869307254399
GAAGT	1.181301670219345
GAAGA	1.9995097662257977
AACCT	0.6233235925711851
AACCA	1.1846263678577016
AACGT	0.49542345557158257
AACGA	0.1765410341393777
AACTC	0.8310981234282467
AACTG	1.2385586389289565
AACAC	0.2961565919644254
AACAG	2.471574477951287
CCCTT	1.5475243268881147
CCCTA	2.941069685764448
CCCAT	1.470534842882224
CCCAA	3.144095084487634
GAACC	1.8742172644755968
GAACG	0.0
GAAGC	1.117234135757959
GAAGG	1.1099852524764797
CGCTT	0.6149934470196076
CGCTA	0.8765961958786977
CGCAT	0.0
CGCAA	0.6247390881585322
TCCCT	0.0
TCCCA	3.67633710720556
TCCGT	1.2299868940392154
TCCGA	0.0
TCCTC	1.5475243268881147
TCCTG	1.2299868940392154
TCCAC	3.67633710720556
TCCAG	1.7531923917573957
GATCC	0.8765961958786981
GATCG	0.7838177663878868
GATGC	1.5676355327757736
GATGG	0.46723930113146533
TCGCT	0.6149934470196077
TCGCA	0.43829809793934904
TCGGT	0.5499028997073134
TCGGA	0.7838177663878868
TCGTC	1.2299868940392154
TCGTG	0.18330096656910444
TCGAC	0.43829809793934904
TCGAG	0.0
TCTCC	1.0316828845920765
TCTCG	0.6149934470196077
CGGTT	0.7332038662764178
CGGTA	0.5225451775919245
CGGAT	0.2612725887959622
CGGAA	1.4896455143439453
GAGCT	1.3063629439798112
GAGCA	2.6068796501019045
GAGGT	2.0247036382363497
GAGGA	1.9979734544576642
GAGTC	0.7838177663878868
GAGTG	0.46723930113146533
GAGAC	1.1172341357579592
GAGAG	0.665991151485888
TCTGC	1.2299868940392154
TCTGG	0.7332038662764178
TCACC	1.470534842882224
TCACG	1.314894293818047
CGTAC	0.0
CGTAG	1.3063629439798115
GACCT	1.7531923917573957
GACCA	0.6247390881585323
GACGT	0.5225451775919244
GACGA	0.0
GACTC	0.8765961958786979
GACTG	0.5225451775919245
GACAC	1.2494781763170646
GACAG	1.1172341357579592
TCAGC	1.314894293818047
TCAGG	0.7838177663878868
TGCCT	0.6149934470196077
TGCCA	2.1914904896967453
TGCGT	0.36660193313820894
TGCGA	0.26127258879596227
CGTCT	1.2299868940392151
CGTCA	0.8765961958786977
CGTGT	0.3666019331382089
CGTGA	1.0450903551838489
CGTTC	0.0
CGTTG	0.18330096656910444
TGCTC	0.9224901705294115
TGCTG	1.0998057994146266
TGCAC	1.314894293818047
TGCAG	2.3514532991636607
CCACT	2.941069685764448
CCACA	5.240158474146057
CCAGT	2.191490489696745
CCAGA	2.498956352634129
CCATC	2.205802264323336
CCATG	0.0
GTACC	2.629788587636094
GTACG	0.26127258879596227
GTAGC	1.828908121571736
GTAGG	1.401717903394396
CCAAC	3.1440950844876348
CCAAG	1.8742172644755968
TGGCT	0.7332038662764179
TGGCA	1.3063629439798115
TGGGT	0.8741359962906197
TGGGA	1.8689572045258613
TGGTC	0.9165048328455223
TGGTG	1.3112039944359295
TGGAC	1.5676355327757736
TGGAG	0.7787321685524422
TGTCC	0.30749672350980384
TGTCG	0.18330096656910444
TGTGC	0.36660193313820894
TGTGG	0.9834029958269471
GTGTC	0.0
GTGTG	0.43706799814530983
GTGAC	0.26127258879596227
GTGAG	0.9344786022629307
GTTCC	1.844980341058823
GTTCG	0.18330096656910444
GTTGC	0.18330096656910447
GTTGG	0.8741359962906197
TGACC	0.8765961958786981
TGACG	0.26127258879596227
TGAGC	1.828908121571736
TGAGG	1.8689572045258613
GTCCT	0.30749672350980384
GTCCA	0.8765961958786981
GTCGT	0.0
GTCGA	0.5225451775919245
GTCTC	0.0
GTCTG	0.5499028997073133
GTCAC	0.8765961958786981
GTCAG	0.5225451775919245
GTGCT	1.6497086991219403
GTGCA	1.045090355183849
GTGGT	1.420470993972257
GTGGA	0.9344786022629307
TTCCC	1.5475243268881147
TTCCG	0.30749672350980384
TTCGC	0.30749672350980384
TTCGG	0.7332038662764178
TTGCC	2.152477064568626
TTGCG	0.3666019331382089
TTGGC	1.8330096656910444
TTGGG	1.8575389921175665
CGAAC	0.0
CGAAG	0.3724113785859864
GGACT	1.5676355327757734
GGACA	1.8620568929299317
GGAGT	2.336196505657327
GGAGA	0.887988201981184
GGATC	0.5225451775919245
GGATG	0.46723930113146533
GGAAC	1.1172341357579592
GGAAG	0.887988201981184
TACCC	5.882139371528896
TACCG	0.8765961958786979
TACGC	1.7531923917573957
TACGG	0.7838177663878868
GGTTC	1.0998057994146266
GGTTG	0.8741359962906196
GGTAC	1.8289081215717355
GGTAG	1.5574643371048842
CGACT	0.0
CGACA	0.0
CGAGT	0.5225451775919244
CGAGA	0.0
CGATC	0.43829809793934893
CGATG	0.26127258879596227
TAGCC	0.8765961958786981
TAGCG	0.7838177663878868
TAGGC	1.3063629439798115
TAGGG	2.0247036382363497
CTCTC	0.5158414422960382
CTCTG	0.30749672350980384
CTCAC	0.735267421441112
CTCAG	0.43829809793934893
GGGTT	1.4204709939722568
GGGTA	1.5574643371048842
GGGAT	1.0902250359734191
GGGAA	1.331982302971776
GGTCT	0.3666019331382089
GGTCA	1.5676355327757734
GGTGT	1.0926699953632744
GGTGA	1.7132107708153728
CTGTC	0.0
CTGTG	0.3666019331382089
CTGAC	0.8765961958786981
CTGAG	1.3063629439798115
GGCTT	1.283106765983731
GGCTA	1.828908121571736
GGCAT	0.7838177663878867
GGCAA	1.117234135757959
CTCCT	1.5475243268881147
CTCCA	0.735267421441112
CTCGT	1.844980341058823
CTCGA	0.0
GCACT	0.8765961958786979
GCACA	4.3731736171097255
GCAGT	2.0901807103676977
GCAGA	2.234468271515918
GCATC	0.0
GCATG	0.0
GCAAC	0.6247390881585323
GCAAG	1.1172341357579592
CTGCT	1.844980341058823
CTGCA	0.8765961958786981
CTGGT	1.2831067659837312
CTGGA	0.7838177663878868
ACCCT	7.35267421441112
ACCCA	3.144095084487634
ACCGT	0.43829809793934893
ACCGA	0.0
ACCTC	2.205802264323336
ACCTG	2.191490489696745
ACCAC	4.192126779316846
ACCAG	4.3731736171097255
ACGCT	0.43829809793934893
ACGCA	0.6247390881585323
ACGGT	0.7838177663878867
ACGGA	1.117234135757959
GCTCT	0.6149934470196076
GCTCA	1.7531923917573955
GCTGT	0.9165048328455222
GCTGA	1.0450903551838489
GCTTC	0.3074967235098038
GCTTG	0.9165048328455222
GCTAC	1.3148942938180468
GCTAG	1.828908121571736
ACGTC	0.43829809793934893
ACGTG	0.5225451775919245
ACGAC	0.0
ACGAG	0.7448227571719728
ACTCC	1.470534842882224
ACTCG	0.8765961958786979
ACTGC	0.43829809793934893
ACTGG	1.3063629439798115
ACACC	3.144095084487634
ACACG	2.4989563526341287
ACAGC	3.748434528951193
ACAGG	3.351702407273877
GCGTT	0.5499028997073133
GCGTA	0.5225451775919245
GCGAT	0.2612725887959622
GCGAA	0.0
CTTCC	0.5158414422960382
CTTCG	0.30749672350980384
CTTGC	0.30749672350980384
CTTGG	0.5499028997073133
CCTCT	3.610890096072268
CCTCA	1.470534842882224
CCTGT	0.0
CCTGA	3.068086685575442
CCTTC	1.0316828845920765
CCTTG	1.5374836175490187
CTAGC	0.8765961958786981
CTAGG	2.873998476755585
GCCTT	0.3074967235098038
GCCTA	1.3148942938180466
GCCAT	1.7531923917573955
GCCAA	1.8742172644755966
CCTAC	2.941069685764448
CCTAG	0.8765961958786979
AGCCT	0.43829809793934893
AGCCA	0.6247390881585323
AGCGT	1.0450903551838489
AGCGA	0.0
AGCTC	1.7531923917573957
AGCTG	1.5676355327757736
AGCAC	5.62265179342679
AGCAG	3.724113785859864
CAAGC	0.6247390881585322
CAAGG	2.234468271515918
CTACC	1.470534842882224
CTACG	0.43829809793934904
CCGTT	0.9224901705294113
CCGTA	0.0
CCGAT	0.4382980979393489
CCGAA	0.0
AGGCT	2.0901807103676977
AGGCA	0.7448227571719727
AGGGT	0.9344786022629307
AGGGA	1.553979353467072
AGGTC	1.045090355183849
AGGTG	2.336196505657327
AGGAC	1.862056892929932
AGGAG	2.4419675554482563
AGTCC	0.0
AGTCG	0.0
AGTGC	1.5676355327757736
AGTGG	0.7787321685524422
AGACC	2.498956352634129
AGACG	0.7448227571719728
AGAGC	1.8620568929299317
AGAGG	2.4419675554482554
CATGC	1.7531923917573957
CATGG	0.26127258879596227
CAACC	0.0
CAACG	0.6247390881585322
ATCCC	1.470534842882224
ATCCG	1.3148942938180468
ATCGC	0.8765961958786979
ATCGG	1.045090355183849
CAGCT	3.0680866855754427
CAGCA	4.3731736171097255
CAGGT	2.0901807103676977
CAGGA	3.351702407273877
CAGTC	1.7531923917573957
CAGTG	2.090180710367698
CAGAC	1.8742172644755968
CAGAG	2.2344682715159183
CATCC	4.411604528646672
CATCG	0.43829809793934893
ATGCC	0.0
ATGCG	0.0
ATGGC	0.5225451775919245
ATGGG	1.0902250359734191
AACCC	2.096063389658423
AACCG	0.6247390881585323
AACGC	0.0
AACGG	0.0
CACCT	3.67633710720556
CACCA	3.144095084487634
CACGT	2.191490489696745
CACGA	0.6247390881585323
CACTC	0.735267421441112
CACTG	0.8765961958786979
CACAC	2.096063389658423
CACAG	4.3731736171097255
AAGCC	0.0
AAGCG	0.3724113785859864
AAGGC	0.7448227571719728
AAGGG	1.775976403962368
CCCCA	3.7087488955792907
CCCCT	0.0
CCCGT	1.551038575156798
CCCGA	2.2108113854426423
CCCAG	0.0
CCCAC	22.252493373475744
CCCTG	4.6531157254703945
CCCTC	7.805839033340131
CACCC	7.417497791158581
CACCG	4.4216227708852855
CACGC	2.2108113854426428
CACGG	6.589401331307147
CAGGG	3.9279886281514615
CAGGC	0.0
CAGCG	1.3178802662614295
CAGCC	2.2108113854426428
GCCAC	2.2108113854426423
GCCAG	3.9536407987842876
GCCTG	0.0
GCCTC	3.102077150313596
GCCCA	4.421622770885285
GCCCT	4.6531157254703945
GCCGT	0.9245850387187724
GCCGA	0.0
GCGTC	0.9245850387187724
GCGTG	1.6534549962488998
GCGAC	0.0
GCGAG	0.0
GCGGA	0.7855977256302923
GCGGT	0.5511516654162999
GCGCT	0.0
GCGCA	1.3178802662614295
GGCCA	5.271521065045718
GGCCT	2.7737551161563174
GGCGT	0.5511516654162999
GGCGA	0.0
CTGCC	1.5510385751567983
CTGCG	0.0
CTGGC	0.9245850387187726
CTGGG	2.2046066616651996
GCTCC	3.102077150313596
GCTCG	0.9245850387187724
GCTGC	2.7737551161563174
GCTGG	1.1023033308325998
GCAGG	4.7135863537817535
GCAGC	7.907281597568575
GCACG	1.3178802662614295
GCACC	8.843245541770571
GGGTC	0.0
GGGTG	1.314181586637406
GGGAC	0.7855977256302924
GGGAG	4.683003473951864
GGGGA	1.4049010421855592
GGGGT	3.285453966593515
GGGCT	1.6534549962488996
GGGCA	3.9279886281514615
CTCGG	0.9245850387187726
CTCGC	0.0
CTCCG	1.551038575156798
CTCCC	2.6019463444467106
GGCAG	3.9279886281514615
GGCAC	2.6357605325228586
GGCTG	1.1023033308325998
GGCTC	0.9245850387187724
CGGCA	1.3178802662614295
CGGCT	1.8491700774375448
CGGGT	1.6534549962488996
CGGGA	1.5711954512605846
GTGCC	1.8491700774375452
GTGCG	0.5511516654162999
GTGGC	0.0
GTGGG	0.9856361899780545
CGTCC	1.551038575156798
CGTCG	0.0
CGTGC	2.7737551161563174
CGTGG	0.0
GACCC	6.632434156327928
GACCG	0.0
GACGC	0.0
GACGG	1.5711954512605846
CGACC	2.2108113854426428
CGACG	0.0
CGAGC	0.0
CGAGG	0.0
GGTCC	0.9245850387187724
GGTCG	0.5511516654162999
GGTGC	2.7557583270814994
GGTGG	2.628363173274812
GGACC	1.3178802662614293
GGACG	0.7855977256302923
GGAGC	2.356793176890877
GGAGG	3.278102431766305
GTCGG	0.0
GTCGC	0.0
GTCCG	0.0
GTCCC	0.0
GAGCC	1.3178802662614293
GAGCG	1.5711954512605846
GAGGC	4.713586353781754
GAGGG	0.9366006947903728
CGGAG	2.3567931768908768
CGGAC	1.3178802662614293
CGGTG	1.6534549962488998
CGGTC	0.9245850387187724
TGCGG	0.0
TGCGC	0.0
TGCCG	0.9245850387187726
TGCCC	3.1020771503135967
CCAGG	5.271521065045718
CCAGC	2.2108113854426428
CCACG	8.843245541770571
CCACC	11.126246686737872
TCGCC	0.0
TCGCG	0.0
TCGGC	2.773755116156318
TCGGG	0.0
TCCGG	0.9245850387187726
TCCGC	0.0
TCCCG	1.551038575156798
TCCCC	0.0
CGCTC	1.551038575156798
CGCTG	0.0
CGCAC	0.0
CGCAG	2.6357605325228586
CGCGA	0.0
CGCGT	1.8491700774375448
CGCCT	0.0
CGCCA	2.2108113854426423
CCGCA	0.0
CCGCT	3.102077150313596
CCGGT	2.7737551161563174
CCGGA	2.635760532522858
ACGCC	2.2108113854426428
ACGCG	2.635760532522859
ACGGC	0.0
ACGGG	3.142390902521169
CCTCC	0.0
CCTCG	3.102077150313596
CCTGC	1.551038575156798
CCTGG	3.6983401548750896
AGCCC	2.2108113854426428
AGCCG	1.3178802662614295
AGCGC	1.3178802662614293
AGCGG	1.5711954512605846
AGGCC	1.3178802662614293
AGGCG	1.5711954512605846
AGGGC	3.1423909025211696
AGGGG	5.15130382134705
CCGAG	0.0
CCGAC	0.0
CCGTG	2.7737551161563174
CCGTC	1.551038575156798
TGGCC	3.6983401548750905
TGGCG	0.0
TGGGC	1.6534549962488998
TGGGG	2.628363173274812
ACCGG	3.953640798784288
ACCGC	2.2108113854426428
ACCCG	4.4216227708852855
ACCCC	0.0
CGGCC	0.0
CGGCG	0.0
CGGGG	0.0
CGGGC	2.7800539923325034
GGGGC	9.943258804692894
GGGGG	0.0
GGGCG	1.657209800782149
GGGCC	13.900269961662516
GCGCC	4.66368241162718
GCGCG	5.560107984665008
GCGGG	1.657209800782149
GCGGC	0.0
GGCCC	13.991047234881542
GGCCG	0.0
GGCGG	1.657209800782149
GGCGC	2.7800539923325034
GCCGG	2.7800539923325034
GCCGC	0.0
GCCCG	4.663682411627179
GCCCC	7.823565188484779
CCCGC	7.823565188484779
CCCGG	4.663682411627179
CCCCG	0.0
CCCCC	13.124429765172426
CGCGC	9.327364823254358
CGCGG	0.0
CGCCG	0.0
CGCCC	7.823565188484779
CCGGC	0.0
CCGGG	2.7800539923325034
CCGCG	0.0
CCGCC	0.0
