	Danio_rerio 5-mer OE values GC sorted
AAAAA	1.0692436878646832
AAAAT	1.2553981240890437
AATAT	0.631018891463654
AATAA	1.2759784212052574
AATTA	1.098440292547842
AATTT	1.247393314223674
ATAAA	0.7614709932999117
ATAAT	1.0049560123310044
ATATT	0.902369631566062
ATATA	0.8179874518973292
ATTAA	1.3087799230357269
ATTAT	1.7251184132880597
ATTTT	2.049469330304925
ATTTA	1.3535544473490932
TTATT	2.5015581531663056
TTATA	0.8758293482847074
TTTTT	1.7455393508911323
TTTTA	2.0193300754474994
TTTAA	1.2208530309423193
TTTAT	1.6275197623009698
TTAAA	1.0516981524394233
TTAAT	1.4066350139118025
AAATA	0.761470993299912
AAATT	0.9582138722225858
TAAAT	0.631018891463654
TAAAA	1.2348178269728298
TAATT	1.3004738807863836
TAATA	1.0049560123310044
TATTT	1.8987730560177982
TATTA	1.5393364303185766
TATAA	0.5375346112468163
TATAT	1.0881516145355454
GAAAT	0.9440224098194654
GAAAA	1.2650146511839788
ATACT	0.7179317143409861
ATACA	0.7421507143744865
GAATA	1.3544669358279284
GAATT	0.8855947346839417
ATTAC	0.7179317143409859
ATTAG	1.1186459806534
ATTTG	1.2174081860468842
ATTTC	0.7798389813147281
ATTGA	0.46610249193891673
ATTGT	0.4763771162792154
ATTCA	0.7491461367036376
ATTCT	1.4178890569358693
GATAA	0.4104445260084632
GATAT	0.5127127411328083
GATTA	0.978815233071725
GATTT	1.2703389767445743
ATGAA	1.2723780306262362
ATGAT	1.0720357314595086
ATGTA	0.6991537379083751
ATGTT	0.8468926511630497
ATAAC	0.6871765873837838
ATAAG	0.5335778838110022
AATTC	0.6867172919783344
AATTG	1.3516972266228584
AATAG	1.3544669358279287
AATAC	0.7696377778698379
AATGA	1.3955113884287753
AATGT	0.6059332395205917
AACAT	0.8246119048605406
AACAA	1.0650109310388995
GTAAT	0.8855947346839418
GTAAA	0.7798445994160803
TCATT	0.8152862077381248
TCATA	0.5306451801650767
TCAAT	0.8427894037915924
TCAAA	0.7421507143744865
TCTTT	1.247874499867868
TCTTA	2.05593913255701
GTATA	0.46610249193891673
GTATT	0.8998234418607403
ATCAA	1.099482539814054
ATCAT	1.1861480497807597
ATCTA	0.6242884472530313
ATCTT	1.0634167927019018
GTTAA	1.0254254822656168
GTTAT	0.4763771162792154
TGATA	0.7923742362961584
TGATT	1.4291313488376463
CATAA	0.6322024603930811
CATAT	0.6867172919783345
CATTA	1.3110057392313659
CATTT	1.063416792701902
AGAAA	1.1204415481915242
AGAAT	0.5335778838110021
GTTTA	1.058615813953812
GTTTT	0.8415179307708678
TGTAA	0.7457639871022668
TGTAT	0.9527542325584308
TGTTA	0.8468926511630497
TGTTT	0.6611926598913961
TGAAA	1.0261113150211583
TGAAT	1.0254254822656168
TTTCT	1.1673664676183282
TTTCA	1.1343112455486954
TTCTT	2.3347329352366564
TTCTA	1.311547377665679
TTCAT	0.6380500756211411
TTCAA	0.7803605590662892
AGATT	0.23305124596945834
AGATA	0.32835562080677055
AGTTT	1.058615813953812
AGTTA	0.7457639871022667
AGTAT	0.9322049838778333
AGTAA	0.9440224098194654
TTGAA	0.8855947346839418
TTGAT	1.1644773953491934
TTGTA	0.9527542325584308
TTGTT	0.6010842362649056
TTTAG	1.8525776744191715
TTTAC	1.3824418305124726
TTACT	0.8861806605849183
TTACA	1.3110057392313659
TTTTG	1.2622768961563018
TTTTC	1.4491445804917178
TCTAA	0.5618596025277283
TCTAT	0.7443917548913312
ATATG	0.7457639871022667
ATATC	0.499430757802425
ATAGA	0.45148897860930964
ATAGT	0.7923742362961584
AACTT	0.7491461367036376
AACTA	0.8795860318512433
AAAAG	1.2650146511839793
AAAAC	0.9923965493771565
TTATC	1.5596779626294561
TTATG	1.0586158139538122
TTAAG	0.7457639871022667
TTAAC	1.3422201615940172
CAAAA	1.016601343264404
CAAAT	0.7971248413651892
CAATA	1.017021349328
CAATT	1.1237192050554565
TTTGT	0.8415179307708678
TTTGA	1.1644773953491934
TACAT	0.7179317143409861
TACAA	1.0445084128233513
CTATA	0.7491461367036376
CTATT	1.7723613211698364
TTAGA	0.6991537379083751
TTAGT	1.5349929302330276
TAGTA	1.6313587217862087
TAGTT	1.1644773953491934
TATAC	0.7491461367036375
TATAG	0.6525434887144833
TATTG	1.0586158139538122
TATTC	1.5242307362060594
TATGA	1.1186459806534002
TATGT	0.7939618604653591
TATCA	0.9988615156048503
TATCT	0.9925223398551085
TACTA	1.3110057392313659
TACTT	0.9216278870083149
TAGAT	0.41949224274502506
TAGAA	1.0261113150211583
CTAAA	1.1269696033094054
CTAAT	0.9364326708795471
CTTTT	1.6906686772403372
CTTTA	1.2761001512422823
ACATT	1.0612903603301533
ACATA	0.549741269907027
ACAAT	0.9895342858326487
ACAAA	1.113420518813395
ACTTT	1.0988640191252987
ACTTA	1.0612903603301533
TAAAC	0.7971248413651892
TAAAG	1.0671557676220045
TAATG	0.83898448549005
TAATC	1.0925047826928047
TAAGA	0.369400073407617
TAAGT	0.3262717443572417
ACTAA	1.0445084128233513
ACTAT	1.217362472143411
TAACT	0.6242884472530313
TAACA	1.2369178572908108
CTTAA	1.0300759379675017
CTTAT	1.8432557740166298
AAGTA	0.3694000734076169
AAGTT	0.7923742362961583
AAGAA	0.8312953422066147
AAGAT	0.4925334312101558
AATCT	0.7803605590662892
AATCA	1.0719954763187027
AAATG	1.1902891254245436
AAATC	0.9070730953465947
AAAGA	1.2288713754358653
AAAGT	0.6156667890126949
AAACA	0.9923965493771565
AAACT	0.9620472223372976
AAACC	1.4224295654918637
AAACG	0.3861839349775775
AAAGC	1.1585518049327326
AAAGG	1.2974864880863475
AATCC	1.101352408079044
AATCG	0.7126471055888443
CACTT	1.375770357058636
CACTA	1.3950463835667892
CACAT	1.064640661143076
CACAA	1.034494229448628
AAGCT	1.2608371868110322
AAGCA	1.4481897561659156
AAGGT	0.7367154962881026
AAGGA	1.3695690707578112
AAGTC	0.49337107309996897
AAGTG	0.9004300510187923
AAGAC	1.303370780549324
AAGAG	1.15332132274342
CTCTT	1.2309270418319673
CTCTA	0.9171802380390907
CTCAT	0.41690010819958667
CTCAA	0.8443701795272671
CTGTT	1.201805005115592
CTGTA	0.9960430576037078
CTGAT	0.9960430576037078
CTGAA	1.0963801624443756
GCATT	1.3073065131048665
GCATA	0.8222851218332818
GCAAT	1.6993892517887823
GCAAA	0.8206408618273522
ACCTT	1.000560259679008
ACCTA	0.7342349387193627
ACCAT	1.2481993958229167
ACCAA	1.2607898421405153
CTTAC	1.375770357058636
CTTAG	1.6808226597062568
GCTTT	1.3431938292468382
GCTTA	1.3073065131048665
GCTAT	1.1828011309044029
GCTAA	1.3156561949332508
ACGTT	0.4980215288018539
ACGTA	0.3837330568555315
ACGAT	0.4933710730999691
ACGAA	1.013732829316141
ACTCT	0.8338002163991735
ACTCA	0.7342349387193629
ACTGT	0.4980215288018539
ACTGA	0.9867421461999384
TAACC	0.8810819264632352
TAACG	0.6030090893444067
TAAGC	0.9867421461999382
TAAGG	1.1460018831148266
ACTTC	1.2507003245987602
ACTTG	0.8715376754032443
ACTAC	0.9545054203351716
ACTAG	1.4801132192999071
ACACT	0.9177936733992035
ACACA	0.5495750593945836
ACAGT	0.8771041299555008
ACAGA	0.772367869955155
CTTCT	1.562330476171343
CTTCA	0.8338002163991733
CTTGT	0.5655552965249844
CTTGA	1.0582957487039395
CTTTC	0.9468669552553592
CTTTG	0.9897217689187227
ACATC	1.321622889694853
ACATG	0.9867421461999382
ACAAC	0.8405265614270102
ACAAG	1.20682479680493
CCTTT	1.4676437806458071
CCTTA	1.3340803462386774
CTAGT	1.4940645864055617
CTAGA	0.7126471055888443
TATCC	0.7921102055792147
TATCG	0.43576883770162217
TATGC	0.8715376754032443
TATGG	1.2084469912335054
GGTAT	1.0225320695052735
GGTAA	0.7367154962881027
CGATT	0.4980215288018539
CGATA	0.16445702436665635
TAGCT	1.618569968606025
TAGCA	2.2475793330109703
TAGGT	0.4647873043205789
TAGGA	3.0287192625177557
TAGTC	0.8092849843030125
TAGTG	0.7436596869129264
TAGAC	0.4385520649777503
TAGAG	0.7367154962881028
GGAAT	1.5552882699415502
GGAAA	0.9370735747290289
TACCT	0.750420194759256
TACCA	1.1747759019509803
TACGT	0.4980215288018539
TACGA	0.9319231380777194
TACTC	0.41690010819958667
TACTG	0.6225269110023174
TACAC	1.0646406611430759
TACAG	1.2608371868110322
GGTTT	0.8445029992128154
GGTTA	0.929574608641158
CTATC	0.62535016229938
CTATG	0.933790366503476
CTAAC	0.807658432591299
CTAAG	0.7126471055888443
CCTAT	1.0422502704989667
CCTAA	0.9545054203351715
AGCTT	1.6185699686060249
AGCTA	1.4252942111776883
AGCAT	1.5897512355443448
AGCAA	1.5930087317825072
CAAGT	0.822285121833282
CAAGA	1.1102788130605354
TTAGC	1.9920861152074156
TTAGG	1.394361912961737
CGAAT	0.8771041299555006
CGAAA	0.9654598374439437
GGATT	2.230979060738779
GGATA	0.982287328384137
CAATC	1.1013524080790442
CAATG	0.9867421461999382
CAAAC	1.3254457314810546
CAAAG	0.772367869955155
CTACT	0.7087301839392973
CTACA	1.101352408079044
AGGTT	0.6507022260488105
AGGTA	1.1460018831148264
AGGAT	1.7190028246722397
AGGAA	1.9462297321295214
AGTCT	0.684779602102549
AGTCA	0.43855206497775023
TTTGC	0.9897217689187227
TTTGG	1.266754498819223
TTACC	1.4591503786985536
TTACG	0.37351614660139043
AGTGT	0.7436596869129263
AGTGA	0.8185727736534475
AGTTC	0.5602742199020855
AGTTG	1.0225320695052735
AGTAC	1.2060181786888131
AGTAG	2.0464319341336186
AGACT	0.4385520649777503
AGACA	1.1585518049327324
AGAGT	0.6548582189227579
AGAGA	1.0091561574004924
AGATC	0.6030090893444066
AGATG	0.8185727736534475
TTGCT	0.9897217689187229
TTGCA	1.4940645864055617
TTGGT	1.372317373720825
TTGGA	1.6732342955540844
TTGTC	0.5655552965249844
TTGTG	0.31668862470480574
TTGAC	1.1828011309044029
TTGAG	0.5577447651846948
TTTCC	0.8995236074925914
TTTCG	0.42416647239373834
GTCTT	1.131110593049969
GTCTA	0.4980215288018539
GTCAT	0.18675807330069522
GTCAA	0.6030090893444067
TTCCT	1.2309270418319673
TTCCA	0.9588702488590494
TTCGT	0.2827776482624922
TTCGA	0.5602742199020856
TTCTC	0.4734334776276796
TTCTG	0.8483329447874766
TTCAC	1.25070032459876
TTCAG	0.8092849843030125
AGAAC	0.7723678699551549
AGAAG	1.9462297321295212
CATGT	0.5602742199020856
CATGA	1.1511991705665947
CATTC	0.9588702488590495
CATTG	0.6225269110023174
CATAC	0.6975231917833946
CATAG	0.6578280974666254
GTTCT	1.060416180984346
GTTCA	0.6225269110023174
GTTGT	0.8445029992128154
GTTGA	1.5802768346899685
TGACT	1.5563172775057934
TGACA	0.8771041299555006
TGAGT	0.4647873043205789
TGAGA	0.5730009415574132
TGATC	0.6847796021025491
TGATG	1.2084469912335054
TGAAC	1.2060181786888133
TGAAG	1.3097164378455162
TGTCT	0.5655552965249845
TGTCA	0.6225269110023174
TGTGT	0.21112574980320384
TGTGA	0.8366171477770422
TGTTC	0.8483329447874766
TGTTG	0.9500658741144172
TGTAC	0.5602742199020856
TGTAG	1.3014044520976211
GTGTT	0.5278143745080096
GTGTA	0.7436596869129264
GTGAT	0.6507022260488105
GTGAA	1.2278591604801712
GTTAC	0.8092849843030125
GTTAG	0.464787304320579
GTACT	1.4318118953053298
GTACA	0.767466113711063
GTAGT	0.7436596869129263
GTAGA	0.982287328384137
CCAAT	0.9912171672711397
CCAAA	1.2284618974702457
TGGTT	1.0556287490160192
TGGTA	0.6507022260488106
TGGAT	0.8366171477770421
TGGAA	0.654858218922758
CAACT	1.1380641550150123
CAACA	0.9051824507675494
ATCCT	0.8338002163991733
ATCCA	0.9545054203351715
ATCGT	0.5602742199020856
ATCGA	0.3837330568555315
ATCTC	0.7921102055792146
ATCTG	1.3073065131048665
ATCAC	0.8810819264632352
ATCAG	1.041561154322157
CAGTT	0.8092849843030125
CAGTA	1.80902726803322
GTAAC	0.5481900812221878
GTAAG	0.49114366419206856
CGTTT	0.49486088445936144
CGTTA	0.43576883770162217
TGCTT	1.131110593049969
TGCTA	1.3695592042050981
TGCAT	0.9960430576037078
TGCAA	1.041561154322157
CCATT	1.125630292138884
CCATA	0.8810819264632352
GTTTC	0.5655552965249844
GTTTG	0.4222514996064077
GACTT	1.6185699686060249
GACTA	0.9867421461999379
GACAT	1.4252942111776885
GACAA	0.9171868455717466
TCAGT	0.6847796021025491
TCAGA	0.7126471055888443
TCATC	0.7921102055792146
TCATG	0.6225269110023174
TCAAC	1.0279289142071077
TCAAG	0.9319231380777194
GTATC	0.6847796021025491
GTATG	1.394361912961737
GAGAT	0.654858218922758
GAGAA	1.4416516534292751
TCTGT	0.8483329447874765
TCTGA	1.2450538220046348
TCTTC	1.230927041831967
TCTTG	1.0604161809843458
TCTAC	1.000560259679008
TCTAG	1.4940645864055617
TCACT	1.0422502704989667
TCACA	0.8810819264632352
CGTAT	0.24901076440092695
CGTAA	0.3289140487333127
CAGAT	0.2740950406110939
CAGAA	0.9171868455717466
CATCT	1.0005602596790082
CATCA	1.3583346366308213
ATGCT	1.3073065131048665
ATGCA	0.9867421461999382
ATGGT	0.8366171477770421
ATGGA	0.40928638682672375
ATGTC	0.37351614660139043
ATGTG	0.6507022260488106
ATGAC	1.1511991705665945
ATGAG	1.391573715210861
GATTC	0.8715376754032441
GATTG	0.4647873043205789
GATAC	0.6578280974666253
GATAG	0.5730009415574132
TCGTT	0.42416647239373834
TCGTA	0.4980215288018539
TCGAT	0.24901076440092695
TCGAA	0.7126471055888443
TCTCT	0.9942103030181274
TCTCA	0.8338002163991733
GAGTT	0.37182984345646314
GAGTA	1.0641446057494817
ATTCC	1.042250270498967
ATTCG	0.8092849843030125
ATTGC	1.4940645864055617
ATTGG	1.9521066781464318
GAATC	0.49337107309996897
GAATG	0.7367154962881027
GAAAC	0.8206408618273522
GAAAG	1.0091561574004924
TCCTT	1.420300432883039
TCCTA	0.8338002163991733
TCCAT	0.6670401731193387
TCCAA	0.8810819264632352
GATCT	0.8092849843030124
GATCA	0.7126471055888441
GATGT	0.6507022260488105
GATGA	1.0641446057494817
ATACC	0.807658432591299
ATACG	0.6030090893444067
ATAGC	1.1511991705665945
ATAGG	1.391573715210861
AATGC	0.8771041299555006
AATGG	0.9004300510187924
GAACT	0.767466113711063
GAACA	0.7723678699551549
GAAGT	0.7367154962881026
GAAGA	0.8649909920575649
AACCT	1.1380641550150123
AACCA	1.293117786810785
AACGT	0.2192760324888752
AACGA	0.9654598374439439
AACTC	1.1013524080790442
AACTG	0.767466113711063
AACAC	0.9375103954378191
AACAG	1.3033707805493242
CCCTT	1.169305541569317
CCCTA	1.71612848772105
CCCAT	1.1277415776452615
CCCAA	1.5975575922884035
GAACC	1.4184159380497303
GAACG	0.5776413767822061
GAAGC	2.503112632722893
GAAGG	1.8688589238670354
CGCTT	0.6651580055879636
CGCTA	0.8053794866754094
CGCAT	0.585730535763934
CGCAA	0.4513141621067324
TCCCT	0.5568121626520556
TCCCA	0.9316126076199985
TCCGT	0.41572375349247725
TCCGA	0.43929790182295053
TCCTC	0.4454497301216445
TCCTG	0.748302756286459
TCCAC	0.7845158801010513
TCCAG	0.9518121206163929
GATCC	0.6589468527344258
GATCG	0.4373146155844721
GATGC	0.5466432694805902
GATGG	1.1427682434897846
TCGCT	0.4988685041909727
TCGCA	0.3660815848524588
TCGGT	0.6207703452263514
TCGGA	1.0932865389611803
TCGTC	0.2494342520954864
TCGTG	0.24830813809054061
TCGAC	0.5125142187934423
TCGAG	0.43731461558447215
TCTCC	0.6124933789172612
TCTCG	0.0
CGGTT	0.37246220713581085
CGGTA	0.9839578850650623
CGGAT	0.8746292311689443
CGGAA	0.7701885023762748
GAGCT	2.295901731818479
GAGCA	1.6366505675495837
GAGGT	1.4692734559154375
GAGGA	2.4438924389030467
GAGTC	0.43731461558447215
GAGTG	0.6530104248513056
GAGAC	1.059009190767378
GAGAG	0.7187918937950138
TCTGC	0.6651580055879636
TCTGG	0.869078483316892
TCACC	1.176773820151577
TCACG	0.3660815848524588
CGTAC	0.5857305357639341
CGTAG	0.7653005772728263
GACCT	1.2446773884983597
GACCA	1.61183629323833
GACGT	0.43731461558447215
GACGA	0.7701885023762748
GACTC	0.585730535763934
GACTG	0.4373146155844721
GACAC	0.5157876138362656
GACAG	0.5776413767822061
TCAGC	1.24467738849836
TCAGG	1.4212725006495346
TGCCT	1.2471712604774317
TGCCA	0.8785958036459011
TGCGT	0.12415406904527028
TGCGA	0.10932865389611804
CGTCT	0.4988685041909727
CGTCA	0.21964895091147527
CGTGT	0.24830813809054056
CGTGA	0.43731461558447215
CGTTC	0.4988685041909728
CGTTG	0.7449244142716218
TGCTC	0.6651580055879637
TGCTG	0.7449244142716218
TGCAC	0.8053794866754094
TGCAG	1.7492584623378886
CCACT	1.5199995176957872
CCACA	1.5975575922884035
CCAGT	1.0982447545573764
CCAGA	0.9671017759429981
CCATC	0.8825803651136828
CCATG	1.4643263394098351
GTACC	0.6589468527344259
GTACG	0.5466432694805902
GTAGC	2.514559039610715
GTAGG	1.3060208497026111
CCAAC	1.252139734496316
CCAAG	1.61183629323833
TGGCT	1.241540690452703
TGGCA	1.0932865389611806
TGGGT	0.37078066218260186
TGGGA	2.122283880766743
TGGTC	0.9932325523621625
TGGTG	1.4831226487304072
TGGAC	0.5466432694805902
TGGAG	1.4692734559154375
TGTCC	0.33257900279398184
TGTCG	0.12415406904527031
TGTGC	0.7449244142716218
TGTGG	0.5561709932739027
GTGTC	0.3724622071358109
GTGTG	0.3707806621826018
GTGAC	0.7653005772728263
GTGAG	0.6530104248513056
GTTCC	0.2494342520954864
GTTCG	0.3724622071358109
GTTGC	0.6207703452263515
GTTGG	0.5561709932739027
TGACC	1.4643263394098351
TGACG	0.6559719233767083
TGAGC	1.9679157701301246
TGAGG	1.9590312745539165
GTCCT	0.748302756286459
GTCCA	0.5125142187934423
GTCGT	0.24830813809054056
GTCGA	0.43731461558447215
GTCTC	0.5820132548894682
GTCTG	0.3724622071358109
GTCAC	0.43929790182295053
GTCAG	0.8746292311689443
GTGCT	0.9932325523621625
GTGCA	1.3119438467534168
GTGGT	0.5561709932739027
GTGGA	0.1632526062128264
TTCCC	0.8352182439780834
TTCCG	0.41572375349247725
TTCGC	0.5820132548894681
TTCGG	1.1173866214074326
TTGCC	1.3303160111759273
TTGCG	0.24830813809054061
TTGGC	1.3656947594979734
TTGGG	1.1123419865478055
CGAAC	0.5157876138362656
CGAAG	0.3850942511881374
GGACT	1.9679157701301246
GGACA	1.2515563163614465
GGAGT	1.7957786683410901
GGAGA	1.5813421663490304
GGATC	1.2026151928572983
GGATG	0.9795156372769582
GGAAC	1.1552827535644123
GGAAG	1.8688589238670361
TACCC	1.3729027901768398
TACCG	0.7321631697049176
TACGC	0.7321631697049176
TACGG	0.5466432694805902
GGTTC	0.49661627618108123
GGTTG	1.2977323176391062
GGTAC	1.3119438467534166
GGTAG	0.8162630310641319
CGACT	0.3660815848524588
CGACA	0.38684071037719925
CGAGT	0.10932865389611804
CGAGA	1.1552827535644121
CGATC	0.43929790182295053
CGATG	0.32798596168835414
TAGCC	2.050056875173769
TAGCG	0.8746292311689443
TAGGC	0.6559719233767083
TAGGG	2.4487890931923957
CTCTC	0.890899460243289
CTCTG	0.9977370083819453
CTCAC	0.8825803651136828
CTCAG	1.0250284375868846
GGGTT	1.668512979821708
GGGTA	1.1427682434897846
GGGAT	2.448789093192396
GGGAA	2.012617302626039
GGTCT	1.1173866214074328
GGTCA	0.7653005772728264
GGTGT	1.1123419865478055
GGTGA	1.632526062128264
CTGTC	0.4988685041909728
CTGTG	0.9932325523621625
CTGAC	1.4643263394098351
CTGAG	1.6399298084417706
GGCTT	1.3656947594979734
GGCTA	1.3119438467534168
GGCAT	0.9839578850650625
GGCAA	0.7701885023762749
CTCCT	0.6681745951824667
CTCCA	0.6374191525821042
CTCGT	0.3325790027939818
CTCGA	0.5857305357639341
GCACT	1.3178937054688518
GCACA	1.0960486794020645
GCAGT	1.5306011545456526
GCAGA	0.7701885023762748
GCATC	1.3178937054688518
GCATG	0.8746292311689443
GCAAC	0.8381548724839316
GCAAG	0.5776413767822061
CTGCT	0.748302756286459
CTGCA	0.5857305357639341
CTGGT	0.9932325523621622
CTGGA	0.7653005772728263
ACCCT	1.0787093351389458
ACCCA	1.5543803600643926
ACCGT	0.43929790182295053
ACCGA	0.7736814207543985
ACCTC	1.2748383051642085
ACCTG	1.1714610715278682
ACCAC	1.381671431168349
ACCAG	1.3539424863201974
ACGCT	0.5857305357639341
ACGCA	0.4513141621067325
ACGGT	0.5466432694805902
ACGGA	0.6739149395792404
GCTCT	1.080881759080441
GCTCA	0.5125142187934423
GCTGT	1.2415406904527029
GCTGA	1.5306011545456526
GCTTC	1.2471712604774319
GCTTG	0.7449244142716218
GCTAC	1.1714610715278682
GCTAG	1.3119438467534166
ACGTC	0.43929790182295053
ACGTG	0.32798596168835414
ACGAC	0.7092079690248652
ACGAG	1.3478298791584808
ACTCC	0.7354836375947358
ACTCG	0.5857305357639342
ACTGC	0.5125142187934424
ACTGG	0.8746292311689445
ACACC	1.381671431168349
ACACG	0.5802610655657988
ACAGC	1.6763097449678637
ACAGG	1.4441034419555154
GCGTT	0.6207703452263514
GCGTA	0.32798596168835414
GCGAT	0.10932865389611804
GCGAA	0.1925471255940687
CTTCC	1.2249867578345224
CTTCG	0.5820132548894681
CTTGC	1.080881759080441
CTTGG	1.4898488285432434
CCTCT	1.2249867578345224
CCTCA	0.8825803651136828
CCTGT	1.4134607618744226
CCTGA	1.3911100224393433
CCTTC	0.6124933789172612
CCTTG	1.2471712604774317
CTAGC	1.9768405582032775
CTAGG	2.514559039610715
GCCTT	1.1640265097789362
GCCTA	1.537542656380327
GCCAT	1.171461071527868
GCCAA	1.2249955828611307
CCTAC	1.02967709263263
CCTAG	1.7571916072918021
AGCCT	1.8304079242622937
AGCCA	2.192097358804129
AGCGT	0.7653005772728263
AGCGA	0.3850942511881374
AGCTC	0.8053794866754093
AGCTG	2.6238876935068323
AGCAC	1.5473628415087968
AGCAG	2.3105655071288242
CAAGC	1.6118362932383303
CAAGG	0.9627356279703436
CTACC	1.0787093351389456
CTACG	1.3178937054688518
CCGTT	0.5820132548894681
CCGTA	0.5125142187934423
CCGAT	0.4392979018229505
CCGAA	0.7736814207543984
AGGCT	1.5306011545456526
AGGCA	0.6739149395792404
AGGGT	1.7957786683410901
AGGGA	2.1563756813850414
AGGTC	0.5466432694805902
AGGTG	1.3060208497026111
AGGAC	2.3105655071288247
AGGAG	4.025234605252078
AGTCC	0.5125142187934423
AGTCG	0.21865730779223605
AGTGC	0.9839578850650623
AGTGG	0.6530104248513056
AGACC	1.4828893897792637
AGACG	1.1552827535644121
AGAGC	0.6739149395792404
AGAGG	1.150067030072022
CATGC	1.24467738849836
CATGG	0.9839578850650625
CAACC	1.1657852700482942
CAACG	0.644734517295332
ATCCC	0.7845158801010513
ATCCG	0.8785958036459011
ATCGC	0.8785958036459011
ATCGG	1.0932865389611803
CAGCT	1.24467738849836
CAGCA	1.4184159380497305
CAGGT	1.2026151928572983
CAGGA	2.5993861955199273
CAGTC	0.14643263394098352
CAGTG	0.8746292311689443
CAGAC	1.3539424863201972
CAGAG	0.6739149395792404
CATCC	0.7845158801010514
CATCG	1.0250284375868848
ATGCC	0.8053794866754094
ATGCG	0.21865730779223608
ATGGC	1.3119438467534166
ATGGG	2.285536486979569
AACCC	1.5112031278403815
AACCG	0.7092079690248653
AACGC	0.3868407103771993
AACGG	0.4813678139851718
CACCT	0.9806448501263144
CACCA	1.2521397344963163
CACGT	0.5857305357639341
CACGA	0.644734517295332
CACTC	0.7354836375947357
CACTG	0.9518121206163929
CACAC	0.7340129478081854
CACAG	1.0960486794020645
AAGCC	2.1276239070745957
AAGCG	0.6739149395792404
AAGGC	1.2515563163614465
AAGGG	2.012617302626038
CCCCA	1.5570238640781078
CCCCT	2.0301127345188634
CCCGT	0.8800900141963193
CCCGA	1.2916620091392879
CCCAG	1.2055512085300022
CCCAC	1.730026515642342
CCCTG	1.2712411316169059
CCCTC	0.9823126134768693
CACCC	1.8453616166851647
CACCG	0.688886404874287
CACGC	0.34444320243714344
CACGG	1.0286644623574284
CAGGG	2.1120420316997253
CAGGC	1.2858305779467853
CAGCG	0.6429152889733927
CAGCC	2.1527700152321465
GCCAC	2.4111024170600035
GCCAG	0.7714983467680712
GCCTG	1.7522333916956063
GCCTC	1.173453352261759
GCCCA	1.8944376134042888
GCCCT	2.0535433664580784
GCCGT	1.1681555944637374
GCCGA	0.3857491733840355
GCGTC	0.29203889861593435
GCGTG	0.43608065786555433
GCGAC	0.3857491733840356
GCGAG	0.5760114631908342
GCGGA	1.3440267474452798
GCGGT	1.090201644663886
GCGCT	0.4380583479239015
GCGCA	0.3857491733840355
GGCCA	1.8001628091254995
GGCCT	1.3141750437717048
GGCGT	0.6541209867983316
GGCGA	0.3840076421272228
CTGCC	1.4668166903271989
CTGCG	0.4380583479239016
CTGGC	0.7300972465398359
CTGGG	1.5262823025294403
GCTCC	0.5867266761308795
GCTCG	0.730097246539836
GCTGC	1.752233391695606
GCTGG	1.308241973596663
GCAGG	4.032080242335839
GCAGC	1.5429966935361423
GCACG	0.38574917338403564
GCACC	0.6888864048742869
GGGTC	0.8721613157311087
GGGTG	1.627919611614358
GGGAC	1.1520229263816686
GGGAG	2.006938359898539
GGGGA	3.153760279840561
GGGGT	2.9302553009058445
GGGCT	1.7443226314622178
GGGCA	1.3440267474452798
CTCGG	1.0221361451557704
CTCGC	0.19557555871029317
CTCCG	0.8800900141963193
CTCCC	0.7203625832163707
GGCAG	1.5360305685088913
GGCAC	1.0286644623574284
GGCTG	1.7443226314622178
GGCTC	1.3141750437717048
CGGCA	1.1572475201521066
CGGCT	1.1681555944637374
CGGGT	0.6541209867983316
CGGGA	0.5760114631908343
GTGCC	0.8761166958478032
GTGCG	0.0
GTGGC	0.6541209867983316
GTGGG	1.3023356892914866
CGTCC	0.7823022348411727
CGTCG	0.2920388986159344
CGTGC	0.7300972465398359
CGTGG	0.43608065786555433
GACCC	1.3777728097485735
GACCG	0.9000814045627497
GACGC	0.9000814045627497
GACGG	0.9600191053180569
CGACC	1.119440407920716
CGACG	0.38574917338403564
CGAGC	1.1572475201521066
CGAGG	2.1120420316997253
GGTCC	0.4380583479239016
GGTCG	0.43608065786555444
GGTGC	1.3082419735966633
GGTGG	0.6511678446457433
GGACC	1.1572475201521066
GGACG	0.5760114631908342
GGAGC	3.648072600208616
GGAGG	4.013876719797077
GTCGG	0.0
GTCGC	0.14601944930796718
GTCCG	0.2920388986159344
GTCCC	0.39115111742058634
GAGCC	1.6715797513308208
GAGCG	0.38400764212722277
GAGGC	1.3440267474452796
GAGGG	3.4404657598260657
CGGAG	2.1120420316997253
CGGAC	1.0286644623574281
CGGTG	0.6541209867983315
CGGTC	0.5840777972318687
TGCGG	1.0902016446638858
TGCGC	0.0
TGCCG	1.1681555944637376
TGCCC	1.2712411316169057
CCAGG	1.2858305779467853
CCAGC	1.205551208530002
CCACG	1.1194404079207163
CCACC	1.441688763035285
TCGCC	0.9778777935514659
TCGCG	0.1460194493079672
TCGGC	1.1681555944637374
TCGGG	0.6541209867983315
TCCGG	0.8761166958478032
TCCGC	1.0756655729066125
TCCCG	0.29336333806543974
TCCCC	0.9168251059117446
CGCTC	0.29336333806543974
CGCTG	0.5840777972318688
CGCAC	0.25833240182785755
CGCAG	0.9000814045627497
CGCGA	0.25716611558935704
CGCGT	0.14601944930796718
CGCCT	0.9778777935514659
CGCCA	0.7749972054835728
CCGCA	0.8611080060928585
CCGCT	0.8800900141963193
CCGGT	0.5840777972318687
CCGGA	1.4144136357414636
ACGCC	0.8611080060928585
ACGCG	0.2571661155893571
ACGGC	1.0286644623574281
ACGGG	0.7680152842544455
CCTCC	0.8513375983466199
CCTCG	0.7823022348411727
CCTGC	0.7823022348411727
CCTGG	0.8761166958478032
AGCCC	2.324991616450718
AGCCG	1.6715797513308208
AGCGC	0.7714983467680712
AGCGG	0.9600191053180569
AGGCC	1.5429966935361423
AGGCG	0.5760114631908342
AGGGC	1.1520229263816684
AGGGG	5.734109599710109
CCGAG	1.5429966935361423
CCGAC	0.5166648036557151
CCGTG	0.8761166958478032
CCGTC	0.7823022348411727
TGGCC	1.0221361451557704
TGGCG	0.8721613157311089
TGGGC	1.7443226314622178
TGGGG	2.604671378582973
ACCGG	0.7714983467680713
ACCGC	1.0333296073114302
ACCCG	1.0333296073114304
ACCCC	2.364369571377867
CGGCC	1.8890921348111613
CGGCG	0.51288095513137
CGGGG	0.7658481982379263
CGGGC	0.7693214326970552
GGGGC	3.8292409911896312
GGGGG	7.433308781881543
GGGCG	0.7658481982379263
GGGCC	2.564404775656851
GCGCC	0.343471297238393
GCGCG	0.51288095513137
GCGGG	0.7658481982379263
GCGGC	1.0257619102627402
GGCCC	2.060827783430358
GGCCG	1.2822023878284254
GGCGG	1.1487722973568895
GGCGC	0.7693214326970552
GCCGG	2.05152382052548
GCCGC	1.717356486191965
GCCCG	1.373885188953572
GCCCC	1.7251449509819508
CCCGC	0.46003865359518686
CCCGG	1.2021495403343754
CCCCG	1.380115960785561
CCCCC	2.0025416523466983
CGCGC	0.1717356486191965
CGCGG	1.282202387828425
CGCCG	0.5152069458575895
CGCCC	1.610135287583154
CCGGC	1.717356486191965
CCGGG	0.51288095513137
CCGCG	0.686942594476786
CCGCC	1.610135287583154
