	Daphnia_pulex 5-mer OE values GC sorted
AAAAA	2.282683553515957
AAAAT	1.6417191490234755
AATAT	0.7285553113838026
AATAA	1.2096877940172976
AATTA	1.302568587019526
AATTT	1.6471561273751703
ATAAA	1.3608987682694595
ATAAT	0.7947876124186936
ATATT	0.7897323898374102
ATATA	0.41947123988764384
ATTAA	1.0597168165582582
ATTAT	0.9251150852381091
ATTTT	1.9601718545227573
ATTTA	1.3538269540069887
TTATT	1.498954947576226
TTATA	0.8122961724041933
TTTTT	2.6632809583766406
TTTTA	2.329145380079982
TTTAA	1.9179215181765674
TTTAT	1.3605898754922667
TTAAA	1.479188056445902
TTAAT	1.1056253457723744
AAATA	1.2744924972682243
AAATT	1.6337300921939815
TAAAT	1.3908783217327139
TAAAA	1.9225395297774903
TAATT	1.1281891283391574
TAATA	0.8830973471318818
TATTT	1.7295634010494916
TATTA	0.925115085238109
TATAA	0.6844004440272083
TATAT	0.29332917336818093
GAAAT	1.0997046653659592
GAAAA	1.7136315193497282
ATACT	0.890996800632016
ATACA	0.35517447594412765
GAATA	0.896055653261152
GAATT	1.0823032649247224
ATTAC	0.5939978670880107
ATTAG	1.2904385081794767
ATTTG	1.3188658762901873
ATTTC	1.011805305620155
ATTGA	0.6660327784152138
ATTGT	0.6381609078823487
ATTCA	0.6269977485929001
ATTCT	1.4165274278682174
GATAA	1.099704665365959
GATAT	0.6244057297642628
GATTA	0.832540973019017
GATTT	1.1486896341882273
ATGAA	0.6109470363144217
ATGAT	0.582778681113312
ATGTA	0.541151632462361
ATGTT	0.3403524842039192
ATAAC	0.29059729849974075
ATAAG	1.1404344677869207
AATTC	0.890996800632016
AATTG	0.6660327784152139
AATAG	0.896055653261152
AATAC	0.5811945969994816
AATGA	0.7738662459982677
AATGT	0.37464343785855775
AACAT	0.5811945969994816
AACAA	1.1373345875376386
GTAAT	0.6660327784152138
GTAAA	1.0589748629449978
TCATT	0.9106247750581395
TCATA	0.7919971561173476
TCAAT	0.6599976300977897
TCAAA	1.1301006052767697
TCTTT	1.86137027733765
TCTTA	1.5514348019509046
GTATA	0.41627048650950865
GTATT	1.0636015131372478
ATCAA	1.000946250387996
ATCAT	0.9569965636417951
ATCTA	0.5279981040782317
ATCTT	1.045532149140827
GTTAA	0.9574221189718698
GTTAT	0.8934252710352881
TGATA	0.6660327784152139
TGATT	0.9785133920862681
CATAA	0.7103489518882553
CATAT	0.3629986965537843
CATTA	0.5939978670880106
CATTT	1.045532149140827
AGAAA	2.2715580605333607
AGAAT	1.1404344677869207
GTTTA	0.8934252710352881
GTTTT	1.0435505631967235
TGTAA	0.9157950703209189
TGTAT	0.3403524842039193
TGTTA	0.8083371499843083
TGTTT	0.6957003754644824
TGAAA	1.1404344677869207
TGAAT	0.7492868757171155
TTTCT	1.5511418977813751
TTTCA	1.1129858361821705
TTCTT	2.1715986568939254
TTCTA	0.9780784620994833
TTCAT	0.843171088016796
TTCAA	0.8249970376222371
AGATT	1.2071844108775749
AGATA	1.3033536774707666
AGTTT	1.1486896341882273
AGTTA	1.0406762162737713
AGTAT	0.9157950703209188
AGTAA	1.5070026895755735
TTGAA	0.9990491676228206
TTGAT	0.935969331560778
TTGTA	0.467984665780389
TTGTT	1.173994383596314
TTTAG	1.403953997341167
TTTAC	1.6188884889922481
TTACT	1.7875227065956076
TTACA	0.5609979855831212
TTTTG	1.3914007509289648
TTTTC	1.378792798027889
TCTAA	1.1219959711662424
TCTAT	0.5733563398514212
ATATG	0.3330163892076069
ATATC	0.32999881504889483
ATAGA	0.8145960484192292
ATAGT	0.4162704865095086
AACTT	1.1219959711662424
AACTA	1.000946250387996
AAAAG	2.590373226924008
AAAAC	1.263705097264043
TTATC	0.9780784620994832
TTATG	0.6381609078823487
TTAAG	1.5818278487361326
TTAAC	1.220995615680911
CAAAA	1.5480387441484522
CAAAT	0.8072147180548354
CAATA	0.25830870977754733
CAATT	0.824997037622237
TTTGT	1.1305131101297838
TTTGA	1.6166742999686166
TACAT	0.5279981040782318
TACAA	0.4520402421107079
CTATA	0.5279981040782317
CTATT	0.9443516185788114
TTAGA	1.2488114595285258
TTAGT	1.2763218157646974
TAGTA	0.9990491676228204
TAGTT	0.850881210509798
TATAC	0.6599976300977897
TATAG	0.7076598270661646
TATTG	0.42544060525489913
TATTC	0.9106247750581395
TATGA	0.5411516324623612
TATGT	0.17017624210195964
TATCA	0.5939978670880107
TATCT	0.8094442444961242
TACTA	1.1549958526711317
TACTT	1.3828005843475453
TAGAT	0.874168021669968
TAGAA	1.384813282312689
CTAAA	1.6144294361096712
CTAAT	1.2539954971858003
CTTTT	2.206068476844622
CTTTA	1.4502542713888888
ACATT	0.6269977485929001
ACATA	0.25830870977754733
ACAAT	0.48432883083290124
ACAAA	1.010964077811234
ACTTT	1.9224300806782946
ACTTA	1.0559962081564633
TAAAC	0.7103489518882551
TAAAG	1.3033536774707664
TAATG	0.4995245838114103
TAATC	1.220995615680911
TAAGA	2.4437881452576873
TAAGT	0.7492868757171155
ACTAA	1.291543548887737
ACTAT	0.5609979855831212
TAACT	0.8249970376222371
TAACA	0.48432883083290135
CTTAA	1.1549958526711317
CTTAT	0.8094442444961241
AAGTA	1.5884622944174969
AAGTT	0.9990491676228206
AAGAA	2.550521331125177
AAGAT	1.6291920968384581
AATCT	0.9239966821369056
AATCA	1.2592549601655434
AAATG	0.5702172338934604
AAATC	1.4206979037765106
AAAGA	2.0324466857403753
AAAGT	1.5884622944174969
AAACA	0.7582230583584257
AAACT	1.22696637144335
AAACC	1.0388963450633375
AAACG	0.4765437353887461
AAAGC	1.787039007707798
AAAGG	1.4276758684477617
AATCC	1.254833784138527
AATCG	0.852322848059463
CACTT	1.0358466522561733
CACTA	0.6274168920692635
CACAT	0.2895770271088908
CACAA	0.8027835393671244
AAGCT	2.1308071201486576
AAGCA	1.1317913715482721
AAGGT	0.46077678002611727
AAGGA	0.9768308573589948
AAGTC	0.6088020343281878
AAGTG	0.7679613000435288
AAGAC	0.8339515369303055
AAGAG	2.5547883961696782
CTCTT	1.7140299502993228
CTCTA	1.2331507764954441
CTCAT	1.0358466522561731
CTCAA	1.0617824327325995
CTGTT	0.9538805391983681
CTGTA	1.2444269500671492
CTGAT	0.8710988650470045
CTGAA	1.4002446789548317
GCATT	0.9955415600537194
GCATA	0.24352081373127513
GCAAT	0.7305624411938254
GCAAA	0.655247636159526
ACCTT	0.9865206211963555
ACCTA	0.4826283785148181
ACCAT	0.3861027028118544
ACCAA	0.5666707336709114
CTTAC	1.4304549007347152
CTTAG	1.5555336875839363
GCTTT	1.017472575144926
GCTTA	0.808877517543647
GCTAT	1.617755035087294
GCTAA	1.156723865223557
ACGTT	0.808877517543647
ACGTA	0.4261614240297314
ACGAT	0.48704162746255014
ACGAA	0.5361117023123393
ACTCT	1.2331507764954444
ACTCA	1.2065709462870453
ACTGT	1.057762907557077
ACTGA	1.1567238652235565
TAACC	1.1583081084355633
TAACG	0.6696822377610067
TAAGC	1.2784842720891945
TAAGG	0.6143690400348231
ACTTC	0.9371945901365376
ACTTG	0.7466561700402894
ACTAC	1.0617824327325998
ACTAG	1.095843661790738
ACACT	0.5308912163662998
ACACA	0.5666707336709114
ACAGT	0.8523228480594628
ACAGA	0.7743835700067123
CTTCT	1.5627920135082063
CTTCA	0.9371945901365376
CTTGT	0.8266964673052524
CTTGA	1.2444269500671492
CTTTC	1.3611414311200505
CTTTG	1.3354327548777154
ACATC	0.482628378514818
ACATG	0.6088020343281877
ACAAC	0.613893294810154
ACAAG	1.0722234046246786
CCTTT	1.4115540767170898
CCTTA	1.0851726833159911
CTAGT	0.9333202125503619
CTAGA	1.034963458357919
TATCC	0.5425863416579956
TATCG	0.6222134750335746
TATGC	0.5599921275302171
TATGG	0.7063910072948577
GGTAT	0.627903117595429
GGTAA	0.7679613000435288
CGATT	0.43554943252350226
CGATA	0.3044010171640939
TAGCT	1.1822056025637917
TAGCA	0.8523228480594628
TAGGT	0.5494152278960004
TAGGA	1.3823303400783515
TAGTC	1.0577629075570767
TAGTG	0.4709273381965718
TAGAC	0.791442644626644
TAGAG	1.3055342100739988
GGAAT	0.6911651700391759
GGAAA	0.8265491869960725
TACCT	0.7892164969570844
TACCA	0.5308912163662999
TACGT	0.6844348225369321
TACGA	0.6696822377610064
TACTC	1.0358466522561731
TACTG	1.4310909925772213
TACAC	0.43436554066333627
TACAG	0.3652812205969127
GGTTT	1.2032537633967693
GGTTA	1.255806235190858
CTATC	0.8878685590767198
CTATG	0.43554943252350214
CTAAC	0.8687310813266725
CTAAG	0.9740832549251005
CCTAT	0.44393427953836
CCTAA	1.3996222976929724
AGCTT	1.3066482975705067
AGCTA	1.582885289253288
AGCAT	1.034963458357919
AGCAA	1.0722234046246786
CAAGT	0.5479218308953689
CAAGA	1.0722234046246786
TTAGC	1.3688696450738642
TTAGG	1.255806235190858
CGAAT	0.7914426446266442
CGAAA	0.5361117023123394
GGATT	1.098830455792001
GGATA	1.1519419500652934
CAATC	0.8204682434751907
CAATG	0.6696822377610064
CAAAC	0.6611158559493966
CAAAG	1.3700632392426448
CTACT	1.3811288696748978
CTACA	0.6756797299207453
AGGTT	0.4709273381965718
AGGTA	0.7679613000435286
AGGAT	0.9215535600522344
AGGAA	1.3525350332663002
AGTCT	1.057762907557077
AGTCA	1.034963458357919
TTTGC	1.0810646110914839
TTTGG	1.4439045160761232
TTACC	1.1838247454356265
TTACG	0.9333202125503619
AGTGT	0.2354636690982859
AGTGA	0.8447574300478815
AGTTC	0.3733280850201447
AGTTG	0.627903117595429
AGTAC	0.48704162746255014
AGTAG	1.8431071201044689
AGACT	1.5220050858204697
AGACA	0.655247636159526
AGAGT	1.3823303400783518
AGAGA	2.0288025498994506
AGATC	0.9132030514922818
AGATG	1.305534210073999
TTGCT	0.9538805391983681
TTGCA	0.43554943252350226
TTGGT	1.1230368458369846
TTGGA	0.5494152278960004
TTGTC	0.6995123954121366
TTGTG	0.7219522580380616
TTGAC	1.617755035087294
TTGAG	0.9418546763931436
TTTCC	1.0082529119407782
TTTCG	0.44514425162590515
GTCTT	1.1446566470380417
GTCTA	0.5599921275302171
GTCAT	0.43554943252350226
GTCAA	0.852322848059463
TTCCT	1.209903494328934
TTCCA	0.7892164969570844
TTCGT	0.5723283235190209
TTCGA	0.43554943252350226
TTCTC	1.209903494328934
TTCTG	1.0810646110914839
TTCAC	0.88786855907672
TTCAG	0.43554943252350226
AGAAC	1.4891991730898313
AGAAG	1.8033800443550672
CATGT	0.6844348225369321
CATGA	0.4261614240297314
CATTC	0.5919123727178132
CATTG	0.8088775175436468
CATAC	0.4826283785148181
CATAG	0.4261614240297315
GTTCT	0.9538805391983681
GTTCA	0.24888539001342985
GTTGT	0.3208676702391385
GTTGA	0.7848788969942864
TGACT	1.3688696450738642
TGACA	0.7305624411938254
TGAGT	0.7848788969942865
TGAGA	0.691165170039176
TGATC	0.5599921275302173
TGATG	0.7063910072948578
TGAAC	0.6088020343281878
TGAAG	1.2287380800696461
TGTCT	0.7631044313586945
TGTCA	0.4977707800268597
TGTGT	0.4010845877989231
TGTGA	0.5494152278960004
TGTTC	0.8266964673052524
TGTTG	0.5615184229184923
TGTAC	0.4977707800268597
TGTAG	0.7848788969942864
GTGTT	0.4010845877989231
GTGTA	0.3139515587977145
GTGAT	0.5494152278960004
GTGAA	0.7679613000435288
GTTAC	0.8710988650470045
GTTAG	0.7063910072948577
GTACT	0.7466561700402895
GTACA	0.18264061029845635
GTAGT	0.9418546763931438
GTAGA	1.382330340078352
CCAAT	0.6756797299207453
CCAAA	1.5583445175950064
TGGTT	1.1230368458369846
TGGTA	0.5494152278960004
TGGAT	0.5494152278960004
TGGAA	0.30718452001741153
CAACT	1.3030966219900086
CAACA	1.1333414673418227
ATCCT	0.88786855907672
ATCCA	0.6274168920692635
ATCGT	0.37332808502014475
ATCGA	0.9740832549251003
ATCTC	0.8878685590767198
ATCTG	0.6844348225369319
ATCAC	0.5791540542177817
ATCAG	0.852322848059463
CAGTT	0.5599921275302171
CAGTA	0.6696822377610064
GTAAC	0.6696822377610067
GTAAG	1.919903250108822
CGTTT	0.6359203594655788
CGTTA	0.43554943252350226
TGCTT	0.508736287572463
TGCTA	1.2444269500671492
TGCAT	0.24888539001342985
TGCAA	0.547921830895369
CCATT	0.5919123727178133
CCATA	0.6756797299207453
GTTTC	0.508736287572463
GTTTG	1.2032537633967693
GACTT	1.493312340080579
GACTA	1.0958436617907379
GACAT	0.4261614240297314
GACAA	0.7148156030831191
TCAGT	0.5599921275302171
TCAGA	1.5220050858204692
TCATC	0.8385425280169021
TCATG	0.8710988650470043
TCAAC	1.0617824327325998
TCAAG	0.9132030514922818
GTATC	0.37332808502014486
GTATG	0.39243944849714324
GAGAT	1.0751458200609403
GAGAA	1.202253362903378
TCTGT	0.8902885032518103
TCTGA	0.9333202125503619
TCTTC	1.4115540767170895
TCTTG	1.1446566470380417
TCTAC	0.7398904658972665
TCTAG	0.8088775175436468
TCACT	0.88786855907672
TCACA	0.5308912163662999
CGTAT	0.4977707800268597
CGTAA	0.547921830895369
CAGAT	1.0958436617907379
CAGAA	1.191359338471865
CATCT	0.5919123727178133
CATCA	0.9652567570296362
ATGCT	0.808877517543647
ATGCA	0.6088020343281877
ATGGT	0.5494152278960004
ATGGA	0.6143690400348228
ATGTC	0.2488853900134298
ATGTG	0.4709273381965718
ATGAC	0.6696822377610064
ATGAG	0.4607767800261172
GATTC	0.8710988650470043
GATTG	0.9418546763931436
GATAC	0.7305624411938252
GATAG	1.0751458200609403
TCGTT	0.44514425162590515
TCGTA	0.9333202125503619
TCGAT	0.4977707800268597
TCGAA	0.8523228480594628
TCTCT	1.058665557537817
TCTCA	1.2331507764954441
GAGTT	0.9418546763931436
GAGTA	1.3055342100739986
ATTCC	0.5919123727178133
ATTCG	0.43554943252350226
ATTGC	0.4977707800268597
ATTGG	0.9418546763931436
GAATC	0.547921830895369
GAATG	0.8447574300478817
GAAAC	0.953087470777492
GAAAG	1.4276758684477615
TCCTT	1.109078203134856
TCCTA	0.8385425280169021
TCCAT	0.2959561863589066
TCCAA	0.965256757029636
GATCT	0.7466561700402895
GATCA	0.5479218308953689
GATGT	0.5494152278960004
GATGA	0.53757291003047
ATACC	0.6756797299207453
ATACG	0.48704162746255025
ATAGC	0.7914426446266442
ATAGG	1.305534210073999
AATGC	0.48704162746255025
AATGG	0.9215535600522345
GAACT	1.095843661790738
GAACA	1.0722234046246788
GAAGT	1.305534210073999
GAAGA	1.728239209173606
AACCT	0.8204682434751908
AACCA	0.8027835393671245
AACGT	0.3652812205969127
AACGA	0.655247636159526
AACTC	1.3030966219900089
AACTG	0.9740832549251005
AACAC	0.4722256113924262
AACAG	1.0126554377010855
CCCTT	1.9906904263685752
CCCTA	1.9477822803908897
CCCAT	1.370661604719515
CCCAA	2.1881395856264603
GAACC	1.157497126791322
GAACG	0.224631059325
GAAGC	1.2354708262875
GAAGG	0.9917474436318288
CGCTT	0.8370390382073415
CGCTA	0.8189971604926133
CGCAT	0.2729990534975377
CGCAA	0.7123059241792751
TCCCT	1.4008562259630712
TCCCA	0.7935409290481402
TCCGT	0.7440347006287478
TCCGA	0.8189971604926131
TCCTC	1.474585501013759
TCCTG	0.9300433757859349
TCCAC	0.7214008445892183
TCCAG	0.5459981069950753
GATCC	0.6369977914942547
GATCG	0.6887385265260272
GATGC	1.4922668074730585
GATGG	0.8687956090762077
TCGCT	0.46502168789296733
TCGCA	0.3639987379967169
TCGGT	0.11731848444849541
TCGGA	0.45915901768401807
TCGTC	0.27901301273578044
TCGTG	0.23463696889699082
TCGAC	0.2729990534975377
TCGAG	0.6887385265260272
TCTCC	1.1796684008110072
TCTCG	0.5580260254715609
CGGTT	0.7039109066909724
CGGTA	0.22957950884200903
CGGAT	0.22957950884200903
CGGAA	0.6738931779749999
GAGCT	1.2626872986310498
GAGCA	0.7862087076374998
GAGGT	1.0135948772555756
GAGGA	0.8500692373987102
GAGTC	0.459159017684018
GAGTG	0.8687956090762077
GAGAC	1.2354708262875
GAGAG	1.9834948872636573
TCTGC	0.46502168789296744
TCTGG	1.0558663600364586
TCACC	1.442801689178437
TCACG	0.36399873799671706
CGTAC	0.8189971604926133
CGTAG	1.26268729863105
GACCT	0.7279974759934338
GACCA	0.44519120261204675
GACGT	0.6887385265260272
GACGA	0.5615776483124999
GACTC	0.9099968449917925
GACTG	1.4922668074730587
GACAC	0.712305924179275
GACAG	0.8985242373
TCAGC	0.4549984224958962
TCAGG	0.5739487721050226
TGCCT	0.930043375785935
TGCCA	0.5459981069950756
TGCGT	0.23463696889699082
TGCGA	0.45915901768401807
CGTCT	0.4650216878929675
CGTCA	0.18199936899835853
CGTGT	0.3519554533454862
CGTGA	0.6887385265260272
CGTTC	0.558026025471561
CGTTG	1.0558663600364588
TGCTC	0.930043375785935
TGCTG	0.821229391139468
TGCAC	1.000996529490972
TGCAG	0.6887385265260273
CCACT	1.1542413513427496
CCACA	0.7764366271577763
CCAGT	0.7279974759934339
CCAGA	1.3355736078361409
CCATC	1.0821012668838277
CCATG	0.4549984224958963
GTACC	0.7279974759934341
GTACG	0.8035282809470318
GTAGC	0.8035282809470318
GTAGG	2.17198902269052
CCAAC	1.4117029584686842
CCAAG	0.8013441647016845
TGGCT	0.8212293911394678
TGGCA	1.721846316315068
TGGGT	1.7758690166459232
TGGGA	1.8823904863317833
TGGTC	1.2905033289334493
TGGTG	0.7399454236024681
TGGAC	0.6887385265260272
TGGAG	0.5791970727174719
TGTCC	0.27901301273578044
TGTCG	0.46927393779398163
TGTGC	0.23463696889699082
TGTGG	1.3319017624844427
GTGTC	0.46927393779398163
GTGTG	0.29597816944098726
GTGAC	0.6887385265260272
GTGAG	1.0135948772555758
GTTCC	0.9300433757859349
GTTCG	0.8212293911394678
GTTGC	0.3519554533454862
GTTGG	2.0718471860869108
TGACC	0.8189971604926133
TGACG	0.9183180353680364
TGAGC	1.26268729863105
TGAGG	0.868795609076208
GTCCT	0.4650216878929675
GTCCA	0.18199936899835853
GTCGT	0.23463696889699082
GTCGA	0.22957950884200903
GTCTC	1.2090563885217154
GTCTG	0.7039109066909726
GTCAC	0.5459981069950756
GTCAG	0.6887385265260273
GTGCT	0.46927393779398163
GTGCA	0.3443692632630136
GTGGT	1.0359235930434552
GTGGA	0.5791970727174718
TTCCC	1.3271269509123835
TTCCG	0.4650216878929675
TTCGC	0.4650216878929675
TTCGG	0.821229391139468
TTGCC	1.0230477133645284
TTGCG	0.3519554533454862
TTGGC	1.407821813381945
TTGGG	3.551738033291847
CGAAC	0.7123059241792751
CGAAG	0.44926211865
GGACT	1.0331077897890408
GGACA	1.0108397669625002
GGAGT	0.868795609076208
GGAGA	1.1334256498649473
GGATC	0.34436926326301365
GGATG	0.7239963408968401
GGAAC	0.8985242373
GGAAG	1.9834948872636575
TACCC	1.9477822803908897
TACCG	0.4549984224958963
TACGC	0.7279974759934339
TACGG	0.5739487721050226
GGTTC	1.2905033289334493
GGTTG	1.0359235930434554
GGTAC	0.5739487721050226
GGTAG	1.0135948772555758
CGACT	0.8189971604926132
CGACA	0.26711472156722815
CGAGT	0.5739487721050227
CGAGA	1.2354708262875003
CGATC	0.6369977914942548
CGATG	0.2295795088420091
TAGCC	1.819993689983585
TAGCG	0.8035282809470317
TAGGC	1.2626872986310496
TAGGG	3.040784631766727
CTCTC	0.9584805756589434
CTCTG	0.8370390382073414
CTCAC	1.2263814358016711
CTCAG	1.546994636486047
GGGTT	3.4037489485713537
GGGTA	1.5927919499730478
GGGAT	2.3167882908698876
GGGAA	1.9834948872636575
GGTCT	1.407821813381945
GGTCA	0.6887385265260272
GGTGT	0.5919563388819744
GGTGA	0.8687956090762077
CTGTC	0.7440347006287479
CTGTG	0.7039109066909724
CTGAC	0.7279974759934339
CTGAG	1.2626872986310498
GGCTT	1.173184844484954
GGCTA	1.3774770530520544
GGCAT	0.8035282809470317
GGCAA	1.4601018856124999
CTCCT	1.622044051115135
CTCCA	0.7935409290481402
CTCGT	0.9300433757859347
CTCGA	0.5459981069950753
GCACT	0.6369977914942547
GCACA	1.0684588862689126
GCAGT	0.8035282809470318
GCAGA	0.6738931779750001
GCATC	0.6369977914942548
GCATG	0.4591590176840182
GCAAC	1.0684588862689126
GCAAG	1.4601018856124999
CTGCT	1.2090563885217152
CTGCA	0.9099968449917923
CTGGT	1.0558663600364586
CTGGA	0.22957950884200903
ACCCT	1.731362027014124
ACCCA	1.3411178105452497
ACCGT	0.5459981069950754
ACCGA	0.5342294431344563
ACCTC	1.0099611824249057
ACCTG	0.6369977914942548
ACCAC	1.1999475146983813
ACCAG	1.1574971267913219
ACGCT	0.9099968449917923
ACGCA	0.3561529620896374
ACGGT	0.22957950884200903
ACGGA	0.6738931779749998
GCTCT	0.930043375785935
GCTCA	1.000996529490972
GCTGT	1.173184844484954
GCTGA	0.9183180353680361
GCTTC	0.8370390382073415
GCTTG	1.1731848444849542
GCTAC	1.0919962139901511
GCTAG	1.1478975442100454
ACGTC	0.2729990534975377
ACGTG	0.3443692632630136
ACGAC	0.712305924179275
ACGAG	1.0108397669625
ACTCC	0.937821097965984
ACTCG	0.5459981069950756
ACTGC	1.18299589848933
ACTGG	1.1478975442100452
ACACC	0.9176069230046445
ACACG	0.17807648104481874
ACAGC	0.712305924179275
ACAGG	0.8985242373
GCGTT	0.8212293911394678
GCGTA	0.3443692632630136
GCGAT	0.3443692632630136
GCGAA	0.1123155296625
CTTCC	1.548314776064447
CTTCG	0.6510303630501544
CTTGC	0.7440347006287479
CTTGG	1.5251402978304403
CCTCT	1.843231876267199
CCTCA	1.1542413513427494
CCTGT	0.744034700628748
CCTGA	1.2739955829885097
CCTTC	1.6220440511151353
CCTTG	1.302060726100309
CTAGC	1.6379943209852263
CTAGG	1.0331077897890406
GCCTT	1.5810737388360894
GCCTA	1.1829958984893303
GCCAT	1.18299589848933
GCCAA	1.157497126791322
CCTAC	0.7935409290481403
CCTAG	1.6379943209852266
AGCCT	1.3649952674876884
AGCCA	1.3355736078361404
AGCGT	0.45915901768401807
AGCGA	0.11231552966249997
AGCTC	1.6379943209852263
AGCTG	1.0331077897890406
AGCAC	0.3561529620896375
AGCAG	1.6847329449375
CAAGC	1.5136500888809592
CAAGG	1.2354708262875
CTACC	0.937821097965984
CTACG	0.4549984224958963
CCGTT	0.4650216878929675
CCGTA	1.0919962139901511
CCGAT	0.18199936899835847
CCGAA	0.8903824052240938
AGGCT	0.5739487721050226
AGGCA	0.7862087076374998
AGGGT	2.316788290869887
AGGGA	2.2668512997298937
AGGTC	0.459159017684018
AGGTG	0.5791970727174718
AGGAC	0.5615776483125
AGGAG	1.4167820623311838
AGTCC	0.7279974759934339
AGTCG	0.11478975442100452
AGTGC	0.459159017684018
AGTGG	1.4479926817936795
AGACC	0.9794206457465032
AGACG	0.44926211865
AGAGC	1.3477863559499998
AGAGG	2.2668512997298946
CATGC	0.6369977914942547
CATGG	0.9183180353680361
CAACC	0.7764366271577762
CAACG	0.44519120261204687
ATCCC	1.370661604719515
ATCCG	0.7279974759934341
ATCGC	0.36399873799671695
ATCGG	0.8035282809470317
CAGCT	0.8189971604926131
CAGCA	1.246535367313731
CAGGT	0.45915901768401807
CAGGA	0.8985242372999998
CAGTC	1.091996213990151
CAGTG	0.6887385265260272
CAGAC	1.1574971267913219
CAGAG	0.8985242373
CATCC	1.0099611824249057
CATCG	0.2729990534975378
ATGCC	1.0009965294909717
ATGCG	0.3443692632630136
ATGGC	1.0331077897890404
ATGGG	1.5927919499730474
AACCC	1.8352138460092895
AACCG	0.8903824052240938
AACGC	0.5342294431344563
AACGG	0.33694658898749996
CACCT	0.7214008445892183
CACCA	1.1999475146983813
CACGT	0.2729990534975377
CACGA	0.6232676836568657
CACTC	0.7935409290481403
CACTG	0.6369977914942548
CACAC	0.7764366271577762
CACAG	1.0684588862689124
AAGCC	1.8698030509705972
AAGCG	0.44926211865
AAGGC	0.6738931779749999
AAGGG	2.833564124662368
CCCCA	3.7982156735751307
CCCCT	4.636698891919086
CCCGT	0.6801014214816294
CCCGA	0.532353792466698
CCCAG	1.5970613774000941
CCCAC	1.7936018458549228
CCCTG	3.536527391704473
CCCTC	2.480094756142767
CACCC	2.4266377914507773
CACCG	0.3992653443500234
CACGC	0.532353792466698
CACGG	0.6715271754914033
CAGGG	2.753025243485858
CAGGC	0.6715271754914032
CAGCG	0.1678817938728508
CAGCC	0.7985306887000468
GCCAC	1.064707584933396
GCCAG	0.6715271754914033
GCCTG	0.6863204028269477
GCCTC	1.2241825586669328
GCCCA	1.7301498255167684
GCCCT	2.31234483303754
GCCGT	1.0294806042404216
GCCGA	0.8394089693642541
GCGTC	0.17158010070673693
GCGTG	0.0
GCGAC	0.8394089693642541
GCGAG	0.4235423451516705
GCGGA	0.8470846903033412
GCGGT	1.0821816433789506
GCGCT	0.17158010070673693
GCGCA	0.16788179387285082
GGCCA	1.6788179387285083
GGCCT	2.23054130918758
GGCGT	0.6493089860273704
GGCGA	0.6353135177275059
CTGCC	1.3602028429632584
CTGCG	1.0294806042404214
CTGGC	1.3726408056538952
CTGGG	4.328726573515802
GCTCC	1.4962231272595845
GCTCG	0.6863204028269477
GCTGC	0.8579005035336847
GCTGG	2.380799615433691
GCAGG	2.7530252434858586
GCAGC	1.3430543509828068
GCACG	0.33576358774570164
GCACC	0.6654422405833725
GGGTC	1.7314906294063206
GGGTG	2.1841546509275513
GGGAC	2.329482898334188
GGGAG	1.869941936507844
GGGGA	3.739883873015688
GGGGT	4.368309301855103
GGGCT	4.3287265735158025
GGGCA	2.964796416061694
CTCGG	0.8579005035336845
CTCGC	0.6801014214816292
CTCCG	1.3602028429632587
CTCCC	1.2939624814657915
GGCAG	2.541254070910023
GGCAC	1.846699732601359
GGCTG	2.813672272785271
GGCTC	0.5147403021202108
CGGCA	1.1751725571099558
CGGCT	1.0294806042404216
CGGGT	1.2986179720547408
CGGGA	1.0588558628791764
GTGCC	0.3431602014134738
GTGCG	0.0
GTGGC	0.6493089860273702
GTGGG	3.0032126450253824
CGTCC	0.27204056859265174
CGTCG	0.0
CGTGC	0.17158010070673693
CGTGG	0.21643632867579007
GACCC	1.996326721750117
GACCG	0.839408969364254
GACGC	0.5036453816185524
GACGG	0.6353135177275058
CGACC	0.7985306887000471
CGACG	0.6715271754914033
CGAGC	0.5036453816185525
CGAGG	0.8470846903033412
GGTCC	1.0294806042404214
GGTCG	0.43287265735158015
GGTGC	0.43287265735158015
GGTGG	1.3650966568297191
GGACC	1.1751725571099558
GGACG	0.2117711725758353
GGAGC	1.0588558628791764
GGAGG	1.3356728117913175
GTCGG	0.21643632867579007
GTCGC	0.34316020141347386
GTCCG	0.6863204028269477
GTCCC	1.088162274370607
GAGCC	1.8466997326013588
GAGCG	0.4235423451516705
GAGGC	1.9059405531825173
GAGGG	2.404211061224371
CGGAG	0.6353135177275058
CGGAC	0.6715271754914033
CGGTG	0.0
CGGTC	0.5147403021202108
TGCGG	1.0821816433789504
TGCGC	0.17158010070673693
TGCCG	0.5147403021202108
TGCCC	2.040304264444888
CCAGG	0.5036453816185524
CCAGC	1.1977960330500705
CCACG	1.330884481166745
CCACC	1.5825898639896376
TCGCC	0.8161217057779551
TCGCG	0.1715801007067369
TCGGC	1.2010607049471584
TCGGG	1.7314906294063206
TCCGG	0.1715801007067369
TCCGC	1.2241825586669326
TCCCG	0.27204056859265174
TCCCC	2.6957551697203987
CGCTC	0.6801014214816293
CGCTG	0.8579005035336847
CGCAC	0.0
CGCAG	0.16788179387285082
CGCGA	0.5036453816185524
CGCGT	0.34316020141347386
CGCCT	0.6801014214816294
CGCCA	0.9316191368167215
CCGCA	0.39926534435002353
CCGCT	1.6322434115559106
CCGGT	0.5147403021202108
CCGGA	0.16788179387285082
ACGCC	0.7985306887000468
ACGCG	0.1678817938728508
ACGGC	0.5036453816185524
ACGGG	0.847084690303341
CCTCC	1.6174531018322393
CCTCG	1.3602028429632587
CCTGC	2.176324548741214
CCTGG	1.5442209063606325
AGCCC	2.794857410450164
AGCCG	1.1751725571099556
AGCGC	0.6715271754914032
AGCGG	1.0588558628791762
AGGCC	2.5182269080927617
AGGCG	0.6353135177275058
AGGGC	2.1177117257583524
AGGGG	5.6098258095235325
CCGAG	1.0072907632371049
CCGAC	0.7985306887000471
CCGTG	1.0294806042404216
CCGTC	0.27204056859265174
TGGCC	1.0294806042404214
TGGCG	0.8657453147031603
TGGGC	2.380799615433691
TGGGG	8.190579940978315
ACCGG	0.6715271754914033
ACCGC	0.9316191368167215
ACCCG	1.0647075849333958
ACCCC	4.2202396373057
CGGCC	1.254692774839692
CGGCG	0.6330829663434976
CGGGG	2.395770006279965
CGGGC	0.6330829663434977
GGGGC	10.780965028259843
GGGGG	27.70255353099811
GGGCG	1.1978850031399826
GGGCC	4.115039281232735
GCGCC	0.7528156649038154
GCGCG	0.6330829663434976
GCGGG	1.5971800041866433
GCGGC	1.5827074158587442
GGCCC	3.7640783245190765
GGCCG	0.3165414831717488
GGCGG	2.395770006279965
GGCGC	0.0
GCCGG	0.3165414831717488
GCCGC	1.254692774839692
GCCCG	0.5018771099358769
GCCCC	5.371157861957798
CCCGC	1.9893177266510362
CCCGG	1.5056313298076307
CCCCG	2.5861130446463467
CCCCC	11.827751074581787
CGCGC	0.5018771099358769
CGCGG	0.6330829663434976
CGCCG	1.5056313298076307
CGCCC	1.591454181320829
CCGGC	1.254692774839692
CCGGG	0.9496244495152464
CCGCG	1.254692774839692
CCGCC	2.18824949931614
