	Dinodon_semicarinatus 6-mer OE values GC sorted
AATTAA	1.181715480617955
AATTAT	1.7913604191232333
AATTTA	0.4265143855055318
AATTTT	0.9359615796553997
ATTTAA	1.0236345252132761
ATTTAT	0.8189663821984747
ATTTTA	1.0529567771123247
ATTTTT	0.9627724193940936
TAAAAA	1.2697347335514502
TAAAAT	1.0573243773950125
ATTAAA	1.181715480617955
ATTAAT	1.2795431565165953
ATTATA	2.388480558830978
ATTATT	2.690889541509274
TAAATA	0.49756441289177045
TAAATT	0.25590863130331903
TAATAA	1.6792798935097255
TAATAT	1.7060575420221271
TAATTA	2.1325719275276587
TAATTT	1.2869471720261747
ATATTA	1.450148910718808
ATATTT	1.5209375669400247
TATAAA	0.9329332741720697
TATAAT	2.1325719275276587
ATATAA	0.49756441289177056
ATATAT	1.0236345252132761
TATTAA	1.7060575420221271
TATTAT	2.456899146595424
ATAAAA	0.9976487192189966
ATAAAT	0.49756441289177056
ATAATA	1.8036709967326678
ATAATT	2.303177681729871
TTTTTA	1.4441586290911408
TTTTTT	0.44015611642104263
TATTTA	1.6379327643969495
TATTTT	1.604620698990156
TATATA	1.0236345252132761
TATATT	2.1059135542246494
AAAAAA	1.5539908991472249
AAAAAT	1.2697347335514497
TTAAAA	0.8707377225605984
TTAAAT	0.25590863130331903
TTATAA	1.8766632962243404
TTATAT	1.0529567771123252
TTATTA	1.6379327643969501
TTATTT	2.086006908687203
TTAATA	1.6207546649210212
TTAATT	1.1699519745692502
TTTATA	1.0529567771123247
TTTATT	1.9255448387881873
TTTTAA	0.9359615796554002
TTTTAT	1.765082768889172
TTTAAA	0.5118172626066381
TTTAAT	1.2869471720261747
AAATTA	0.4353688612802991
AAATTT	0.6824230168088508
AATAAA	1.405777740717677
AATAAT	2.0524532031785534
AATATA	0.7463466193376557
AATATT	1.0236345252132761
AAATAA	0.9976487192189966
AAATAT	0.7463466193376558
AAAATA	1.2697347335514502
AAAATT	0.5597599645032418
AAAACT	1.0238364743433925
AAAACA	1.0782689137219554
AAAAGT	0.7735220198037817
AAAAGA	1.4099650076366435
AAAATC	1.0238364743433925
AAAATG	1.031362693071709
AAATCT	0.9361462321091596
AAATCA	1.0238364743433928
AAATAC	0.45503843304150776
AAATAG	0.9024423564377453
AAACTT	0.39006093004548315
AAACTA	1.4788749073849004
TTGAAT	0.0
TTGAAA	0.8840886001316475
AATATC	1.6382559061910291
AATATG	0.3536354400526589
AATAAC	1.194475886733958
AATAAG	0.25784067326792726
AAATGT	0.17681772002632948
AAATGA	0.7735220198037817
AAATTC	0.07801218600909662
AAATTG	0.17681772002632945
TTAGAT	0.2425102736434595
TTAGAA	0.707270880105318
TTATCT	1.6142241618043562
TTATCA	1.1769539970965965
TTTAAC	1.0699581791787238
TTTAAG	0.7275308209303784
TTACTT	1.1739812085849861
TTACTA	1.4979414508502134
TTACAT	1.2839498150144688
TTACAA	0.6240974880727731
AAGTTT	0.4850205472869189
AAGTTA	0.5304531600789885
AAGTAT	0.5304531600789885
AAGTAA	0.25784067326792726
TTTTAC	0.8804859064387396
TTTTAG	1.3304375333845084
TTTACT	1.3207288596581093
TTTACA	0.7489707254251067
TTTAGT	0.9978281500383812
TTTAGA	0.7275308209303784
TTTATC	0.8804859064387395
TTTATG	1.3304375333845082
AAGATT	0.707270880105318
AAGATA	0.2578406732679273
AAGAAT	0.25784067326792726
AAGAAA	0.9399766717577626
TTATGT	1.3304375333845084
TTATGA	0.24251027364345945
TTATTC	1.614224161804356
TTATTG	2.32826568342289
TTATAC	1.3909456329323413
TTATAG	2.425102736434595
TTAACT	0.6419749075072344
TTAACA	1.1701827901364497
TTAGTT	0.6652187666922542
TTAGTA	1.2125513682172973
TTAAAC	1.0141584181182564
TTAAAG	1.060906320157977
CTATTT	1.7609718128774787
CTATTA	2.5678996300289367
CTATAT	1.1769539970965963
CTATAA	1.6382559061910291
AAAAAC	0.9538532698309605
AAAAAG	1.221969673285091
TTAAGT	0.7275308209303784
TTAAGA	0.35363544005265896
TTAATC	1.069958179178724
TTAATG	0.7275308209303786
TACTTT	1.0272335575118627
TACTTA	0.8559665433429791
TACTAT	3.102878719618299
TACTAA	2.106329022245609
TTCTTT	3.6228305298451837
TTCTTA	1.3207288596581093
TTCATT	1.6142241618043558
TTCATA	1.2839498150144686
TTCAAT	1.1769539970965963
TTCAAA	0.39006093004548315
AACATT	0.9361462321091596
AACATA	0.8531970619528273
AACAAT	1.8770335362962196
AACAAA	1.4929877266919385
TTGTTT	0.0
TTGTTA	0.6652187666922542
TAGTTT	0.9978281500383812
TAGTTA	1.2125513682172973
TAGTAT	1.4550616418607567
TAGTAA	1.9449949202896242
CTAAAT	0.46807311605457974
CTAAAA	1.2513556908641463
TTCTAT	1.4674765107312326
TTCTAA	0.9629623612608514
TACATT	1.069958179178724
TACATA	0.4680731160545798
TACAAT	0.5460853020636764
TACAAA	0.6256778454320734
AACTTT	0.6419749075072344
AACTTA	0.4680731160545798
AACTAT	1.716268092200126
AACTAA	1.1375960826037697
CTAATT	1.390945632932341
CTAATA	2.262353394263802
TATCAT	0.7489707254251067
TATCAA	1.3262071621546427
TATGTT	0.9978281500383812
TATGTA	1.2125513682172973
TATCTT	1.4674765107312324
TATCTA	1.0699581791787238
TGAATT	0.4850205472869189
TGAATA	0.7072708801053179
TGAAAT	0.17681772002632945
TGAAAA	0.9024423564377452
TAGATT	0.24251027364345945
TAGATA	0.5304531600789885
TAGAAT	0.3536354400526589
TAGAAA	1.0313626930717088
TATAAC	1.0141584181182564
TATAAG	0.5304531600789885
TATGAT	0.24251027364345945
TATGAA	2.121812640315954
TATTCT	2.201214766096849
TATTCA	1.7119330866859581
TATTGT	1.6630469167306354
TATTGA	0.7275308209303784
TATTTC	1.173981208584986
TATTTG	3.658703216807398
TATTAC	1.9259247225217029
TATTAG	0.9700410945738378
TTTGAT	1.3304375333845084
TTTGAA	0.4850205472869189
TTTTCT	0.8050734510767076
TTTTCA	0.8804859064387395
TTTTGT	0.0
TTTTGA	0.9978281500383813
TTTTTC	1.6101469021534154
TTTTTG	1.368548229662285
AATCTT	0.9629623612608517
AATCTA	0.7021096740818698
AATCAT	1.4042193481637395
AATCAA	1.0238364743433928
TTGATT	0.6652187666922542
TTGATA	0.9700410945738378
TAACAT	1.092170604127353
TAACAA	1.7063941239056546
ATAAAC	1.308235494994335
ATAAAG	0.7735220198037817
TATACT	1.1769539970965963
TATACA	1.0141584181182561
TATAGT	1.9400821891476756
TATAGA	0.8840886001316474
TATATC	0.6419749075072343
TATATG	0.4850205472869189
TAATCT	1.0699581791787238
TAATCA	1.0921706041273527
ATATAC	0.7021096740818698
ATATAG	1.060906320157977
ATAACT	0.31204874403638655
ATAACA	1.4219951032547122
ATAAGT	0.0
ATAAGA	0.25784067326792726
ATAATC	1.3262071621546427
ATAATG	0.8840886001316473
TAACTT	0.534979089589362
TAACTA	0.3900609300454832
TAAACT	0.858134046100063
TAAACA	1.1375960826037697
ATAGAT	0.17681772002632948
ATAGAA	1.2892033663396363
ATATCT	0.7489707254251067
ATATCA	1.248194976145546
ATATGT	0.24251027364345945
ATATGA	0.5304531600789885
ATATTC	1.4979414508502134
ATATTG	1.2125513682172973
TAAGTT	0.7275308209303784
TAAGTA	0.0
TAAGAT	0.35363544005265896
TAAGAA	0.0
ATACTT	1.1769539970965965
ATACTA	2.184341208254706
ATACAT	0.7021096740818698
ATACAA	0.5687980413018848
ATAGTT	0.7275308209303784
ATAGTA	1.7681772002632947
TAATGT	0.4850205472869189
TAATGA	1.2377240401843064
TAATTC	1.2839498150144686
TAATTG	0.9700410945738378
TAATAC	1.2481949761455462
TAATAG	2.652265800394942
TTTCAT	1.614224161804356
TTTCAA	0.7489707254251067
TTTGTT	0.9123654864415234
TTTGTA	1.3304375333845084
TTTCTT	1.0063418138458844
TTTCTA	1.3207288596581093
TTGTAT	1.9956563000767626
TTGTAA	0.9700410945738378
AATGTT	0.24251027364345945
AATGTA	0.5304531600789885
AATGAT	1.060906320157977
AATGAA	0.38676100990189083
AATTCT	1.0699581791787238
AATTCA	0.5460853020636763
AATTGT	0.0
AATTGA	0.17681772002632948
TAAAGT	0.17681772002632948
TAAAGA	0.38676100990189083
TAAATC	0.46807311605457974
TAAATG	0.17681772002632945
TGATTT	0.9978281500383812
TGATTA	0.7275308209303784
TGATAT	0.24251027364345945
TGATAA	0.35363544005265896
ATTAAC	1.4042193481637395
ATTAAG	1.2377240401843064
TAAAAC	0.8531970619528271
TAAAAG	0.5156813465358545
ATTTAC	0.8559665433429791
ATTTAG	0.24251027364345945
ATTACT	0.8559665433429791
ATTACA	1.5602437201819326
ATTAGT	0.4850205472869189
ATTAGA	0.17681772002632948
ATTATC	1.2839498150144686
ATTATG	0.7275308209303784
TGTTTT	0.4561827432207617
TGTTTA	0.9978281500383813
TGTATT	1.3304375333845084
TGTATA	1.2125513682172973
TGTAAT	0.0
TGTAAA	0.8840886001316475
ATTGTT	0.6652187666922541
ATTGTA	0.9700410945738378
ATTGAT	0.7275308209303784
ATTGAA	0.8840886001316474
ATTTCT	0.586990604292493
ATTTCA	1.8189289046038306
ATTTGT	1.9956563000767624
ATTTGA	0.9700410945738378
ATTTTC	1.0272335575118627
ATTTTG	0.6652187666922541
CTTTTT	2.6164887159992993
CTTTTA	1.3207288596581093
CTTTAT	1.7609718128774792
CTTTAA	0.8559665433429791
TGTTAT	0.9978281500383813
TGTTAA	0.4850205472869189
GTTTAT	0.3326093833461271
GTTTAA	0.4850205472869189
ATTCTT	2.934953021462465
ATTCTA	1.6049372687680858
ATTCAT	1.2839498150144686
ATTCAA	0.5460853020636763
CTTATT	1.173981208584986
CTTATA	1.1769539970965963
CTTAAT	0.9629623612608514
CTTAAA	0.7801218600909663
ACTTAT	1.0699581791787238
ACTTAA	0.3120487440363865
ACTTTT	1.0272335575118627
ACTTTA	1.0699581791787238
TCATTT	1.4674765107312322
TCATTA	1.3909456329323406
TCATAT	0.21399163583574476
TCATAA	0.624097488072773
TCAATT	0.6419749075072343
TCAATA	1.0141584181182561
TCAAAT	0.5460853020636763
TCAAAA	0.5119182371716963
ATGAAT	0.8840886001316473
ATGAAA	0.7735220198037817
GTTTTT	0.4561827432207617
GTTTTA	0.6652187666922542
TCTTTT	1.4088785393842382
TCTTTA	1.3207288596581093
TCTATT	1.173981208584986
TCTATA	1.2839498150144686
TCTAAT	0.9629623612608514
TCTAAA	0.624097488072773
ACTATT	1.9259247225217033
ACTATA	1.716268092200126
ACTAAT	2.0283168362365127
ACTAAA	1.4219951032547122
ATGTTT	0.33260938334612705
ATGTTA	0.9700410945738378
ATGTAT	1.2125513682172973
ATGTAA	0.17681772002632948
ATGATT	0.24251027364345945
ATGATA	0.35363544005265896
CATTAT	2.4609038121110647
CATTAA	1.1701827901364494
ACAATT	0.9361462321091596
ACAATA	1.9339133404264084
ACAAAT	0.6256778454320732
ACAAAA	1.2026845576129503
TCTTAT	2.054467115023726
TCTTAA	0.7489707254251067
ACATTT	0.534979089589362
ACATTA	1.2481949761455462
ACATAT	1.0141584181182564
ACATAA	0.5687980413018848
GTTATT	0.6652187666922542
GTTATA	1.4550616418607567
GTTAAT	1.6975719155042166
GTTAAA	0.1768177200263295
GATAAT	0.17681772002632945
GATAAA	0.5156813465358544
GAATTT	0.7275308209303784
GAATTA	1.5913594802369653
GAATAT	0.3536354400526589
GAATAA	1.0313626930717088
GAAAAT	0.9024423564377453
GAAAAA	0.8459790045819862
CATAAT	1.482231534172836
CATAAA	0.5119182371716964
GAAATT	0.3536354400526589
GAAATA	0.1289203366339636
CATATT	1.4979414508502136
CATATA	0.7801218600909664
CATTTT	0.586990604292493
CATTTA	0.32098745375361715
AGTAAT	1.0609063201579767
AGTAAA	0.7735220198037817
AGTTTT	0.33260938334612705
AGTTTA	0.7275308209303784
AGTTAT	0.9700410945738378
AGTTAA	0.7072708801053179
GATTTT	0.6652187666922541
GATTTA	1.4550616418607567
GATTAT	0.24251027364345945
GATTAA	0.8840886001316474
GATATT	1.2125513682172973
GATATA	0.17681772002632948
ATCATT	1.3909456329323413
ATCATA	1.0141584181182564
ATCAAT	1.4042193481637395
ATCAAA	1.1375960826037697
AGATAT	0.7072708801053178
AGATAA	0.1289203366339636
CAAATT	0.2340365580272899
CAAATA	0.6825576495622618
CAATAT	1.0141584181182564
CAATAA	1.7063941239056546
CAATTT	0.3209874537536172
CAATTA	1.3262071621546427
GTATAT	1.4550616418607567
GTATAA	1.060906320157977
ATCTTT	0.2934953021462465
ATCTTA	1.2839498150144686
ATCTAT	1.0699581791787238
ATCTAA	0.7021096740818696
AGTATT	1.6975719155042162
AGTATA	0.7072708801053179
AAACAT	0.9100768660830155
AAACAA	1.161212676315952
GTAATT	0.4850205472869189
GTAATA	0.17681772002632948
CAAAAT	0.6256778454320732
CAAAAA	1.1197407950189537
AGAATT	0.5304531600789884
AGAATA	0.38676100990189083
AGAAAT	0.7735220198037817
AGAAAA	0.8459790045819862
GTAAAT	0.17681772002632945
GTAAAA	0.7735220198037817
GTATTT	1.6630469167306354
GTATTA	1.9400821891476756
AGATTT	0.9700410945738378
AGATTA	0.7072708801053179
AATTTC	0.7489707254251067
AATTTG	1.2125513682172973
AATTAC	1.0141584181182564
AATTAG	0.8840886001316474
AATACT	1.3262071621546427
AATACA	0.4550384330415079
AATAGT	1.9449949202896242
AATAGA	1.031362693071709
AAAGTT	0.0
AAAGTA	0.5156813465358544
AAAGAT	0.6446016831698181
AAAGAA	1.1279720061093148
AAAACC	0.9363309209923297
AAAACG	0.23580347166774943
AAAAGC	0.47160694333549885
AAAAGG	0.8016869101012539
AAATCC	0.49941232475584013
AAATCG	0.16170541174184477
AAACCT	0.8561354138671543
AAACCA	1.248441227989773
AAACGT	0.4851162352255342
AAACGA	0.47160694333549885
AAACTC	0.5707569425781028
AAACTG	0.646821646967379
AAACAC	1.8206434574850856
AAACAG	0.9432138866709977
GACTTT	0.9125454837079274
GACTTA	0.8871333403756959
GACTAT	2.2178333509392396
GACTAA	1.6170541174184476
ATCCTT	0.5368215207252849
ATCCTA	2.0548724333639266
ATCCAT	0.7828085460434006
ATCCAA	0.35672308911131434
CGAATT	0.6653500052817718
CGAATA	0.32341082348368955
GTAAGT	0.0
GTAAGA	0.0
GTAATC	0.8871333403756958
GTAATG	0.0
GACATT	1.7742666807513916
GACATA	0.48511623522553426
GACAAT	0.32341082348368955
GACAAA	1.0611156225048728
AGAAGT	2.565582196574323
AGAAGA	1.8706027902362592
AGAATC	0.3234108234836895
AGAATG	1.0995352271032812
AGAAAC	1.4148208300064966
AGAAAG	0.5344579400675027
GTAAAC	0.646821646967379
GTAAAG	0.3665117423677604
CGAAAT	0.16170541174184477
CGAAAA	0.3537052075016243
ATCGTT	0.3041818279026424
ATCGTA	0.6653500052817718
ATCGAT	0.0
ATCGAA	0.16170541174184477
GTATTC	0.9125454837079273
GTATTG	0.0
GTATAC	0.8871333403756958
GTATAG	0.5026807433209262
AGATAC	0.3234108234836895
AGATAG	0.3665117423677604
AGAACT	1.6170541174184474
AGAACA	0.7074104150032483
CAAAGT	0.48511623522553426
CAAAGA	0.8253121508371234
CAAATC	0.7134461782226288
CAAATG	0.8085270587092238
CAAAAC	0.9883493054919036
CAAAAG	1.179017358338747
GAGTTT	0.6894402020335001
GAGTTA	0.5026807433209263
GAGTAT	0.0
GAGTAA	1.4660469694710418
AGAGTT	0.5026807433209262
AGAGTA	0.3665117423677604
AGAGAT	0.0
AGAGAA	0.0
AGATCT	0.4435666701878479
AGATCA	0.0
AGATGT	1.5080422299627785
AGATGA	0.3665117423677604
AGATTC	0.0
AGATTG	0.0
GAGATT	0.0
GAGATA	0.36651174236776046
GAGAAT	0.0
GAGAAA	1.6033738202025083
AGACTT	0.6653500052817717
AGACTA	0.0
AGACAT	1.4553487056766026
AGACAA	0.5895086791693736
CAATGT	0.4435666701878479
CAATGA	0.8085270587092238
CAATTC	0.8806596142988258
CAATTG	0.8871333403756959
CAATAC	1.2128585029784689
CAATAG	1.940464940902137
GTAACT	0.6653500052817718
GTAACA	0.8085270587092238
ATCTCT	1.2078484216318912
ATCTCA	1.565617092086801
ATCTGT	0.3041818279026424
ATCTGA	1.5524833456574676
ATCTTC	1.0736430414505698
ATCTTG	0.3041818279026424
ATCTAC	0.4892553412771253
ATCTAG	1.1089166754696198
GATGTT	1.378880404067
GATGTA	1.0053614866418523
AGTACT	0.8871333403756958
AGTACA	0.48511623522553426
AGTAGT	2.513403716604631
AGTAGA	2.565582196574323
AGTATC	0.22178333509392395
AGTATG	0.0
AGTAAC	1.1319378821929131
AGTAAG	1.0995352271032812
CAAACT	0.7847907960448915
CAAACA	1.4565147659880688
AGTTCT	0.3041818279026424
AGTTCA	0.4435666701878479
AGTTGT	0.0
AGTTGA	0.5026807433209262
AGTTTC	0.3041818279026424
AGTTTG	1.378880404067
AGTTAC	0.4435666701878479
AGTTAG	0.0
GATCTT	0.3041818279026424
GATCTA	1.1089166754696198
GATCAT	0.4435666701878479
GATCAA	0.6468216469673791
GATGAT	0.0
GATGAA	0.7330234847355208
GATTCT	0.9125454837079273
GATTCA	0.6653500052817718
GATTGT	0.0
GATTGA	0.0
GATTTC	0.6083636558052848
GATTTG	0.6894402020335
CTCTTT	1.288464098911876
CTCTTA	0.9394376612692485
AGTGTT	0.6894402020335
AGTGTA	0.0
AGTGAT	2.0107229732837046
AGTGAA	1.0995352271032812
GATTAC	0.6653500052817718
GATTAG	1.0053614866418523
GATACT	1.5524833456574676
GATACA	1.1319378821929134
GATAGT	0.0
GATAGA	0.7330234847355208
GATATC	0.0
GATATG	1.0053614866418523
AGTCTT	1.2167273116105697
AGTCTA	0.6653500052817718
AGTCAT	0.6653500052817718
AGTCAA	0.16170541174184477
ATCACT	0.8806596142988258
ATCACA	1.6409262099120463
ATCAGT	0.6653500052817718
ATCAGA	0.48511623522553426
ATCATC	1.3699149555759513
ATCATG	0.8871333403756959
ATCAAC	0.9988246495116803
ATCAAG	0.32341082348368955
GTAGTT	1.378880404067
GTAGTA	1.0053614866418523
GTAGAT	1.0053614866418523
GTAGAA	1.832558711838802
GAAGAT	0.0
GAAGAA	1.8706027902362592
GAATCT	0.4435666701878479
GAATCA	0.8085270587092238
GATAAC	0.3234108234836895
GATAAG	0.0
GAACTT	1.1089166754696196
GAACTA	1.4553487056766023
GAACAT	0.16170541174184475
GAACAA	1.0611156225048723
AGGATT	1.5080422299627787
AGGATA	1.8325587118388025
AGGAAT	3.2986056813098443
AGGAAA	1.336144850168757
GAATAC	0.8085270587092237
GAATAG	0.7330234847355208
GAAACT	0.4851162352255342
GAAACA	1.5327225658403714
CTCATT	0.9394376612692485
CTCATA	0.8806596142988254
AGGTTT	0.6894402020335001
AGGTTA	2.010722973283705
AGGTAT	1.0053614866418525
AGGTAA	0.0
GAAGTT	1.0053614866418523
GAAGTA	2.1990704542065624
GAAAGT	0.3665117423677604
GAAAGA	0.8016869101012539
CAAGTT	0.4435666701878479
CAAGTA	0.48511623522553426
CAAGAT	0.16170541174184477
CAAGAA	0.9432138866709981
CGTATT	1.21672731161057
CGTATA	0.44356667018784796
CTCTAT	0.9394376612692485
CTCTAA	0.29355320476627517
GAATGT	0.5026807433209262
GAATGA	1.0995352271032812
GAATTC	0.4435666701878479
GAATTG	1.0053614866418523
CAACTT	0.39140427302170033
CAACTA	1.3555477386229946
CAACAT	0.8561354138671546
CAACAA	2.0287169954833817
CTCAAT	0.6849574777879753
CTCAAA	0.7134461782226286
CAATCT	0.8806596142988258
CAATCA	1.2128585029784689
GAAATC	0.646821646967379
GAAATG	0.3665117423677604
GAAAAC	0.8253121508371231
GAAAAG	0.26722897003375135
TCCTAT	2.2814914630824608
TCCTAA	0.8806596142988254
AGCATT	1.5524833456574676
AGCATA	0.8085270587092238
AGCAAT	1.1319378821929134
AGCAAA	1.2969190941726225
CGTAAT	0.22178333509392395
CGTAAA	0.16170541174184477
CATAGT	0.8871333403756958
CATAGA	0.32341082348368955
CATATC	0.48925534127712544
CATATG	0.44356667018784796
CATAAC	0.8561354138671545
CATAAG	0.6468216469673791
TCCATT	0.5368215207252849
TCCATA	0.8806596142988254
TCCAAT	0.09785106825542506
TCCAAA	0.49941232475584
CATTGT	0.6083636558052848
CATTGA	1.3307000105635436
CATTTC	1.207848421631891
CATTTG	1.2167273116105697
AGCTTT	1.5209091395132124
AGCTTA	1.3307000105635438
AGCTAT	1.9960500158453154
AGCTAA	0.8085270587092238
TCCTTT	0.5521988995336612
TCCTTA	0.40261614054396366
GTATCT	0.9125454837079273
GTATCA	0.22178333509392395
GTATGT	0.0
GTATGA	1.5080422299627785
GTACTT	0.3041818279026424
GTACTA	1.3307000105635436
GTACAT	0.6653500052817718
GTACAA	0.16170541174184477
ATGCTT	0.9125454837079273
ATGCTA	0.8871333403756958
ATGCAT	0.4435666701878479
ATGCAA	0.8085270587092238
GTTAGT	0.0
GTTAGA	1.0053614866418525
GTTATC	0.9125454837079274
GTTATG	0.6894402020335001
TCGTTT	0.8343871678817374
TCGTTA	0.30418182790264237
TCGTAT	0.9125454837079271
TCGTAA	0.2217833350939239
CATGTT	2.129272795318497
CATGTA	0.4435666701878479
CATGAT	1.1089166754696198
CATGAA	0.32341082348368955
CATTAC	1.0763617508096757
CATTAG	0.6653500052817718
CATACT	1.9570213651085018
CATACA	0.570756942578103
CTGTAT	0.9125454837079271
CTGTAA	0.6653500052817717
TCTCAT	0.9394376612692487
TCTCAA	1.1742128190651009
CATCTT	0.4026161405439637
CATCTA	0.48925534127712533
CATCAT	1.663468160342226
CATCAA	1.0701692673339431
TCGATT	0.30418182790264237
TCGATA	0.2217833350939239
TCGAAT	0.2217833350939239
TCGAAA	0.32341082348368944
CTGAAT	0.6653500052817717
CTGAAA	0.8085270587092236
CTGTTT	1.251580751822606
CTGTTA	0.9125454837079271
CATTCT	1.8788753225384973
CATTCA	1.0763617508096759
TCTGAT	0.9125454837079274
TCTGAA	0.6653500052817719
ACAAGT	0.32341082348368955
ACAAGA	0.5895086791693738
ACAATC	1.2128585029784689
ACAATG	0.6468216469673791
ACAAAC	1.1444044589906253
ACAAAG	0.47160694333549885
CTGATT	1.2167273116105695
CTGATA	0.2217833350939239
TCTCTT	0.9203314992227688
TCTCTA	1.2078484216318912
ACATGT	0.4435666701878479
ACATGA	1.1319378821929134
ACATTC	1.3699149555759513
ACATTG	1.10891667546962
ACATAC	0.8561354138671545
ACATAG	0.48511623522553426
ACAACT	0.8561354138671544
ACAACA	1.768625072985512
TCTGTT	1.2515807518226063
TCTGTA	0.3041818279026425
GTTAAC	0.44356667018784796
GTTAAG	0.0
ATGGTT	0.6894402020335
ATGGTA	0.5026807433209262
ATGGAT	0.0
ATGGAA	0.7330234847355208
ATGTCT	0.0
ATGTCA	0.0
ATGTGT	1.378880404067
ATGTGA	1.0053614866418523
ATGTTC	1.8250909674158546
ATGTTG	1.378880404067
ACAGTT	0.4435666701878479
ACAGTA	0.6468216469673791
ACAGAT	0.48511623522553426
ACAGAA	1.1790173583387475
ACATCT	0.5871064095325506
ACATCA	1.4268923564452576
TCTTCT	0.9203314992227688
TCTTCA	1.4762591819945337
TCTTGT	0.41719358394086875
TCTTGA	0.0
TCTTTC	1.4725303987564302
TCTTTG	3.33754867152695
TCTTAC	0.536821520725285
TCTTAG	1.8250909674158549
TCTACT	1.2078484216318912
TCTACA	0.6849574777879754
TCTAGT	1.5209091395132122
TCTAGA	0.8871333403756958
TCTATC	0.9394376612692485
TCTATG	0.3041818279026424
TCTAAC	0.4892553412771253
TCTAAG	0.22178333509392395
ACACTT	1.0763617508096759
ACACTA	1.4268923564452576
ACACAT	1.141513885156206
ACACAA	1.352477996988921
TCATTC	0.9394376612692484
TCATTG	0.9125454837079271
TCACTT	0.5368215207252849
TCACTA	1.4677660238313759
TCACAT	0.8806596142988254
TCACAA	0.99882464951168
ACTAAC	1.9976492990233605
ACTAAG	0.16170541174184477
CTTCTT	2.0247292982900915
CTTCTA	1.4762591819945337
CTTCAT	1.8788753225384973
CTTCAA	0.9785106825542507
ATGTAC	0.4435666701878479
ATGTAG	2.0107229732837046
ATGACT	1.7742666807513916
ATGACA	0.32341082348368955
ATGAGT	0.0
ATGAGA	0.7330234847355208
ATGATC	1.3307000105635436
ATGATG	1.5080422299627785
ATGAAC	1.1319378821929131
ATGAAG	0.3665117423677604
ACTACT	1.8591702968530768
ACTACA	0.8561354138671545
ACTAGT	1.5524833456574676
ACTAGA	0.9702324704510685
ACTATC	2.6419788428964774
ACTATG	2.6614000211270876
TCAGTT	0.30418182790264237
TCAGTA	0.4435666701878478
TCAGAT	0.6653500052817717
TCAGAA	0.8085270587092236
TCATCT	0.9394376612692485
TCATCA	1.4677660238313759
TCATGT	0.9125454837079271
TCATGA	0.8871333403756956
TCAATC	0.9785106825542506
TCAATG	1.5524833456574676
ACTGTT	0.6083636558052848
ACTGTA	0.8871333403756958
ACTGAT	0.8871333403756958
ACTGAA	0.48511623522553426
ACTTCT	1.4762591819945337
ACTTCA	0.5871064095325504
ACTTGT	0.3041818279026424
ACTTGA	0.6653500052817718
ACTTTC	0.8052322810879273
ACTTTG	0.9125454837079273
ACTTAC	0.4892553412771253
ACTTAG	0.8871333403756958
CAGAAT	1.1319378821929134
CAGAAA	0.5895086791693738
ACTCTT	1.3420538018132124
ACTCTA	0.2935532047662752
ACTCAT	0.7828085460434006
ACTCAA	0.5707569425781029
TCATAC	1.6634681603422259
TCATAG	1.7742666807513916
TCAACT	0.7828085460434004
TCAACA	0.9274800316894172
TCAAGT	0.2217833350939239
TCAAGA	0.8085270587092236
CAGTAT	0.6653500052817718
CAGTAA	0.8085270587092238
CTTTCT	1.656596698600984
CTTTCA	0.6710269009066062
ACGATT	0.4435666701878479
ACGATA	0.6468216469673791
ACGAAT	0.48511623522553426
ACGAAA	0.4716069433354991
TCAAAC	0.99882464951168
TCAAAG	1.1319378821929131
CAGATT	0.6653500052817718
CAGATA	0.32341082348368955
TGCAAT	0.6653500052817718
TGCAAA	0.6468216469673791
TGCTTT	1.668774335763475
TGCTTA	0.0
TGCTAT	1.21672731161057
TGCTAA	0.8871333403756959
CGTTAT	0.0
CGTTAA	0.0
ACGTAT	0.22178333509392395
ACGTAA	0.0
CTTGTT	0.8343871678817375
CTTGTA	0.9125454837079274
CTTGAT	0.608363655805285
CTTGAA	0.8871333403756959
CAGTTT	0.3041818279026425
CAGTTA	0.22178333509392398
TGGTAT	2.7577608081340004
TGGTAA	0.0
CACTAT	1.7613192285976516
CACTAA	1.6409262099120463
CACATT	0.9785106825542509
CACATA	0.9988246495116803
CACAAT	1.7836154455565723
CACAAA	0.5201838449957389
CGTTTT	0.41719358394086875
CGTTTA	0.3041818279026425
CTTACT	1.3420538018132124
CTTACA	0.5871064095325504
ACGTTT	0.0
ACGTTA	0.0
TGCATT	0.608363655805285
TGCATA	0.22178333509392398
ATTCCT	1.2078484216318912
ATTCCA	0.7828085460434006
ATTCGT	0.0
ATTCGA	1.5524833456574676
ATTCTC	0.6710269009066061
ATTCTG	0.6083636558052848
GTTTGT	1.8911716770360947
GTTTGA	0.6894402020335001
GTTTTC	0.0
GTTTTG	0.0
GTTTAC	1.21672731161057
GTTTAG	0.6894402020335001
TGGATT	0.6894402020335001
TGGATA	1.0053614866418525
TGGAAT	0.5026807433209263
TGGAAA	1.8325587118388025
CTTTGT	1.668774335763475
CTTTGA	0.9125454837079274
CTTTTC	0.7362651993782151
CTTTTG	0.41719358394086875
CTTTAC	0.9394376612692488
CTTTAG	0.9125454837079274
TGGTTT	1.8911716770360947
TGGTTA	2.7577608081340004
TGTGTT	0.0
TGTGTA	0.6894402020335001
TGTGAT	1.3788804040670002
TGTGAA	1.5080422299627787
CACTTT	1.3420538018132124
CACTTA	0.48925534127712533
TGTCTT	0.41719358394086875
TGTCTA	0.3041818279026425
TGTCAT	0.3041818279026425
TGTCAA	0.6653500052817719
ACCATT	1.3699149555759513
ACCATA	1.9263046812010978
ACCAAT	1.212858502978469
ACCAAA	1.0403676899914778
GTTACT	0.3041818279026425
GTTACA	1.3307000105635438
ATTCAC	1.5656170920868009
ATTCAG	0.4435666701878479
ATTGCT	0.9125454837079273
ATTGCA	0.6653500052817718
ATTGGT	0.0
ATTGGA	2.513403716604631
ATTGTC	0.3041818279026424
ATTGTG	0.0
CTTAAC	0.6849574777879753
CTTAAG	0.4435666701878479
TGTTCT	4.589129423349556
TGTTCA	1.5209091395132124
TGTTGT	2.836757515554142
TGTTGA	0.0
TGTTTC	0.0
TGTTTG	0.0
TGTTAC	0.3041818279026425
TGTTAG	2.0683206061005
TGTATC	0.608363655805285
TGTATG	2.0683206061005
TGTAAC	0.6653500052817719
TGTAAG	0.5026807433209263
ACCTTT	0.8052322810879275
ACCTTA	1.2720638873205259
ACCTAT	0.9785106825542509
ACCTAA	0.8561354138671545
CTTAGT	0.9125454837079273
CTTAGA	0.4435666701878479
CTTATC	1.6104645621758547
CTTATG	0.9125454837079273
TGATGT	2.0683206061005
TGATGA	2.0107229732837046
TGACTT	0.9125454837079273
TGACTA	3.326750026408859
TGACAT	0.4435666701878479
TGACAA	0.6468216469673791
CTATCT	1.7446699423571759
CTATCA	1.5656170920868009
CTACTT	1.3420538018132122
CTACTA	3.1312341841736018
CTACAT	0.6849574777879753
CTACAA	0.99882464951168
TGTACT	0.9125454837079274
TGTACA	0.22178333509392398
TGTAGT	0.6894402020335001
TGTAGA	1.5080422299627787
ATTGAC	0.4435666701878479
ATTGAG	0.0
ATTTCC	0.5368215207252849
ATTTCG	0.3041818279026424
ATTTGC	2.129272795318497
ATTTGG	2.757760808134
TGAAGT	1.0053614866418523
TGAAGA	0.3665117423677604
CTAGTT	0.30418182790264237
CTAGTA	3.3267500264088583
CTAGAT	0.4435666701878478
CTAGAA	1.7787595291602918
TGAGTT	0.6894402020335
TGAGTA	0.5026807433209262
TGAGAT	0.0
TGAGAA	1.832558711838802
TGATCT	2.129272795318497
TGATCA	0.8871333403756958
ATTACC	1.4677660238313759
ATTACG	0.4435666701878479
ATTAGC	1.5524833456574676
ATTAGG	2.0107229732837046
TGATTC	0.9125454837079273
TGATTG	0.0
TGATAC	0.6653500052817718
TGATAG	1.0053614866418523
TGAACT	1.1089166754696198
TGAACA	0.9702324704510685
ATACCT	1.4677660238313763
ATACCA	1.4982369742675203
ATACGT	0.22178333509392395
ATACGA	1.2936432939347582
ATACTC	1.174212819065101
ATACTG	0.8871333403756959
GTTGTT	2.836757515554142
GTTGTA	2.0683206061005
GTTGAT	0.6894402020335001
GTTGAA	0.5026807433209263
GTTTCT	1.2515807518226063
GTTTCA	0.0
ATACAC	0.7134461782226288
ATACAG	1.1319378821929134
ATAGCT	1.5524833456574676
ATAGCA	1.940464940902137
ATAGGT	1.0053614866418525
ATAGGA	3.2986056813098443
ATAGTC	1.7742666807513916
ATAGTG	1.0053614866418525
TAAACC	1.141513885156206
TAAACG	0.6468216469673791
TAAAGC	1.2936432939347582
TAAAGG	1.8325587118388025
ATAGAC	0.48511623522553426
ATAGAG	1.0995352271032814
ATATCC	0.6849574777879753
ATATCG	0.4435666701878479
ATATGC	0.22178333509392395
ATATGG	1.5080422299627785
TAAGGT	1.0053614866418525
TAAGGA	0.7330234847355209
TAAGTC	0.0
TAAGTG	0.5026807433209263
TAAGAC	0.6468216469673791
TAAGAG	0.0
TAATCC	1.0763617508096757
TAATCG	1.5524833456574676
TAATGC	0.4435666701878479
TAATGG	2.0107229732837046
ATAACC	1.2128585029784689
ATAACG	0.32341082348368955
ATAAGC	0.9702324704510685
ATAAGG	0.36651174236776046
GTTCTT	3.7547422554678187
GTTCTA	0.9125454837079274
TAACCT	0.9785106825542509
TAACCA	1.8549600633788348
TAACGT	0.0
TAACGA	0.0
TAACTC	0.7828085460434007
TAACTG	0.22178333509392398
TAACAC	1.3555477386229946
TAACAG	1.2936432939347582
TAAGCT	0.4435666701878479
TAAGCA	0.32341082348368955
GTTCAT	0.3041818279026425
GTTCAA	1.10891667546962
GTGATT	1.3788804040670002
GTGATA	0.5026807433209263
GTGAAT	0.0
GTGAAA	2.5655821965743235
CGATTT	0.9125454837079274
CGATTA	0.44356667018784796
CGATAT	0.22178333509392395
CGATAA	0.16170541174184477
TATACC	1.0763617508096757
TATACG	1.1089166754696198
TATAGC	1.1089166754696198
TATAGG	1.5080422299627785
TATTCC	0.9394376612692485
TATTCG	1.8250909674158546
TATTGC	1.2167273116105697
TATTGG	0.0
GTGTAT	0.0
GTGTAA	0.5026807433209263
GCTTTT	2.5031615036452126
GCTTTA	1.8250909674158549
GCTTAT	0.3041818279026425
GCTTAA	0.8871333403756959
GCTAAT	1.1089166754696198
GCTAAA	0.48511623522553426
GTGTTT	0.0
GTGTTA	0.0
AACCTT	1.174212819065101
AACCTA	0.7847907960448917
AACCAT	1.9976492990233607
AACCAA	1.352477996988921
CCTTAT	1.2078484216318912
CCTTAA	1.2720638873205259
TATCAC	1.3699149555759507
TATCAG	1.3307000105635436
TATGCT	0.9125454837079273
TATGCA	0.8871333403756958
TATGGT	0.6894402020335
TATGGA	0.5026807433209262
TATGTC	0.0
TATGTG	0.6894402020335
TATGAC	0.4435666701878479
TATGAG	1.0053614866418523
TATCTC	1.7446699423571759
TATCTG	0.3041818279026424
TGAATC	0.4435666701878479
TGAATG	0.0
TGAAAC	1.6170541174184474
TGAAAG	1.832558711838802
CTAAGT	0.2217833350939239
CTAAGA	0.32341082348368944
CTAATC	1.0763617508096757
CTAATG	1.5524833456574676
TAGACT	0.22178333509392395
TAGACA	0.8085270587092238
TAGAGT	2.0107229732837046
TAGAGA	0.0
TAGATC	0.22178333509392395
TAGATG	0.5026807433209262
TAGAAC	1.4553487056766026
TAGAAG	4.031629166045365
TATCCT	1.744669942357176
TATCCA	0.48925534127712533
TATCGT	0.6083636558052848
TATCGA	0.0
GCTATT	1.8250909674158549
GCTATA	1.10891667546962
GTCAAT	0.0
GTCAAA	0.32341082348368955
CCTTTT	1.2884640989118763
CCTTTA	0.6710269009066062
GTCTAT	0.3041818279026425
GTCTAA	0.44356667018784796
GTCATT	0.608363655805285
GTCATA	0.22178333509392398
AACGTT	0.4435666701878479
AACGTA	0.32341082348368955
AACGAT	0.32341082348368955
AACGAA	0.7074104150032486
GCATTT	0.3041818279026425
GCATTA	1.5524833456574678
TTCCAT	0.8052322810879274
TTCCAA	0.8806596142988257
TAGGAT	0.5026807433209262
TAGGAA	3.665117423677604
TAGTCT	1.5209091395132122
TAGTCA	0.8871333403756958
TAGTGT	0.0
TAGTGA	0.5026807433209262
TAGTTC	0.0
TAGTTG	0.0
TAGTAC	1.3307000105635436
TAGTAG	4.524126689888336
TTCGAT	0.3041818279026425
TTCGAA	0.8871333403756959
TTCTCT	0.9203314992227688
TTCTCA	1.2078484216318912
TAGCTT	1.8250909674158546
TAGCTA	1.5524833456574676
TAGCAT	0.8871333403756958
TAGCAA	2.2638757643858267
TAGGTT	1.378880404067
TAGGTA	0.0
CTAAAC	0.7847907960448914
CTAAAG	0.646821646967379
TTCCTT	1.656596698600984
TTCCTA	1.4762591819945337
TTCACT	1.2078484216318912
TTCACA	1.1742128190651009
TACAGT	0.8871333403756958
TACAGA	0.48511623522553426
TACATC	0.7828085460434007
TACATG	1.5524833456574678
TACAAC	0.8561354138671545
TACAAG	0.48511623522553426
TTCGTT	0.41719358394086875
TTCGTA	0.0
GCATAT	0.6653500052817718
GCATAA	0.9702324704510685
GTCTTT	2.085967919704344
GTCTTA	0.9125454837079274
AACTCT	0.48925534127712544
AACTCA	0.7134461782226288
AACTGT	0.8871333403756958
AACTGA	1.2936432939347582
AACTTC	0.5871064095325506
AACTTG	0.22178333509392398
AACTAC	0.6421015604003659
AACTAG	1.2936432939347582
TACTAC	1.5656170920868009
TACTAG	1.7742666807513916
TACACT	0.9785106825542509
TACACA	0.7847907960448917
TTCTGT	0.41719358394086875
TTCTGA	1.5209091395132124
TTCTTC	2.392861897979199
TTCTTG	2.085967919704344
TTCTAC	1.4762591819945337
TTCTAG	2.43345462322114
TTCAAC	0.6849574777879753
TTCAAG	1.3307000105635436
TACGTT	0.0
TACGTA	0.4435666701878479
TACGAT	0.4435666701878479
TACGAA	0.9702324704510685
TACTCT	0.9394376612692487
TACTCA	0.8806596142988257
TACTGT	1.2167273116105697
TACTGA	1.1089166754696198
TACTTC	1.4762591819945334
TACTTG	1.2167273116105697
TTGCTT	1.668774335763475
TTGCTA	0.608363655805285
TTGCAT	0.9125454837079274
TTGCAA	0.6653500052817719
TTGGTT	1.8911716770360947
TTGGTA	0.6894402020335001
CTAACT	0.5871064095325503
CTAACA	1.8549600633788343
TACCTT	1.4762591819945337
TACCTA	0.8806596142988257
TACCAT	1.467766023831376
TACCAA	1.1415138851562059
TTCAGT	0.0
TTCAGA	0.4435666701878479
TTCATC	1.4762591819945334
TTCATG	1.2167273116105697
GCAAAT	0.32341082348368955
GCAAAA	0.5895086791693738
AACACT	1.2128585029784689
AACACA	1.9246802264842338
AACAGT	0.8085270587092238
AACAGA	0.7074104150032486
AACATC	0.7134461782226288
AACATG	0.9702324704510685
AACAAC	1.6125699194867902
AACAAG	0.7074104150032483
GGAATT	4.02144594656741
GGAATA	2.9320939389420837
CTATGT	1.2167273116105695
CTATGA	2.217833350939239
CTATTC	2.147286082901139
CTATTG	0.0
CTATAC	1.3699149555759507
CTATAG	0.8871333403756958
GGAAAT	0.0
GGAAAA	1.336144850168757
GCAATT	1.1089166754696198
GCAATA	1.2936432939347582
GGATTT	0.6894402020335001
GGATTA	1.0053614866418525
GGATAT	1.0053614866418525
GGATAA	1.0995352271032814
AAGCTT	1.3307000105635436
AAGCTA	0.6468216469673791
AAGCAT	1.2936432939347582
AAGCAA	1.1790173583387475
TTAAGC	0.6653500052817718
TTAAGG	2.010722973283705
TTGGAT	2.7577608081340004
TTGGAA	2.513403716604631
TTGTCT	1.668774335763475
TTGTCA	0.0
TTGTGT	0.0
TTGTGA	0.0
TTGTTC	2.503161503645213
TTGTTG	0.9455858385180473
TTATGC	1.21672731161057
TTATGG	1.3788804040670002
TTAACC	1.4677660238313763
TTAACG	0.22178333509392398
CCAATT	0.9785106825542509
CCAATA	1.2128585029784689
CCAAAT	0.7134461782226289
CCAAAA	1.2484412279897732
CCATTT	0.536821520725285
CCATTA	1.565617092086801
CCTAAT	1.9570213651085018
CCTAAA	0.49941232475584013
CCTATT	2.684107603626425
CCTATA	1.0763617508096759
AAGGTT	1.0053614866418525
AAGGTA	1.4660469694710418
AAGGAT	1.4660469694710418
AAGGAA	1.0689158801350056
GGTTAT	2.7577608081340004
GGTTAA	2.010722973283705
TTAGCT	0.0
TTAGCA	0.6653500052817719
TTAGGT	1.3788804040670002
TTAGGA	2.010722973283705
TTAGTC	0.3041818279026425
TTAGTG	0.0
TTAGAC	0.44356667018784796
TTAGAG	0.5026807433209263
TTATCC	0.8052322810879275
TTATCG	1.5209091395132126
TTACCT	0.6710269009066063
TTACCA	0.9785106825542509
TTACGT	0.0
TTACGA	0.44356667018784796
TTACTC	0.2684107603626425
TTACTG	1.21672731161057
TTACAC	0.9785106825542509
TTACAG	1.9960500158453158
GGTATT	0.6894402020335001
GGTATA	3.0160844599255574
GGTAAT	0.0
GGTAAA	0.0
AAGTCT	0.4435666701878479
AAGTCA	0.0
AAGTGT	1.0053614866418525
AAGTGA	0.7330234847355209
AAGTTC	0.22178333509392395
AAGTTG	0.5026807433209263
AAGTAC	0.32341082348368955
AAGTAG	2.199070454206563
TTTACC	0.9394376612692485
TTTACG	0.6083636558052848
TTTAGC	0.9125454837079273
TTTAGG	0.0
CCATAT	1.272063887320526
CCATAA	1.4268923564452576
GGTTTT	0.0
GGTTTA	0.6894402020335001
AAGACT	0.4851162352255344
AAGACA	0.9432138866709981
AAGAGT	0.36651174236776046
AAGAGA	0.2672289700337514
AAGATC	0.0
AAGATG	0.733023484735521
AAGAAC	0.7074104150032486
AAGAAG	2.405060730303762
TTTGAC	0.3041818279026425
TTTGAG	2.7577608081340004
TTTTCC	1.656596698600984
TTTTCG	0.0
TTTTGC	0.8343871678817377
TTTTGG	0.9455858385180473
AATCCT	0.8806596142988258
AATCCA	0.570756942578103
AATCGT	0.4435666701878479
AATCGA	0.16170541174184477
AATCTC	0.8806596142988258
AATCTG	1.3307000105635438
AATCAC	1.0701692673339431
AATCAG	0.48511623522553426
AATGCT	0.8871333403756958
AATGCA	0.16170541174184477
AATGGT	3.0160844599255574
AATGGA	0.0
TTGATC	1.21672731161057
TTGATG	0.0
TTTCAC	1.3420538018132124
TTTCAG	0.0
TTTGCT	0.8343871678817375
TTTGCA	1.5209091395132124
TTTGGT	5.673515031108284
TTTGGA	1.3788804040670002
TTTGTC	2.0859679197043444
TTTGTG	0.9455858385180473
TTTCCT	1.656596698600984
TTTCCA	0.8052322810879274
TTTCGT	0.0
TTTCGA	0.3041818279026425
TTTCTC	0.5521988995336613
TTTCTG	1.2515807518226063
TTGTAC	0.3041818279026425
TTGTAG	2.0683206061005
TTGACT	1.8250909674158549
TTGACA	0.22178333509392398
TTGAGT	0.0
TTGAGA	0.5026807433209263
AATGTC	0.0
AATGTG	1.0053614866418525
AATGAC	1.6170541174184476
AATGAG	0.7330234847355209
AATTCC	0.4892553412771253
AATTCG	0.4435666701878479
AATTGC	1.3307000105635436
AATTGG	2.0107229732837046
AATACC	1.2128585029784689
AATACG	0.6468216469673791
AATAGC	1.7787595291602925
AATAGG	2.199070454206563
AAAGCT	0.8085270587092237
AAAGCA	1.2969190941726219
AAAGGT	1.0995352271032812
AAAGGA	1.0689158801350054
AAAGTC	0.4851162352255342
AAAGTG	1.4660469694710416
AAAGAC	1.0611156225048723
AAAGAG	0.5344579400675027
TTGAAC	0.8871333403756959
TTGAAG	1.508042229962779
AAATGC	0.9702324704510685
AAATGG	0.7330234847355209
AAAGCC	1.0351930862978025
AAAGCG	0.0
AAAGGC	2.3463062717516117
AAAGGG	1.5194275468934761
TTTCCC	0.5050034035004399
TTTCCG	0.3815367614578923
TTTCGC	0.0
TTTCGG	1.7295364665040298
TTGACC	0.5563678540596421
TTGACG	0.630514926471208
TTGAGC	1.261029852942416
TTGAGG	1.4290871393888114
TTTGCC	1.9076838072894617
TTTGCG	0.0
TTTGGC	3.4590729330080605
TTTGGG	0.0
TTACCC	0.8591455302031873
TTACCG	1.3909196351491053
TTACGC	0.0
TTACGG	1.891544779413624
TTAGCC	1.9472874892087473
TTAGCG	1.891544779413624
TTAGGC	1.261029852942416
TTAGGG	2.8581742787776228
TTGGAC	1.261029852942416
TTGGAG	4.287261418166434
TTGTCC	0.38153676145789234
TTGTCG	1.7295364665040298
TTGTGC	0.0
TTGTGG	5.880094707395663
CTATGC	2.225471416238568
CTATGG	0.6305149264712079
TTGCTC	0.38153676145789234
TTGCTG	1.7295364665040298
TTGCAC	0.0
TTGCAG	2.522059705884832
TTGGCT	5.18860939951209
TTGGCA	1.8915447794136238
TTGGGT	0.0
TTGGGA	0.0
TTGGTC	2.5943046997560453
TTGGTG	3.9200631382637754
CTAACC	1.879245999012998
CTAACG	0.0
TACCCT	0.6136753787165622
TACCCA	0.8053911424341421
TACCGT	0.834551781089463
TACCGA	0.4056557851045941
TACCTC	0.49094030297324975
TACCTG	0.5563678540596421
TACCAC	0.7159032377192374
TACCAG	1.6226231404183764
TTCAGC	0.5563678540596421
TTCAGG	0.0
TTGCCT	0.7630735229157847
TTGCCA	0.834551781089463
TTGCGT	0.0
TTGCGA	0.0
TACGCT	0.27818392702982103
TACGCA	0.0
TACGGT	0.0
TACGGA	2.298587397272819
TACGTC	0.0
TACGTG	0.6305149264712079
TACGAC	1.4197952478660796
TACGAG	0.9194349589091279
TACTCC	0.7364104544598746
TACTCG	0.27818392702982103
TACTGC	0.5563678540596421
TACTGG	1.2610298529424158
TACACC	0.8053911424341422
TACACG	0.8113115702091884
TTCTGC	0.38153676145789234
TTCTGG	0.0
TTCACC	1.3500858331764367
TTCACG	0.0
TACAGC	2.231106818075268
TACAGG	1.8388699178182557
TAGCCT	3.6163910513876734
TAGCCA	3.245246280836753
TAGCGT	0.6305149264712079
TAGCGA	0.45971747945456387
TTCGCT	0.0
TTCGCA	0.27818392702982103
TTCGGT	1.7295364665040298
TTCGGA	1.2610298529424158
TTCGTC	0.0
TTCGTG	0.0
TTCGAC	1.6691035621789263
TTCGAG	0.630514926471208
TTCTCC	0.8416723391673998
TTCTCG	0.3815367614578923
TAGCTC	0.5563678540596421
TAGCTG	1.2610298529424158
TAGCAC	1.2169673553137825
TAGCAG	1.8388699178182557
TAGGCT	1.8915447794136238
TAGGCA	0.9194349589091277
TAGGGT	0.0
TAGGGA	1.0419679377261462
TAGGTC	0.6305149264712079
TAGGTG	1.4290871393888112
TTCCCT	0.8416723391673998
TTCCCA	0.3682052272299373
TTCCGT	0.0
TTCCGA	0.5563678540596421
TTCCTC	0.5050034035004399
TTCCTG	0.0
TTCCAC	1.2273507574331244
TTCCAG	0.27818392702982103
TAGGAC	2.758304876727383
TAGGAG	9.377711439535318
TAGTCC	1.390919635149105
TAGTCG	1.2610298529424158
TAGTGC	0.0
TAGTGG	4.287261418166433
TAGACC	1.6226231404183769
TAGACG	0.0
TAGAGC	1.8388699178182555
TAGAGG	1.0419679377261464
TATCCC	1.1046156816898118
TATCCG	0.834551781089463
TATCGC	1.390919635149105
TATCGG	2.5220597058848315
CTAAGC	0.608483677656891
CTAAGG	0.45971747945456387
TATGCC	1.390919635149105
TATGCG	1.2610298529424158
TATGGC	1.2610298529424158
TATGGG	2.8581742787776223
TAACCC	1.163342761293761
TAACCG	1.6226231404183769
TAACGC	0.2028278925522971
TAACGG	0.9194349589091279
TAAGCC	2.028278925522971
TAAGCG	0.9194349589091279
TAAGGC	0.9194349589091279
TAAGGG	1.0419679377261464
TGAACC	0.8113115702091884
TGAACG	0.4597174794545639
TGAAGC	1.3791524383636915
TGAAGG	0.0
CTAGGT	0.0
CTAGGA	5.0568922740002025
CTAGTC	1.3909196351491049
CTAGTG	0.0
CTAGAC	0.608483677656891
CTAGAG	1.3791524383636915
CTATCC	1.963761211892999
CTATCG	0.8345517810894629
TGAGTC	0.0
TGAGTG	0.0
TGAGAC	0.45971747945456387
TGAGAG	2.0839358754522928
TGATCC	1.1127357081192841
TGATCG	1.2610298529424158
TGATGC	0.0
TGATGG	0.0
TGACCT	0.834551781089463
TGACCA	0.4056557851045941
TGACGT	0.0
TGACGA	0.45971747945456387
TGACTC	1.1127357081192841
TGACTG	1.8915447794136238
TGACAC	0.8113115702091884
TGACAG	0.9194349589091279
TGAGCT	1.8915447794136238
TGAGCA	1.8388699178182555
TGAGGT	0.0
TGAGGA	3.125903813178439
ACCCTT	0.8591455302031873
ACCCTA	1.9687339037279032
ACCCAT	0.8948790471490468
ACCCAA	1.2396913905298488
CTACGT	0.556367854059642
CTACGA	0.8113115702091882
CTACTC	0.8591455302031871
CTACTG	1.112735708119284
CTACAC	0.8948790471490466
CTACAG	0.8113115702091881
TGTACC	0.27818392702982103
TGTACG	0.0
TGTAGC	2.522059705884832
TGTAGG	2.8581742787776228
CTAGCT	1.3909196351491049
CTAGCA	1.2169673553137823
ACCGTT	0.834551781089463
ACCGTA	0.4056557851045941
ACCGAT	0.4056557851045941
ACCGAA	0.4436541798419154
ACCTCT	0.36820522722993737
ACCTCA	1.163342761293761
ACCTGT	2.2254714162385683
ACCTGA	1.4197952478660796
ACCTTC	1.2273507574331246
ACCTTG	0.5563678540596421
ACCTAC	0.8948790471490469
ACCTAG	1.825451032970674
ACCACT	1.163342761293761
ACCACA	1.043950644656715
CTTAGC	0.5563678540596421
CTTAGG	3.1525746323560395
TGTTCC	0.0
TGTTCG	0.8647682332520149
TGTTGC	0.0
TGTTGG	1.9600315691318877
CACCAT	0.9843669518639514
CACCAA	1.435432136402983
CACGTT	0.0
CACGTA	0.20282789255229705
TGTGCT	0.0
TGTGCA	0.0
TGTGGT	1.9600315691318877
TGTGGA	0.0
TGTGTC	0.0
TGTGTG	3.9200631382637754
TGTGAC	1.891544779413624
TGTGAG	1.4290871393888114
TGTCCT	0.0
TGTCCA	0.27818392702982103
TGTCGT	0.8647682332520149
TGTCGA	0.6305149264712079
TGTCTC	0.7630735229157847
TGTCTG	1.7295364665040298
TGTCAC	0.0
TGTCAG	0.630514926471208
CACCTT	0.6136753787165623
CACCTA	1.2528306660086657
CTACCT	0.6136753787165622
CTACCA	1.4318064754384745
ACCAGT	0.8113115702091884
ACCAGA	0.8873083596838309
ACCATC	1.163342761293761
ACCATG	1.0141394627614855
ACCAAC	1.6311728822761171
ACCAAG	0.8873083596838309
ACGCTT	0.27818392702982103
ACGCTA	0.20282789255229705
ACGCAT	0.0
ACGCAA	0.4436541798419154
TGGATC	0.630514926471208
TGGATG	0.0
TGGAAC	1.3791524383636917
TGGAAG	1.0419679377261464
CACGAT	0.6084836776568912
CACGAA	0.4436541798419154
CACTCT	0.36820522722993737
CACTCA	0.8948790471490469
CACTGT	0.0
CACTGA	0.8113115702091884
CACTTC	0.36820522722993737
CACTTG	1.1127357081192841
CCCATT	1.4728209089197495
CCCATA	0.9843669518639516
CTTTGC	1.144610284373677
CTTTGG	5.18860939951209
CTTACC	0.3682052272299373
CTTACG	0.27818392702982103
TGGTCT	3.4590729330080596
TGGTCA	0.6305149264712079
TGGTGT	3.9200631382637754
TGGTGA	1.4290871393888114
TGGTTC	0.8647682332520151
TGGTTG	3.9200631382637754
TGGTAC	1.261029852942416
TGGTAG	2.8581742787776228
TGGACT	1.261029852942416
TGGACA	1.3791524383636917
TGGAGT	4.287261418166434
TGGAGA	1.0419679377261464
CACTAC	0.8053911424341422
CACTAG	1.825451032970674
CACACT	1.0738548565788562
CACACA	1.1744444752388044
CACAGT	0.6084836776568913
CACAGA	1.3309625395257465
CACATC	1.0738548565788562
CACATG	0.4056557851045942
TGGGTT	0.0
TGGGTA	0.0
TGGGAT	0.0
TGGGAA	3.1259038131784393
CGTTCT	0.38153676145789234
CGTTCA	0.0
CGTTGT	0.8647682332520149
CGTTGA	0.6305149264712079
CGTTTC	0.38153676145789234
CGTTTG	0.8647682332520149
CCGTAT	0.5563678540596421
CCGTAA	0.20282789255229705
TGGCTT	5.18860939951209
TGGCTA	1.8915447794136238
TGGCAT	1.261029852942416
TGGCAA	0.4597174794545639
CCCAAT	1.34231857072357
CCCAAA	1.0439506446567148
ACGGTT	0.0
ACGGTA	0.9194349589091279
ACGGAT	2.29858739727282
ACGGAA	0.6703732205004607
ACGTCT	0.0
ACGTCA	0.0
ACGTGT	0.0
ACGTGA	0.4597174794545639
ACGTTC	0.8345517810894632
ACGTTG	0.0
CAGCTT	1.1127357081192841
CAGCTA	1.4197952478660794
CAGCAT	0.6084836776568912
CAGCAA	1.3309625395257463
TGCATC	0.8345517810894632
TGCATG	0.0
TGCAAC	0.8113115702091884
TGCAAG	0.4597174794545639
CCGTTT	0.38153676145789234
CCGTTA	0.5563678540596421
CACAAC	1.4354321364029832
CACAAG	1.1830778129117747
TGCTTC	0.0
TGCTTG	3.4590729330080596
TGCTAC	0.27818392702982103
TGCTAG	1.261029852942416
TGCACT	0.27818392702982103
TGCACA	0.4056557851045942
TGCAGT	0.630514926471208
TGCAGA	0.9194349589091279
CGTTAC	0.8345517810894632
CGTTAG	0.630514926471208
CAGACT	0.0
CAGACA	0.44365417984191546
CAGGTT	0.630514926471208
CAGGTA	1.3791524383636917
CAGGAT	2.29858739727282
CAGGAA	2.3463062717516125
CAGTCT	1.1127357081192841
CAGTCA	0.2028278925522971
TGCGTT	0.8647682332520149
TGCGTA	1.2610298529424158
TGCGAT	1.261029852942416
TGCGAA	0.0
TGCTCT	0.7630735229157847
TGCTCA	0.5563678540596421
TGCTGT	0.0
TGCTGA	0.0
ACGTAC	0.2028278925522971
ACGTAG	1.3791524383636917
CTTGGT	1.7295364665040298
CTTGGA	3.7830895588272475
CTTGTC	0.38153676145789234
CTTGTG	1.7295364665040298
CTTGAC	1.6691035621789263
CTTGAG	0.0
CTTTCC	0.8416723391673998
CTTTCG	0.3815367614578923
CATCCT	1.5955559846630616
CATCCA	0.4474395235745234
TGCCTT	0.7630735229157847
TGCCTA	1.947287489208747
TGCCAT	0.27818392702982103
TGCCAA	1.0141394627614853
CAGTGT	0.630514926471208
CAGTGA	1.8388699178182557
CAGTTC	0.8345517810894632
CAGTTG	0.630514926471208
CAGTAC	1.0141394627614855
CAGTAG	3.2180223561819474
ACGACT	1.0141394627614855
ACGACA	0.8873083596838309
ACGAGT	1.3791524383636917
ACGAGA	1.005559830750691
ACGATC	0.2028278925522971
ACGATG	0.4597174794545639
ACGAAC	1.0351930862978027
ACGAAG	0.6703732205004606
ACTCCT	1.7182910604063741
ACTCCA	0.6264153330043327
CAGAGT	0.0
CAGAGA	0.0
CAGATC	0.2028278925522971
CAGATG	1.3791524383636917
CAGAAC	1.0351930862978027
CAGAAG	2.681492882001842
ACTCGT	0.834551781089463
ACTCGA	1.2169673553137823
ACTCTC	0.3682052272299373
ACTCTG	0.27818392702982103
ACTCAC	1.0738548565788562
ACTCAG	1.0141394627614853
ACTGCT	0.834551781089463
ACTGCA	0.0
ACTGGT	1.8915447794136238
ACTGGA	0.9194349589091277
ACTGTC	0.834551781089463
ACTGTG	1.2610298529424158
TCAACC	0.8053911424341419
TCAACG	0.40565578510459405
TCAAGC	0.8113115702091881
TCAAGG	0.45971747945456387
ACTGAC	1.2169673553137825
ACTGAG	1.8388699178182557
ACTTCC	0.6136753787165622
ACTTCG	0.5563678540596421
ACTTGC	1.390919635149105
ACTTGG	1.2610298529424158
ACTACC	0.7159032377192375
ACTACG	0.6084836776568913
ACTAGC	2.028278925522971
ACTAGG	2.7583048767273834
TCAGAC	0.40565578510459405
TCAGAG	0.0
TCATCC	1.2273507574331244
TCATCG	0.556367854059642
TCATGC	0.8345517810894629
TCATGG	1.8915447794136235
TCACGT	0.556367854059642
TCACGA	0.4056557851045941
TCACTC	0.6136753787165622
TCACTG	0.8345517810894629
TCACAC	1.5212943801533791
TCACAG	1.216967355313782
TCAGCT	0.556367854059642
TCAGCA	0.0
TCAGGT	0.6305149264712079
TCAGGA	4.597174794545638
TCAGTC	0.0
TCAGTG	1.2610298529424158
CTTCGT	0.0
CTTCGA	0.834551781089463
CTTCTC	1.6833446783347996
CTTCTG	0.3815367614578923
CTTCAC	0.7364104544598746
CTTCAG	0.27818392702982103
TCTAGC	1.947287489208747
TCTAGG	1.8915447794136238
TCACCT	1.3500858331764367
TCACCA	1.2528306660086652
CTTGCT	1.5261470458315693
CTTGCA	0.5563678540596421
ACACCT	1.3423185707235703
ACACCA	1.3701852211119383
ACACGT	0.2028278925522971
ACACGA	0.8873083596838309
ACACTC	0.8948790471490469
ACACTG	0.2028278925522971
ACACAC	1.1744444752388044
ACACAG	1.3309625395257465
ACAGCT	1.6226231404183769
ACAGCA	1.3309625395257465
ACAGGT	0.4597174794545639
ACAGGA	3.687052712752534
ACAGTC	1.0141394627614855
ACAGTG	0.9194349589091279
ACAGAC	0.8873083596838308
ACAGAG	0.6703732205004606
ACATCC	0.7159032377192375
ACATCG	0.4056557851045942
ACATGC	1.2169673553137825
ACATGG	0.4597174794545639
TCTTGC	0.7630735229157847
TCTTGG	4.323841166260075
TCTACC	0.9818806059464995
TCTACG	0.0
ACAACC	1.1744444752388041
ACAACG	0.5915389064558872
ACAAGC	1.1830778129117745
ACAAGG	1.340746441000921
CATGCT	0.5563678540596421
CATGCA	1.0141394627614853
TCTGCT	0.0
TCTGCA	0.0
TCTGGT	0.0
TCTGGA	0.6305149264712079
TCTGTC	0.0
TCTGTG	0.8647682332520149
TCTGAC	1.6691035621789263
TCTGAG	4.413604485298456
TCTTCC	0.8416723391673998
TCTTCG	1.144610284373677
CTGAGT	1.2610298529424158
CTGAGA	1.8388699178182555
CTGATC	0.8345517810894629
CTGATG	1.8915447794136235
TCTCAC	0.9818806059464995
TCTCAG	1.669103562178926
CATCGT	0.0
CATCGA	0.20282789255229705
CATCTC	1.5955559846630616
CATCTG	0.834551781089463
CATCAC	1.4318064754384747
CATCAG	1.0141394627614853
TCGAGT	0.0
TCGAGA	1.3791524383636915
TCGATC	0.556367854059642
TCGATG	0.6305149264712079
TCGAAC	0.8113115702091881
TCGAAG	0.45971747945456387
TCTCCT	0.16833446783347997
TCTCCA	0.6136753787165622
TCTCGT	0.0
TCTCGA	0.27818392702982103
TCTCTC	0.0
TCTCTG	1.9076838072894615
CTGAAC	0.20282789255229702
CTGAAG	0.0
CTTCCT	0.8416723391673998
CTTCCA	0.8591455302031871
AGCCTT	2.78183927029821
AGCCTA	2.8395904957321587
AGCCAT	3.245246280836753
AGCCAA	1.3309625395257463
CTGTGT	0.0
CTGTGA	3.783089558827247
CTGTTC	1.144610284373677
CTGTTG	0.0
TCGTCT	0.0
TCGTCA	0.0
TCGTGT	0.0
TCGTGA	0.6305149264712079
TCGTTC	0.0
TCGTTG	0.8647682332520148
TCGTAC	0.278183927029821
TCGTAG	0.0
TCGACT	0.8345517810894629
TCGACA	0.6084836776568912
TCGGTT	2.5943046997560444
TCGGTA	0.6305149264712079
TCGGAT	1.8915447794136235
TCGGAA	0.9194349589091277
CATGGT	0.6305149264712079
CATGGA	0.45971747945456387
CATGTC	0.0
CATGTG	0.6305149264712079
CATGAC	1.825451032970674
CATGAG	1.8388699178182557
CATTCC	1.1046156816898118
CATTCG	0.5563678540596421
CATACC	1.5212943801533798
CATACG	0.8113115702091884
TCGCTT	0.0
TCGCTA	0.556367854059642
TCGCAT	0.8345517810894627
TCGCAA	0.20282789255229702
CCGATT	0.0
CCGATA	0.20282789255229705
CCGAAT	0.8113115702091882
CCGAAA	0.8873083596838308
CTGTAC	0.556367854059642
CTGTAG	1.2610298529424158
CTGACT	2.503655343268389
CTGACA	1.8254510329706735
AGCGTT	0.630514926471208
AGCGTA	1.3791524383636917
AGCGAT	0.4597174794545639
AGCGAA	0.6703732205004607
AGCTCT	0.5563678540596421
AGCTCA	0.4056557851045942
AGCTGT	1.891544779413624
AGCTGA	0.4597174794545639
CTGGTT	5.188609399512089
CTGGTA	0.0
TCCATC	0.49094030297324975
TCCATG	0.8345517810894629
TCCAAC	0.536927428289428
TCCAAG	1.216967355313782
CATTGC	0.834551781089463
CATTGG	1.8915447794136238
CTGGAT	0.0
CTGGAA	0.9194349589091277
CTGTCT	0.7630735229157846
CTGTCA	1.3909196351491049
AGCTTC	0.8345517810894632
AGCTTG	3.15257463235604
AGCTAC	1.0141394627614855
AGCTAG	1.8388699178182557
AGCACT	1.4197952478660796
AGCACA	0.5915389064558874
AGCAGT	2.29858739727282
AGCAGA	0.33518661025023033
CAACCT	1.3423185707235703
CAACCA	0.8482098987835809
TCCTGT	0.3815367614578923
TCCTGA	1.112735708119284
TCCTTC	1.8516791461682793
TCCTTG	2.2892205687473535
TCCTAC	1.5955559846630616
TCCTAG	1.3909196351491049
TCCACT	0.9818806059464995
TCCACA	0.4474395235745233
TCCAGT	0.278183927029821
TCCAGA	0.20282789255229705
AGCATC	1.4197952478660796
AGCATG	0.0
AGCAAC	2.366155625823549
AGCAAG	0.6703732205004606
CCCTTT	0.8416723391673999
CCCTTA	0.6136753787165623
CGTAAC	0.4056557851045942
CGTAAG	0.0
CTGCTT	0.3815367614578923
CTGCTA	1.3909196351491049
TCCGAT	0.0
TCCGAA	0.0
TCCTCT	0.6733378713339198
TCCTCA	0.9818806059464993
CATAGC	2.636762603179862
CATAGG	2.29858739727282
CAACAC	1.6964197975671618
CAACAG	1.3309625395257465
CAAGCT	0.6084836776568913
CAAGCA	1.0351930862978027
CCTCAT	1.3500858331764372
CCTCAA	0.6264153330043328
TCCCTT	0.5050034035004399
TCCCTA	0.9818806059464995
TCCCAT	0.8591455302031871
TCCCAA	0.7159032377192374
TCCGTT	0.3815367614578923
TCCGTA	0.278183927029821
CTGCAT	0.2781839270298209
CTGCAA	0.40565578510459405
CCCTAT	2.086496287636312
CCCTAA	1.163342761293761
AGGCTT	1.891544779413624
AGGCTA	0.9194349589091279
AGGCAT	0.4597174794545639
AGGCAA	1.6759330512511517
CTCAAC	0.8053911424341419
CTCAAG	0.608483677656891
CGTACT	0.8345517810894632
CGTACA	0.2028278925522971
CGTAGT	0.630514926471208
CGTAGA	1.8388699178182557
CCTCTT	0.33666893566696
CCTCTA	0.7364104544598747
CAACGT	0.2028278925522971
CAACGA	0.5915389064558874
CAACTC	0.8053911424341422
CAACTG	1.0141394627614855
GAAAGC	1.6759330512511512
GAAAGG	1.5194275468934761
CAAGGT	0.9194349589091279
CAAGGA	0.6703732205004607
CAAGTC	0.4056557851045942
CAAGTG	0.9194349589091279
CAAGAC	0.5915389064558872
CAAGAG	1.0055598307506908
CAATCC	0.7159032377192375
CAATCG	1.0141394627614855
CGTATC	0.5563678540596421
CGTATG	0.0
AGGGTT	2.858174278777623
AGGGTA	0.0
AGGGAT	1.0419679377261466
AGGGAA	1.5194275468934764
CTCTAC	0.6136753787165622
CTCTAG	1.3909196351491049
CTCACT	1.1046156816898118
CTCACA	0.8948790471490466
CTCAGT	0.556367854059642
CTCAGA	1.0141394627614853
GAATGC	0.0
GAATGG	1.0419679377261464
GAAACC	1.9225014459816332
GAAACG	1.3407464410009209
CTCATC	0.7364104544598746
CTCATG	1.3909196351491049
AGGTCT	0.630514926471208
AGGTCA	0.4597174794545639
AGGTGT	1.4290871393888114
AGGTGA	0.0
AGGTTC	0.0
AGGTTG	0.0
AGGTAC	0.9194349589091279
AGGTAG	3.1259038131784393
GAAGCT	1.3791524383636915
GAAGCA	3.6870527127525325
GAAGGT	1.0419679377261462
GAAGGA	2.2791413203402144
GAAGTC	0.9194349589091277
GAAGTG	2.0839358754522928
GAAGAC	1.0055598307506908
GAAGAG	0.0
GAATCC	0.0
GAATCG	0.0
GAACCT	0.8113115702091882
GAACCA	2.218270899209577
GAACGT	0.0
GAACGA	1.3407464410009209
GAACTC	0.608483677656891
GAACTG	1.3791524383636915
GAACAC	0.7394236330698589
GAACAG	1.0055598307506908
AGGACT	2.7583048767273834
AGGACA	1.6759330512511517
AGGAGT	1.0419679377261464
AGGAGA	0.7597137734467382
AGGATC	1.3791524383636917
AGGATG	0.0
AGGAAC	3.016679492252073
AGGAAG	0.0
AGTCCT	0.834551781089463
AGTCCA	0.20282789255229705
AGTCGT	0.6305149264712079
AGTCGA	1.3791524383636915
GATACC	0.4056557851045942
GATACG	0.4597174794545639
GATAGC	0.45971747945456387
GATAGG	0.0
AGTCTC	0.5563678540596421
AGTCTG	1.8915447794136238
AGTCAC	0.2028278925522971
AGTCAG	0.0
CTCGAT	0.8345517810894627
CTCGAA	0.40565578510459405
CTCTCT	0.5050034035004398
CTCTCA	0.6136753787165621
CTCTGT	1.144610284373677
CTCTGA	0.8345517810894629
CTCTTC	0.5050034035004398
CTCTTG	0.3815367614578922
GATGAC	0.9194349589091277
GATGAG	3.1259038131784393
GATTCC	0.5563678540596421
GATTCG	0.6305149264712079
GATTGC	0.0
GATTGG	0.0
AGTGCT	0.0
AGTGCA	0.0
AGTGGT	8.574522836332866
AGTGGA	2.0839358754522923
AGTGTC	0.0
AGTGTG	2.8581742787776223
AGTGAC	1.3791524383636915
AGTGAG	0.0
AGTTCC	0.5563678540596421
AGTTCG	0.6305149264712079
AGTTGC	0.6305149264712079
AGTTGG	0.0
AGTACC	1.0141394627614855
AGTACG	0.9194349589091279
GATCTC	0.0
GATCTG	2.5220597058848315
GATCAC	0.8113115702091884
GATCAG	0.9194349589091279
GATGCT	0.0
GATGCA	0.0
GATGGT	1.4290871393888112
GATGGA	2.0839358754522923
GATGTC	1.2610298529424158
GATGTG	1.4290871393888112
AGTAGC	3.677739835636511
AGTAGG	6.251807626356879
CTCCTT	1.3466757426678397
CTCCTA	0.7364104544598746
CAAACC	0.9787037293656702
CAAACG	0.739423633069859
GAGATC	0.0
GAGATG	1.0419679377261464
GAGAAC	1.005559830750691
GAGAAG	2.2791413203402144
GATCCT	1.1127357081192841
GATCCA	0.20282789255229705
GATCGT	0.0
GATCGA	0.45971747945456387
CTCCAT	0.3682052272299373
CTCCAA	0.26846371414471404
CTCGTT	0.7630735229157846
CTCGTA	0.278183927029821
AGACCT	1.4197952478660794
AGACCA	1.0351930862978027
AGACGT	0.45971747945456387
AGACGA	0.0
AGACTC	0.40565578510459405
AGACTG	0.0
AGACAC	0.44365417984191535
AGACAG	0.6703732205004604
GAGACT	0.4597174794545639
GAGACA	1.005559830750691
GAGAGT	0.0
GAGAGA	0.7597137734467382
CAATGC	0.6084836776568913
CAATGG	1.8388699178182557
GAGGTT	0.0
GAGGTA	0.0
GAGGAT	1.0419679377261466
GAGGAA	1.5194275468934764
GAGTCT	0.630514926471208
GAGTCA	0.0
GAGTGT	0.0
GAGTGA	3.1259038131784393
GAGTTC	1.261029852942416
GAGTTG	0.0
GAGTAC	0.4597174794545639
GAGTAG	4.1678717509045855
AGAGCT	1.3791524383636915
AGAGCA	1.3407464410009209
AGAGGT	0.0
AGAGGA	1.5194275468934761
AGAGTC	0.0
AGAGTG	3.1259038131784393
AGAGAC	0.3351866102502302
AGAGAG	0.7597137734467381
AGATCC	0.0
AGATCG	0.0
AGATGC	0.0
AGATGG	3.1259038131784393
AGAACC	1.1830778129117743
AGAACG	0.3351866102502302
CAAAGC	0.8873083596838308
CAAAGG	2.0111196615013816
GAGCTT	1.891544779413624
GAGCTA	2.29858739727282
GAGCAT	1.8388699178182557
GAGCAA	1.005559830750691
CGTGTT	1.7295364665040298
CGTGTA	0.0
CGTGAT	0.630514926471208
CGTGAA	2.29858739727282
GACACT	0.6084836776568913
GACACA	0.44365417984191546
GACAGT	0.4597174794545639
GACAGA	1.005559830750691
GACATC	1.2169673553137825
GACATG	0.4597174794545639
GACAAC	0.4436541798419154
GACAAG	0.6703732205004606
AGAAGC	4.022239323002763
AGAAGG	3.7985688672336906
ATCCCT	0.7364104544598746
ATCCCA	0.8948790471490468
ATCCGT	0.5563678540596421
ATCCGA	0.0
CGTCTT	0.0
CGTCTA	0.0
CGTCAT	0.5563678540596421
CGTCAA	0.0
GACTCT	0.5563678540596421
GACTCA	0.8113115702091884
GACTGT	1.891544779413624
GACTGA	0.0
GACTTC	1.1127357081192841
GACTTG	1.261029852942416
GACTAC	1.6226231404183769
GACTAG	1.8388699178182557
GCCATT	1.3909196351491049
GCCATA	2.4339347106275646
GCCAAT	0.8113115702091882
GCCAAA	1.6267319927536898
GCCTTT	1.144610284373677
GCCTTA	2.78183927029821
GCCTAT	0.834551781089463
GCCTAA	2.8395904957321587
CGGATT	1.891544779413624
CGGATA	2.29858739727282
CCTGAT	1.1127357081192841
CCTGAA	0.4056557851045941
GACGTT	0.630514926471208
GACGTA	0.0
GACGAT	0.4597174794545639
GACGAA	0.33518661025023033
GCGTAT	1.261029852942416
GCGTAA	0.9194349589091279
CGCATT	0.278183927029821
CGCATA	1.6226231404183764
CGGTTT	0.8647682332520149
CGGTTA	1.2610298529424158
CGGTAT	1.891544779413624
CGGTAA	0.4597174794545639
GACCTT	0.834551781089463
GACCTA	1.4197952478660794
GACCAT	1.0141394627614853
GACCAA	0.5915389064558872
CCTGTT	1.5261470458315693
CCTGTA	0.5563678540596421
CGGAAT	1.3791524383636917
CGGAAA	0.0
ATCCTC	1.2273507574331244
ATCCTG	1.1127357081192841
ATCCAC	0.3579516188596187
ATCCAG	0.4056557851045941
CGAAGT	0.9194349589091279
CGAAGA	0.0
CGAATC	0.4056557851045942
CGAATG	0.4597174794545639
CGAAAC	0.8873083596838308
CGAAAG	1.0055598307506908
GCGAAT	0.0
GCGAAA	0.33518661025023033
GTAAGC	1.8388699178182555
GTAAGG	1.0419679377261464
GCGTTT	0.8647682332520149
GCGTTA	0.6305149264712079
ATCGCT	0.27818392702982103
ATCGCA	1.0141394627614853
ATCGGT	0.0
ATCGGA	2.298587397272819
ATCGTC	0.0
ATCGTG	0.0
ATCGAC	0.2028278925522971
ATCGAG	0.4597174794545639
ATCTCC	0.9818806059464995
ATCTCG	0.5563678540596421
GTAACC	0.8113115702091884
GTAACG	0.0
CGCAAT	1.0141394627614853
CGCAAA	0.4436541798419154
GCGATT	1.261029852942416
GCGATA	0.0
ATCTGC	0.834551781089463
ATCTGG	1.8915447794136238
ATCACC	1.431806475438475
ATCACG	0.2028278925522971
ATCAGC	0.6084836776568913
ATCAGG	3.2180223561819474
ATGCCT	0.834551781089463
ATGCCA	1.4197952478660794
GTAGTC	1.2610298529424158
GTAGTG	2.8581742787776223
GTAGAC	2.758304876727383
GTAGAG	2.0839358754522928
GTATCC	0.27818392702982103
GTATCG	0.6305149264712079
GTATGC	0.6305149264712079
GTATGG	0.0
GCTCAT	0.27818392702982103
GCTCAA	0.4056557851045941
GTACGT	0.0
GTACGA	1.3791524383636915
GTACTC	0.5563678540596421
GTACTG	0.6305149264712079
GTACAC	0.8113115702091884
GTACAG	0.9194349589091279
GTAGCT	3.1525746323560395
GTAGCA	3.218022356181947
GTAGGT	0.0
GTAGGA	2.0839358754522923
ATGCGT	0.6305149264712079
ATGCGA	1.8388699178182555
ATGCTC	0.5563678540596421
ATGCTG	0.0
ATGCAC	0.6084836776568913
ATGCAG	0.0
ATGGCT	1.2610298529424158
ATGGCA	0.45971747945456387
ATGGGT	0.0
ATGGGA	1.0419679377261462
ATGGTC	2.5220597058848315
ATGGTG	4.287261418166433
GTTAGC	0.630514926471208
GTTAGG	1.4290871393888114
GTACCT	0.27818392702982103
GTACCA	0.0
GCTCTT	0.38153676145789234
GCTCTA	0.5563678540596421
ATGGAC	0.45971747945456387
ATGGAG	1.0419679377261464
ATGTCC	0.5563678540596421
ATGTCG	0.0
ATGTGC	0.0
ATGTGG	1.4290871393888112
ATGACC	2.231106818075268
ATGACG	0.9194349589091279
ATGAGC	2.298587397272819
ATGAGG	4.1678717509045855
ATTCCC	0.3682052272299373
ATTCCG	0.834551781089463
ATTCGC	0.5563678540596421
ATTCGG	1.2610298529424158
GTTTGC	0.0
GTTTGG	1.9600315691318877
GTTACC	0.5563678540596421
GTTACG	0.0
ATTGCC	1.947287489208747
ATTGCG	0.0
ATTGGC	1.2610298529424158
ATTGGG	0.0
ATACCC	0.8053911424341422
ATACCG	0.4056557851045942
ATACGC	0.2028278925522971
ATACGG	1.8388699178182557
GCTTGT	2.594304699756045
GCTTGA	2.5220597058848315
GTTGGT	0.0
GTTGGA	1.4290871393888114
GTTGTC	0.0
GTTGTG	0.0
GTTGAC	0.630514926471208
GTTGAG	0.0
GTTTCC	0.38153676145789234
GTTTCG	0.8647682332520149
ATAGCC	2.231106818075268
ATAGCG	0.0
ATAGGC	0.9194349589091279
ATAGGG	1.0419679377261464
GTTCTC	0.7630735229157847
GTTCTG	0.8647682332520149
GTTCAC	0.0
GTTCAG	0.630514926471208
GTTGCT	0.0
GTTGCA	0.0
GCTGTT	0.0
GCTGTA	1.8915447794136238
GCTGAT	0.0
GCTGAA	0.4597174794545639
GCTTCT	1.9076838072894617
GCTTCA	0.27818392702982103
GCTAGT	0.630514926471208
GCTAGA	0.9194349589091279
GTGAGT	0.0
GTGAGA	1.0419679377261464
GTGATC	2.522059705884832
GTGATG	1.4290871393888114
GTGAAC	1.8388699178182557
GTGAAG	2.0839358754522928
GTTCCT	0.0
GTTCCA	1.390919635149105
GTTCGT	0.8647682332520149
GTTCGA	0.6305149264712079
CGATGT	0.630514926471208
CGATGA	0.4597174794545639
CGATTC	0.0
CGATTG	0.0
CGATAC	0.8113115702091884
CGATAG	0.0
GTGTAC	0.0
GTGTAG	1.4290871393888114
GTGACT	1.261029852942416
GTGACA	0.0
GCTTTC	1.144610284373677
GCTTTG	2.594304699756045
GCTTAC	0.8345517810894632
GCTTAG	0.630514926471208
GCTACT	0.8345517810894632
GCTACA	0.6084836776568913
CGCTTT	0.7630735229157847
CGCTTA	0.27818392702982103
GTGGTT	0.0
GTGGTA	8.574522836332868
GTGGAT	0.0
GTGGAA	1.0419679377261464
GTGTCT	0.0
GTGTCA	0.0
GTGTGT	1.9600315691318877
GTGTGA	1.4290871393888114
GTGTTC	1.7295364665040303
GTGTTG	1.9600315691318877
CGAACT	0.6084836776568913
CGAACA	0.5915389064558874
AACCCT	1.431806475438475
AACCCA	1.1744444752388044
AACCGT	0.8113115702091884
AACCGA	0.2957694532279437
AACCTC	0.9843669518639516
AACCTG	1.4197952478660796
AACCAC	1.043950644656715
AACCAG	1.1830778129117747
CGAGTT	0.0
CGAGTA	1.3791524383636917
GCACAT	0.6084836776568912
GCACAA	0.739423633069859
CCTTAC	0.9818806059464995
CCTTAG	0.27818392702982103
GTGCTT	0.0
GTGCTA	0.0
GTGCAT	0.0
GTGCAA	0.9194349589091279
GCTATC	1.3909196351491053
GCTATG	1.891544779413624
GCTAAC	0.6084836776568913
GCTAAG	0.4597174794545639
GTCAAC	0.4056557851045942
GTCAAG	0.0
CCTTCT	2.0200136140017597
CCTTCA	1.5955559846630616
CCTTGT	1.144610284373677
CCTTGA	1.390919635149105
CCTTTC	0.5050034035004399
CCTTTG	0.7630735229157846
CGCTAT	0.834551781089463
CGCTAA	0.4056557851045941
GCACTT	0.27818392702982103
GCACTA	0.8113115702091882
GCAGTT	0.630514926471208
GCAGTA	3.2180223561819474
GCAGAT	0.0
GCAGAA	1.6759330512511517
GTCTAC	0.8345517810894632
GTCTAG	0.630514926471208
GTCACT	0.0
GTCACA	0.2028278925522971
GTCAGT	0.0
GTCAGA	0.0
GTCATC	0.8345517810894632
GTCATG	0.0
CGAGAT	0.4597174794545639
CGAGAA	1.6759330512511517
CGATCT	0.27818392702982103
CGATCA	0.4056557851045942
AACGCT	0.2028278925522971
AACGCA	0.14788472661397184
AACGGT	0.0
AACGGA	0.33518661025023033
AACGTC	0.0
AACGTG	0.0
AACGAC	0.4436541798419154
AACGAG	0.3351866102502303
GCATAC	1.0141394627614855
GCATAG	0.9194349589091279
GTCGAT	0.630514926471208
GTCGAA	0.4597174794545639
GTCTCT	0.7630735229157847
GTCTCA	0.834551781089463
GTCTGT	0.0
GTCTGA	2.5220597058848315
GTCTTC	0.0
GTCTTG	0.8647682332520149
AACTCC	0.9843669518639516
AACTCG	0.4056557851045942
AACTGC	0.0
AACTGG	0.4597174794545639
GCAAAC	1.0351930862978027
GCAAAG	2.346306271751612
GTCCTT	0.7630735229157847
GTCCTA	1.669103562178926
GTCCAT	0.834551781089463
GTCCAA	0.6084836776568912
GTCGTT	0.0
GTCGTA	0.6305149264712079
GCATCT	1.1127357081192841
GCATCA	1.4197952478660796
GCATGT	0.0
GCATGA	0.9194349589091279
GCATTC	1.1127357081192841
GCATTG	1.261029852942416
AACACC	1.7616667128582062
AACACG	0.5915389064558872
AACAGC	1.478847266139718
AACAGG	2.346306271751612
GGAATC	0.4597174794545639
GGAATG	1.0419679377261464
GGAAAC	1.6759330512511517
GGAAAG	0.7597137734467382
GCAACT	0.6084836776568913
GCAACA	2.2182708992095774
GCAAGT	0.4597174794545639
GCAAGA	0.33518661025023033
GCAATC	0.8113115702091884
GCAATG	0.4597174794545639
CCAAGT	1.0141394627614855
CCAAGA	0.7394236330698591
GGATGT	0.0
GGATGA	1.0419679377261464
GGATTC	3.783089558827248
GGATTG	0.0
GGATAC	3.6777398356365114
GGATAG	0.0
GGAACT	0.9194349589091279
GGAACA	0.6703732205004607
GGAAGT	1.0419679377261464
GGAAGA	1.5194275468934764
AAGCCT	1.0141394627614855
AAGCCA	2.2182708992095774
AAGCGT	0.9194349589091279
AAGCGA	0.33518661025023033
AAGCTC	0.2028278925522971
AAGCTG	0.9194349589091279
AAGCAC	1.0351930862978027
AAGCAG	2.0111196615013816
CCAATC	0.7159032377192375
CCAATG	0.4056557851045942
CCAAAC	1.043950644656715
CCAAAG	0.5915389064558874
GGAGTT	2.858174278777623
GGAGTA	4.167871750904586
GGAGAT	1.0419679377261466
GGAGAA	1.5194275468934764
GGATCT	0.0
GGATCA	2.7583048767273834
CCAACT	1.2528306660086657
CCAACA	1.5659259669850725
GGCTTT	6.0533776327641045
GGCTTA	1.2610298529424158
GGCTAT	1.891544779413624
GGCTAA	0.4597174794545639
GGCATT	2.522059705884832
GGCATA	0.9194349589091279
CCTAAC	1.5212943801533798
CCTAAG	0.8113115702091884
GGACTT	2.522059705884832
GGACTA	5.056892274000203
GGACAT	1.8388699178182557
GGACAA	1.005559830750691
CCTACT	2.7001716663528743
CCTACA	1.163342761293761
CCTAGT	2.2254714162385683
CCTAGA	1.4197952478660796
CCTATC	1.1046156816898123
CCTATG	1.9472874892087473
GGCAAT	1.3791524383636917
GGCAAA	1.005559830750691
CCATCT	0.8591455302031873
CCATCA	0.9843669518639516
CCATGT	1.3909196351491053
CCATGA	1.4197952478660796
CCATTC	1.3500858331764372
CCATTG	1.1127357081192841
CGACTT	0.834551781089463
CGACTA	1.2169673553137823
CGACAT	0.6084836776568912
CGACAA	0.5915389064558872
AAGGCT	0.9194349589091279
AAGGCA	2.011119661501382
AAGGGT	1.0419679377261464
AAGGGA	1.5194275468934764
AAGGTC	0.9194349589091279
AAGGTG	0.0
AAGGAC	1.005559830750691
AAGGAG	0.0
GGTTAC	1.891544779413624
GGTTAG	0.0
GGTACT	0.0
GGTACA	2.29858739727282
GGTAGT	1.4290871393888114
GGTAGA	1.0419679377261464
GGTATC	0.630514926471208
GGTATG	1.4290871393888114
GGTAAC	0.0
GGTAAG	1.0419679377261464
AAGTCC	0.6084836776568913
AAGTCG	0.9194349589091279
AAGTGC	0.4597174794545639
AAGTGG	4.1678717509045855
CCATAC	1.3423185707235703
CCATAG	2.231106818075268
CCAGTT	0.5563678540596421
CCAGTA	1.4197952478660794
GGTGAT	1.4290871393888114
GGTGAA	2.0839358754522928
GGTTCT	1.7295364665040298
GGTTCA	0.0
GGTTGT	3.9200631382637754
GGTTGA	1.4290871393888114
GGTTTC	2.5943046997560453
GGTTTG	1.9600315691318877
CCACAT	0.8948790471490468
CCACAA	1.3049383058208937
GGGTTT	1.9600315691318877
GGGTTA	1.4290871393888114
GGGTAT	0.0
GGGTAA	0.0
CCAGAT	0.6084836776568912
CCAGAA	1.0351930862978027
CCACTT	0.7364104544598747
CCACTA	1.7897580942980937
GGTCTT	3.4590729330080596
GGTCTA	1.8915447794136238
GGTCAT	0.0
GGTCAA	0.0
GGTGTT	0.0
GGTGTA	1.4290871393888114
AAGACC	0.887308359683831
AAGACG	1.005559830750691
AAGAGC	1.005559830750691
AAGAGG	0.0
AATCCC	0.7159032377192375
AATCCG	0.2028278925522971
AATCGC	1.2169673553137825
AATCGG	1.8388699178182557
AATGCC	1.2169673553137825
AATGCG	0.0
AATGGC	0.4597174794545639
AATGGG	4.1678717509045855
GGGATT	2.858174278777623
GGGATA	1.0419679377261466
GGGAAT	5.2098396886307325
GGGAAA	0.7597137734467382
AAACCC	1.5006790516940274
AAACCG	0.44365417984191535
AAACGC	0.44365417984191535
AAACGG	1.6759330512511512
CCCCTT	1.2315776689034947
CCCCTA	2.132657253754806
CCCCAT	1.1224511861867403
CCCCAA	1.309432423463788
GGGACT	3.920836513253847
GGGACA	0.9529127191930634
GGGAGT	2.962243927671715
GGGAGA	0.0
GGGATC	0.0
GGGATG	0.0
GGGAAC	0.0
GGGAAG	6.479443648925323
GGTCCT	3.9542898528060952
GGTCCA	0.5766258934863734
GGTCGT	0.0
GGTCGA	1.306945504417949
CCACAC	1.0639138440643277
CCACAG	1.298447774980423
GGGTCT	3.585022042658282
GGGTCA	0.0
GGGTGT	4.062797469571334
GGGTGA	8.886731783015145
GGGTTC	3.585022042658282
GGGTTG	0.0
GGGTAC	0.0
GGGTAG	0.0
CCAGAC	0.1854925392829176
CCAGAG	0.0
GGGGTT	4.062797469571334
GGGGTA	0.0
GGGGAT	5.92448785534343
GGGGAA	2.159814549641774
CCACCT	1.0102060675680662
CCACCA	1.1457533705308143
CCACGT	0.2544080223046767
CCACGA	0.7419701571316704
CCACTC	0.6734707117120441
CCACTG	0.76322406691403
GGTCTC	0.0
GGTCTG	0.0
GGTCAC	0.5766258934863735
GGTCAG	1.306945504417949
GGTGCT	0.0
GGTGCA	2.613891008835898
GGTGGT	0.0
GGTGGA	8.886731783015145
GGTGTC	3.585022042658282
GGTGTG	4.062797469571334
GGGCTT	1.792511021329141
GGGCTA	2.613891008835898
GGGCAT	0.0
GGGCAA	4.764563595965316
CCAGCT	0.5088160446093534
CCAGCA	0.3709850785658352
CCAGGT	1.1532517869727468
CCAGGA	0.8408524246218504
CCAGTC	0.76322406691403
CCAGTG	1.1532517869727468
GGTGAC	1.306945504417949
GGTGAG	2.9622439276717145
GGTTCC	0.790857970561219
GGTTCG	1.792511021329141
GGTTGC	0.0
GGTTGG	4.062797469571334
GGTACC	0.5766258934863735
GGTACG	0.0
GGTAGC	3.920836513253847
GGTAGG	0.0
CCTACC	1.4591865420427623
CCTACG	1.0176320892187067
CCTAGC	2.2896722007420904
CCTAGG	2.8831294674318673
GGCAAC	2.102131061554626
GGCAAG	0.9529127191930634
CCATCC	0.6734707117120442
CCATCG	0.2544080223046767
CCATGC	0.7632240669140301
CCATGG	1.153251786972747
GGCTTC	1.581715941122438
GGCTTG	0.0
GGCTAC	2.306503573945494
GGCTAG	0.0
GGCACT	0.0
GGCACA	1.6817048492437008
GGCAGT	2.613891008835898
GGCAGA	1.9058254383861268
GGCATC	0.0
GGCATG	1.306945504417949
GGACCT	0.5766258934863734
GGACCA	1.6817048492437008
GGACGT	0.0
GGACGA	1.9058254383861268
GGACTC	1.153251786972747
GGACTG	2.613891008835898
GGACAC	0.8408524246218504
GGACAG	0.9529127191930634
GGCGTT	0.0
GGCGTA	3.920836513253847
GGCGAT	0.0
GGCGAA	0.0
GGCTCT	0.790857970561219
GGCTCA	1.7298776804591203
GGCTGT	3.585022042658282
GGCTGA	3.920836513253847
GGAGCT	3.920836513253847
GGAGCA	3.8116508767722537
GGAGGT	0.0
GGAGGA	8.639258198567097
GGAGTC	1.3069455044179492
GGAGTG	0.0
GGAGAC	0.9529127191930634
GGAGAG	0.0
GGATCC	0.5766258934863735
GGATCG	0.0
CGCCTT	1.3957098665679302
CGCCTA	1.7808561561327367
CGCCAT	0.5088160446093534
CGCCAA	0.927462696414588
GGCCTT	3.9542898528060944
GGCCTA	2.883129467431867
GGCCAT	1.72987768045912
GGCCAA	3.3634096984874007
CCAACC	1.2275928969973013
CCAACG	0.18549253928291762
CCAAGC	0.5564776178487528
CCAAGG	1.6817048492437008
GGATGC	0.0
GGATGG	0.0
GGAACC	4.624688335420177
GGAACG	0.9529127191930634
GGAAGC	0.9529127191930632
GGAAGG	2.159814549641774
GTCCCT	0.0
GTCCCA	1.7808561561327367
GTCCGT	0.0
GTCCGA	0.0
GCAACC	1.483940314263341
GCAACG	0.4204262123109252
GCAAGC	0.8408524246218504
GCAAGG	1.9058254383861268
GTCCTC	0.34892746664198254
GTCCTG	0.0
GTCCAC	0.0
GTCCAG	0.0
GTCGCT	0.790857970561219
GTCGCA	1.7298776804591203
GTCGGT	1.792511021329141
GTCGGA	0.0
GTCGTC	0.0
GTCGTG	1.792511021329141
GCATCC	0.2544080223046767
GCATCG	0.0
GCATGC	0.0
GCATGG	0.0
GTCGAC	0.5766258934863735
GTCGAG	2.613891008835898
GTCTCC	0.0
GTCTCG	0.0
GTCTGC	0.790857970561219
GTCTGG	0.0
CGCGTT	0.0
CGCGTA	0.0
CGCGAT	0.0
CGCGAA	0.0
GCAGCT	2.883129467431867
GCAGCA	2.9429834861764763
GCAGGT	3.920836513253847
GCAGGA	0.0
GCAGTC	1.153251786972747
GCAGTG	1.306945504417949
GCAGAC	0.4204262123109252
GCAGAG	0.0
GTCACC	0.2544080223046767
GTCACG	0.0
GTCAGC	0.5766258934863735
GTCAGG	1.306945504417949
CCTTCC	1.0776304602905578
CCTTCG	0.34892746664198254
CCTTGC	0.34892746664198254
CCTTGG	5.536005793928533
CGCTAC	0.2544080223046767
CGCTAG	0.0
GCACCT	0.5088160446093534
GCACCA	0.7419701571316704
GCACGT	0.0
GCACGA	0.4204262123109252
GCACTC	1.0176320892187067
GCACTG	0.5766258934863734
GCACAC	0.5564776178487528
GCACAG	0.0
GTGCCT	2.372573911683657
GTGCCA	1.7298776804591203
GTGCGT	3.585022042658282
GTGCGA	0.0
GTGCTC	0.0
GTGCTG	0.0
GTGCAC	0.0
GTGCAG	1.306945504417949
CGCTCT	0.0
CGCTCA	0.76322406691403
CGCTGT	0.0
CGCTGA	0.0
CGCTTC	0.6978549332839651
CGCTTG	0.0
GTGGCT	1.792511021329141
GTGGCA	1.306945504417949
GTGGGT	0.0
GTGGGA	5.92448785534343
GTGGTC	1.792511021329141
GTGGTG	4.062797469571334
GTGGAC	2.613891008835898
GTGGAG	5.924487855343429
GTGTCC	1.581715941122438
GTGTCG	0.0
GTGTGC	3.585022042658282
GTGTGG	4.062797469571334
GTGACC	2.8831294674318673
GTGACG	0.0
GCTACC	0.7632240669140301
GCTACG	1.153251786972747
GCTAGC	0.5766258934863735
GCTAGG	2.613891008835898
GTGAGC	1.306945504417949
GTGAGG	0.0
GTTCCC	0.6978549332839651
GTTCCG	0.0
GTTCGC	0.790857970561219
GTTCGG	0.0
GTTGCC	0.790857970561219
GTTGCG	0.0
GCTGTC	0.790857970561219
GCTGTG	1.792511021329141
GCTGAC	1.7298776804591205
GCTGAG	0.0
GCTTCC	0.0
GCTTCG	0.790857970561219
GCTTGC	1.581715941122438
GCTTGG	0.0
GTTGGC	0.0
GTTGGG	4.062797469571334
GTACCC	1.2720401115233835
GTACCG	0.5766258934863734
GCTCCT	0.0
GCTCCA	0.0
GCTCGT	0.0
GCTCGA	0.0
GCTCTC	0.34892746664198254
GCTCTG	0.790857970561219
GCTCAC	0.76322406691403
GCTCAG	2.3065035739454935
GCTGCT	0.790857970561219
GCTGCA	1.7298776804591203
GCTGGT	7.170044085316564
GCTGGA	0.0
GTACGC	0.0
GTACGG	0.0
GTAGCC	3.4597553609182405
GTAGCG	1.3069455044179488
GTAGGC	3.9208365132538465
GTAGGG	8.886731783015142
CGCAAC	0.3709850785658352
CGCAAG	0.8408524246218502
GCGACT	0.5766258934863734
GCGACA	0.0
GCGAGT	0.0
GCGAGA	0.0
GCGATC	0.5766258934863735
GCGATG	0.0
GCGAAC	0.4204262123109252
GCGAAG	0.0
GACCCT	1.2720401115233835
GACCCA	1.854925392829176
GACCGT	0.0
GACCGA	0.8408524246218504
GCGTTC	0.0
GCGTTG	0.0
GCGTAC	1.153251786972747
GCGTAG	2.613891008835898
CGCACT	0.5088160446093534
CGCACA	0.1854925392829176
CGCAGT	1.72987768045912
CGCAGA	0.4204262123109251
CGCATC	0.5088160446093533
CGCATG	0.5766258934863733
CGGGTT	1.792511021329141
CGGGTA	0.0
CGGGAT	0.0
CGGGAA	2.8587381575791895
CGGCTT	0.7908579705612189
CGGCTA	0.5766258934863733
CGGCAT	2.306503573945493
CGGCAA	0.4204262123109251
GCGGTT	1.792511021329141
GCGGTA	3.920836513253847
GCGGAT	1.3069455044179488
GCGGAA	0.0
GCGTCT	0.0
GCGTCA	0.0
GCGTGT	0.0
GCGTGA	0.0
CGGTCT	0.0
CGGTCA	0.0
CGGTGT	0.0
CGGTGA	1.306945504417949
CGGTTC	0.790857970561219
CGGTTG	3.585022042658282
CGGTAC	1.153251786972747
CGGTAG	0.0
GCGCTT	0.7908579705612189
GCGCTA	0.0
GCGCAT	0.5766258934863733
GCGCAA	0.4204262123109251
GACCTC	0.5088160446093534
GACCTG	2.3065035739454935
GACCAC	0.927462696414588
GACCAG	0.4204262123109251
CCTGCT	1.7446373332099125
CCTGCA	0.2544080223046767
CCTGGT	2.3725739116836566
CCTGGA	1.1532517869727466
CCTGTC	1.7446373332099125
CCTGTG	3.163431882244876
CGGAAC	1.6817048492437008
CGGAAG	0.9529127191930634
GCCACT	0.2544080223046767
GCCACA	2.4114030106779287
GCCAGT	3.45975536091824
GCCAGA	0.4204262123109251
GCCATC	0.76322406691403
GCCATG	1.1532517869727466
GCCAAC	1.6694328535462584
GCCAAG	1.2612786369327753
GCCTTC	2.093564799851895
GCCTTG	1.581715941122438
GCCTAC	2.7984882453514435
GCCTAG	2.883129467431867
CGGACT	4.613007147890987
CGGACA	0.4204262123109252
CGGAGT	2.613891008835898
CGGAGA	1.9058254383861268
CGGATC	1.7298776804591205
CGGATG	1.306945504417949
CCTGAC	1.52644813382806
CCTGAG	0.5766258934863734
GACGCT	0.0
GACGCA	0.4204262123109252
GACGGT	1.306945504417949
GACGGA	1.9058254383861268
GACGTC	0.0
GACGTG	0.0
GACGAC	0.4204262123109252
GACGAG	0.9529127191930634
CGTCTC	0.34892746664198254
CGTCTG	0.0
CGTCAC	0.0
CGTCAG	0.0
GCCGTT	0.0
GCCGTA	1.1532517869727466
GCCGAT	0.0
GCCGAA	0.8408524246218502
GCCTCT	0.6978549332839651
GCCTCA	1.7808561561327367
GCCTGT	1.5817159411224377
GCCTGA	0.5766258934863733
GACTCC	1.0176320892187067
GACTCG	0.5766258934863735
GACTGC	0.0
GACTGG	2.613891008835898
CGTGTC	0.0
CGTGTG	0.0
CGTGAC	0.0
CGTGAG	0.0
GCCCTT	1.3957098665679302
GCCCTA	2.28967220074209
GCCCAT	2.0352641784374135
GCCCAA	0.7419701571316704
CGTCCT	0.34892746664198254
CGTCCA	0.76322406691403
CGTCGT	0.0
CGTCGA	0.0
GACACC	0.18549253928291762
GACACG	0.8408524246218504
GACAGC	0.4204262123109252
GACAGG	1.9058254383861268
CGTGCT	0.0
CGTGCA	0.5766258934863734
CGTGGT	1.792511021329141
CGTGGA	0.0
GAGCCT	2.883129467431867
GAGCCA	1.2612786369327755
GAGCGT	0.0
GAGCGA	0.0
GAGCTC	0.0
GAGCTG	1.306945504417949
GAGCAC	1.2612786369327755
GAGCAG	2.85873815757919
GAGGCT	1.306945504417949
GAGGCA	0.0
GAGGGT	8.886731783015145
GAGGGA	2.159814549641774
GAGGTC	0.0
GAGGTG	2.962243927671715
GAGGAC	4.764563595965317
GAGGAG	2.159814549641774
GAGTCC	0.0
GAGTCG	0.0
GAGTGC	0.0
GAGTGG	2.9622439276717145
GAGACC	0.8408524246218504
GAGACG	0.0
GAGAGC	0.0
GAGAGG	4.319629099283548
GATCCC	1.0176320892187067
GATCCG	0.5766258934863734
GATCGC	0.0
GATCGG	1.3069455044179488
GATGCC	0.0
GATGCG	0.0
GATGGC	0.0
GATGGG	0.0
GAACCC	1.1129552356975057
GAACCG	1.2612786369327753
GAACGC	0.0
GAACGG	0.0
GAAGCC	1.2612786369327753
GAAGCG	0.0
GAAGGC	1.9058254383861264
GAAGGG	0.0
CAAGGC	2.522557273865551
CAAGGG	0.9529127191930634
CCTCCT	0.9236832516776211
CCTCCA	0.785715830330718
CCTCGT	0.6978549332839653
CCTCGA	0.7632240669140301
CCTCTC	0.6157888344517474
CCTCTG	0.6978549332839653
CAACGC	0.37098507856583524
CAACGG	0.4204262123109252
CAAGCC	1.1129552356975057
CAAGCG	0.4204262123109252
CCTCAC	1.795921897898784
CCTCAG	1.0176320892187067
TCCCCT	1.0776304602905578
TCCCCA	0.448980474474696
TCCCGT	0.6978549332839651
TCCCGA	0.76322406691403
TCCCTC	0.6157888344517474
TCCCTG	0.6978549332839651
TCCCAC	0.785715830330718
TCCCAG	0.5088160446093533
TCCGCT	0.3489274666419825
TCCGCA	0.7632240669140299
TCCGGT	1.5817159411224373
TCCGGA	1.1532517869727466
TCCGTC	0.3489274666419825
TCCGTG	0.7908579705612189
TCCGAC	0.5088160446093533
TCCGAG	0.0
TCCTCC	1.0776304602905578
TCCTCG	0.0
CAACCC	1.6367905293297351
CAACCG	0.37098507856583524
TCCTGC	0.0
TCCTGG	0.7908579705612189
TCCACC	1.12245118618674
TCCACG	0.5088160446093533
TCCAGC	0.25440802230467663
TCCAGG	1.1532517869727466
TCGCCT	0.697854933283965
TCGCCA	1.272040111523383
TCGCGT	0.0
TCGCGA	0.0
TCGCTC	0.3489274666419825
TCGCTG	0.0
TCGCAC	1.0176320892187065
TCGCAG	0.5766258934863733
CCGACT	0.76322406691403
CCGACA	0.0
CCGAGT	0.5766258934863733
CCGAGA	1.2612786369327753
CCGATC	1.0176320892187065
CCGATG	0.0
CCGAAC	0.1854925392829176
CCGAAG	0.0
TCGGCT	0.7908579705612189
TCGGCA	1.1532517869727466
TCGGGT	5.377533063987422
TCGGGA	0.0
TCGGTC	0.0
TCGGTG	0.0
TCGGAC	1.1532517869727466
TCGGAG	2.6138910088358966
CATGGC	1.7298776804591203
CATGGG	1.3069455044179488
TCGTCC	0.3489274666419825
TCGTCG	0.0
TCGTGC	0.0
TCGTGG	1.7925110213291406
TCGACC	1.0176320892187065
TCGACG	0.5766258934863733
TCGAGC	1.1532517869727466
TCGAGG	1.3069455044179483
TCTCCC	0.6157888344517474
TCTCCG	1.0467823999259476
TCTCGC	0.0
TCTCGG	1.581715941122438
CATCGC	0.5088160446093534
CATCGG	1.1532517869727468
CATGCC	0.2544080223046767
CATGCG	2.3065035739454935
TCTGCC	1.3957098665679302
TCTGCG	1.581715941122438
TCTGGC	1.581715941122438
TCTGGG	3.585022042658282
TCACCC	1.5714316606614358
TCACCG	0.5088160446093533
TCACGC	1.0176320892187065
TCACGG	0.0
TCAGCC	2.798488245351443
TCAGCG	0.0
TCAGGC	0.5766258934863733
TCAGGG	1.3069455044179483
CAGAGC	0.4204262123109252
CAGAGG	0.9529127191930634
CATCCC	0.5612255930933701
CATCCG	0.5088160446093533
TGCCCT	1.7446373332099125
TGCCCA	0.5088160446093534
TGCCGT	0.0
TGCCGA	1.1532517869727466
TGCCTC	1.0467823999259476
TGCCTG	2.372573911683657
TGCCAC	1.0176320892187067
TGCCAG	2.3065035739454935
TGCGCT	0.790857970561219
TGCGCA	0.5766258934863734
TGCGGT	1.792511021329141
TGCGGA	0.0
CAGTGC	0.0
CAGTGG	2.613891008835898
CAGACC	1.1129552356975057
CAGACG	0.4204262123109252
CAGGCT	1.7298776804591203
CAGGCA	1.2612786369327755
CAGGGT	2.613891008835898
CAGGGA	1.9058254383861268
CAGGTC	1.153251786972747
CAGGTG	1.306945504417949
CAGGAC	2.522557273865551
CAGGAG	4.764563595965317
CAGTCC	1.0176320892187067
CAGTCG	0.5766258934863735
TGCGTC	0.0
TGCGTG	0.0
TGCGAC	0.5766258934863735
TGCGAG	1.306945504417949
TGCTCC	0.0
TGCTCG	0.0
TGCTGC	3.163431882244876
TGCTGG	0.0
TGCACC	0.0
TGCACG	0.0
TGCAGC	1.7298776804591205
TGCAGG	0.0
CAGCCT	3.3073042899607974
CAGCCA	0.7419701571316704
CAGCGT	0.5766258934863734
CAGCGA	0.8408524246218504
CAGCTC	0.5088160446093534
CAGCTG	2.3065035739454935
CAGCAC	0.3709850785658352
CAGCAG	1.6817048492437003
CCGTCT	0.34892746664198254
CCGTCA	0.5088160446093534
CCGTGT	1.5817159411224377
CCGTGA	2.306503573945493
CCGTTC	0.6978549332839651
CCGTTG	0.790857970561219
CGTTCC	1.3957098665679302
CGTTCG	0.0
CGTTGC	0.0
CGTTGG	0.0
CCGTAC	0.2544080223046767
CCGTAG	2.3065035739454935
TGGCCT	1.581715941122438
TGGCCA	3.4597553609182405
TGGCGT	1.792511021329141
TGGCGA	0.0
TGGCTC	0.0
TGGCTG	3.585022042658282
TGGCAC	0.5766258934863735
TGGCAG	5.227782017671796
CACACC	1.4731114763967617
CACACG	0.5564776178487528
CACAGC	0.9274626964145881
CACAGG	2.102131061554626
CCGGTT	1.5817159411224377
CCGGTA	0.0
CCGGAT	1.72987768045912
CCGGAA	1.6817048492437003
TGGGCT	3.585022042658282
TGGGCA	1.306945504417949
TGGGGT	4.062797469571334
TGGGGA	0.0
TGGGTC	0.0
TGGGTG	0.0
TGGGAC	1.306945504417949
TGGGAG	0.0
TGGTCC	3.163431882244876
TGGTCG	3.585022042658282
TGGTGC	7.170044085316564
TGGTGG	0.0
TGGACC	0.5766258934863735
TGGACG	1.306945504417949
TGGAGC	3.920836513253847
TGGAGG	0.0
CACGAC	0.927462696414588
CACGAG	0.8408524246218502
CACTCC	0.5612255930933702
CACTCG	1.780856156132737
CACTGC	0.2544080223046767
CACTGG	1.7298776804591205
TGTCCC	1.0467823999259476
TGTCCG	0.790857970561219
TGTCGC	0.790857970561219
TGTCGG	1.792511021329141
CACCTC	1.010206067568066
CACCTG	2.28967220074209
CACCAC	1.554951002863248
CACCAG	0.1854925392829176
CACGCT	0.2544080223046767
CACGCA	0.3709850785658352
CACGGT	0.5766258934863734
CACGGA	1.2612786369327755
CACGTC	0.76322406691403
CACGTG	0.0
TGTGCC	0.790857970561219
TGTGCG	1.792511021329141
TGTGGC	7.170044085316564
TGTGGG	8.125594939142667
TGACCC	3.307304289960797
TGACCG	1.7298776804591203
TGACGC	0.0
TGACGG	2.6138910088358975
TGAGCC	2.883129467431867
TGAGCG	1.3069455044179488
TGAGGC	0.0
TGAGGG	8.886731783015142
CACCCT	1.2346963048054143
CACCCA	1.2275928969973011
CACCGT	0.2544080223046767
CACCGA	0.3709850785658352
TTCCCC	0.6157888344517474
TTCCCG	0.34892746664198254
TTCCGC	0.6978549332839651
TTCCGG	0.0
TTCGCC	0.6978549332839651
TTCGCG	0.0
TTCGGC	3.163431882244876
TTCGGG	0.0
TTGCCC	3.1403471997778425
TTGCCG	2.372573911683657
TTGCGC	0.0
TTGCGG	0.0
TTGGCC	1.581715941122438
TTGGCG	1.792511021329141
TTGGGC	0.0
TTGGGG	4.062797469571334
TACCCC	1.571431660661436
TACCCG	0.5088160446093533
TACCGC	1.2720401115233835
TACCGG	0.0
TACGCC	0.0
TACGCG	0.0
TACGGC	2.3065035739454935
TACGGG	1.3069455044179488
TAGCCC	1.52644813382806
TAGCCG	2.3065035739454935
TAGCGC	0.0
TAGCGG	3.9208365132538465
TAGGCC	3.4597553609182405
TAGGCG	0.0
TAGGGC	2.6138910088358975
TAGGGG	11.848975710686856
CTAGGC	2.306503573945493
CTAGGG	1.3069455044179483
CCGCTT	1.0467823999259476
CCGCTA	0.76322406691403
CCGCAT	2.0352641784374135
CCGCAA	1.298447774980423
ACCCCT	1.7959218978987845
ACCCCA	1.7186300557962215
ACCCGT	0.7632240669140301
ACCCGA	0.1854925392829176
ACCCTC	0.448980474474696
ACCCTG	1.0176320892187067
ACCCAC	1.554951002863248
ACCCAG	0.7419701571316704
CTACGC	0.0
CTACGG	1.72987768045912
CTAGCC	3.81612033457015
CTAGCG	0.5766258934863733
ACCGCT	0.0
ACCGCA	2.0404179321120934
ACCGGT	0.0
ACCGGA	1.2612786369327755
ACCGTC	0.2544080223046767
ACCGTG	1.1532517869727468
ACCGAC	0.1854925392829176
ACCGAG	0.8408524246218502
ACCTCC	0.8979609489493923
ACCTCG	0.5088160446093534
ACCTGC	1.5264481338280602
ACCTGG	0.5766258934863735
ACCACC	1.309432423463788
ACCACG	0.5564776178487528
CTACCC	1.010206067568066
CTACCG	0.5088160446093533
ACCAGC	1.2984477749804233
ACCAGG	0.4204262123109252
ACGCCT	1.2720401115233835
ACGCCA	0.1854925392829176
ACGCGT	0.0
ACGCGA	0.0
ACGCTC	0.2544080223046767
ACGCTG	0.0
ACGCAC	0.0
ACGCAG	0.4204262123109251
CCCACT	1.4591865420427623
CCCACA	1.309432423463788
CCCAGT	0.7632240669140301
CCCAGA	0.5564776178487528
CCCATC	0.5612255930933701
CCCATG	1.7808561561327367
CCCAAC	1.1457533705308143
CCCAAG	0.3709850785658352
ACGGCT	1.1532517869727468
ACGGCA	0.8408524246218504
ACGGGT	1.306945504417949
ACGGGA	2.85873815757919
ACGGTC	0.0
ACGGTG	0.0
ACGGAC	1.2612786369327755
ACGGAG	0.9529127191930634
ACGTCC	0.7632240669140301
ACGTCG	0.0
ACGTGC	0.0
ACGTGG	0.0
CTTGGC	4.745147823367314
CTTGGG	0.0
ACGACC	0.7419701571316705
ACGACG	0.4204262123109252
ACGAGC	0.0
ACGAGG	0.0
ACTCCC	0.448980474474696
ACTCCG	0.25440802230467663
ACTCGC	0.0
ACTCGG	1.1532517869727468
ACTGCC	0.0
ACTGCG	0.0
ACTGGC	1.7298776804591203
ACTGGG	0.0
CTTCGC	0.0
CTTCGG	3.163431882244876
CTTGCC	1.3957098665679302
CTTGCG	0.0
ACACCC	1.309432423463788
ACACCG	0.5564776178487528
ACACGC	0.18549253928291762
ACACGG	2.102131061554626
ACAGCC	1.2984477749804233
ACAGCG	1.2612786369327755
ACAGGC	1.2612786369327755
ACAGGG	2.85873815757919
CTGAGC	2.8831294674318664
CTGAGG	1.3069455044179483
CTTCCC	0.7697360430646841
CTTCCG	0.0
AGCCCT	1.5264481338280602
AGCCCA	1.854925392829176
AGCCGT	0.5766258934863734
AGCCGA	0.8408524246218504
AGCCTC	2.28967220074209
AGCCTG	1.7298776804591203
AGCCAC	1.4839403142633407
AGCCAG	2.1021310615546254
AGCGCT	0.0
AGCGCA	0.4204262123109252
AGCGGT	1.306945504417949
AGCGGA	0.0
CTGTGC	0.0
CTGTGG	3.5850220426582813
CTGACC	0.76322406691403
CTGACG	0.0
AGCGTC	0.0
AGCGTG	0.0
AGCGAC	0.4204262123109252
AGCGAG	0.0
AGCTCC	0.2544080223046767
AGCTCG	0.0
AGCTGC	1.7298776804591205
AGCTGG	2.613891008835898
CTGGCT	1.5817159411224377
CTGGCA	1.72987768045912
CTGGGT	0.0
CTGGGA	1.3069455044179483
CTGGTC	2.3725739116836566
CTGGTG	1.7925110213291406
CTGGAC	1.1532517869727466
CTGGAG	1.3069455044179483
CTGTCC	0.0
CTGTCG	1.5817159411224377
AGCACC	0.9274626964145881
AGCACG	0.8408524246218504
AGCAGC	3.3634096984874016
AGCAGG	2.85873815757919
CCCTCT	0.7697360430646842
CCCTCA	1.1224511861867401
CCCTGT	1.3957098665679306
CCCTGA	0.2544080223046767
CCCTTC	0.9236832516776211
CCCTTG	2.0935647998518956
CTGCCT	2.4424922664938773
CTGCCA	0.25440802230467663
CTGCGT	0.0
CTGCGA	0.0
CTGCTC	0.3489274666419825
CTGCTG	1.5817159411224377
CTGCAC	0.0
CTGCAG	0.5766258934863733
CCCTAC	2.020412135136132
CCCTAG	2.544080223046767
AGGCCT	4.613007147890987
AGGCCA	1.2612786369327755
AGGCGT	0.0
AGGCGA	0.9529127191930634
AGGCTC	1.7298776804591205
AGGCTG	1.306945504417949
AGGCAC	1.6817048492437008
AGGCAG	0.9529127191930634
CGTACC	0.0
CGTACG	0.5766258934863735
CGTAGC	2.306503573945494
CGTAGG	0.0
CCCGTT	0.6978549332839651
CCCGTA	0.76322406691403
CCCGAT	0.76322406691403
CCCGAA	1.1129552356975057
AGGGCT	1.306945504417949
AGGGCA	0.9529127191930634
AGGGGT	5.92448785534343
AGGGGA	0.0
AGGGTC	2.6138910088358984
AGGGTG	5.92448785534343
AGGGAC	1.9058254383861268
AGGGAG	2.159814549641774
CTCACC	1.4591865420427619
CTCACG	1.7808561561327363
CTCAGC	1.7808561561327365
CTCAGG	2.883129467431867
AGGTCC	0.5766258934863735
AGGTCG	2.613891008835898
AGGTGC	0.0
AGGTGG	5.924487855343429
AGGACC	3.3634096984874016
AGGACG	0.9529127191930634
AGGAGC	6.670389034351442
AGGAGG	12.958887297850644
AGTCCC	1.52644813382806
AGTCCG	1.1532517869727468
AGTCGC	0.5766258934863734
AGTCGG	0.0
CTCGAC	0.7632240669140299
CTCGAG	1.1532517869727466
CTCTCC	0.0
CTCTCG	0.0
CTCTGC	0.3489274666419825
CTCTGG	1.5817159411224377
AGTGCC	0.0
AGTGCG	1.3069455044179488
AGTGGC	1.3069455044179488
AGTGGG	2.962243927671714
CTCCTC	0.7697360430646841
CTCCTG	0.6978549332839651
CTCCAC	1.234696304805414
CTCCAG	0.5088160446093533
CTCGCT	0.3489274666419825
CTCGCA	0.0
CTCGGT	0.7908579705612186
CTCGGA	1.1532517869727466
CTCGTC	0.3489274666419825
CTCGTG	0.7908579705612189
AGACCC	1.1129552356975057
AGACCG	0.8408524246218502
AGACGC	0.8408524246218502
AGACGG	0.9529127191930632
AGAGCC	0.4204262123109251
AGAGCG	0.0
AGAGGC	0.0
AGAGGG	4.3196290992835475
ATCCCC	0.897960948949392
ATCCCG	0.5088160446093533
ATCCGC	1.0176320892187067
ATCCGG	0.5766258934863734
CGAAGC	0.4204262123109252
CGAAGG	0.0
CTCCCT	0.923683251677621
CTCCCA	0.448980474474696
CTCCGT	0.6978549332839651
CTCCGA	0.0
ATCGCC	1.7808561561327367
ATCGCG	0.0
ATCGGC	1.1532517869727468
ATCGGG	5.227782017671795
ATGCCC	0.5088160446093534
ATGCCG	0.0
ATGCGC	0.0
ATGCGG	1.3069455044179488
ATGGCC	1.7298776804591203
ATGGCG	0.0
ATGGGC	2.6138910088358975
ATGGGG	11.848975710686856
CGATGC	0.0
CGATGG	0.0
CGAACC	0.9274626964145881
CGAACG	0.4204262123109252
AACCCC	1.8823091087291952
AACCCG	0.9274626964145881
AACCGC	1.6694328535462586
AACCGG	0.4204262123109252
CGAGCT	0.0
CGAGCA	0.4204262123109252
CGAGGT	1.306945504417949
CGAGGA	0.0
CGAGTC	0.0
CGAGTG	1.306945504417949
CGAGAC	1.2612786369327755
CGAGAG	0.0
CGATCC	1.2720401115233835
CGATCG	0.0
AACGCC	0.7419701571316705
AACGCG	0.0
AACGGC	2.102131061554626
AACGGG	1.9058254383861268
AAGCCC	0.9274626964145881
AAGCCG	0.4204262123109252
AAGCGC	0.0
AAGCGG	0.0
CGACCT	1.2720401115233835
CGACCA	0.3709850785658352
CGACGT	0.0
CGACGA	0.4204262123109252
CGACTC	0.76322406691403
CGACTG	0.0
CGACAC	0.0
CGACAG	0.8408524246218502
AAGGCC	3.3634096984874016
AAGGCG	0.9529127191930634
AAGGGC	0.9529127191930632
AAGGGG	0.0
CTGCGG	1.6393081683931974
CTGCGC	0.7232646916829288
CTGCCG	0.723264691682929
CTGCCC	1.2764209300510991
CTCGGG	0.0
CTCGGC	0.7232646916829288
CTCGCG	0.0
CTCGCC	0.0
CTCCGG	1.4465293833658581
CTCCGC	0.31910523251277484
CTCCCG	0.6382104650255496
CTCCCC	0.5631584153795378
CGAGGG	2.7090660027321123
CGAGGC	0.0
CGAGCG	0.0
CGAGCC	1.5820279921040463
AGGGGG	12.280411523094068
AGGGGC	8.127198008196336
AGGGCG	2.7090660027321123
AGGGCC	2.390486212406622
CCCGAG	2.109370656138728
CCCGAC	0.0
CCCGTG	5.7861175334634325
CCCGTC	0.31910523251277484
CCCGGA	2.109370656138728
CCCGGT	0.0
ACGGGG	0.0
ACGGGC	2.390486212406622
CCCGCA	0.46532840702934347
CCCGCT	1.5955261625638741
ACGGCG	1.195243106203311
ACGGCC	2.6367133201734103
CAGCGG	1.195243106203311
CAGCGC	0.5273426640346821
CAGCCG	1.582027992104046
CAGCCC	1.8613136281173739
CACGGG	2.390486212406622
CACGGC	0.5273426640346821
CACGCG	1.054685328069364
CACGCC	0.6979926105440152
CACCGG	1.054685328069364
CACCGC	0.6979926105440152
CACCCG	0.6979926105440152
CACCCC	2.3609895645610006
CTGGGG	11.146671343962504
CTGGGC	1.6393081683931976
CTGGCG	0.0
CTGGCC	1.446529383365858
GCCCGA	1.054685328069364
GCCCGT	4.339588150097574
CCCAGG	1.054685328069364
CCCAGC	0.46532840702934347
GCCCCA	1.3959852210880304
GCCCCT	0.9573156975383245
CCCACG	0.6979926105440152
CCCACC	1.5397758029745656
CGTGGG	0.0
CGTGGC	1.639308168393198
CGTGCG	0.0
CGTGCC	2.169794075048787
CAGGGG	2.7090660027321123
CAGGGC	2.390486212406622
CAGGCG	0.0
CAGGCC	0.0
GCCGGA	2.3904862124066217
GCCGGT	1.6393081683931976
ACGCGG	2.390486212406622
ACGCGC	0.0
GCCGCA	3.1640559842080918
GCCGCT	2.8930587667317162
ACGCCG	0.0
ACGCCC	0.6979926105440152
CGTCGG	0.0
CGTCGC	0.723264691682929
CGTCCG	0.0
CGTCCC	0.31910523251277484
GCCCAG	1.054685328069364
GCCCAC	0.6979926105440152
GCCCTG	0.0
GCCCTC	0.9573156975383245
GCCAGG	1.1952431062033109
GCCAGC	1.054685328069364
GCCACG	0.0
GCCACC	0.9306568140586869
CGGAGG	2.7090660027321123
CGGAGC	1.195243106203311
CGGACG	0.0
CGGACC	0.5273426640346821
GCCTGG	1.6393081683931976
GCCTGC	3.616323458414645
GCCTCG	1.4465293833658581
GCCTCC	1.2764209300510994
GCCGAG	0.0
GCCGAC	1.054685328069364
GCCGTG	0.0
GCCGTC	0.723264691682929
GCGCAG	0.0
GCGCAC	0.527342664034682
GCGCTG	0.0
GCGCTC	0.0
GCGCGA	0.0
GCGCGT	0.0
ACCGGG	2.390486212406622
ACCGGC	0.5273426640346821
GCGCCA	0.0
GCGCCT	1.4465293833658581
ACCGCG	0.527342664034682
ACCGCC	1.6286494246027021
CGGTGG	0.0
CGGTGC	0.0
CGGTCG	0.0
CGGTCC	0.7232646916829291
CGGCCA	2.63671332017341
CGGCCT	0.0
AGGCGG	2.7090660027321123
AGGCGC	0.0
CGGGAG	0.0
CGGGAC	1.1952431062033109
CGGGTG	14.862228458616674
CGGGTC	3.278616336786396
CGGGGA	2.7090660027321114
CGGGGT	0.0
AGGCCG	3.585729318609933
AGGCCC	0.5273426640346821
CGGGCA	0.0
CGGGCT	1.6393081683931976
CCCTGG	3.616323458414646
CCCTGC	0.0
GCGGGA	0.0
GCGGGT	0.0
CCCTCG	0.6382104650255497
CCCTCC	0.28157920768976896
GCGGCA	1.1952431062033109
GCGGCT	1.6393081683931976
AGCGGG	8.127198008196336
AGCGGC	0.0
CGGCAG	0.0
CGGCAC	0.0
CGGCTG	1.6393081683931976
CGGCTC	0.723264691682929
CGGCGA	0.0
CGGCGT	1.6393081683931976
AGCGCG	0.0
AGCGCC	0.5273426640346821
GCGAGG	0.0
GCGAGC	1.195243106203311
GCGACG	0.0
GCGACC	1.5820279921040463
CGCAGG	2.3904862124066217
CGCAGC	1.054685328069364
CGCACG	0.527342664034682
CGCACC	0.46532840702934347
GCGTGG	0.0
GCGTGC	0.0
GCGTCG	0.0
GCGTCC	0.7232646916829291
GCGGAG	2.709066002732112
GCGGAC	3.5857293186099324
GCGGTG	3.7155571146541684
GCGGTC	0.0
GCACGG	0.0
GCACGC	1.0546853280693642
GCACCG	0.0
GCACCC	0.6979926105440152
CGCTGG	3.278616336786395
CGCTGC	0.723264691682929
CGCTCG	0.0
CGCTCC	0.0
GCTGGG	3.7155571146541684
GCTGGC	1.639308168393198
GCTGCG	0.0
GCTGCC	2.8930587667317162
GCTCGG	0.0
GCTCGC	0.0
GCTCCG	0.0
GCTCCC	0.31910523251277484
GCAGGG	2.7090660027321123
GCAGGC	2.390486212406622
GCAGCG	0.0
GCAGCC	2.1093706561387284
CGCGAG	0.0
CGCGAC	0.0
CGCGTG	0.0
CGCGTC	0.0
CGCGGA	1.1952431062033109
CGCGGT	3.278616336786395
AGCCGG	2.390486212406622
AGCCGC	2.6367133201734103
CGCGCA	0.0
CGCGCT	0.0
AGCCCG	1.054685328069364
AGCCCC	0.9306568140586869
GGCCCA	1.054685328069364
GGCCCT	0.7232646916829291
CGACGG	1.195243106203311
CGACGC	0.5273426640346821
CGCCAG	0.527342664034682
CGCCAC	0.23266420351467174
CGCCTG	1.4465293833658581
CGCCTC	0.6382104650255497
CGCCGA	0.0
CGCCGT	1.4465293833658581
CGACCG	1.054685328069364
CGACCC	0.6979926105440152
CGCCCA	0.6979926105440152
CGCCCT	1.2764209300510994
CCCCAG	0.46532840702934347
CCCCAC	1.8477309635694787
GGCGGA	10.836264010928446
GGCGGT	3.715557114654168
CCCCTG	1.2764209300510994
CCCCTC	1.1263168307590758
GGCGCA	1.1952431062033109
GGCGCT	0.0
CCCCGA	1.6286494246027026
CCCCGT	0.9573156975383246
GGCCAG	0.0
GGCCAC	2.6367133201734103
GGCCTG	1.6393081683931976
GGCCTC	0.723264691682929
GGCCGA	0.0
GGCCGT	0.0
CCCCCA	1.5397758029745654
CCCCCT	1.8302648499834981
GGGCCA	2.3904862124066217
GGGCCT	3.278616336786395
GGCAGG	2.7090660027321123
GGCAGC	3.585729318609933
GGCACG	0.0
GGCACC	1.0546853280693642
GGCTGG	7.431114229308337
GGCTGC	0.0
GGCTCG	0.0
GGCTCC	0.0
GGCGAG	0.0
GGCGAC	2.3904862124066217
GGCGTG	0.0
GGCGTC	1.639308168393198
GGGGCA	18.963462019124783
GGGGCT	7.431114229308337
CCAGGG	2.390486212406622
CCAGGC	0.0
CCAGCG	1.054685328069364
CCAGCC	1.3959852210880304
GGGCAG	8.127198008196334
GGGCAC	1.1952431062033109
GGGCTG	11.146671343962506
GGGCTC	0.0
GGGCGA	2.7090660027321114
GGGCGT	7.431114229308336
GGGTGG	16.84291573534808
GGGTGC	7.431114229308337
GGGTCG	0.0
GGGTCC	4.9179245051795935
CCACGG	1.054685328069364
CCACGC	0.23266420351467174
CCACCG	0.6979926105440152
CCACCC	1.9503826837677831
GGGGAG	0.0
GGGGAC	0.0
GGGGTG	16.84291573534808
GGGGTC	3.7155571146541684
GGGGGA	12.280411523094068
GGGGGT	8.42145786767404
GGACGG	0.0
GGACGC	0.0
GGACCG	0.0
GGACCC	2.6367133201734103
GGTGGG	0.0
GGTGGC	3.7155571146541684
GGTGCG	3.7155571146541684
GGTGCC	4.9179245051795935
GGTCGG	3.7155571146541684
GGTCGC	3.278616336786396
GGTCCG	3.278616336786396
GGTCCC	0.7232646916829291
GGGAGG	0.0
GGGAGC	0.0
GGGACG	0.0
GGGACC	0.0
GTGCGG	0.0
GTGCGC	1.639308168393198
GTGCCG	0.0
GTGCCC	0.7232646916829291
GTCGGG	0.0
GTCGGC	1.639308168393198
GTCGCG	0.0
GTCGCC	0.7232646916829291
GTCCGG	8.196540841965989
GTCCGC	0.0
GTCCCG	1.4465293833658581
GTCCCC	0.6382104650255497
GGAGGG	0.0
GGAGGC	8.127198008196336
GGAGCG	0.0
GGAGCC	4.780972424813244
GACGGG	2.7090660027321123
GACGGC	0.0
GACGCG	0.0
GACGCC	1.0546853280693642
CCTGGG	3.278616336786395
CCTGGC	0.723264691682929
CCTGCG	0.0
CCTGCC	1.5955261625638741
GACCGG	3.585729318609933
GACCGC	1.0546853280693642
GACCCG	0.0
GACCCC	2.7919704421760607
GTGGGG	8.42145786767404
GTGGGC	0.0
GTGGCG	7.431114229308337
GTGGCC	4.9179245051795935
TCCCGG	0.0
TCCCGC	0.6382104650255497
TCCCCG	0.0
TCCCCC	0.9855272269141911
CCTCGG	0.0
CCTCGC	0.3191052325127749
CCTCCG	0.31910523251277484
CCTCCC	0.9855272269141914
GAGGGG	12.280411523094068
GAGGGC	0.0
GAGGCG	2.7090660027321123
GAGGCC	1.195243106203311
GAGCGG	0.0
GAGCGC	1.195243106203311
GAGCCG	2.390486212406622
GAGCCC	1.5820279921040463
TCGGGG	0.0
TCGGGC	1.6393081683931976
TCGGCG	3.278616336786395
TCGGCC	2.1697940750487867
CCGAGG	1.1952431062033109
CCGAGC	0.527342664034682
CCGACG	0.527342664034682
CCGACC	0.23266420351467174
TCGCGG	0.0
TCGCGC	0.0
TCGCCG	0.723264691682929
TCGCCC	0.6382104650255496
TCCGGG	6.5572326735727895
TCCGGC	0.0
TCCGCG	0.0
TCCGCC	0.9573156975383244
TGGCGG	3.7155571146541684
TGGCGC	1.639308168393198
TGGCCG	0.0
TGGCCC	1.4465293833658581
CCGTGG	1.6393081683931976
CCGTGC	2.893058766731716
CCGTCG	0.7232646916829291
CCGTCC	0.0
TGCGGG	3.7155571146541684
TGCGGC	0.0
TGCGCG	0.0
TGCGCC	0.0
TGCCGG	0.0
TGCCGC	1.446529383365858
TGCCCG	3.6163234584146453
TGCCCC	1.2764209300510994
TGGGGG	33.68583147069616
TGGGGC	14.862228458616674
TGGGCG	0.0
TGGGCC	0.0
CCGGAG	2.3904862124066217
CCGGAC	1.054685328069364
CCGGTG	0.0
CCGGTC	0.723264691682929
CCGGGA	1.1952431062033109
CCGGGT	4.917924505179593
CCGGCA	0.0
CCGGCT	0.0
ACCCGG	2.109370656138728
ACCCGC	0.46532840702934347
ACCCCG	2.0939778316320456
ACCCCC	2.6689447251559137
CCGCAG	3.1640559842080918
CCGCAC	0.23266420351467174
CCGCTG	2.169794075048787
CCGCTC	0.31910523251277484
CCGCGA	0.0
CCGCGT	0.0
CCGCCA	0.6979926105440152
CCGCCT	1.914631395076649
CCCGGG	2.998398602835941
CCCGGC	0.0
CCCGCG	0.0
CCCGCC	1.4591592687874153
GCCCGG	1.4991993014179705
GCCCGC	1.322896989617453
GCCCCG	1.322896989617453
GCCCCC	0.29183185375748305
GCCGGG	0.0
GCCGGC	0.0
GCCGCG	1.4991993014179705
GCCGCC	1.322896989617453
GCGCGG	0.0
GCGCGC	0.0
GCGCCG	0.0
GCGCCC	0.0
CGGCCG	2.998398602835941
CGGCCC	0.6614484948087265
CGGGGG	0.0
CGGGGC	16.989973996554912
CGGGCG	3.3979947993109834
CGGGCC	5.996797205671882
GCGGGG	15.403380518152218
GCGGGC	10.19398439793295
GCGGCG	0.0
GCGGCC	0.0
CGGCGG	10.193984397932951
CGGCGC	0.0
CGCGGG	3.3979947993109834
CGCGGC	0.0
CGCGCG	0.0
CGCGCC	0.0
GGCCCG	2.998398602835941
GGCCCC	0.6614484948087265
CGCCGG	0.0
CGCCGC	0.0
CGCCCG	1.322896989617453
CGCCCC	0.8754955612724492
GGCGGG	0.0
GGCGGC	6.795989598621966
GGCGCG	0.0
GGCGCC	1.4991993014179705
GGCCGG	3.3979947993109834
GGCCGC	8.995195808507823
CCGGCG	1.4991993014179705
CCGGCC	0.0
CCGCCG	0.6614484948087265
CCGCCC	2.0428229763023813
GGGGCG	30.806761036304444
GGGGCC	6.795989598621967
GGGGGG	17.456187060314345
GGGGGC	23.10507077722833
GGGCCG	6.795989598621967
GGGCCC	2.998398602835941
CCGGGG	13.591979197243933
CCGGGC	0.0
GGGCGG	15.403380518152218
GGGCGC	3.397994799310983
CCCCGG	0.6614484948087266
CCCCGC	1.7509911225448986
CCGCGG	2.998398602835941
CCGCGC	0.0
CCCCCG	1.7509911225448984
CCCCCC	3.4764270407603406
