	Drosophila_melanogaster 5-mer OE values GC sorted
AAAAA	1.6355949217218544
AAAAT	1.1997398538275956
AATAT	0.7949506965894341
AATAA	1.403862259513541
AATTA	1.0785547288862052
AATTT	1.3696222827756555
ATAAA	1.3163812285052787
ATAAT	1.065663636509079
ATATT	0.8244328304086469
ATATA	1.4395053154457318
ATTAA	1.0527725441319533
ATTAT	1.037189689868943
ATTTT	1.3670594134312015
ATTTA	1.2189195073246126
TTATT	1.4585015146640579
TTATA	0.8864869144179001
TTTTT	1.7779986194329116
TTTTA	1.3396267830613444
TTTAA	1.1391356850270014
TTTAT	1.3350546779997017
TTAAA	1.0441784825472025
TTAAT	1.187892465319986
AAATA	1.0372750819551089
AAATT	1.2461389297888423
TAAAT	1.1559012831489608
TAAAA	1.1497506932514459
TAATT	1.2100546381804334
TAATA	1.078554728886205
TATTT	1.1796031059038463
TATTA	1.0238923861526745
TATAA	0.928158651153069
TATAT	1.374054717347745
GAAAT	0.9406490744427978
GAAAA	0.9341555500368756
ATACT	0.4397927924240485
ATACA	0.30697763525077637
GAATA	1.0094770554995878
GAATT	0.9939554834617244
ATTAC	0.7388518912724016
ATTAG	1.2306115509526108
ATTTG	0.8788080210105775
ATTTC	0.9798863920861286
ATTGA	0.8046306294690146
ATTGT	0.48822667833920974
ATTCA	1.0027275667268307
ATTCT	0.9980324363840198
GATAA	0.8488784330337442
GATAT	0.70996820247266
GATTA	1.1596147307053446
GATTT	0.9276306888444985
ATGAA	1.215960998669958
ATGAT	0.7809650227199258
ATGTA	0.7572994159708374
ATGTT	0.43940401050528877
ATAAC	0.6139552705015527
ATAAG	0.6653371502156373
AATTC	1.1610529719994882
AATTG	0.8046306294690146
AATAG	0.7800504519769542
AATAC	0.3581405744592392
AATGA	1.3536169607835382
AATGT	0.6153057754763056
AACAT	0.648063896640528
AACAA	0.777066562155474
GTAAT	0.5443089552290393
GTAAA	0.6194518295111107
TCATT	0.8891561705966721
TCATA	0.8092187380602492
TCAAT	0.879585584848097
TCAAA	0.7333354619879658
TCTTT	0.7861494681129706
TCTTA	0.6895496833198683
GTATA	0.6863025957235713
GTATT	0.8055740192596961
ATCAA	0.7503897750574534
ATCAT	0.8092187380602492
ATCTA	0.5453430626058202
ATCTT	0.544381328936738
GTTAA	0.5916401687272167
GTTAT	0.4149926765883283
TGATA	0.7809650227199261
TGATT	0.8788080210105775
CATAA	0.6651182097100156
CATAT	0.6508933327875918
CATTA	0.7388518912724015
CATTT	1.0706166135755846
AGAAA	1.000880946468081
AGAAT	0.5047385277497939
GTTTA	0.4149926765883283
GTTTT	0.5791528731225429
TGTAA	0.6389713822253941
TGTAT	0.8055740192596961
TGTTA	0.31734734092048633
TGTTT	0.402888955215682
TGAAA	0.9865343951473243
TGAAT	1.0412866969599013
TTTCT	1.0294814463384137
TTTCA	0.8347180377029981
TTCTT	1.1417885132116954
TTCTA	0.8347180377029985
TTCAT	1.0343245249798023
TTCAA	1.0027275667268307
AGATT	0.4259809214835962
AGATA	0.9865343951473245
AGTTT	0.6102833479240122
AGTTA	0.6153057754763054
AGTAT	0.6863025957235713
AGTAA	0.6194518295111107
TTGAA	0.9229586632144581
TTGAT	0.8788080210105775
TTGTA	0.707928683591854
TTGTT	0.30216671641176146
TTTAG	0.9520420227614588
TTTAC	1.161346835065041
TTACT	0.7258417719156508
TTACA	0.8092187380602494
TTTTG	0.8057779104313639
TTTTC	0.8423030015496112
TCTAA	0.7212601795754396
TCTAT	0.5262352846388468
ATATG	0.28398728098906395
ATATC	0.5101596392118963
ATAGA	1.0094770554995878
ATAGT	0.49697774173086195
AACTT	0.8619938731511352
AACTA	0.8186070273354038
AAAAG	1.089848141709688
AAAAC	0.6282665821682556
TTATC	0.5806734175325207
TTATG	0.6591060157579332
TTAAG	0.4496465282326847
TTAAC	0.6684850444845538
CAAAA	0.9423998732523834
CAAAT	0.7162811489184784
CAATA	0.5627923312930901
CAATT	0.9675441433329068
TTTGT	0.5287917537205826
TTTGA	0.8543966870936169
TACAT	0.5453430626058202
TACAA	0.4775207659456522
CTATA	0.6684850444845537
CTATT	1.161346835065041
TTAGA	0.5443089552290393
TTAGT	0.7323400175088146
TAGTA	0.6389713822253941
TAGTT	0.5858720140070517
TATAC	0.5277513509088583
TATAG	1.0886179104580787
TATTG	1.1717440280141034
TATTC	1.1613468350650413
TATGA	0.4023153147345073
TATGT	0.5126380122561702
TATCA	0.615709909393668
TATCT	0.34477484165993416
TACTA	0.6508933327875918
TACTT	0.5080892403409555
TAGAT	0.8756274497162806
TAGAA	0.7341651312724274
CTAAA	0.9550415318913044
CTAAT	1.196236395393412
CTTTT	0.8984565349862521
CTTTA	1.2157849679587152
ACATT	0.6684850444845538
ACATA	0.4093035136677019
ACAAT	0.4945750790151398
ACAAA	0.8101332243748559
ACTTT	0.7621338605114332
ACTTA	0.598118197696706
TAAAC	0.9379872188218168
TAAAG	0.963591734795061
TAATG	0.8519618429671919
TAATC	0.8268104497572112
TAAGA	0.5047385277497939
TAAGT	0.28398728098906395
ACTAA	0.9720958449607919
ACTAT	0.598118197696706
TAACT	0.7212601795754395
TAACA	0.6651182097100156
CTTAA	0.7212601795754396
CTTAT	0.6351115504261945
AAGTA	0.642394489863374
AAGTT	0.567974561978128
AAGAA	0.9119137512264737
AAGAT	0.6194518295111107
AATCT	0.7036684678784777
AATCA	0.972095844960792
AAATG	0.9865343951473243
AAATC	0.9891501580302795
AAAGA	0.8229465559848664
AAAGT	0.7112224709201641
AAACA	0.6282665821682556
AAACT	0.9891501580302796
AAACC	1.353723574837678
AAACG	0.2731686119089679
AAAGC	1.3658430595448396
AAAGG	1.9599232659847032
AATCC	1.1171046174135066
AATCG	1.2210311998527785
CACTT	0.9362483910322341
CACTA	0.6283713472950976
CACAT	0.6283713472950976
CACAA	1.0152926811282583
AAGCT	1.7845840613232917
AAGCA	1.0926744476358716
AAGGT	1.3899066688137063
AAGGA	1.9599232659847032
AAGTC	0.3757019076470088
AAGTG	0.25271030342067385
AAGAC	0.4552810198482799
AAGAG	0.4899808164961758
CTCTT	0.8914620215295533
CTCTA	0.8642292840297545
CTCAT	0.7201910700247954
CTCAA	0.9774665402368183
CTGTT	0.6995667902059339
CTGTA	1.3563922895858886
CTGAT	1.9377032708369841
CTGAA	1.314956676764531
GCATT	0.8719664718766427
GCATA	0.469627384558761
GCAAT	1.1271057229410264
GCAAA	0.4552810198482798
ACCTT	1.5124012470520705
ACCTA	0.83782846306013
ACCAT	0.9774665402368183
ACCAA	1.0829788598701422
CTTAC	0.6481719630223161
CTTAG	0.38754065416739675
GCTTT	2.098700370617802
GCTTA	0.5813109812510951
GCTAT	2.519014252088079
GCTAA	1.7845840613232922
ACGTT	0.7750813083347935
ACGTA	0.2817764307352566
ACGAT	0.3757019076470088
ACGAA	1.0926744476358716
ACTCT	0.5761528560198363
ACTCA	0.6283713472950975
ACTGT	0.9688516354184918
ACTGA	0.8453292922057698
TAACC	0.9774665402368183
TAACG	0.5635528614705132
TAAGC	1.1271057229410262
TAAGG	0.8844860619723584
ACTTC	1.1523057120396727
ACTTG	0.7750813083347935
ACTAC	0.48873327011840917
ACTAG	0.2817764307352566
ACACT	0.418914231530065
ACACA	0.609175608676955
ACAGT	0.939254769117522
ACAGA	0.5463372238179358
CTTCT	1.1886160287060714
CTTCA	1.8724967820644687
CTTGT	0.39975245154624794
CTTGA	1.6470477802114363
CTTTC	0.7428850179412945
CTTTG	0.09993811288656199
ACATC	0.7680094244717859
ACATG	1.1271057229410264
ACAAC	0.8122341449026067
ACAAG	0.8195058357269038
CCTTT	1.5600585376767182
CCTTA	0.792210177027275
CTAGT	0.2906554906255476
CTAGA	0.469627384558761
TATCC	0.7922101770272753
TATCG	0.6781961447929443
TATGC	0.38754065416739675
TATGG	0.651683650715614
GGTAT	1.4337040315743508
GGTAA	1.1371963653930324
CGATT	1.2595071260440394
CGATA	0.0939254769117522
TAGCT	2.2283587614625313
TAGCA	0.939254769117522
TAGGT	1.303367301431228
TAGGA	3.7906545513101078
TAGTC	0.38754065416739675
TAGTG	0.5213469205724912
TAGAC	0.8453292922057697
TAGAG	0.7581309102620215
GGAAT	2.6534581859170756
GGAAA	0.9799616329923516
TACCT	1.6564394610570297
TACCA	1.256742694590195
TACGT	0.4844258177092459
TACGA	1.2210311998527785
TACTC	0.5041337490173569
TACTG	0.9688516354184918
TACAC	1.1171046174135066
TACAG	0.6574783383822654
GGTTT	1.0755501770656481
GGTTA	0.651683650715614
CTATC	0.3600955350123977
CTATG	0.09688516354184919
CTAAC	0.83782846306013
CTAAG	0.1878509538235044
CCTAT	1.3683630330471113
CCTAA	1.4661998103552276
AGCTT	2.4221290885462303
AGCTA	3.7570190764700886
AGCAT	0.8453292922057699
AGCAA	1.0926744476358716
CAAGT	0.6574783383822654
CAAGA	1.0926744476358716
TTAGC	1.8408181072951346
TTAGG	3.25841825357807
CGAAT	1.408882153676283
CGAAA	0.4552810198482798
GGATT	3.9101019042936844
GGATA	0.7581309102620215
CAATC	0.7680094244717859
CAATG	0.7514038152940176
CAAAC	0.8799203236444906
CAAAG	0.2731686119089679
CTACT	0.9362483910322341
CTACA	0.9076475016484741
AGGTT	1.0426938411449824
AGGTA	2.021682427365391
AGGAT	2.5271030342067387
AGGAA	2.9398848989770547
AGTCT	0.1937703270836984
AGTCA	0.28177643073525666
TTTGC	0.8994430159790577
TTTGG	1.4788814934652663
TTACC	1.4403821400495913
TTACG	1.3563922895858886
AGTGT	0.2606734602862456
AGTGA	0.0
AGTTC	0.6781961447929444
AGTTG	0.9123571110018597
AGTAC	0.6574783383822654
AGTAG	1.0108412136826954
AGACT	0.6574783383822655
AGACA	0.36422481587862393
AGAGT	0.12635515171033695
AGAGA	0.6124760206202199
AGATC	0.6574783383822655
AGATG	1.3899066688137065
TTGCT	1.2991954675253057
TTGCA	1.16262196250219
TTGGT	1.478881493465266
TTGGA	2.7370713330055785
TTGTC	0.49969056443280985
TTGTG	0.26888754426641204
TTGAC	1.2595071260440394
TTGAG	1.0426938411449824
TTTCC	0.520019512558906
TTTCG	0.49969056443280985
GTCTT	0.39975245154624794
GTCTA	0.38754065416739675
GTCAT	0.3875406541673968
GTCAA	0.7514038152940177
TTCCT	1.114327526911942
TTCCA	1.4403821400495913
TTCGT	0.39975245154624794
TTCGA	0.9688516354184918
TTCTC	1.4114815340884594
TTCTG	0.8994430159790578
TTCAC	0.7201910700247957
TTCAG	0.9688516354184918
AGAAC	1.0016182436662158
AGAAG	1.5924376536125717
CATGT	0.38754065416739675
CATGA	1.408882153676283
CATTC	0.7201910700247954
CATTG	0.2906554906255476
CATAC	0.48873327011840917
CATAG	0.3757019076470088
GTTCT	0.8994430159790578
GTTCA	0.4844258177092459
GTTGT	0.40333131639961817
GTTGA	1.3033673014312281
TGACT	0.9688516354184921
TGACA	0.28177643073525666
TGAGT	0.2606734602862456
TGAGA	0.5054206068413477
TGATC	1.1626219625021905
TGATG	1.0426938411449824
TGAAC	1.1271057229410264
TGAAG	1.0108412136826954
TGTCT	0.19987622577312397
TGTCA	0.38754065416739675
TGTGT	0.2688875442664121
TGTGA	0.1303367301431228
TGTTC	0.599628677319372
TGTTG	0.6722188606660302
TGTAC	0.1937703270836984
TGTAG	1.9550509521468422
GTGTT	0.40333131639961817
GTGTA	0.2606734602862456
GTGAT	0.0
GTGAA	0.12635515171033695
GTTAC	0.48442581770924603
GTTAG	0.2606734602862456
GTACT	0.3875406541673968
GTACA	0.4696273845587611
GTAGT	0.6516836507156141
GTAGA	1.516261820524043
CCAAT	1.1171046174135066
CCAAA	1.21835121735391
TGGTT	0.8066626327992363
TGGTA	0.2606734602862456
TGGAT	2.6067346028624567
TGGAA	1.2635515171033695
CAACT	1.1171046174135066
CAACA	0.9476065023863744
ATCCT	1.1523057120396727
ATCCA	0.9076475016484741
ATCGT	0.2906554906255476
ATCGA	1.2210311998527785
ATCTC	0.2880764280099182
ATCTG	0.9688516354184918
ATCAC	1.605837887531916
ATCAG	1.0331802460292743
CAGTT	1.1626219625021903
CAGTA	0.939254769117522
GTAAC	1.3149566767645309
GTAAG	0.37906545513101075
CGTTT	0.19987622577312397
CGTTA	0.4844258177092459
TGCTT	0.9993811288656199
TGCTA	1.1626219625021903
TGCAT	0.7750813083347936
TGCAA	0.28177643073525666
CCATT	1.296343926044632
CCATA	0.83782846306013
GTTTC	0.39975245154624794
GTTTG	0.9411064049324424
GACTT	0.9688516354184921
GACTA	0.6574783383822655
GACAT	0.6574783383822655
GACAA	0.8195058357269038
TCAGT	0.5813109812510951
TCAGA	0.469627384558761
TCATC	1.0082674980347137
TCATG	0.7750813083347935
TCAAC	1.1869236560018508
TCAAG	1.2210311998527785
GTATC	0.5813109812510953
GTATG	0.9123571110018597
GAGAT	0.8844860619723585
GAGAA	1.1024568371163956
TCTGT	0.299814338659686
TCTGA	1.3563922895858886
TCTTC	1.4114815340884594
TCTTG	0.7995049030924959
TCTAC	1.008267498034714
TCTAG	0.8719664718766427
TCACT	1.080286605037193
TCACA	0.9076475016484741
CGTAT	0.1937703270836984
CGTAA	0.37570190764700884
CAGAT	0.7514038152940176
CAGAA	0.8195058357269037
CATCT	0.648171963022316
CATCA	1.1869236560018508
ATGCT	0.9688516354184918
ATGCA	0.2817764307352566
ATGGT	0.651683650715614
ATGGA	1.0108412136826954
ATGTC	0.4844258177092459
ATGTG	0.3910101904293684
ATGAC	0.6574783383822653
ATGAG	1.6426169722343797
GATTC	0.3875406541673968
GATTG	0.7820203808587369
GATAC	0.939254769117522
GATAG	0.7581309102620215
TCGTT	0.19987622577312397
TCGTA	0.38754065416739675
TCGAT	0.9688516354184921
TCGAA	0.8453292922057699
TCTCT	0.3714425089706473
TCTCA	0.6481719630223161
GAGTT	0.6516836507156141
GAGTA	0.7581309102620215
ATTCC	1.800477675061989
ATTCG	0.6781961447929443
ATTGC	1.7439329437532853
ATTGG	2.476397872719333
GAATC	0.9392547691175221
GAATG	0.7581309102620217
GAAAC	1.1837306516055277
GAAAG	0.6124760206202199
TCCTT	1.188616028706071
TCCTA	1.4403821400495909
TCCAT	1.1523057120396727
TCCAA	1.1869236560018508
GATCT	0.6781961447929444
GATCA	1.4088821536762832
GATGT	0.9123571110018597
GATGA	1.8953272756550539
ATACC	1.4661998103552276
ATACG	0.3757019076470088
ATAGC	1.033180246029274
ATAGG	1.7689721239447167
AATGC	0.37570190764700884
AATGG	0.6317757585516848
GAACT	1.0331802460292743
GAACA	1.6390116714538077
GAAGT	1.0108412136826956
GAAGA	0.7349712247442639
AACCT	1.1869236560018508
AACCA	0.9476065023863744
AACGT	0.1878509538235044
AACGA	0.4552810198482798
AACTC	0.9774665402368183
AACTG	1.408882153676283
AACAC	0.40611707245130335
AACAG	1.6390116714538077
CCCTT	1.4742032676474406
CCCTA	3.4300049233566656
CCCAT	2.572503692517499
CCCAA	2.4939178233680868
GAACC	1.4911082241218805
GAACG	0.5014858909166663
GAAGC	2.507429454583331
GAAGG	2.0239021800305728
CGCTT	0.39664036566027766
CGCTA	0.7690472750453964
CGCAT	0.7690472750453964
CGCAA	1.4911082241218803
TCCCT	0.5896813070589763
TCCCA	0.8575012308391664
TCCGT	0.39664036566027766
TCCGA	1.1535709125680946
TCCTC	1.4742032676474406
TCCTG	2.776482559621943
TCCAC	1.4291687180652772
TCCAG	3.460712737704285
GATCC	1.1535709125680949
GATCG	1.0345764355509357
GATGC	0.5172882177754679
GATGG	0.6958924605344301
TCGCT	0.0
TCGCA	1.5380945500907928
TCGGT	0.0
TCGGA	2.069152871101871
TCGTC	1.189921096980833
TCGTG	0.5335884919119005
TCGAC	3.0761891001815864
TCGAG	3.103729306652807
TCTCC	1.7690439211769289
TCTCG	1.9832018283013881
CGGTT	1.6007654757357015
CGGTA	1.0345764355509355
CGGAT	1.0345764355509355
CGGAA	1.5044576727499985
GAGCT	13.96678187993763
GAGCA	2.5074294545833307
GAGGT	2.08767738160329
GAGGA	10.119510900152862
GAGTC	0.5172882177754679
GAGTG	0.0
GAGAC	1.0029717818333324
GAGAG	0.0
TCTGC	0.7932807313205553
TCTGG	0.5335884919119005
TCACC	1.7150024616783324
TCACG	0.7690472750453964
CGTAC	0.3845236375226983
CGTAG	0.5172882177754679
GACCT	3.0761891001815864
GACCA	1.8638852801523504
GACGT	2.069152871101871
GACGA	2.0059435636666647
GACTC	0.3845236375226983
GACTG	1.5518646533264036
GACAC	0.0
GACAG	0.5014858909166663
TCAGC	3.4607127377042834
TCAGG	2.069152871101871
TGCCT	0.7932807313205553
TGCCA	1.1535709125680946
TGCGT	0.0
TGCGA	0.5172882177754677
CGTCT	0.39664036566027766
CGTCA	0.7690472750453964
CGTGT	0.0
CGTGA	0.0
CGTTC	1.189921096980833
CGTTG	0.5335884919119005
TGCTC	1.9832018283013881
TGCTG	3.201530951471403
TGCAC	1.9226181876134916
TGCAG	3.103729306652807
CCACT	1.1433349744522219
CCACA	1.3855099018711594
CCAGT	1.1535709125680946
CCAGA	2.23666233618282
CCATC	1.7150024616783328
CCATG	1.9226181876134916
GTACC	0.7690472750453966
GTACG	0.5172882177754679
GTAGC	1.0345764355509357
GTAGG	3.4794623026721503
CCAAC	2.2168158429938547
CCAAG	1.8638852801523502
TGGCT	1.6007654757357017
TGGCA	1.0345764355509357
TGGGT	0.7178207347274286
TGGGA	2.7835698421377204
TGGTC	3.2015309514714034
TGGTG	2.1534622041822855
TGGAC	2.0691528711018714
TGGAG	10.438386908016453
TGTCC	0.7932807313205553
TGTCG	1.067176983823801
TGTGC	0.5335884919119006
TGTGG	1.4356414694548572
GTGTC	0.0
GTGTG	0.0
GTGAC	0.0
GTGAG	0.6958924605344302
GTTCC	1.9832018283013881
GTTCG	0.5335884919119005
GTTGC	0.0
GTTGG	2.1534622041822855
TGACC	1.9226181876134916
TGACG	1.5518646533264036
TGAGC	6.207458613305614
TGAGG	4.17535476320658
GTCCT	1.9832018283013881
GTCCA	1.1535709125680946
GTCGT	0.0
GTCGA	1.5518646533264033
GTCTC	0.39664036566027766
GTCTG	0.5335884919119005
GTCAC	0.0
GTCAG	0.0
GTGCT	0.5335884919119006
GTGCA	1.5518646533264036
GTGGT	0.0
GTGGA	5.567139684275441
TTCCC	2.063884574706417
TTCCG	1.5865614626411106
TTCGC	0.0
TTCGG	0.0
TTGCC	1.1899210969808327
TTGCG	0.0
TTGGC	0.5335884919119005
TTGGG	1.4356414694548567
CGAAC	1.11833116809141
CGAAG	0.5014858909166662
GGACT	0.5172882177754677
GGACA	3.510401236416663
GGAGT	5.567139684275441
GGAGA	2.6985362400407635
GGATC	3.103729306652807
GGATG	1.3917849210688602
GGAAC	4.011887127333329
GGAAG	0.0
TACCC	1.7150024616783324
TACCG	1.5380945500907928
TACGC	0.3845236375226982
TACGG	0.5172882177754677
GGTTC	2.134353967647602
GGTTG	2.153462204182285
GGTAC	1.0345764355509355
GGTAG	0.0
CGACT	1.1535709125680946
CGACA	1.11833116809141
CGAGT	0.5172882177754677
CGAGA	2.5074294545833307
CGATC	0.7690472750453964
CGATG	1.5518646533264033
TAGCC	0.7690472750453964
TAGCG	0.0
TAGGC	0.5172882177754677
TAGGG	3.4794623026721494
CTCTC	0.29484065352948813
CTCTG	0.0
CTCAC	0.8575012308391664
CTCAG	1.1535709125680949
GGGTT	2.153462204182285
GGGTA	1.3917849210688602
GGGAT	1.3917849210688598
GGGAA	0.0
GGTCT	2.6679424595595025
GGTCA	1.5518646533264033
GGTGT	0.7178207347274285
GGTGA	0.6958924605344301
CTGTC	0.0
CTGTG	0.5335884919119005
CTGAC	0.3845236375226983
CTGAG	1.0345764355509357
GGCTT	1.067176983823801
GGCTA	0.5172882177754677
GGCAT	0.5172882177754677
GGCAA	0.5014858909166662
CTCCT	3.5380878423538573
CTCCA	3.1441711797436103
CTCGT	1.189921096980833
CTCGA	2.691665462658887
GCACT	0.7690472750453964
GCACA	1.8638852801523502
GCAGT	2.586441088877339
GCAGA	1.5044576727499985
GCATC	1.5380945500907928
GCATG	1.0345764355509355
GCAAC	0.7455541120609401
GCAAG	0.5014858909166662
CTGCT	3.5697632909424986
CTGCA	1.5380945500907928
CTGGT	0.5335884919119005
CTGGA	6.207458613305613
ACCCT	1.7150024616783328
ACCCA	3.0481217841165504
ACCGT	0.3845236375226982
ACCGA	1.11833116809141
ACCTC	4.5733398978088875
ACCTG	2.691665462658888
ACCAC	1.1084079214969274
ACCAG	3.3549935042742303
ACGCT	0.3845236375226982
ACGCA	0.7455541120609401
ACGGT	2.069152871101871
ACGGA	1.0029717818333324
GCTCT	1.9832018283013881
GCTCA	1.922618187613491
GCTGT	4.268707935295204
GCTGA	4.138305742203742
GCTTC	2.7764825596219436
GCTTG	2.134353967647602
GCTAC	3.845236375226983
GCTAG	0.0
ACGTC	0.0
ACGTG	0.0
ACGAC	1.8638852801523502
ACGAG	1.5044576727499985
ACTCC	1.1433349744522217
ACTCG	1.1535709125680946
ACTGC	2.3071418251361893
ACTGG	3.1037293066528067
ACACC	2.771019803742319
ACACG	0.0
ACAGC	1.8638852801523502
ACAGG	5.014858909166661
GCGTT	0.0
GCGTA	0.0
GCGAT	1.0345764355509355
GCGAA	1.0029717818333324
CTTCC	2.653565881765393
CTTCG	0.39664036566027766
CTTGC	0.39664036566027766
CTTGG	1.067176983823801
CCTCT	2.063884574706417
CCTCA	2.0008362052913884
CCTGT	0.39664036566027766
CCTGA	2.3071418251361893
CCTTC	2.948406535294881
CCTTG	1.5865614626411102
CTAGC	1.1535709125680946
CTAGG	1.0345764355509355
GCCTT	1.5865614626411106
GCCTA	0.3845236375226982
GCCAT	0.7690472750453964
GCCAA	1.8638852801523502
CCTAC	1.1433349744522219
CCTAG	0.3845236375226983
AGCCT	1.5380945500907932
AGCCA	1.4911082241218805
AGCGT	0.0
AGCGA	1.0029717818333324
AGCTC	4.229760012749681
AGCTG	8.793899702182953
AGCAC	1.1183311680914103
AGCAG	4.01188712733333
CAAGC	1.4911082241218803
CAAGG	2.5074294545833307
CTACC	2.2866699489044433
CTACG	0.3845236375226982
CCGTT	0.39664036566027766
CCGTA	0.3845236375226982
CCGAT	1.1535709125680946
CCGAA	0.37277705603047007
AGGCT	0.5172882177754677
AGGCA	1.5044576727499985
AGGGT	3.4794623026721503
AGGGA	0.6746340600101909
AGGTC	2.0691528711018714
AGGTG	2.08767738160329
AGGAC	3.510401236416663
AGGAG	14.167315260214007
AGTCC	1.5380945500907932
AGTCG	0.5172882177754679
AGTGC	1.0345764355509357
AGTGG	2.08767738160329
AGACC	1.8638852801523504
AGACG	1.5044576727499988
AGAGC	1.5044576727499988
AGAGG	0.6746340600101909
CATGC	1.922618187613491
CATGG	1.5518646533264033
CAACC	2.2168158429938547
CAACG	0.37277705603047007
ATCCC	2.0008362052913875
ATCCG	0.3845236375226982
ATCGC	1.1535709125680946
ATCGG	2.586441088877339
CAGCT	9.228567300544757
CAGCA	1.8638852801523502
CAGGT	3.6210175244282743
CAGGA	5.516344800083328
CAGTC	0.3845236375226982
CAGTG	0.5172882177754677
CAGAC	1.11833116809141
CAGAG	0.0
CATCC	2.0008362052913875
CATCG	0.7690472750453964
ATGCC	0.3845236375226982
ATGCG	0.0
ATGGC	0.5172882177754677
ATGGG	0.0
AACCC	3.3252237644907825
AACCG	1.11833116809141
AACGC	0.7455541120609401
AACGG	1.0029717818333324
CACCT	2.2866699489044437
CACCA	1.6626118822453912
CACGT	0.0
CACGA	0.7455541120609401
CACTC	0.5716674872261109
CACTG	1.1535709125680949
CACAC	0.8313059411226956
CACAG	1.8638852801523502
AAGCC	1.4911082241218803
AAGCG	0.5014858909166662
AAGGC	2.0059435636666647
AAGGG	0.0
CCCCA	9.075472594798047
CCCCT	14.042174851973972
CCCGT	1.5742100298581183
CCCGA	0.0
CCCAG	7.6306021690215
CCCAC	2.2688681486995117
CCCTG	1.5742100298581183
CCCTC	2.3403624753289956
CACCC	6.806604446098535
CACCG	3.0522408676086
CACGC	0.0
CACGG	4.106088896897786
CAGGG	0.0
CAGGC	2.053044448448893
CAGCG	2.053044448448893
CAGCC	3.0522408676086
GCCAC	4.578361301412899
GCCAG	0.0
GCCTG	2.117737952329401
GCCTC	1.574210029858118
GCCCA	4.578361301412899
GCCCT	0.0
GCCGT	0.0
GCCGA	2.053044448448893
GCGTC	0.0
GCGTG	0.0
GCGAC	6.159133345346679
GCGAG	0.0
GCGGA	0.0
GCGGT	0.0
GCGCT	0.0
GCGCA	0.0
GGCCA	4.106088896897786
GGCCT	0.0
GGCGT	0.0
GGCGA	5.52379932008344
CTGCC	3.148420059716236
CTGCG	4.235475904658802
CTGGC	6.353213856988204
CTGGG	5.697859814983565
GCTCC	7.871050149290591
GCTCG	4.235475904658802
GCTGC	10.588689761647005
GCTGG	17.093579444950695
GCAGG	13.809498300208602
GCAGC	8.212177793795572
GCACG	0.0
GCACC	4.578361301412899
GGGTC	2.8489299074917827
GGGTG	3.8325807066325264
GGGAC	5.52379932008344
GGGAG	7.431003004247385
GGGGA	0.0
GGGGT	0.0
GGGCT	0.0
GGGCA	2.76189966004172
CTCGG	0.0
CTCGC	3.148420059716236
CTCCG	0.0
CTCCC	0.0
GGCAG	5.523799320083441
GGCAC	4.106088896897786
GGCTG	5.697859814983565
GGCTC	0.0
CGGCA	0.0
CGGCT	2.117737952329401
CGGGT	2.8489299074917827
CGGGA	2.76189966004172
GTGCC	2.1177379523294015
GTGCG	0.0
GTGGC	0.0
GTGGG	7.6651614132650545
CGTCC	1.574210029858118
CGTCG	0.0
CGTGC	0.0
CGTGG	2.8489299074917827
GACCC	7.630602169021502
GACCG	4.106088896897787
GACGC	0.0
GACGG	8.285698980125161
CGACC	10.6828430366301
CGACG	6.159133345346679
CGAGC	4.106088896897786
CGAGG	11.047598640166882
GGTCC	4.235475904658802
GGTCG	2.8489299074917827
GGTGC	5.697859814983565
GGTGG	15.330322826530105
GGACC	6.159133345346679
GGACG	5.523799320083441
GGAGC	52.47609354079269
GGAGG	33.43951351911324
GTCGG	0.0
GTCGC	2.117737952329401
GTCCG	2.117737952329401
GTCCC	0.0
GAGCC	6.159133345346679
GAGCG	2.7618996600417205
GAGGC	2.7618996600417205
GAGGG	3.7155015021236935
CGGAG	5.523799320083441
CGGAC	0.0
CGGTG	2.8489299074917827
CGGTC	0.0
TGCGG	2.8489299074917827
TGCGC	0.0
TGCCG	2.117737952329401
TGCCC	1.574210029858118
CCAGG	0.0
CCAGC	21.3656860732602
CCACG	3.0522408676086
CCACC	3.4033022230492675
TCGCC	1.574210029858118
TCGCG	2.117737952329401
TCGGC	2.117737952329401
TCGGG	0.0
TCCGG	0.0
TCCGC	3.148420059716236
TCCCG	0.0
TCCCC	10.53163113898048
CGCTC	1.574210029858118
CGCTG	4.235475904658802
CGCAC	0.0
CGCAG	2.053044448448893
CGCGA	4.106088896897786
CGCGT	0.0
CGCCT	1.5742100298581183
CGCCA	1.5261204338043
CCGCA	1.5261204338043
CCGCT	7.871050149290592
CCGGT	4.235475904658802
CCGGA	2.053044448448893
ACGCC	0.0
ACGCG	0.0
ACGGC	2.053044448448893
ACGGG	2.7618996600417205
CCTCC	9.361449901315982
CCTCG	3.1484200597162366
CCTGC	6.296840119432472
CCTGG	10.588689761647005
AGCCC	3.052240867608601
AGCCG	2.0530444484488934
AGCGC	0.0
AGCGG	2.7618996600417205
AGGCC	4.106088896897786
AGGCG	2.7618996600417205
AGGGC	0.0
AGGGG	0.0
CCGAG	6.159133345346679
CCGAC	0.0
CCGTG	0.0
CCGTC	1.574210029858118
TGGCC	0.0
TGGCG	0.0
TGGGC	2.848929907491783
TGGGG	0.0
ACCGG	8.212177793795572
ACCGC	4.578361301412899
ACCCG	4.578361301412899
ACCCC	10.209906669147802
CGGCC	16.810010345863308
CGGCG	0.0
CGGGG	0.0
CGGGC	11.307003580612788
GGGGC	0.0
GGGGG	0.0
GGGCG	15.210975762837881
GGGCC	0.0
GCGCC	0.0
GCGCG	0.0
GCGGG	15.210975762837881
GCGGC	11.307003580612788
GGCCC	16.810010345863308
GGCCG	0.0
GGCGG	0.0
GGCGC	0.0
GCCGG	0.0
GCCGC	8.405005172931657
GCCCG	0.0
GCCCC	12.495638027060622
CCCGC	12.495638027060622
CCCGG	0.0
CCCCG	0.0
CCCCC	60.375709603376784
CGCGC	0.0
CGCGG	0.0
CGCCG	0.0
CGCCC	0.0
CCGGC	0.0
CCGGG	11.307003580612792
CCGCG	8.405005172931657
CCGCC	6.247819013530311
