	Falco_peregrinus 6-mer OE values GC sorted
AATTAA	0.743017701493474
AATTAT	0.8013538020239535
AATTTA	0.2671179340079845
AATTTT	1.152360012827834
ATTTAA	0.534235868015969
ATTTAT	0.19206000213797234
ATTTTA	1.3444200149658063
ATTTTT	3.590410949058623
TAAAAA	1.0979794626236177
TAAAAT	0.9287721268668423
ATTAAA	0.5572632761201055
ATTAAT	1.20203070303593
ATTATA	0.2671179340079845
ATTATT	0.9603000106898616
TAAATA	0.5572632761201054
TAAATT	0.26711793400798445
TAATAA	2.1361758917937377
TAATAT	0.8013538020239535
TAATTA	1.068471736031938
TAATTT	0.9603000106898616
ATATTA	0.8013538020239535
ATATTT	0.7682400085518893
TATAAA	0.5572632761201055
TATAAT	0.9349127690279457
ATATAA	0.371508850746737
ATATAT	0.4006769010119767
TATTAA	1.068471736031938
TATTAT	0.38412000427594467
ATAAAA	1.0333924354104638
ATAAAT	0.3715088507467369
ATAATA	1.1145265522402108
ATAATT	1.0684717360319378
TTTTTA	0.8285563728596821
TTTTTT	2.382955518637764
TATTTA	1.152360012827834
TATTTT	1.6571127457193646
TATATA	0.8013538020239535
TATATT	0.7682400085518893
AAAAAA	0.6287955407993266
AAAAAT	1.3563275714762337
TTAAAA	0.6501404888067897
TTAAAT	0.5342358680159689
TTATAA	0.4006769010119766
TTATAT	0.7682400085518891
TTATTA	0.7682400085518891
TTATTT	1.1047418304795762
TTAATA	1.0684717360319378
TTAATT	0.5761800064139169
TTTATA	0.7682400085518891
TTTATT	1.38092728809947
TTTTAA	0.7682400085518891
TTTTAT	1.38092728809947
TTTAAA	0.667794835019961
TTTAAT	0.9603000106898611
AAATTA	0.46438606343342115
AAATTT	0.4006769010119766
AATAAA	3.3585254150840074
AATAAT	1.3002809776135793
AATATA	0.3715088507467369
AATATT	0.6677948350199611
AAATAA	2.7772421701656214
AAATAT	0.09287721268668422
AAAATA	2.6480681157393136
AAAATT	1.0216493395535264
AAAACT	1.096207575378932
AAAACA	1.0481697434118953
AAAAGT	0.3116613809078458
AAAAGA	0.7585551426119119
AAAATC	1.2332335223012985
AAAATG	0.9349841427235372
AAATCT	0.689659517981167
AAATCA	1.1647205488401153
AAATAC	0.4110778407670995
AAATAG	4.986582094525533
AAACTT	1.0837506711132623
AAACTA	0.8221556815341989
TTGAAT	0.0
TTGAAA	0.6722613257598987
AATATC	0.19704557656604768
AATATG	0.22408710858663294
AATAAC	1.370259469223665
AATAAG	0.7791534522696144
AAATGT	0.22408710858663294
AAATGA	1.5583069045392288
AAATTC	0.8867050945472145
AAATTG	1.7926968686930635
TTAGAT	0.9667228982001849
TTAGAA	0.8963484343465316
TTATCT	1.222406640826513
TTATCA	0.425032194080483
TTTAAC	0.8500643881609659
TTTAAG	0.6444819321334566
TTACTT	0.4074688802755044
TTACTA	0.425032194080483
TTACAT	0.9917417861877936
TTACAA	0.6896595179811669
AAGTTT	0.32224096606672836
AAGTTA	0.4481742171732659
AAGTAT	0.8963484343465318
AAGTAA	0.6233227618156916
TTTTAC	1.018672200688761
TTTTAG	0.9267756710018304
TTTACT	0.4074688802755044
TTTACA	0.850064388160966
TTTAGT	0.4633878355009151
TTTAGA	0.3222409660667283
TTTATC	0.6112033204132565
TTTATG	0.4633878355009151
AAGATT	0.22408710858663294
AAGATA	0.6233227618156916
AAGAAT	0.3116613809078458
AAGAAA	0.6501901222387817
TTATGT	0.0
TTATGA	1.2889638642669135
TTATTC	2.2410788415152743
TTATTG	0.4633878355009152
TTATAC	0.7083869901341383
TTATAG	0.32224096606672836
TTAACT	0.9917417861877936
TTAACA	1.182273459396286
TTAGTT	0.9267756710018302
TTAGTA	0.9667228982001849
TTAAAC	0.6896595179811669
TTAAAG	0.8963484343465318
CTATTT	2.037344401377522
CTATTA	0.5667095921073106
CTATAT	0.850064388160966
CTATAA	0.591136729698143
AAAAAC	1.0481697434118953
AAAAAG	0.6501901222387816
TTAAGT	0.32224096606672836
TTAAGA	0.0
TTAATC	0.850064388160966
TTAATG	2.255686762467098
TACTTT	1.018672200688761
TACTTA	0.850064388160966
TACTAT	1.275096582241449
TACTAA	1.3793190359623337
TTCTTT	2.0508144470064646
TTCTTA	1.8336099612397698
TTCATT	0.8149377605510087
TTCATA	0.850064388160966
TTCAAT	0.7083869901341383
TTCAAA	0.7881823062641907
AACATT	1.4778418242453577
AACATA	0.9591816284565655
AACAAT	1.0276946019177489
AACAAA	2.2392717245617764
TTGTTT	1.332718733506764
TTGTTA	0.0
TAGTTT	1.3901635065027456
TAGTTA	0.32224096606672836
TAGTAT	1.611204830333642
TAGTAA	1.3445226515197977
CTAAAT	0.8867050945472147
CTAAAA	0.6851297346118325
TTCTAT	0.8149377605510087
TTCTAA	0.9917417861877936
TACATT	1.7001287763219322
TACATA	0.689659517981167
TACAAT	0.8867050945472147
TACAAA	0.548103787689466
AACTTT	0.5667095921073108
AACTTA	1.28079624767931
AACTAT	0.9852278828302385
AACTAA	0.7536427080730158
CTAATT	1.7001287763219322
CTAATA	1.970455765660477
TATCAT	0.42503219408048304
TATCAA	0.8867050945472147
TATGTT	0.4633878355009152
TATGTA	0.6444819321334567
TATCTT	1.0186722006887612
TATCTA	0.991741786187794
TGAATT	0.6444819321334567
TGAATA	0.8963484343465318
TGAAAT	1.1204355429331647
TGAAAA	0.7791534522696144
TAGATT	0.0
TAGATA	0.6722613257598988
TAGAAT	1.1204355429331647
TAGAAA	1.09081483317746
TATAAC	0.1970455765660477
TATAAG	0.22408710858663294
TATGAT	2.9001686946005556
TATGAA	1.1204355429331647
TATTCT	2.8522821619285312
TATTCA	1.2750965822414493
TATTGT	0.9267756710018306
TATTGA	0.32224096606672836
TATTTC	0.20373444013775224
TATTTG	3.2437148485064062
TATTAC	0.7083869901341385
TATTAG	0.32224096606672836
TTTGAT	0.0
TTTGAA	0.3222409660667283
TTTTCT	1.7578409545769698
TTTTCA	2.6485477217907785
TTTTGT	0.0
TTTTGA	0.4633878355009151
TTTTTC	3.2227084167244446
TTTTTG	1.3327187335067643
AATCTT	1.4167739802682768
AATCTA	0.3940911531320954
AATCAT	1.6748874008114054
AATCAA	1.644311363068398
TTGATT	0.4633878355009151
TTGATA	0.0
TAACAT	0.689659517981167
TAACAA	0.8906686549953823
ATAAAC	5.001447062666378
ATAAAG	1.2466455236313831
TATACT	0.9917417861877939
TATACA	0.7881823062641908
TATAGT	0.0
TATAGA	0.22408710858663294
TATATC	0.28335479605365543
TATATG	1.2889638642669135
TAATCT	1.4167739802682768
TAATCA	1.6748874008114054
ATATAC	0.8867050945472147
ATATAG	0.4481742171732659
ATAACT	0.9852278828302385
ATAACA	0.548103787689466
ATAAGT	0.22408710858663294
ATAAGA	0.7791534522696144
ATAATC	1.773410189094429
ATAATG	0.22408710858663294
TAACTT	0.7083869901341384
TAACTA	0.8867050945472147
TAAACT	0.7881823062641908
TAAACA	3.083083805753246
ATAGAT	2.6890453030395958
ATAGAA	0.9349841427235376
ATATCT	0.1416773980268277
ATATCA	0.3940911531320954
ATATGT	0.32224096606672836
ATATGA	1.1204355429331647
ATATTC	0.991741786187794
ATATTG	0.9667228982001852
TAAGTT	0.9667228982001852
TAAGTA	0.0
TAAGAT	0.0
TAAGAA	0.31166138090784584
ATACTT	0.7083869901341384
ATACTA	1.970455765660477
ATACAT	0.7881823062641908
ATACAA	0.34256486730591623
ATAGTT	0.9667228982001852
ATAGTA	1.7926968686930635
TAATGT	0.6444819321334567
TAATGA	0.22408710858663294
TAATTC	0.8500643881609662
TAATTG	1.611204830333642
TAATAC	0.49261394141511927
TAATAG	1.7926968686930635
TTTCAT	1.222406640826513
TTTCAA	1.1334191842146213
TTTGTT	1.332718733506764
TTTGTA	1.3901635065027453
TTTCTT	1.1718939697179798
TTTCTA	0.8149377605510087
TTGTAT	0.9267756710018302
TTGTAA	0.9667228982001849
AATGTT	0.0
AATGTA	0.6722613257598988
AATGAT	1.3445226515197979
AATGAA	0.7791534522696146
AATTCT	1.2750965822414493
AATTCA	0.5911367296981431
AATTGT	1.2889638642669135
AATTGA	1.7926968686930635
TAAAGT	0.8963484343465318
TAAAGA	0.6233227618156916
TAAATC	0.6896595179811669
TAAATG	0.8963484343465318
TGATTT	1.3901635065027456
TGATTA	0.6444819321334567
TGATAT	0.32224096606672836
TGATAA	0.6722613257598988
ATTAAC	1.379319035962334
ATTAAG	0.8963484343465318
TAAAAC	0.7536427080730158
TAAAAG	0.7791534522696144
ATTTAC	0.991741786187794
ATTTAG	0.32224096606672836
ATTACT	0.5667095921073108
ATTACA	1.0837506711132623
ATTAGT	0.6444819321334567
ATTAGA	0.8963484343465318
ATTATC	1.2750965822414493
ATTATG	0.6444819321334567
TGTTTT	0.0
TGTTTA	1.8535513420036605
TGTATT	0.4633878355009151
TGTATA	0.9667228982001849
TGTAAT	0.3222409660667283
TGTAAA	1.1204355429331645
ATTGTT	0.9267756710018304
ATTGTA	1.2889638642669135
ATTGAT	0.6444819321334567
ATTGAA	0.6722613257598988
ATTTCT	0.20373444013775224
ATTTCA	1.416773980268277
ATTTGT	1.3901635065027458
ATTTGA	1.2889638642669135
ATTTTC	1.4261410809642656
ATTTTG	0.0
CTTTTT	0.8789204772884851
CTTTTA	1.0186722006887612
CTTTAT	0.814937760551009
CTTTAA	1.2750965822414493
TGTTAT	0.4633878355009151
TGTTAA	0.6444819321334566
GTTTAT	1.3901635065027453
GTTTAA	0.3222409660667283
ATTCTT	3.259751042204036
ATTCTA	1.5584513782951048
ATTCAT	0.8500643881609661
ATTCAA	0.689659517981167
CTTATT	2.0373444013775224
CTTATA	0.8500643881609662
CTTAAT	1.4167739802682768
CTTAAA	0.9852278828302385
ACTTAT	0.9917417861877936
ACTTAA	0.7881823062641907
ACTTTT	0.4074688802755044
ACTTTA	0.9917417861877936
TCATTT	1.8336099612397698
TCATTA	0.7083869901341383
TCATAT	1.1334191842146213
TCATAA	0.8867050945472145
TCAATT	1.1334191842146215
TCAATA	0.49261394141511927
TCAAAT	0.49261394141511927
TCAAAA	0.7536427080730158
ATGAAT	1.7926968686930635
ATGAAA	1.2466455236313831
GTTTTT	0.0
GTTTTA	0.4633878355009151
TCTTTT	1.17189396971798
TCTTTA	0.20373444013775224
TCTATT	0.6112033204132566
TCTATA	0.4250321940804831
TCTAAT	0.9917417861877939
TCTAAA	0.3940911531320954
ACTATT	1.84180617434876
ACTATA	0.49261394141511927
ACTAAT	2.068978553943501
ACTAAA	1.096207575378932
ATGTTT	0.4633878355009152
ATGTTA	0.32224096606672836
ATGTAT	0.32224096606672836
ATGTAA	0.0
ATGATT	0.966722898200185
ATGATA	1.7926968686930635
CATTAT	1.275096582241449
CATTAA	1.4778418242453575
ACAATT	1.0837506711132623
ACAATA	0.7536427080730158
ACAAAT	0.9591816284565655
ACAAAA	2.572780279283743
TCTTAT	1.83360996123977
TCTTAA	1.2750965822414493
ACATTT	0.7083869901341384
ACATTA	1.1822734593962863
ACATAT	0.49261394141511927
ACATAA	0.6166167611506492
GTTATT	0.0
GTTATA	0.3222409660667283
GTTAAT	0.0
GTTAAA	0.2240871085866329
GATAAT	0.22408710858663294
GATAAA	4.830751404071609
GAATTT	0.966722898200185
GAATTA	0.6722613257598988
GAATAT	0.4481742171732659
GAATAA	1.2466455236313831
GAAAAT	0.9349841427235374
GAAAAA	0.9752851833581726
CATAAT	1.6748874008114054
CATAAA	0.822155681534199
GAAATT	0.8963484343465318
GAAATA	4.830751404071609
CATATT	1.2750965822414493
CATATA	0.5911367296981431
CATTTT	2.852282161928531
CATTTA	0.2833547960536553
AGTAAT	0.8963484343465318
AGTAAA	1.2466455236313831
AGTTTT	0.4633878355009152
AGTTTA	0.6444819321334567
AGTTAT	0.32224096606672836
AGTTAA	0.22408710858663294
GATTTT	0.4633878355009152
GATTTA	0.966722898200185
GATTAT	0.32224096606672836
GATTAA	0.4481742171732659
GATATT	0.6444819321334567
GATATA	0.4481742171732659
ATCATT	0.9917417861877939
ATCATA	0.689659517981167
ATCAAT	0.9852278828302385
ATCAAA	0.8906686549953823
AGATAT	0.8963484343465318
AGATAA	4.830751404071609
CAAATT	0.7881823062641908
CAAATA	0.274051893844733
CAATAT	0.29556836484907156
CAATAA	1.1647205488401153
CAATTT	0.9917417861877939
CAATTA	0.7881823062641908
GTATAT	0.9667228982001852
GTATAA	0.6722613257598988
ATCTTT	0.6112033204132565
ATCTTA	1.275096582241449
ATCTAT	0.850064388160966
ATCTAA	0.49261394141511916
AGTATT	0.966722898200185
AGTATA	1.1204355429331647
AAACAT	1.370259469223665
AAACAA	2.429848041545757
GTAATT	0.32224096606672836
GTAATA	0.4481742171732659
CAAAAT	2.672005964986147
CAAAAA	1.0958138226578906
AGAATT	0.6722613257598988
AGAATA	0.9349841427235372
AGAAAT	0.6233227618156916
AGAAAA	0.758555142611912
GTAAAT	0.4481742171732659
GTAAAA	1.5583069045392288
GTATTT	0.9267756710018304
GTATTA	0.6444819321334567
AGATTT	0.0
AGATTA	0.22408710858663294
AATTTC	0.8500643881609662
AATTTG	1.2889638642669135
AATTAC	0.8867050945472147
AATTAG	0.22408710858663294
AATACT	1.28079624767931
AATACA	0.34256486730591623
AATAGT	0.8963484343465318
AATAGA	2.337460356808843
AAAGTT	0.4481742171732658
AAAGTA	0.31166138090784573
AAAGAT	0.9349841427235372
AAAGAA	0.6501901222387816
AAAACC	0.5559415637461693
AAAACG	0.5747601403330094
AAAAGC	0.8046641964662132
AAAAGG	2.3530942678413327
AAATCC	1.3081960763734055
AAATCG	0.1653029163932953
AAACCT	1.3808736361719276
AAACCA	0.7075619902223973
AAACGT	0.33060583278659056
AAACGA	4.023320982331066
AAACTC	0.7267755979852251
AAACTG	1.4877262475396575
AAACAC	0.8591824166986253
AAACAG	0.45980811226640755
GACTTT	0.6836570038553935
GACTTA	0.7131249781595052
GACTAT	0.7131249781595052
GACTAA	1.6530291639329526
ATCCTT	1.3526037978376213
ATCCTA	3.0308344358954105
ATCCAT	0.5225576613612777
ATCCAA	0.7994531577837478
CGAATT	0.4754166521063369
CGAATA	0.33060583278659056
GTAAGT	1.6219812411074879
GTAAGA	0.0
GTAATC	1.188541630265842
GTAATG	0.5406604137024961
GACATT	1.1885416302658418
GACATA	0.49590874917988575
GACAAT	0.33060583278659056
GACAAA	1.1495202806660187
AGAAGT	1.8798824729310926
AGAAGA	1.0458196745961479
AGAATC	0.49590874917988587
AGAATG	0.7519529891724369
AGAAAC	0.8046641964662133
AGAAAG	1.307274593245185
GTAAAC	0.6612116655731811
GTAAAG	0.7519529891724369
CGAAAT	5.124390408192154
CGAAAA	1.3794243367992227
ATCGTT	0.34182850192769676
ATCGTA	1.1885416302658425
ATCGAT	0.0
ATCGAA	0.6612116655731811
GTATTC	0.6836570038553935
GTATTG	1.554957222879906
GTATAC	1.1885416302658425
GTATAG	1.0813208274049921
AGATAC	0.6612116655731811
AGATAG	0.37597649458621846
AGAACT	1.4877262475396575
AGAACA	0.45980811226640755
CAAAGT	0.16530291639329528
CAAAGA	1.0345682525994169
CAAATC	0.9448082773807929
CAAATG	0.8265145819664765
CAAAAC	0.7581021323811401
CAAAAG	0.9196162245328151
GAGTTT	1.554957222879906
GAGTTA	4.865943723322465
GAGTAT	0.5406604137024961
GAGTAA	1.1279294837586555
AGAGTT	1.621981241107488
AGAGTA	0.3759764945862185
AGAGAT	0.751952989172437
AGAGAA	0.26145491864903697
AGATCT	0.0
AGATCA	0.49590874917988587
AGATGT	1.6219812411074879
AGATGA	4.511717935034621
AGATTC	0.0
AGATTG	0.0
GAGATT	0.0
GAGATA	11.655271332172774
GAGAAT	1.1279294837586555
GAGAAA	0.5229098372980739
AGACTT	0.7131249781595053
AGACTA	0.6612116655731811
AGACAT	0.9918174983597717
AGACAA	0.6897121683996114
CAATGT	0.9508333042126738
CAATGA	1.3224233311463622
CAATTC	0.8360922581780443
CAATTG	1.1885416302658425
CAATAC	0.6540980381867028
CAATAG	0.4959087491798859
GTAACT	0.23770832605316844
GTAACA	0.6612116655731811
ATCTCT	0.4508679326125403
ATCTCA	0.7315807259057886
ATCTGT	1.7091425096384836
ATCTGA	1.1885416302658418
ATCTTC	1.5028931087084678
ATCTTG	0.6836570038553935
ATCTAC	0.6270691936335332
ATCTAG	0.23770832605316844
GATGTT	1.554957222879906
GATGTA	0.5406604137024961
AGTACT	0.7131249781595053
AGTACA	0.33060583278659056
AGTAGT	0.540660413702496
AGTAGA	3.383788451275966
AGTATC	0.4754166521063369
AGTATG	0.5406604137024961
AGTAAC	0.6612116655731811
AGTAAG	0.0
CAAACT	0.7267755979852253
CAAACA	1.0613429853335963
AGTTCT	0.6836570038553935
AGTTCA	0.9508333042126739
AGTTGT	0.0
AGTTGA	1.621981241107488
AGTTTC	0.6836570038553935
AGTTTG	0.777478611439953
AGTTAC	1.9016666084253477
AGTTAG	1.6219812411074883
GATCTT	0.6836570038553935
GATCTA	0.47541665210633693
GATCAT	0.4754166521063369
GATCAA	0.16530291639329528
GATGAT	0.5406604137024961
GATGAA	2.255858967517311
GATTCT	1.367314007710787
GATTCA	0.7131249781595055
GATTGT	0.0
GATTGA	0.0
GATTTC	1.709142509638484
GATTTG	1.554957222879906
CTCTTT	0.0
CTCTTA	1.653182419579315
AGTGTT	0.777478611439953
AGTGTA	1.621981241107488
AGTGAT	0.0
AGTGAA	0.751952989172437
GATTAC	0.23770832605316847
GATTAG	1.6219812411074883
GATACT	0.9508333042126738
GATACA	0.6612116655731811
GATAGT	0.540660413702496
GATAGA	1.1279294837586553
GATATC	0.9508333042126738
GATATG	0.5406604137024961
AGTCTT	0.0
AGTCTA	0.47541665210633693
AGTCAT	0.7131249781595053
AGTCAA	0.33060583278659056
ATCACT	0.8360922581780443
ATCACA	1.235518516574883
ATCAGT	0.23770832605316844
ATCAGA	0.16530291639329528
ATCATC	1.776696048628344
ATCATG	1.1885416302658425
ATCAAC	1.8169389949630632
ATCAAG	0.3306058327865906
GTAGTT	0.0
GTAGTA	1.621981241107488
GTAGAT	1.621981241107488
GTAGAA	2.63183546210353
GAAGAT	0.3759764945862185
GAAGAA	0.0
GAATCT	0.9508333042126738
GAATCA	1.4877262475396575
GATAAC	0.9918174983597717
GATAAG	0.37597649458621846
GAACTT	1.4262499563190105
GAACTA	0.8265145819664764
GAACAT	0.49590874917988587
GAACAA	0.5747601403330094
AGGATT	3.7846228959174724
AGGATA	2.255858967517311
AGGAAT	4.511717935034622
AGGAAA	1.568729511894222
GAATAC	0.8265145819664764
GAATAG	1.5039059783448738
GAAACT	1.3224233311463622
GAAACA	0.45980811226640755
CTCATT	1.8034717304501617
CTCATA	1.2541383872670664
AGGTTT	1.554957222879906
AGGTTA	0.5406604137024961
AGGTAT	1.0813208274049921
AGGTAA	1.1279294837586555
GAAGTT	1.0813208274049921
GAAGTA	2.63183546210353
GAAAGT	0.0
GAAAGA	0.784364755947111
CAAGTT	0.0
CAAGTA	0.8265145819664764
CAAGAT	0.49590874917988587
CAAGAA	0.9196162245328151
CGTATT	1.0254855057830903
CGTATA	0.47541665210633693
CTCTAT	0.45086793261254043
CTCTAA	0.7315807259057887
GAATGT	0.0
GAATGA	2.2558589675173106
GAATTC	0.4754166521063369
GAATTG	1.0813208274049921
CAACTT	1.358649919539322
CAACTA	0.7267755979852253
CAACAT	1.090163396977838
CAACAA	1.1118831274923389
CTCAAT	1.2541383872670664
CTCAAA	0.7994531577837478
CAATCT	1.358649919539322
CAATCA	0.8721307175822703
GAAATC	0.8265145819664764
GAAATG	0.7519529891724369
GAAAAC	0.6897121683996115
GAAAAG	1.568729511894222
TCCTAT	1.8034717304501617
TCCTAA	2.299253709989622
AGCATT	1.901666608425347
AGCATA	0.9918174983597715
AGCAAT	2.314240829506134
AGCAAA	1.1495202806660187
CGTAAT	0.9508333042126738
CGTAAA	0.33060583278659056
CATAGT	2.377083260531684
CATAGA	0.8265145819664764
CATATC	0.3135345968167666
CATATG	0.47541665210633693
CATAAC	0.7267755979852253
CATAAG	0.4959087491798859
TCCATT	0.9017358652250809
TCCATA	1.0451153227225554
TCCAAT	0.5225576613612777
TCCAAA	0.5087429185896577
CATTGT	0.34182850192769676
CATTGA	0.23770832605316838
CATTTC	1.2023144869667743
CATTTG	0.6836570038553935
AGCTTT	1.0254855057830903
AGCTTA	1.1885416302658418
AGCTAT	2.3770832605316836
AGCTAA	0.8265145819664763
TCCTTT	1.0805925657655928
TCCTTA	1.3526037978376213
GTATCT	1.0254855057830903
GTATCA	0.0
GTATGT	0.0
GTATGA	1.621981241107488
GTACTT	1.709142509638484
GTACTA	0.9508333042126739
GTACAT	0.7131249781595053
GTACAA	0.49590874917988587
ATGCTT	1.709142509638484
ATGCTA	0.7131249781595055
ATGCAT	0.4754166521063369
ATGCAA	1.3224233311463622
GTTAGT	1.5549572228799058
GTTAGA	1.081320827404992
GTTATC	1.0254855057830903
GTTATG	0.7774786114399529
TCGTTT	0.49155503582991106
TCGTTA	0.34182850192769676
TCGTAT	1.0254855057830903
TCGTAA	0.7131249781595052
CATGTT	0.34182850192769676
CATGTA	0.23770832605316847
CATGAT	0.9508333042126738
CATGAA	1.157120414753067
CATTAC	0.9406037904502998
CATTAG	1.188541630265842
CATACT	1.358649919539322
CATACA	0.36338779899261264
CTGTAT	1.0254855057830903
CTGTAA	0.7131249781595052
TCTCAT	1.653182419579315
TCTCAA	0.8360922581780444
CATCTT	1.0520251760959276
CATCTA	0.5225576613612777
CATCAT	1.4631614518115774
CATCAA	1.1628409567763605
TCGATT	0.0
TCGATA	0.47541665210633693
TCGAAT	0.4754166521063369
TCGAAA	0.9918174983597717
CTGAAT	1.188541630265842
CTGAAA	0.8265145819664764
CTGTTT	1.4746651074897332
CTGTTA	0.6836570038553935
CATTCT	2.254339663062702
CATTCA	0.41804612908902206
TCTGAT	1.0254855057830905
TCTGAA	0.9508333042126739
ACAAGT	0.33060583278659056
ACAAGA	0.6897121683996114
ACAATC	0.6540980381867028
ACAATG	0.8265145819664765
ACAAAC	0.5559415637461693
ACAAAG	0.3448560841998057
CTGATT	2.0509710115661806
CTGATA	0.23770832605316847
TCTCTT	1.2967110789187113
TCTCTA	0.4508679326125405
ACATGT	0.4754166521063369
ACATGA	1.8183320803262482
ACATTC	1.149626854994811
ACATTG	2.377083260531685
ACATAC	0.5814204783881802
ACATAG	1.3224233311463625
ACAACT	0.36338779899261264
ACAACA	0.4548612794286841
TCTGTT	0.9831100716598223
TCTGTA	1.7091425096384842
GTTAAC	0.47541665210633677
GTTAAG	0.0
ATGGTT	2.332435834319859
ATGGTA	1.621981241107488
ATGGAT	0.5406604137024961
ATGGAA	0.751952989172437
ATGTCT	1.367314007710787
ATGTCA	0.7131249781595055
ATGTGT	0.0
ATGTGA	0.0
ATGTTC	0.34182850192769676
ATGTTG	0.777478611439953
ACAGTT	0.7131249781595053
ACAGTA	0.6612116655731811
ACAGAT	0.16530291639329528
ACAGAA	1.0345682525994169
ACATCT	0.6270691936335332
ACATCA	0.6540980381867028
TCTTCT	1.7289481052249485
TCTTCA	0.6011572434833873
TCTTGT	0.9831100716598223
TCTTGA	0.0
TCTTTC	0.8644740526124745
TCTTTG	0.49155503582991117
TCTTAC	0.901735865225081
TCTTAG	2.3927995134938778
TCTACT	1.502893108708468
TCTACA	0.5225576613612777
TCTAGT	0.6836570038553936
TCTAGA	0.0
TCTATC	0.7514465543542341
TCTATG	0.6836570038553936
TCTAAC	0.6270691936335332
TCTAAG	1.426249956319011
ACACTT	0.5225576613612777
ACACTA	1.1628409567763605
ACACAT	0.6540980381867028
ACACAA	0.2527007107937134
TCATTC	0.9017358652250806
TCATTG	1.367314007710787
TCACTT	0.45086793261254043
TCACTA	0.6270691936335332
TCACAT	1.0451153227225554
TCACAA	1.0174858371793154
ACTAAC	0.5814204783881802
ACTAAG	0.8265145819664765
CTTCTT	2.1611851315311856
CTTCTA	1.5028931087084683
CTTCAT	1.0520251760959278
CTTCAA	1.1496268549948112
ATGTAC	0.9508333042126739
ATGTAG	1.0813208274049921
ATGACT	2.377083260531684
ATGACA	0.6612116655731811
ATGAGT	1.6219812411074879
ATGAGA	4.135741440448403
ATGATC	1.188541630265842
ATGATG	2.1626416548099843
ATGAAC	1.157120414753067
ATGAAG	0.0
ACTACT	1.0451153227225554
ACTACA	0.6540980381867028
ACTAGT	1.4262499563190105
ACTAGA	0.8265145819664764
ACTATC	1.358649919539322
ACTATG	1.426249956319011
TCAGTT	0.0
TCAGTA	1.426249956319011
TCAGAT	0.0
TCAGAA	0.6612116655731811
TCATCT	0.6011572434833872
TCATCA	1.9857191131728549
TCATGT	0.6836570038553935
TCATGA	1.1885416302658418
TCAATC	1.149626854994811
TCAATG	1.1885416302658425
ACTGTT	1.367314007710787
ACTGTA	0.23770832605316847
ACTGAT	1.188541630265842
ACTGAA	0.8265145819664764
ACTTCT	0.9017358652250806
ACTTCA	1.0451153227225551
ACTTGT	0.34182850192769676
ACTTGA	0.47541665210633677
ACTTTC	0.6011572434833872
ACTTTG	1.709142509638484
ACTTAC	0.41804612908902217
ACTTAG	1.663958282372179
CAGAAT	0.6612116655731811
CAGAAA	0.9196162245328151
ACTCTT	0.45086793261254043
ACTCTA	0.8360922581780443
ACTCAT	2.0902306454451107
ACTCAA	1.3081960763734055
TCATAC	0.8360922581780443
TCATAG	0.7131249781595053
TCAACT	1.358649919539322
TCAACA	0.9448082773807929
TCAAGT	0.0
TCAAGA	0.49590874917988587
CAGTAT	0.23770832605316844
CAGTAA	0.49590874917988587
CTTTCT	0.8644740526124742
CTTTCA	0.15028931087084682
ACGATT	0.4754166521063369
ACGATA	0.16530291639329528
ACGAAT	0.8265145819664764
ACGAAA	4.25322503846427
TCAAAC	0.8721307175822703
TCAAAG	0.9918174983597718
CAGATT	0.0
CAGATA	0.33060583278659056
TGCAAT	1.188541630265842
TGCAAA	1.4877262475396575
TGCTTT	0.9831100716598221
TGCTTA	1.709142509638484
TGCTAT	0.6836570038553935
TGCTAA	1.6639582823721786
CGTTAT	0.34182850192769676
CGTTAA	0.0
ACGTAT	0.0
ACGTAA	0.33060583278659056
CTTGTT	0.49155503582991117
CTTGTA	0.3418285019276968
CTTGAT	0.3418285019276968
CTTGAA	0.9508333042126739
CAGTTT	0.0
CAGTTA	0.23770832605316847
TGGTAT	0.777478611439953
TGGTAA	1.0813208274049921
CACTAT	1.567672984083833
CACTAA	1.090163396977838
CACATT	0.6270691936335332
CACATA	0.43606535879113517
CACAAT	0.7267755979852253
CACAAA	0.8591824166986255
CGTTTT	0.49155503582991106
CGTTTA	0.0
CTTACT	0.45086793261254043
CTTACA	0.9406037904502998
ACGTTT	0.0
ACGTTA	0.0
TGCATT	1.0254855057830903
TGCATA	0.47541665210633693
ATTCCT	1.9537610413210085
ATTCCA	0.41804612908902217
ATTCGT	0.6836570038553936
ATTCGA	2.1393749344785165
ATTCTC	1.653182419579315
ATTCTG	1.3673140077107873
GTTTGT	1.1180270941367918
GTTTGA	0.0
GTTTTC	0.9831100716598219
GTTTTG	0.0
GTTTAC	1.0254855057830903
GTTTAG	1.5549572228799058
TGGATT	3.109914445759812
TGGATA	0.0
TGGAAT	2.1626416548099843
TGGAAA	0.751952989172437
CTTTGT	0.9831100716598223
CTTTGA	0.6836570038553936
CTTTTC	0.8644740526124745
CTTTTG	1.4746651074897335
CTTTAC	0.901735865225081
CTTTAG	0.3418285019276968
TGGTTT	4.472108376547167
TGGTTA	1.554957222879906
TGTGTT	0.0
TGTGTA	0.0
TGTGAT	0.777478611439953
TGTGAA	1.0813208274049921
CACTTT	1.0520251760959276
CACTTA	0.41804612908902217
TGTCTT	0.0
TGTCTA	1.367314007710787
TGTCAT	1.367314007710787
TGTCAA	0.47541665210633677
ACCATT	0.9406037904502998
ACCATA	0.8721307175822703
ACCAAT	0.9448082773807929
ACCAAA	0.9602627010161109
GTTACT	0.6836570038553935
GTTACA	1.1885416302658418
ATTCAC	0.6270691936335332
ATTCAG	0.7131249781595055
ATTGCT	1.367314007710787
ATTGCA	1.6639582823721792
ATTGGT	0.0
ATTGGA	2.1626416548099843
ATTGTC	0.34182850192769676
ATTGTG	0.0
CTTAAC	0.6270691936335332
CTTAAG	0.7131249781595055
TGTTCT	1.4746651074897332
TGTTCA	0.34182850192769676
TGTTGT	0.0
TGTTGA	0.0
TGTTTC	0.9831100716598219
TGTTTG	0.0
TGTTAC	0.0
TGTTAG	0.7774786114399529
TGTATC	0.6836570038553935
TGTATG	0.7774786114399529
TGTAAC	0.47541665210633677
TGTAAG	0.0
ACCTTT	0.1502893108708468
ACCTTA	0.6270691936335332
ACCTAT	0.41804612908902217
ACCTAA	1.3081960763734055
CTTAGT	2.050971011566181
CTTAGA	0.7131249781595055
CTTATC	0.7514465543542341
CTTATG	1.7091425096384842
TGATGT	0.777478611439953
TGATGA	3.243962482214976
TGACTT	1.709142509638484
TGACTA	1.9016666084253477
TGACAT	0.9508333042126738
TGACAA	0.16530291639329528
CTATCT	0.9017358652250806
CTATCA	1.1496268549948108
CTACTT	1.3526037978376213
CTACTA	2.0902306454451107
CTACAT	1.2541383872670664
CTACAA	1.0174858371793154
TGTACT	1.367314007710787
TGTACA	0.47541665210633677
TGTAGT	0.0
TGTAGA	2.162641654809984
ATTGAC	0.7131249781595055
ATTGAG	1.0813208274049921
ATTTCC	0.901735865225081
ATTTCG	1.0254855057830905
ATTTGC	1.7091425096384842
ATTTGG	2.3324358343198592
TGAAGT	0.0
TGAAGA	0.37597649458621846
CTAGTT	0.34182850192769676
CTAGTA	2.1393749344785165
CTAGAT	0.0
CTAGAA	0.9918174983597717
TGAGTT	2.332435834319859
TGAGTA	1.621981241107488
TGAGAT	15.679151997372385
TGAGAA	1.8798824729310926
TGATCT	1.0254855057830903
TGATCA	0.7131249781595055
ATTACC	0.7315807259057887
ATTACG	0.47541665210633693
ATTAGC	0.7131249781595055
ATTAGG	0.5406604137024961
TGATTC	1.367314007710787
TGATTG	0.777478611439953
TGATAC	1.1885416302658425
TGATAG	0.5406604137024961
TGAACT	0.7131249781595053
TGAACA	1.3224233311463622
ATACCT	0.8360922581780443
ATACCA	0.7267755979852253
ATACGT	0.0
ATACGA	0.33060583278659056
ATACTC	1.149626854994811
ATACTG	0.23770832605316847
GTTGTT	0.0
GTTGTA	0.7774786114399529
GTTGAT	0.777478611439953
GTTGAA	0.5406604137024961
GTTTCT	1.9662201433196442
GTTTCA	0.34182850192769676
ATACAC	0.36338779899261264
ATACAG	0.6612116655731812
ATAGCT	0.47541665210633693
ATAGCA	1.3224233311463625
ATAGGT	5.947264550727456
ATAGGA	1.8798824729310926
ATAGTC	0.7131249781595055
ATAGTG	0.5406604137024961
TAAACC	1.5989063155674956
TAAACG	5.124390408192155
TAAAGC	1.3224233311463622
TAAAGG	1.1279294837586553
ATAGAC	0.3306058327865906
ATAGAG	1.503905978344874
ATATCC	0.5225576613612777
ATATCG	0.23770832605316847
ATATGC	0.23770832605316847
ATATGG	0.5406604137024961
TAAGGT	0.0
TAAGGA	0.3759764945862185
TAAGTC	0.9508333042126739
TAAGTG	1.6219812411074883
TAAGAC	0.8265145819664765
TAAGAG	0.751952989172437
TAATCC	2.0902306454451107
TAATCG	1.6639582823721792
TAATGC	0.9508333042126739
TAATGG	3.2439624822149766
ATAACC	1.4535511959704506
ATAACG	0.0
ATAAGC	0.6612116655731811
ATAAGG	0.0
GTTCTT	0.49155503582991106
GTTCTA	0.0
TAACCT	1.149626854994811
TAACCA	1.1628409567763605
TAACGT	0.0
TAACGA	0.0
TAACTC	0.41804612908902217
TAACTG	1.426249956319011
TAACAC	0.7267755979852253
TAACAG	1.653029163932953
TAAGCT	1.1885416302658425
TAAGCA	0.9918174983597718
GTTCAT	0.6836570038553935
GTTCAA	0.7131249781595052
GTGATT	0.0
GTGATA	0.5406604137024961
GTGAAT	0.0
GTGAAA	1.1279294837586555
CGATTT	0.6836570038553935
CGATTA	0.23770832605316847
CGATAT	0.23770832605316844
CGATAA	0.16530291639329528
TATACC	1.2541383872670664
TATACG	0.23770832605316847
TATAGC	0.7131249781595055
TATAGG	1.6219812411074883
TATTCC	1.3526037978376213
TATTCG	1.3673140077107873
TATTGC	1.0254855057830905
TATTGG	1.5549572228799062
GTGTAT	0.777478611439953
GTGTAA	1.0813208274049921
GCTTTT	0.9831100716598221
GCTTTA	2.3927995134938773
GCTTAT	1.0254855057830903
GCTTAA	1.4262499563190103
GCTAAT	0.9508333042126738
GCTAAA	0.9918174983597717
GTGTTT	0.0
GTGTTA	0.777478611439953
AACCTT	1.149626854994811
AACCTA	1.4535511959704506
AACCAT	1.0174858371793154
AACCAA	0.9602627010161109
CCTTAT	1.0520251760959276
CCTTAA	0.6270691936335332
TATCAC	0.3135345968167666
TATCAG	0.7131249781595055
TATGCT	1.0254855057830903
TATGCA	0.9508333042126739
TATGGT	0.0
TATGGA	1.621981241107488
TATGTC	1.0254855057830903
TATGTG	0.0
TATGAC	0.7131249781595055
TATGAG	1.6219812411074883
TATCTC	0.30057862174169364
TATCTG	0.6836570038553936
TGAATC	0.7131249781595053
TGAATG	2.1626416548099843
TGAAAC	1.3224233311463622
TGAAAG	0.37597649458621846
CTAAGT	1.188541630265842
CTAAGA	0.6612116655731811
CTAATC	2.6127883068063884
CTAATG	0.9508333042126739
TAGACT	0.0
TAGACA	0.9918174983597717
TAGAGT	1.6219812411074879
TAGAGA	0.37597649458621846
TAGATC	0.23770832605316844
TAGATG	7.569245791834945
TAGAAC	0.8265145819664764
TAGAAG	2.2558589675173106
TATCCT	1.2023144869667743
TATCCA	0.41804612908902217
TATCGT	0.6836570038553936
TATCGA	0.7131249781595055
GCTATT	0.6836570038553935
GCTATA	1.6639582823721792
GTCAAT	0.4754166521063369
GTCAAA	0.33060583278659056
CCTTTT	1.51282959207183
CCTTTA	0.7514465543542341
GTCTAT	0.0
GTCTAA	0.9508333042126735
GTCATT	0.34182850192769676
GTCATA	0.7131249781595055
AACGTT	0.23770832605316844
AACGTA	0.16530291639329528
AACGAT	0.49590874917988587
AACGAA	3.908368954264464
GCATTT	2.734628015421574
GCATTA	1.9016666084253477
TTCCAT	0.6011572434833872
TTCCAA	0.41804612908902206
TAGGAT	3.243962482214976
TAGGAA	3.383788451275967
TAGTCT	1.709142509638484
TAGTCA	0.9508333042126739
TAGTGT	0.777478611439953
TAGTGA	0.0
TAGTTC	0.6836570038553935
TAGTTG	0.0
TAGTAC	0.9508333042126739
TAGTAG	4.3252833096199685
TTCGAT	0.6836570038553935
TTCGAA	1.6639582823721786
TTCTCT	1.2967110789187113
TTCTCA	1.8034717304501613
TAGCTT	1.0254855057830903
TAGCTA	0.9508333042126739
TAGCAT	2.139374934478516
TAGCAA	1.8183320803262482
TAGGTT	1.554957222879906
TAGGTA	0.5406604137024961
CTAAAC	1.5989063155674956
CTAAAG	0.8265145819664765
TTCCTT	0.6483555394593556
TTCCTA	3.456654150029476
TTCACT	0.3005786217416936
TTCACA	0.8360922581780441
TACAGT	0.23770832605316844
TACAGA	0.49590874917988587
TACATC	0.41804612908902217
TACATG	1.6639582823721792
TACAAC	0.5087429185896577
TACAAG	0.8265145819664765
TTCGTT	0.9831100716598221
TTCGTA	0.6836570038553935
GCATAT	0.4754166521063369
GCATAA	0.8265145819664764
GTCTTT	0.0
GTCTTA	0.6836570038553935
AACTCT	0.41804612908902217
AACTCA	0.7994531577837478
AACTGT	0.7131249781595053
AACTGA	0.49590874917988587
AACTTC	1.358649919539322
AACTTG	1.1885416302658425
AACTAC	0.36338779899261264
AACTAG	1.653029163932953
TACTAC	1.4631614518115774
TACTAG	2.377083260531684
TACACT	1.2541383872670664
TACACA	0.43606535879113517
TTCTGT	1.4746651074897332
TTCTGA	3.0764565173492713
TTCTTC	2.8095406709905415
TTCTTG	0.9831100716598221
TTCTAC	1.5028931087084678
TTCTAG	1.367314007710787
TTCAAC	1.2541383872670664
TTCAAG	0.9508333042126738
TACGTT	0.0
TACGTA	0.23770832605316847
TACGAT	0.0
TACGAA	1.3224233311463622
TACTCT	0.9017358652250806
TACTCA	1.5676729840838328
TACTGT	0.0
TACTGA	1.4262499563190103
TACTTC	1.2023144869667743
TACTTG	0.6836570038553935
TTGCTT	1.4746651074897332
TTGCTA	1.0254855057830903
TTGCAT	1.367314007710787
TTGCAA	1.1885416302658418
TTGGTT	3.3540812824103754
TTGGTA	0.7774786114399529
CTAACT	0.6270691936335332
CTAACA	1.1628409567763605
TACCTT	0.1502893108708468
TACCTA	0.7315807259057887
TACCAT	0.7315807259057887
TACCAA	1.1628409567763605
TTCAGT	0.6836570038553935
TTCAGA	0.7131249781595052
TTCATC	1.6531824195793146
TTCATG	0.0
GCAAAT	0.6612116655731811
GCAAAA	0.8046641964662132
AACACT	1.0174858371793154
AACACA	0.7075619902223975
AACAGT	0.6612116655731811
AACAGA	0.6897121683996114
AACATC	0.7994531577837478
AACATG	0.8265145819664765
AACAAC	0.9097225588573681
AACAAG	1.2644723087326206
GGAATT	1.621981241107488
GGAATA	2.63183546210353
CTATGT	1.7091425096384836
CTATGA	1.901666608425347
CTATTC	2.4046289739335487
CTATTG	0.6836570038553935
CTATAC	0.9406037904502998
CTATAG	0.4754166521063369
GGAAAT	0.751952989172437
GGAAAA	0.784364755947111
GCAATT	0.7131249781595053
GCAATA	1.157120414753067
GGATTT	4.664871668639718
GGATTA	1.621981241107488
GGATAT	1.621981241107488
GGATAA	1.503905978344874
AAGCTT	1.4262499563190105
AAGCTA	1.4877262475396575
AAGCAT	0.8265145819664764
AAGCAA	1.1495202806660187
TTAAGC	1.663958282372179
TTAAGG	0.5406604137024961
TTGGAT	3.887393057199765
TTGGAA	2.1626416548099843
TTGTCT	0.49155503582991106
TTGTCA	0.6836570038553935
TTGTGT	0.0
TTGTGA	1.5549572228799058
TTGTTC	0.49155503582991095
TTGTTG	2.2360541882735836
TTATGC	1.0254855057830903
TTATGG	1.554957222879906
TTAACC	0.9406037904502998
TTAACG	0.0
CCAATT	0.6270691936335331
CCAATA	0.6540980381867025
CCAAAT	0.5087429185896576
CCAAAA	0.6570218480636546
CCATTT	0.6011572434833872
CCATTA	1.358649919539322
CCTAAT	3.0308344358954105
CCTAAA	1.4535511959704506
CCTATT	2.104050352191855
CCTATA	0.8360922581780443
AAGGTT	0.0
AAGGTA	1.503905978344874
AAGGAT	1.503905978344874
AAGGAA	1.307274593245185
GGTTAT	1.554957222879906
GGTTAA	0.0
TTAGCT	0.34182850192769676
TTAGCA	2.1393749344785156
TTAGGT	0.7774786114399529
TTAGGA	3.7846228959174715
TTAGTC	2.0509710115661806
TTAGTG	0.0
TTAGAC	0.47541665210633677
TTAGAG	0.540660413702496
TTATCC	1.0520251760959274
TTATCG	1.367314007710787
TTACCT	0.6011572434833872
TTACCA	1.2541383872670662
TTACGT	0.0
TTACGA	1.1885416302658418
TTACTC	0.4508679326125403
TTACTG	1.0254855057830903
TTACAC	1.358649919539322
TTACAG	0.9508333042126738
GGTATT	0.777478611439953
GGTATA	1.621981241107488
GGTAAT	0.0
GGTAAA	1.1279294837586555
AAGTCT	0.0
AAGTCA	0.49590874917988587
AAGTGT	0.540660413702496
AAGTGA	0.37597649458621846
AAGTTC	0.4754166521063369
AAGTTG	1.0813208274049921
AAGTAC	0.49590874917988587
AAGTAG	1.1279294837586553
TTTACC	1.5028931087084678
TTTACG	1.0254855057830903
TTTAGC	1.367314007710787
TTTAGG	0.0
CCATAT	0.5225576613612777
CCATAA	1.380873636171928
GGTTTT	1.1180270941367918
GGTTTA	2.332435834319859
AAGACT	0.6612116655731811
AAGACA	0.8046641964662132
AAGAGT	1.8798824729310926
AAGAGA	0.5229098372980739
AAGATC	0.0
AAGATG	1.8798824729310923
AAGAAC	0.6897121683996115
AAGAAG	0.5229098372980739
TTTGAC	1.367314007710787
TTTGAG	1.5549572228799058
TTTTCC	0.8644740526124742
TTTTCG	0.49155503582991106
TTTTGC	0.9831100716598221
TTTTGG	2.2360541882735836
AATCCT	2.717299839078644
AATCCA	1.090163396977838
AATCGT	0.4754166521063369
AATCGA	0.33060583278659056
AATCTC	1.358649919539322
AATCTG	1.6639582823721792
AATCAC	0.7994531577837478
AATCAG	0.4959087491798859
AATGCT	1.1885416302658425
AATGCA	0.8265145819664765
AATGGT	1.621981241107488
AATGGA	0.3759764945862185
TTGATC	0.34182850192769676
TTGATG	1.5549572228799058
TTTCAC	1.352603797837621
TTTCAG	0.6836570038553935
TTTGCT	0.49155503582991106
TTTGCA	1.0254855057830903
TTTGGT	2.2360541882735836
TTTGGA	5.44235028007967
TTTGTC	0.49155503582991095
TTTGTG	0.0
TTTCCT	0.8644740526124742
TTTCCA	0.9017358652250806
TTTCGT	0.49155503582991106
TTTCGA	1.0254855057830903
TTTCTC	0.8644740526124742
TTTCTG	1.4746651074897332
TTGTAC	0.34182850192769676
TTGTAG	2.3324358343198583
TTGACT	1.0254855057830903
TTGACA	0.23770832605316838
TTGAGT	0.0
TTGAGA	0.540660413702496
AATGTC	0.7131249781595055
AATGTG	0.5406604137024961
AATGAC	0.9918174983597718
AATGAG	3.007811956689748
AATTCC	0.5225576613612777
AATTCG	1.1885416302658425
AATTGC	1.1885416302658425
AATTGG	1.6219812411074883
AATACC	0.2907102391940901
AATACG	0.4959087491798859
AATAGC	0.49590874917988587
AATAGG	6.015623913379495
AAAGCT	0.9918174983597717
AAAGCA	1.0345682525994169
AAAGGT	0.7519529891724369
AAAGGA	2.0916393491922958
AAAGTC	0.3306058327865905
AAAGTG	0.3759764945862184
AAAGAC	0.5747601403330094
AAAGAG	1.5687295118942217
TTGAAC	1.1885416302658418
TTGAAG	0.540660413702496
AAATGC	0.49590874917988587
AAATGG	1.1279294837586553
AAAGCC	1.2193942944988645
AAAGCG	0.27734755221941954
AAAGGC	1.3867377610970975
AAAGGG	1.2616372746555486
TTTCCC	0.6376988080415489
TTTCCG	0.0
TTTCGC	0.3626066733735438
TTTCGG	0.8247379353198425
TTGACC	1.2607875712126093
TTGACG	0.0
TTGAGC	1.7205739685120849
TTGAGG	2.608929043608455
TTTGCC	1.4504266934941752
TTTGCG	1.649475870639685
TTTGGC	0.0
TTTGGG	3.7516830875030673
TTACCC	0.4434572170863645
TTACCG	1.5129450854551312
TTACGC	0.5043150284850437
TTACGG	1.1470493123413898
TTAGCC	1.2607875712126093
TTAGCG	0.5735246561706949
TTAGGC	1.1470493123413898
TTAGGG	2.608929043608455
TTGGAC	1.1470493123413903
TTGGAG	6.522322609021139
TTGTCC	0.0
TTGTCG	0.0
TTGTGC	0.8247379353198425
TTGTGG	0.0
CTATGC	1.5129450854551312
CTATGG	0.0
TTGCTC	1.0878200201206314
TTGCTG	0.8247379353198425
TTGCAC	2.017260113940175
TTGCAG	1.7205739685120849
TTGGCT	2.4742138059595273
TTGGCA	0.5735246561706951
TTGGGT	0.0
TTGGGA	1.3044645218042277
TTGGTC	0.8247379353198425
TTGGTG	1.8758415437515337
CTAACC	1.6190011330696152
CTAACG	0.3507018301533925
TACCCT	1.1086430427159113
TACCCA	1.079334088713077
TACCGT	0.7564725427275656
TACCGA	0.0
TACCTC	0.6651858256295469
TACCTG	1.0086300569700875
TACCAC	0.5396670443565385
TACCAG	1.0521054904601777
TTCAGC	0.7564725427275656
TTCAGG	0.5735246561706949
TTGCCT	0.3626066733735438
TTGCCA	1.2607875712126093
TTGCGT	0.8247379353198425
TTGCGA	0.5735246561706951
TACGCT	0.25215751424252186
TACGCA	0.35070183015339246
TACGGT	0.5735246561706951
TACGGA	1.5953214573943473
TACGTC	0.5043150284850437
TACGTG	0.5735246561706951
TACGAC	0.7014036603067849
TACGAG	0.7976607286971736
TACTCC	1.4412359555306846
TACTCG	0.25215751424252186
TACTGC	1.5129450854551312
TACTGG	2.2940986246827797
TACACC	1.079334088713077
TACACG	0.701403660306785
TTCTGC	0.3626066733735438
TTCTGG	2.4742138059595273
TTCACC	1.108643042715911
TTCACG	1.765102599697653
TACAGC	1.0521054904601774
TACAGG	1.5953214573943473
TAGCCT	3.530205199395306
TAGCCA	1.4028073206135698
TAGCGT	0.5735246561706951
TAGCGA	0.0
TTCGCT	0.3626066733735438
TTCGCA	0.5043150284850437
TTCGGT	0.8247379353198425
TTCGGA	1.1470493123413903
TTCGTC	1.4504266934941752
TTCGTG	0.8247379353198425
TTCGAC	1.0086300569700875
TTCGAG	1.1470493123413898
TTCTCC	1.5942470201038723
TTCTCG	1.4504266934941754
TAGCTC	0.5043150284850437
TAGCTG	2.2940986246827806
TAGCAC	1.7535091507669625
TAGCAG	3.988303643485868
TAGGCT	2.8676232808534756
TAGGCA	1.1964910930457604
TAGGGT	2.6089290436084553
TAGGGA	0.0
TAGGTC	0.5735246561706951
TAGGTG	14.349109739846506
TTCCCT	0.797123510051936
TTCCCA	0.4434572170863645
TTCCGT	0.0
TTCCGA	0.0
TTCCTC	1.7536717221142595
TTCCTG	1.0878200201206316
TTCCAC	0.9977787384443201
TTCCAG	1.2607875712126093
TAGGAC	2.7918125504401075
TAGGAG	4.5356381361583775
TAGTCC	1.0086300569700875
TAGTCG	1.7205739685120853
TAGTGC	0.5735246561706951
TAGTGG	1.3044645218042277
TAGACC	0.8767545753834812
TAGACG	0.7976607286971736
TAGAGC	0.3988303643485867
TAGAGG	4.5356381361583775
TATCCC	1.1086430427159113
TATCCG	1.0086300569700875
TATCGC	0.0
TATCGG	1.1470493123413903
CTAAGC	1.0521054904601774
CTAAGG	1.1964910930457604
TATGCC	0.7564725427275657
TATGCG	0.0
TATGGC	0.5735246561706951
TATGGG	0.0
TAACCC	1.5419058410186812
TAACCG	0.8767545753834813
TAACGC	0.35070183015339246
TAACGG	0.3988303643485868
TAAGCC	0.8767545753834814
TAAGCG	0.3988303643485869
TAAGGC	0.3988303643485868
TAAGGG	1.814255254463351
TGAACC	1.7535091507669625
TGAACG	0.3988303643485868
TGAAGC	0.3988303643485867
TGAAGG	2.7213828816950265
CTAGGT	1.7205739685120853
CTAGGA	5.184794736531629
CTAGTC	1.5129450854551314
CTAGTG	0.5735246561706951
CTAGAC	0.8767545753834812
CTAGAG	1.5953214573943473
CTATCC	1.3303716512590935
CTATCG	0.5043150284850437
TGAGTC	0.5735246561706951
TGAGTG	1.3044645218042277
TGAGAC	0.7976607286971736
TGAGAG	0.0
TGATCC	1.2607875712126095
TGATCG	1.1470493123413903
TGATGC	1.7205739685120853
TGATGG	1.3044645218042277
TGACCT	1.765102599697653
TGACCA	1.0521054904601774
TGACGT	0.0
TGACGA	0.3988303643485868
TGACTC	1.7651025996976533
TGACTG	0.0
TGACAC	0.7014036603067849
TGACAG	0.0
TGAGCT	2.8676232808534756
TGAGCA	3.1906429147886946
TGAGGT	1.3044645218042277
TGAGGA	6.3498933906217285
ACCCTT	1.7738288683454582
ACCCTA	2.08157288537522
ACCCAT	1.156429380764011
ACCCAA	1.2866938397466234
CTACGT	0.7564725427275656
CTACGA	1.0521054904601774
CTACTC	1.9955574768886406
CTACTG	2.269417628182697
CTACAC	1.156429380764011
CTACAG	0.701403660306785
TGTACC	0.5043150284850437
TGTACG	0.0
TGTAGC	2.2940986246827797
TGTAGG	1.3044645218042275
CTAGCT	1.765102599697653
CTAGCA	2.980965556303836
ACCGTT	0.25215751424252186
ACCGTA	0.3507018301533925
ACCGAT	0.3507018301533925
ACCGAA	0.4877577177995459
ACCTCT	0.6651858256295469
ACCTCA	0.3854764602546703
ACCTGT	1.0086300569700875
ACCTGA	1.928860065843659
ACCTTC	1.2195073469875026
ACCTTG	0.7564725427275657
ACCTAC	1.156429380764011
ACCTAG	0.8767545753834813
ACCACT	0.6167623364074725
ACCACA	1.0186326231327436
CTTAGC	2.0172601139401753
CTTAGG	5.735246561706952
TGTTCC	0.0
TGTTCG	0.0
TGTTGC	0.8247379353198425
TGTTGG	5.627524631254601
CACCAT	0.7709529205093406
CACCAA	1.0722448664555195
CACGTT	0.0
CACGTA	1.0521054904601777
TGTGCT	0.8247379353198425
TGTGCA	0.5735246561706951
TGTGGT	0.0
TGTGGA	2.6089290436084553
TGTGTC	0.0
TGTGTG	0.0
TGTGAC	0.5735246561706951
TGTGAG	0.0
TGTCCT	0.0
TGTCCA	0.25215751424252186
TGTCGT	1.649475870639685
TGTCGA	1.1470493123413903
TGTCTC	1.0878200201206314
TGTCTG	0.8247379353198425
TGTCAC	0.25215751424252186
TGTCAG	0.5735246561706949
CACCTT	0.776050129901138
CACCTA	0.8480482125602747
CTACCT	0.6651858256295469
CTACCA	0.8480482125602747
ACCAGT	0.17535091507669626
ACCAGA	0.8535760061492054
ACCATC	1.0022387966621429
ACCATG	0.3507018301533925
ACCAAC	1.3403060830693998
ACCAAG	0.7316365766993188
ACGCTT	0.7564725427275657
ACGCTA	0.3507018301533925
ACGCAT	0.17535091507669626
ACGCAA	0.7316365766993188
TGGATC	1.1470493123413903
TGGATG	1.3044645218042277
TGGAAC	1.1964910930457604
TGGAAG	2.7213828816950265
CACGAT	0.17535091507669626
CACGAA	0.24387885889977295
CACTCT	0.776050129901138
CACTCA	1.6960964251205495
CACTGT	0.7564725427275657
CACTGA	1.227456405536874
CACTTC	0.776050129901138
CACTTG	0.7564725427275657
CCCATT	1.108643042715911
CCCATA	1.541905841018681
CTTTGC	0.36260667337354396
CTTTGG	4.9484276119190564
CTTACC	0.776050129901138
CTTACG	0.7564725427275657
TGGTCT	1.649475870639685
TGGTCA	0.5735246561706951
TGGTGT	3.7516830875030673
TGGTGA	0.0
TGGTTC	2.4742138059595273
TGGTTG	1.8758415437515341
TGGTAC	1.1470493123413903
TGGTAG	0.0
TGGACT	1.7205739685120853
TGGACA	0.3988303643485868
TGGAGT	13.044645218042279
TGGAGA	0.9071276272316755
CACTAC	0.9251435046112088
CACTAG	1.40280732061357
CACACT	0.7709529205093406
CACACA	0.5361224332277598
CACAGT	0.8767545753834813
CACAGA	0.9755154355990918
CACATC	1.0022387966621429
CACATG	1.227456405536874
TGGGTT	1.8758415437515337
TGGGTA	0.0
TGGGAT	1.3044645218042277
TGGGAA	2.7213828816950265
CGTTCT	0.3626066733735438
CGTTCA	0.7564725427275656
CGTTGT	0.8247379353198425
CGTTGA	0.5735246561706951
CGTTTC	0.0
CGTTTG	0.8247379353198425
CCGTAT	0.5043150284850437
CCGTAA	0.35070183015339246
TGGCTT	0.8247379353198425
TGGCTA	1.1470493123413903
TGGCAT	3.4411479370241707
TGGCAA	1.1964910930457604
CCCAAT	0.9251435046112086
CCCAAA	1.0186326231327436
ACGGTT	1.7205739685120853
ACGGTA	0.0
ACGGAT	0.3988303643485868
ACGGAA	1.1093902088776781
ACGTCT	0.25215751424252186
ACGTCA	0.0
ACGTGT	0.0
ACGTGA	0.3988303643485868
ACGTTC	0.0
ACGTTG	0.5735246561706951
CAGCTT	1.5129450854551314
CAGCTA	0.5260527452300888
CAGCAT	1.227456405536874
CAGCAA	1.3413337239487513
TGCATC	0.7564725427275657
TGCATG	0.5735246561706951
TGCAAC	1.0521054904601774
TGCAAG	1.1964910930457604
CCGTTT	0.0
CCGTTA	0.5043150284850437
CACAAC	0.6433469198733119
CACAAG	0.4877577177995459
TGCTTC	0.7252133467470876
TGCTTG	0.8247379353198425
TGCTAC	0.25215751424252186
TGCTAG	2.2940986246827797
TGCACT	2.2694176281826968
TGCACA	0.7014036603067849
TGCAGT	0.0
TGCAGA	0.3988303643485868
CGTTAC	0.25215751424252186
CGTTAG	0.5735246561706949
CAGACT	0.8767545753834813
CAGACA	0.24387885889977295
CAGGTT	1.1470493123413903
CAGGTA	0.7976607286971736
CAGGAT	3.1906429147886946
CAGGAA	1.9414328655359367
CAGTCT	0.0
CAGTCA	0.5260527452300887
TGCGTT	0.0
TGCGTA	0.5735246561706951
TGCGAT	0.0
TGCGAA	0.0
TGCTCT	1.0878200201206314
TGCTCA	1.0086300569700875
TGCTGT	0.0
TGCTGA	1.7205739685120853
ACGTAC	0.5260527452300887
ACGTAG	1.5953214573943473
CTTGGT	0.8247379353198426
CTTGGA	1.1470493123413903
CTTGTC	0.36260667337354396
CTTGTG	1.6494758706396853
CTTGAC	0.2521575142425219
CTTGAG	0.5735246561706951
CTTTCC	0.31884940402077455
CTTTCG	0.7252133467470879
CATCCT	1.9955574768886406
CATCCA	0.30838116820373623
TGCCTT	1.0878200201206316
TGCCTA	1.2607875712126095
TGCCAT	0.7564725427275656
TGCCAA	0.35070183015339246
CAGTGT	0.5735246561706951
CAGTGA	0.7976607286971736
CAGTTC	0.25215751424252186
CAGTTG	1.1470493123413903
CAGTAC	1.0521054904601774
CAGTAG	3.1906429147886946
ACGACT	0.701403660306785
ACGACA	0.4877577177995459
ACGAGT	0.0
ACGAGA	1.6640853133165172
ACGATC	0.17535091507669623
ACGATG	0.0
ACGAAC	0.0
ACGAAG	0.8320426566582586
ACTCCT	1.4412359555306848
ACTCCA	0.5396670443565385
CAGAGT	0.3988303643485868
CAGAGA	0.27734755221941954
CAGATC	0.17535091507669623
CAGATG	0.3988303643485868
CAGAAC	0.8535760061492054
CAGAAG	1.1093902088776781
ACTCGT	0.25215751424252186
ACTCGA	0.35070183015339246
ACTCTC	0.6651858256295469
ACTCTG	0.25215751424252186
ACTCAC	1.079334088713077
ACTCAG	0.5260527452300888
ACTGCT	1.2607875712126093
ACTGCA	0.35070183015339246
ACTGGT	1.7205739685120853
ACTGGA	0.7976607286971736
ACTGTC	0.5043150284850437
ACTGTG	0.0
TCAACC	1.7731917171714835
TCAACG	0.701403660306785
TCAAGC	1.4028073206135698
TCAAGG	0.7976607286971736
ACTGAC	0.8767545753834812
ACTGAG	0.3988303643485868
ACTTCC	1.773828868345458
ACTTCG	0.25215751424252186
ACTTGC	1.765102599697653
ACTTGG	2.2940986246827797
ACTACC	1.0022387966621429
ACTACG	1.227456405536874
ACTAGC	2.4549128110737475
ACTAGG	3.1906429147886946
TCAGAC	0.35070183015339246
TCAGAG	0.3988303643485868
TCATCC	1.5521002598022757
TCATCG	1.0086300569700875
TCATGC	0.7564725427275656
TCATGG	1.7205739685120849
TCACGT	0.25215751424252186
TCACGA	0.35070183015339246
TCACTC	0.776050129901138
TCACTG	0.7564725427275657
TCACAC	0.7709529205093406
TCACAG	1.5781582356902664
TCAGCT	1.765102599697653
TCAGCA	0.8767545753834812
TCAGGT	1.7205739685120853
TCAGGA	2.7918125504401075
TCAGTC	0.25215751424252186
TCAGTG	0.0
CTTCGT	1.8130333668677199
CTTCGA	0.7564725427275657
CTTCTC	2.5507952321661964
CTTCTG	1.4504266934941759
CTTCAC	0.9977787384443203
CTTCAG	0.7564725427275657
TCTAGC	1.2607875712126095
TCTAGG	1.7205739685120855
TCACCT	0.776050129901138
TCACCA	0.9251435046112088
CTTGCT	1.8130333668677192
CTTGCA	1.7651025996976533
ACACCT	0.6167623364074725
ACACCA	0.7505714065188638
ACACGT	0.3507018301533925
ACACGA	0.4877577177995459
ACACTC	1.079334088713077
ACACTG	1.0521054904601777
ACACAC	0.5897346765505359
ACACAG	0.9755154355990918
ACAGCT	1.227456405536874
ACAGCA	0.9755154355990918
ACAGGT	1.5953214573943473
ACAGGA	2.2187804177553563
ACAGTC	0.5260527452300887
ACAGTG	0.3988303643485868
ACAGAC	0.3658182883496594
ACAGAG	1.1093902088776781
ACATCC	0.9251435046112088
ACATCG	0.701403660306785
ACATGC	1.4028073206135698
ACATGG	0.0
TCTTGC	1.4504266934941759
TCTTGG	0.0
TCTACC	0.6651858256295469
TCTACG	1.0086300569700875
ACAACC	1.3939183263921757
ACAACG	0.12193942944988648
ACAAGC	1.2193942944988647
ACAAGG	0.5546951044388391
CATGCT	0.5043150284850437
CATGCA	0.5260527452300887
TCTGCT	1.0878200201206316
TCTGCA	0.0
TCTGGT	3.2989517412793705
TCTGGA	0.0
TCTGTC	1.0878200201206318
TCTGTG	0.8247379353198426
TCTGAC	1.2607875712126095
TCTGAG	4.014672593194867
TCTTCC	1.9130964241246473
TCTTCG	2.1756400402412637
CTGAGT	2.8676232808534756
CTGAGA	1.5953214573943473
CTGATC	1.0086300569700875
CTGATG	2.2940986246827806
TCTCAC	0.5543215213579556
TCTCAG	1.7651025996976535
CATCGT	1.0086300569700875
CATCGA	0.35070183015339246
CATCTC	0.44345721708636454
CATCTG	1.2607875712126095
CATCAC	1.4648105489677472
CATCAG	0.8767545753834813
TCGAGT	0.0
TCGAGA	0.3988303643485868
TCGATC	0.5043150284850437
TCGATG	1.1470493123413903
TCGAAC	0.5260527452300887
TCGAAG	1.1964910930457604
TCTCCT	1.1159729140727108
TCTCCA	0.9977787384443203
TCTCGT	0.36260667337354396
TCTCGA	0.5043150284850438
TCTCTC	0.7971235100519364
TCTCTG	1.4504266934941759
CTGAAC	1.5781582356902661
CTGAAG	0.7976607286971736
CTTCCT	3.0290693381973584
CTTCCA	1.3303716512590937
AGCCTT	3.278047685152784
AGCCTA	3.1563164713805323
AGCCAT	2.279561895997051
AGCCAA	1.3413337239487508
CTGTGT	0.0
CTGTGA	0.5735246561706951
CTGTTC	0.7252133467470876
CTGTTG	0.8247379353198425
TCGTCT	0.0
TCGTCA	0.25215751424252186
TCGTGT	0.0
TCGTGA	0.0
TCGTTC	0.7252133467470876
TCGTTG	0.8247379353198425
TCGTAC	0.7564725427275656
TCGTAG	1.1470493123413898
TCGACT	1.2607875712126093
TCGACA	0.17535091507669623
TCGGTT	1.649475870639685
TCGGTA	0.5735246561706951
TCGGAT	1.1470493123413903
TCGGAA	0.0
CATGGT	1.1470493123413903
CATGGA	0.3988303643485868
CATGTC	0.7564725427275657
CATGTG	0.5735246561706951
CATGAC	1.0521054904601774
CATGAG	2.7918125504401075
CATTCC	0.6651858256295468
CATTCG	1.765102599697653
CATACC	1.156429380764011
CATACG	0.3507018301533925
TCGCTT	0.36260667337354385
TCGCTA	0.7564725427275657
TCGCAT	0.5043150284850437
TCGCAA	0.35070183015339246
CCGATT	0.7564725427275656
CCGATA	0.0
CCGAAT	0.7014036603067849
CCGAAA	0.7316365766993187
CTGTAC	0.25215751424252186
CTGTAG	1.1470493123413898
CTGACT	1.765102599697653
CTGACA	0.35070183015339246
AGCGTT	1.1470493123413898
AGCGTA	0.7976607286971734
AGCGAT	0.0
AGCGAA	0.8320426566582585
AGCTCT	1.0086300569700875
AGCTCA	0.5260527452300887
AGCTGT	1.7205739685120849
AGCTGA	1.1964910930457602
CTGGTT	3.29895174127937
CTGGTA	0.5735246561706951
TCCATC	0.33259291281477343
TCCATG	0.25215751424252186
TCCAAC	0.4625717523056044
TCCAAG	1.227456405536874
CATTGC	2.2694176281826968
CATTGG	2.2940986246827797
CTGGAT	0.5735246561706951
CTGGAA	1.1964910930457604
CTGTCT	1.0878200201206314
CTGTCA	0.7564725427275656
AGCTTC	0.7564725427275656
AGCTTG	3.4411479370241698
AGCTAC	0.7014036603067847
AGCTAG	1.1964910930457602
AGCACT	2.1042109809203544
AGCACA	0.8535760061492049
AGCAGT	2.3929821860915204
AGCAGA	0.8320426566582585
CAACCT	1.4648105489677472
CAACCA	1.7155917863288315
TCCTGT	0.36260667337354385
TCCTGA	1.0086300569700875
TCCTTC	1.4348223180934854
TCCTTG	0.36260667337354396
TCCTAC	2.7716076067897784
TCCTAG	5.29530779909296
TCCACT	1.1086430427159113
TCCACA	0.6938576284584066
TCCAGT	0.5043150284850437
TCCAGA	0.701403660306785
AGCATC	1.4028073206135694
AGCATG	1.1964910930457602
AGCAAC	1.2193942944988645
AGCAAG	0.5546951044388391
CCCTTT	1.2753976160830978
CCCTTA	1.1086430427159113
CGTAAC	0.17535091507669623
CGTAAG	0.3988303643485868
CTGCTT	0.0
CTGCTA	2.017260113940175
TCCGAT	0.2521575142425219
TCCGAA	0.5260527452300889
TCCTCT	2.072521126135034
TCCTCA	1.662964564073867
CATAGC	1.4028073206135698
CATAGG	0.7976607286971736
CAACAC	0.9650203798099678
CAACAG	1.0974548650489784
CAAGCT	1.928860065843659
CAAGCA	1.3413337239487513
CCTCAT	0.886914434172729
CCTCAA	0.6938576284584065
TCCCTT	0.6376988080415491
TCCCTA	2.328150389703414
TCCCAT	0.6651858256295469
TCCCAA	0.9251435046112088
TCCGTT	0.36260667337354396
TCCGTA	1.0086300569700877
CTGCAT	0.7564725427275656
CTGCAA	0.8767545753834812
CCCTAT	1.6629645640738668
CCCTAA	2.698335221782692
AGGCTT	5.161721905536255
AGGCTA	0.0
AGGCAT	3.5894732791372803
AGGCAA	0.27734755221941954
CTCAAC	1.079334088713077
CTCAAG	0.8767545753834813
CGTACT	1.5129450854551312
CGTACA	0.7014036603067849
CGTAGT	2.2940986246827806
CGTAGA	0.7976607286971736
CCTCTT	1.1159729140727106
CCTCTA	0.6651858256295469
CAACGT	0.17535091507669626
CAACGA	0.6096971472494324
CAACTC	0.7709529205093406
CAACTG	0.3507018301533925
GAAAGC	0.8320426566582586
GAAAGG	1.892455911983323
CAAGGT	0.7976607286971736
CAAGGA	0.5546951044388391
CAAGTC	0.0
CAAGTG	0.0
CAAGAC	0.7316365766993188
CAAGAG	0.5546951044388391
CAATCC	1.156429380764011
CAATCG	0.5260527452300888
CGTATC	0.0
CGTATG	1.1470493123413903
AGGGTT	2.6089290436084553
AGGGTA	0.0
AGGGAT	1.814255254463351
AGGGAA	0.0
CTCTAC	0.6651858256295469
CTCTAG	0.7564725427275657
CTCACT	0.6651858256295469
CTCACA	1.0022387966621429
CTCAGT	0.7564725427275657
CTCAGA	0.5260527452300888
GAATGC	0.7976607286971734
GAATGG	0.9071276272316755
GAAACC	1.3413337239487513
GAAACG	0.27734755221941954
CTCATC	1.2195073469875026
CTCATG	1.2607875712126095
AGGTCT	2.2940986246827806
AGGTCA	1.1964910930457604
AGGTGT	2.6089290436084553
AGGTGA	13.606914408475133
AGGTTC	1.1470493123413903
AGGTTG	2.6089290436084553
AGGTAC	0.3988303643485868
AGGTAG	1.814255254463351
GAAGCT	1.994151821742934
GAAGCA	0.8320426566582586
GAAGGT	1.8142552544633515
GAAGGA	3.7849118239666466
GAAGTC	0.0
GAAGTG	1.814255254463351
GAAGAC	0.5546951044388391
GAAGAG	2.5232745493110973
GAATCC	0.8767545753834812
GAATCG	0.7976607286971736
GAACCT	1.0521054904601777
GAACCA	0.8535760061492054
GAACGT	0.0
GAACGA	0.5546951044388391
GAACTC	0.35070183015339246
GAACTG	1.1964910930457604
GAACAC	0.4877577177995459
GAACAG	1.3867377610970977
AGGACT	5.184794736531629
AGGACA	2.496127969974776
AGGAGT	3.628510508926703
AGGAGA	1.8924559119833233
AGGATC	2.392982186091521
AGGATG	2.7213828816950265
AGGAAC	1.3867377610970977
AGGAAG	1.892455911983323
AGTCCT	1.2607875712126093
AGTCCA	0.35070183015339246
AGTCGT	0.5735246561706951
AGTCGA	0.7976607286971736
GATACC	0.35070183015339246
GATACG	0.7976607286971736
GATAGC	0.3988303643485867
GATAGG	0.0
AGTCTC	0.5043150284850437
AGTCTG	0.5735246561706951
AGTCAC	1.0521054904601774
AGTCAG	0.0
CTCGAT	0.7564725427275657
CTCGAA	0.0
CTCTCT	0.7971235100519362
CTCTCA	0.776050129901138
CTCTGT	0.7252133467470877
CTCTGA	0.7564725427275657
CTCTTC	0.9565482120623237
CTCTTG	0.36260667337354396
GATGAC	2.392982186091521
GATGAG	10.885531526780106
GATTCC	1.0086300569700875
GATTCG	0.5735246561706951
GATTGC	0.5735246561706951
GATTGG	1.3044645218042277
AGTGCT	0.0
AGTGCA	0.7976607286971736
AGTGGT	0.0
AGTGGA	2.7213828816950265
AGTGTC	0.0
AGTGTG	0.0
AGTGAC	0.3988303643485868
AGTGAG	1.814255254463351
AGTTCC	0.25215751424252186
AGTTCG	0.0
AGTTGC	0.0
AGTTGG	2.6089290436084553
AGTACC	1.2274564055368737
AGTACG	0.7976607286971736
GATCTC	0.0
GATCTG	1.1470493123413903
GATCAC	0.35070183015339246
GATCAG	1.5953214573943473
GATGCT	0.0
GATGCA	1.994151821742934
GATGGT	3.9133935654126835
GATGGA	1.814255254463351
GATGTC	1.1470493123413903
GATGTG	0.0
AGTAGC	3.1906429147886937
AGTAGG	1.814255254463351
CTCCTT	1.75367172211426
CTCCTA	2.549878998246596
CAAACC	1.125857109778296
CAAACG	0.24387885889977295
GAGATC	0.3988303643485868
GAGATG	1.814255254463351
GAGAAC	0.8320426566582586
GAGAAG	3.154093186638872
GATCCT	1.2607875712126093
GATCCA	0.5260527452300887
GATCGT	0.0
GATCGA	0.0
CTCCAT	0.8869144341727291
CTCCAA	0.5396670443565385
CTCGTT	0.0
CTCGTA	0.7564725427275657
AGACCT	0.8767545753834813
AGACCA	0.4877577177995459
AGACGT	0.0
AGACGA	0.5546951044388391
AGACTC	0.35070183015339246
AGACTG	0.0
AGACAC	0.12193942944988648
AGACAG	1.1093902088776781
GAGACT	0.0
GAGACA	0.5546951044388391
GAGAGT	0.9071276272316757
GAGAGA	0.0
CAATGC	0.5260527452300887
CAATGG	1.994151821742934
GAGGTT	3.9133935654126835
GAGGTA	0.9071276272316755
GAGGAT	3.628510508926702
GAGGAA	3.1540931866388715
GAGTCT	0.0
GAGTCA	0.3988303643485868
GAGTGT	1.3044645218042277
GAGTGA	1.814255254463351
GAGTTC	1.1470493123413903
GAGTTG	1.3044645218042277
GAGTAC	0.3988303643485868
GAGTAG	0.9071276272316755
AGAGCT	1.994151821742934
AGAGCA	0.27734755221941954
AGAGGT	4.535638136158378
AGAGGA	3.1540931866388724
AGAGTC	0.3988303643485868
AGAGTG	4.5356381361583775
AGAGAC	0.0
AGAGAG	0.6308186373277743
AGATCC	0.0
AGATCG	0.0
AGATGC	1.5953214573943468
AGATGG	2.7213828816950265
AGAACC	0.8535760061492054
AGAACG	0.27734755221941954
CAAAGC	0.9755154355990918
CAAAGG	0.5546951044388391
GAGCTT	1.1470493123413898
GAGCTA	2.3929821860915204
GAGCAT	1.5953214573943468
GAGCAA	1.1093902088776781
CGTGTT	0.0
CGTGTA	0.0
CGTGAT	1.1470493123413903
CGTGAA	0.0
GACACT	0.8767545753834809
GACACA	0.3658182883496593
GACAGT	0.3988303643485867
GACAGA	0.0
GACATC	0.5260527452300886
GACATG	0.7976607286971734
GACAAC	0.4877577177995458
GACAAG	0.0
AGAAGC	1.3867377610970977
AGAAGG	1.892455911983323
ATCCCT	1.2195073469875026
ATCCCA	1.156429380764011
ATCCGT	1.2607875712126093
ATCCGA	1.0521054904601774
CGTCTT	0.36260667337354385
CGTCTA	0.5043150284850437
CGTCAT	0.0
CGTCAA	0.35070183015339246
GACTCT	0.25215751424252186
GACTCA	1.2274564055368737
GACTGT	0.5735246561706949
GACTGA	0.0
GACTTC	1.2607875712126093
GACTTG	2.2940986246827797
GACTAC	1.4028073206135694
GACTAG	1.9941518217429337
GCCATT	1.0086300569700875
GCCATA	1.4028073206135698
GCCAAT	0.7014036603067849
GCCAAA	0.36581828834965935
GCCTTT	0.7252133467470877
GCCTTA	1.2607875712126095
GCCTAT	1.5129450854551312
GCCTAA	1.4028073206135698
CGGATT	1.7205739685120853
CGGATA	1.1964910930457604
CCTGAT	1.2607875712126093
CCTGAA	1.5781582356902661
GACGTT	0.0
GACGTA	0.3988303643485867
GACGAT	0.0
GACGAA	0.27734755221941954
GCGTAT	1.1470493123413903
GCGTAA	0.3988303643485868
CGCATT	0.25215751424252186
CGCATA	0.17535091507669623
CGGTTT	1.649475870639685
CGGTTA	0.0
CGGTAT	1.1470493123413903
CGGTAA	0.0
GACCTT	0.5043150284850437
GACCTA	0.7014036603067849
GACCAT	0.8767545753834812
GACCAA	0.9755154355990916
CCTGTT	0.7252133467470877
CCTGTA	0.7564725427275657
CGGAAT	1.1964910930457604
CGGAAA	0.5546951044388391
ATCCTC	1.7738288683454582
ATCCTG	0.7564725427275657
ATCCAC	0.6167623364074725
ATCCAG	0.3507018301533925
CGAAGT	0.7976607286971736
CGAAGA	0.0
CGAATC	0.7014036603067849
CGAATG	1.1964910930457604
CGAAAC	0.6096971472494324
CGAAAG	0.5546951044388391
GCGAAT	0.0
GCGAAA	0.27734755221941954
GTAAGC	0.0
GTAAGG	0.0
GCGTTT	0.8247379353198425
GCGTTA	0.0
ATCGCT	0.5043150284850437
ATCGCA	0.7014036603067849
ATCGGT	0.0
ATCGGA	1.994151821742934
ATCGTC	0.5043150284850437
ATCGTG	0.0
ATCGAC	0.5260527452300887
ATCGAG	0.0
ATCTCC	0.9977787384443201
ATCTCG	0.0
GTAACC	0.35070183015339246
GTAACG	0.3988303643485868
CGCAAT	0.5260527452300887
CGCAAA	0.6096971472494322
GCGATT	0.0
GCGATA	0.3988303643485868
ATCTGC	1.0086300569700875
ATCTGG	1.1470493123413898
ATCACC	0.6938576284584066
ATCACG	0.17535091507669626
ATCAGC	1.0521054904601774
ATCAGG	2.7918125504401075
ATGCCT	1.5129450854551312
ATGCCA	1.0521054904601774
GTAGTC	0.5735246561706951
GTAGTG	1.3044645218042277
GTAGAC	1.5953214573943473
GTAGAG	0.9071276272316755
GTATCC	0.5043150284850437
GTATCG	0.0
GTATGC	0.0
GTATGG	1.3044645218042277
GCTCAT	0.25215751424252186
GCTCAA	1.2274564055368737
GTACGT	0.5735246561706951
GTACGA	0.3988303643485868
GTACTC	0.7564725427275657
GTACTG	1.7205739685120853
GTACAC	0.5260527452300887
GTACAG	0.7976607286971736
GTAGCT	1.7205739685120853
GTAGCA	2.392982186091521
GTAGGT	0.0
GTAGGA	1.814255254463351
ATGCGT	0.0
ATGCGA	0.3988303643485868
ATGCTC	0.5043150284850437
ATGCTG	0.0
ATGCAC	0.8767545753834812
ATGCAG	0.7976607286971736
ATGGCT	0.5735246561706951
ATGGCA	1.5953214573943473
ATGGGT	0.0
ATGGGA	2.7213828816950265
ATGGTC	0.0
ATGGTG	2.6089290436084553
GTTAGC	0.5735246561706949
GTTAGG	1.3044645218042275
GTACCT	0.0
GTACCA	0.5260527452300887
GCTCTT	0.7252133467470877
GCTCTA	0.5043150284850437
ATGGAC	0.7976607286971736
ATGGAG	1.814255254463351
ATGTCC	0.5043150284850437
ATGTCG	1.1470493123413903
ATGTGC	1.1470493123413903
ATGTGG	0.0
ATGACC	1.0521054904601774
ATGACG	0.3988303643485868
ATGAGC	4.387134007834454
ATGAGG	4.5356381361583775
ATTCCC	0.776050129901138
ATTCCG	0.0
ATTCGC	1.0086300569700877
ATTCGG	1.1470493123413903
GTTTGC	1.649475870639685
GTTTGG	0.0
GTTACC	0.5043150284850437
GTTACG	0.5735246561706949
ATTGCC	1.5129450854551314
ATTGCG	0.5735246561706951
ATTGGC	2.8676232808534756
ATTGGG	1.3044645218042277
ATACCC	1.0022387966621429
ATACCG	0.3507018301533925
ATACGC	0.35070183015339246
ATACGG	1.5953214573943473
GCTTGT	1.649475870639685
GCTTGA	2.8676232808534756
GTTGGT	5.627524631254601
GTTGGA	3.9133935654126835
GTTGTC	0.0
GTTGTG	1.8758415437515337
GTTGAC	0.5735246561706951
GTTGAG	1.3044645218042277
GTTTCC	0.7252133467470876
GTTTCG	0.0
ATAGCC	0.8767545753834814
ATAGCG	0.0
ATAGGC	1.5953214573943473
ATAGGG	0.9071276272316755
GTTCTC	0.3626066733735438
GTTCTG	4.123689676599213
GTTCAC	0.7564725427275656
GTTCAG	0.5735246561706949
GTTGCT	0.0
GTTGCA	1.7205739685120853
GCTGTT	0.0
GCTGTA	0.0
GCTGAT	1.1470493123413903
GCTGAA	1.1964910930457604
GCTTCT	1.4504266934941752
GCTTCA	1.5129450854551312
GCTAGT	0.5735246561706951
GCTAGA	0.7976607286971736
GTGAGT	0.0
GTGAGA	9.97840389954843
GTGATC	1.7205739685120853
GTGATG	1.3044645218042277
GTGAAC	0.3988303643485868
GTGAAG	1.814255254463351
GTTCCT	1.4504266934941752
GTTCCA	0.0
GTTCGT	0.8247379353198425
GTTCGA	0.0
CGATGT	0.5735246561706951
CGATGA	1.1964910930457604
CGATTC	0.5043150284850437
CGATTG	0.0
CGATAC	0.17535091507669623
CGATAG	0.3988303643485868
GTGTAC	1.1470493123413903
GTGTAG	2.6089290436084553
GTGACT	0.0
GTGACA	0.7976607286971736
GCTTTC	0.0
GCTTTG	1.649475870639685
GCTTAC	1.2607875712126093
GCTTAG	1.7205739685120849
GCTACT	0.25215751424252186
GCTACA	0.8767545753834812
CGCTTT	1.0878200201206316
CGCTTA	0.5043150284850437
GTGGTT	0.0
GTGGTA	0.0
GTGGAT	0.0
GTGGAA	2.7213828816950265
GTGTCT	0.0
GTGTCA	0.0
GTGTGT	0.0
GTGTGA	1.3044645218042277
GTGTTC	0.0
GTGTTG	0.0
CGAACT	0.3507018301533925
CGAACA	0.24387885889977295
AACCCT	2.08157288537522
AACCCA	1.6083672996832794
AACCGT	0.701403660306785
AACCGA	0.7316365766993188
AACCTC	1.0022387966621429
AACCTG	1.928860065843659
AACCAC	1.2866938397466239
AACCAG	1.4632731533986376
CGAGTT	0.0
CGAGTA	0.0
GCACAT	0.3507018301533925
GCACAA	0.8535760061492054
CCTTAC	0.776050129901138
CCTTAG	2.521575142425219
GTGCTT	1.649475870639685
GTGCTA	0.0
GTGCAT	0.0
GTGCAA	1.994151821742934
GCTATC	1.5129450854551314
GCTATG	1.7205739685120853
GCTAAC	0.5260527452300887
GCTAAG	0.3988303643485868
GTCAAC	0.35070183015339246
GTCAAG	0.7976607286971736
CCTTCT	3.507343444228519
CCTTCA	1.1086430427159113
CCTTGT	0.0
CCTTGA	0.0
CCTTTC	0.15942470201038728
CCTTTG	1.0878200201206318
CGCTAT	0.7564725427275656
CGCTAA	0.17535091507669623
GCACTT	1.5129450854551314
GCACTA	1.7535091507669627
GCAGTT	0.0
GCAGTA	1.994151821742934
GCAGAT	0.3988303643485868
GCAGAA	0.8320426566582586
GTCTAC	0.7564725427275656
GTCTAG	1.1470493123413898
GTCACT	0.7564725427275656
GTCACA	0.8767545753834812
GTCAGT	0.5735246561706951
GTCAGA	0.0
GTCATC	0.5043150284850437
GTCATG	1.7205739685120853
CGAGAT	0.3988303643485868
CGAGAA	1.3867377610970977
CGATCT	0.25215751424252186
CGATCA	0.0
AACGCT	0.17535091507669626
AACGCA	0.24387885889977295
AACGGT	0.0
AACGGA	0.27734755221941954
AACGTC	0.0
AACGTG	0.3988303643485868
AACGAC	0.24387885889977295
AACGAG	0.8320426566582586
GCATAC	0.5260527452300887
GCATAG	1.5953214573943473
GTCGAT	0.5735246561706951
GTCGAA	1.1964910930457604
GTCTCT	1.4504266934941752
GTCTCA	1.2607875712126093
GTCTGT	0.8247379353198425
GTCTGA	1.1470493123413903
GTCTTC	0.3626066733735438
GTCTTG	0.8247379353198425
AACTCC	0.6938576284584066
AACTCG	0.3507018301533925
AACTGC	1.2274564055368737
AACTGG	2.7918125504401075
GCAAAC	1.2193942944988647
GCAAAG	1.1093902088776781
GTCCTT	0.36260667337354385
GTCCTA	1.2607875712126095
GTCCAT	0.7564725427275656
GTCCAA	0.5260527452300887
GTCGTT	1.649475870639685
GTCGTA	0.5735246561706951
GCATCT	0.5043150284850437
GCATCA	2.104210980920355
GCATGT	0.5735246561706951
GCATGA	1.1964910930457604
GCATTC	1.0086300569700875
GCATTG	0.0
AACACC	0.9650203798099678
AACACG	0.3658182883496594
AACAGC	1.5852125828485242
AACAGG	1.3867377610970977
GGAATC	3.988303643485868
GGAATG	0.0
GGAAAC	1.1093902088776781
GGAAAG	0.6308186373277743
GCAACT	0.701403660306785
GCAACA	1.4632731533986376
GCAAGT	0.3988303643485868
GCAAGA	0.5546951044388391
GCAATC	1.9288600658436585
GCAATG	1.1964910930457604
CCAAGT	0.35070183015339246
CCAAGA	0.9755154355990916
GGATGT	0.0
GGATGA	3.628510508926702
GGATTC	3.4411479370241707
GGATTG	1.3044645218042277
GGATAC	1.1964910930457604
GGATAG	1.814255254463351
GGAACT	0.7976607286971736
GGAACA	0.8320426566582586
GGAAGT	3.628510508926703
GGAAGA	1.2616372746555489
AAGCCT	1.5781582356902664
AAGCCA	1.2193942944988647
AAGCGT	0.3988303643485868
AAGCGA	0.27734755221941954
AAGCTC	0.7014036603067849
AAGCTG	3.1906429147886946
AAGCAC	0.7316365766993188
AAGCAG	2.2187804177553563
CCAATC	0.9251435046112086
CCAATG	1.2274564055368737
CCAAAC	1.1258571097782952
CCAAAG	0.8535760061492051
GGAGTT	10.435716174433821
GGAGTA	1.814255254463351
GGAGAT	1.814255254463351
GGAGAA	1.2616372746555486
GGATCT	1.1470493123413903
GGATCA	1.1964910930457604
CCAACT	1.0022387966621427
CCAACA	1.6083672996832794
GGCTTT	2.474213805959527
GGCTTA	2.8676232808534747
GGCTAT	1.7205739685120849
GGCTAA	0.3988303643485867
GGCATT	4.588197249365559
GGCATA	1.9941518217429337
CCTAAC	2.158668177426154
CCTAAG	1.0521054904601777
GGACTT	2.8676232808534747
GGACTA	3.9883036434858674
GGACAT	1.1964910930457602
GGACAA	1.664085313316517
CCTACT	3.88025064950569
CCTACA	2.0044775933242858
CCTAGT	2.017260113940175
CCTAGA	1.4028073206135698
CCTATC	0.776050129901138
CCTATG	2.017260113940175
GGCAAT	0.7976607286971734
GGCAAA	0.27734755221941954
CCATCT	0.9977787384443203
CCATCA	1.079334088713077
CCATGT	0.25215751424252186
CCATGA	0.8767545753834812
CCATTC	1.2195073469875026
CCATTG	0.25215751424252186
CGACTT	0.25215751424252186
CGACTA	0.701403660306785
CGACAT	0.0
CGACAA	0.3658182883496594
AAGGCT	0.7976607286971736
AAGGCA	0.27734755221941954
AAGGGT	1.8142552544633515
AAGGGA	0.6308186373277744
AAGGTC	0.0
AAGGTG	1.814255254463351
AAGGAC	1.3867377610970977
AAGGAG	1.892455911983323
GGTTAC	0.5735246561706951
GGTTAG	1.3044645218042277
GGTACT	1.1470493123413903
GGTACA	1.1964910930457604
GGTAGT	0.0
GGTAGA	0.0
GGTATC	0.5735246561706951
GGTATG	0.0
GGTAAC	0.3988303643485868
GGTAAG	1.814255254463351
AAGTCC	0.35070183015339246
AAGTCG	0.3988303643485868
AAGTGC	0.7976607286971734
AAGTGG	1.814255254463351
CCATAC	1.233524672814945
CCATAG	1.7535091507669627
CCAGTT	0.25215751424252186
CCAGTA	0.5260527452300887
GGTGAT	2.6089290436084553
GGTGAA	1.814255254463351
GGTTCT	0.8247379353198425
GGTTCA	0.5735246561706951
GGTTGT	1.8758415437515337
GGTTGA	0.0
GGTTTC	2.4742138059595273
GGTTTG	1.8758415437515341
CCACAT	0.8480482125602746
CCACAA	0.9114081364871917
GGGTTT	0.0
GGGTTA	1.3044645218042272
GGGTAT	0.0
GGGTAA	0.9071276272316754
CCAGAT	0.35070183015339246
CCAGAA	0.8535760061492051
CCACTT	0.7760501299011379
CCACTA	1.387715256916813
GGTCTT	2.4742138059595273
GGTCTA	0.5735246561706951
GGTCAT	1.1470493123413903
GGTCAA	0.7976607286971736
GGTGTT	0.0
GGTGTA	5.217858087216911
AAGACC	0.6096971472494324
AAGACG	0.5546951044388391
AAGAGC	1.1093902088776781
AAGAGG	1.892455911983323
AATCCC	1.0022387966621429
AATCCG	0.701403660306785
AATCGC	0.8767545753834812
AATCGG	1.5953214573943473
AATGCC	0.17535091507669628
AATGCG	0.3988303643485869
AATGGC	2.392982186091521
AATGGG	4.5356381361583775
GGGATT	2.608929043608455
GGGATA	2.721382881695026
GGGAAT	0.9071276272316755
GGGAAA	0.0
AAACCC	1.5547550563605028
AAACCG	0.36581828834965935
AAACGC	0.2438788588997729
AAACGG	0.0
CCCCTT	1.881651709724176
CCCCTA	1.7174127135090267
CCCCAT	1.5538495979367388
CCCCAA	2.0473589983703673
GGGACT	0.9622677143092327
GGGACA	1.3383263612806573
GGGAGT	0.0
GGGAGA	3.0439829187855727
GGGATC	0.0
GGGATG	0.0
GGGAAC	1.3383263612806575
GGGAAG	1.5219914593927863
GGTCCT	0.6083865637270633
GGTCCA	1.692293660022406
GGTCGT	0.0
GGTCGA	0.0
CCACAC	0.7393240827448546
CCACAG	1.293515626009554
GGGTCT	0.0
GGGTCA	1.9245354286184655
GGGTGT	3.147313258969742
GGGTGA	2.188648875490453
GGGTTC	1.3837568784281529
GGGTTG	3.147313258969742
GGGTAC	0.9622677143092327
GGGTAG	0.0
CCAGAC	0.9054609382066878
CCAGAG	0.5884124507549169
GGGGTT	0.0
GGGGTA	4.377297750980906
GGGGAT	4.377297750980906
GGGGAA	1.5219914593927863
CCACCT	1.144941809006018
CCACCA	1.0236794991851834
CCACGT	0.3720193701250618
CCACGA	0.7761093756057323
CCACTC	0.8178155778614413
CCACTG	0.9300484253126545
GGTCTC	0.6083865637270633
GGTCTG	1.383756878428153
GGTCAC	0.846146830011203
GGTCAG	1.924535428618466
GGTGCT	1.3837568784281535
GGTGCA	1.924535428618466
GGTGGT	0.0
GGTGGA	0.0
GGTGTC	0.0
GGTGTG	3.147313258969743
GGGCTT	1.383756878428153
GGGCTA	0.9622677143092327
GGGCAT	0.9622677143092327
GGGCAA	2.007489541920986
CCAGCT	0.5580290551875927
CCAGCA	1.293515626009554
CCAGGT	0.8461468300112028
CCAGGA	0.8826186761323755
CCAGTC	0.1860096850625309
CCAGTG	1.2692202450168042
GGTGAC	0.962267714309233
GGTGAG	24.075137630394988
GGTTCC	1.2167731274541267
GGTTCG	4.151270635284459
GGTTGC	1.383756878428153
GGTTGG	15.736566294848714
GGTACC	0.0
GGTACG	0.0
GGTAGC	1.924535428618466
GGTAGG	0.0
CCTACC	0.9813786934337297
CCTACG	0.7440387402501237
CCTAGC	5.022261496688334
CCTAGG	5.499954395072819
GGCAAC	1.1768249015098338
GGCAAG	0.0
CCATCC	0.7360340200752973
CCATCG	1.1160581103751857
CCATGC	0.5580290551875927
CCATGG	1.2692202450168042
GGCTTC	2.4335462549082525
GGCTTG	0.0
GGCTAC	0.4230734150056014
GGCTAG	0.0
GGCACT	0.8461468300112028
GGCACA	1.176824901509834
GGCAGT	0.0
GGCAGA	0.6691631806403286
GGCATC	2.5384404900336084
GGCATG	0.0
GGACCT	0.8461468300112028
GGACCA	0.588412450754917
GGACGT	0.0
GGACGA	2.007489541920986
GGACTC	2.1153670750280074
GGACTG	0.0
GGACAC	1.7652373522647506
GGACAG	0.6691631806403286
GGCGTT	1.383756878428153
GGCGTA	0.9622677143092327
GGCGAT	0.9622677143092327
GGCGAA	0.0
GGCTCT	0.6083865637270632
GGCTCA	2.1153670750280074
GGCTGT	0.0
GGCTGA	1.9245354286184655
GGAGCT	1.9245354286184655
GGAGCA	3.3458159032016432
GGAGGT	2.1886488754904536
GGAGGA	9.131948756356719
GGAGTC	2.886803142927699
GGAGTG	4.377297750980906
GGAGAC	1.3383263612806575
GGAGAG	3.0439829187855727
GGATCC	1.692293660022406
GGATCG	0.0
CGCCTT	1.069940006640674
CGCCTA	0.3720193701250618
CGCCAT	0.7440387402501236
CGCCAA	0.2587031252019108
GGCCTT	1.8251596911811898
GGCCTA	5.499954395072819
GGCCAT	2.1153670750280074
GGCCAA	2.0594435776422095
CCAACC	1.8767457485061696
CCAACG	0.646757813004777
CCAAGC	1.8109218764133757
CCAAGG	0.8826186761323753
GGATGC	0.962267714309233
GGATGG	0.0
GGAACC	1.4710311268872927
GGAACG	0.0
GGAAGC	0.6691631806403288
GGAAGG	4.56597437817836
GTCCCT	0.0
GTCCCA	0.3720193701250618
GTCCGT	0.6083865637270633
GTCCGA	0.4230734150056015
GCAACC	1.4228671886105095
GCAACG	0.29420622537745855
GCAAGC	0.588412450754917
GCAAGG	1.3383263612806575
GTCCTC	0.8024550049805055
GTCCTG	0.0
GTCCAC	0.3720193701250618
GTCCAG	0.4230734150056014
GTCGCT	0.6083865637270633
GTCGCA	0.4230734150056015
GTCGGT	2.767513756856307
GTCGGA	0.962267714309233
GTCGTC	0.0
GTCGTG	0.0
GCATCC	0.7440387402501236
GCATCG	0.4230734150056014
GCATGC	0.0
GCATGG	0.962267714309233
GTCGAC	0.0
GTCGAG	0.0
GTCTCC	0.26748500166016836
GTCTCG	0.0
GTCTGC	0.0
GTCTGG	0.0
CGCGTT	0.0
CGCGTA	0.0
CGCGAT	0.0
CGCGAA	0.0
GCAGCT	1.692293660022406
GCAGCA	0.8826186761323757
GCAGGT	3.849070857236932
GCAGGA	5.35330544512263
GCAGTC	0.4230734150056015
GCAGTG	0.0
GCAGAC	0.2942062253774585
GCAGAG	0.0
GTCACC	0.7440387402501236
GTCACG	0.0
GTCAGC	0.4230734150056015
GTCAGG	1.924535428618466
CCTTCC	1.764048477866415
CCTTCG	1.069940006640674
CCTTGC	2.139880013281348
CCTTGG	1.2167731274541267
CGCTAC	0.7440387402501236
CGCTAG	0.4230734150056014
GCACCT	0.7440387402501237
GCACCA	0.7761093756057326
GCACGT	0.4230734150056015
GCACGA	0.5884124507549171
GCACTC	1.6740871655627785
GCACTG	0.4230734150056015
GCACAC	0.6467578130047771
GCACAG	1.7652373522647513
GTGCCT	1.2167731274541267
GTGCCA	0.846146830011203
GTGCGT	1.3837568784281535
GTGCGA	0.0
GTGCTC	0.0
GTGCTG	0.0
GTGCAC	0.0
GTGCAG	1.924535428618466
CGCTCT	0.0
CGCTCA	0.5580290551875927
CGCTGT	0.0
CGCTGA	0.0
CGCTTC	0.2674850016601685
CGCTTG	0.6083865637270633
GTGGCT	0.0
GTGGCA	0.0
GTGGGT	0.0
GTGGGA	4.377297750980906
GTGGTC	0.0
GTGGTG	0.0
GTGGAC	0.962267714309233
GTGGAG	2.1886488754904536
GTGTCC	0.0
GTGTCG	0.0
GTGTGC	0.0
GTGTGG	0.0
GTGACC	0.846146830011203
GTGACG	0.0
GCTACC	0.7440387402501236
GCTACG	0.0
GCTAGC	0.846146830011203
GCTAGG	2.886803142927699
GTGAGC	1.924535428618466
GTGAGG	0.0
GTTCCC	0.5349700033203367
GTTCCG	0.0
GTTCGC	0.6083865637270633
GTTCGG	1.383756878428153
GTTGCC	0.0
GTTGCG	0.0
GCTGTC	1.82515969118119
GCTGTG	0.0
GCTGAC	0.0
GCTGAG	2.886803142927699
GCTTCC	0.0
GCTTCG	0.0
GCTTGC	0.6083865637270633
GCTTGG	0.0
GTTGGC	4.151270635284459
GTTGGG	6.294626517939486
GTACCC	0.9300484253126545
GTACCG	0.8461468300112028
GCTCCT	1.069940006640674
GCTCCA	0.5580290551875927
GCTCGT	0.6083865637270633
GCTCGA	0.4230734150056015
GCTCTC	1.069940006640674
GCTCTG	0.0
GCTCAC	0.7440387402501236
GCTCAG	1.2692202450168042
GCTGCT	0.6083865637270633
GCTGCA	0.4230734150056015
GCTGGT	2.767513756856307
GCTGGA	6.735874000164631
GTACGC	0.4230734150056015
GTACGG	0.0
GTAGCC	2.5384404900336093
GTAGCG	0.962267714309233
GTAGGC	0.962267714309233
GTAGGG	2.1886488754904536
CGCAAC	1.0348125008076432
CGCAAG	0.5884124507549169
GCGACT	0.0
GCGACA	0.29420622537745855
GCGAGT	0.0
GCGAGA	0.0
GCGATC	0.0
GCGATG	0.0
GCGAAC	0.588412450754917
GCGAAG	0.0
GACCCT	0.5580290551875927
GACCCA	0.5174062504038216
GACCGT	0.4230734150056014
GACCGA	0.2942062253774585
GCGTTC	1.2167731274541267
GCGTTG	0.0
GCGTAC	0.4230734150056015
GCGTAG	0.0
CGCACT	0.5580290551875927
CGCACA	0.646757813004777
CGCAGT	0.0
CGCAGA	0.0
CGCATC	0.3720193701250618
CGCATG	0.4230734150056014
CGGGTT	0.0
CGGGTA	0.0
CGGGAT	0.0
CGGGAA	0.0
CGGCTT	0.6083865637270633
CGGCTA	0.846146830011203
CGGCAT	1.2692202450168046
CGGCAA	0.0
GCGGTT	1.3837568784281538
GCGGTA	0.9622677143092332
GCGGAT	3.849070857236932
GCGGAA	0.0
GCGTCT	0.0
GCGTCA	0.846146830011203
GCGTGT	0.0
GCGTGA	0.0
CGGTCT	0.0
CGGTCA	0.846146830011203
CGGTGT	0.0
CGGTGA	0.0
CGGTTC	0.6083865637270633
CGGTTG	4.151270635284459
CGGTAC	0.4230734150056015
CGGTAG	0.0
GCGCTT	0.6083865637270633
GCGCTA	0.0
GCGCAT	0.0
GCGCAA	1.4710311268872929
GACCTC	0.7440387402501236
GACCTG	2.96151390503921
GACCAC	0.2587031252019108
GACCAG	0.5884124507549169
CCTGCT	2.139880013281348
CCTGCA	1.6740871655627783
CCTGGT	0.6083865637270633
CCTGGA	0.4230734150056015
CCTGTC	0.2674850016601685
CCTGTG	1.82515969118119
CGGAAC	0.0
CGGAAG	2.007489541920986
GCCACT	0.9300484253126545
GCCACA	1.0348125008076432
GCCAGT	0.4230734150056014
GCCAGA	0.2942062253774585
GCCATC	2.04610653568784
GCCATG	0.8461468300112028
GCCAAC	1.8109218764133757
GCCAAG	0.29420622537745844
GCCTTC	3.7447900232423588
GCCTTG	1.2167731274541267
GCCTAC	2.9761549610004945
GCCTAG	3.3845873200448113
CGGACT	1.2692202450168046
CGGACA	1.1768249015098342
CGGAGT	0.962267714309233
CGGAGA	1.3383263612806575
CGGATC	0.4230734150056015
CGGATG	0.962267714309233
CCTGAC	0.9300484253126545
CCTGAG	2.96151390503921
GACGCT	1.6922936600224057
GACGCA	0.0
GACGGT	0.9622677143092327
GACGGA	2.007489541920986
GACGTC	0.0
GACGTG	0.0
GACGAC	0.5884124507549169
GACGAG	2.007489541920986
CGTCTC	1.069940006640674
CGTCTG	0.0
CGTCAC	0.5580290551875927
CGTCAG	0.4230734150056014
GCCGTT	1.2167731274541265
GCCGTA	2.1153670750280074
GCCGAT	0.0
GCCGAA	0.2942062253774585
GCCTCT	0.534970003320337
GCCTCA	1.1160581103751854
GCCTGT	0.6083865637270633
GCCTGA	1.2692202450168046
GACTCC	1.6740871655627783
GACTCG	0.8461468300112028
GACTGC	0.0
GACTGG	0.0
CGTGTC	0.0
CGTGTG	0.0
CGTGAC	0.4230734150056015
CGTGAG	0.0
GCCCTT	0.8024550049805054
GCCCTA	4.464232441500742
GCCCAT	1.4880774805002472
GCCCAA	1.0348125008076432
CGTCCT	0.8024550049805054
CGTCCA	0.3720193701250618
CGTCGT	0.0
CGTCGA	0.0
GACACC	0.5174062504038215
GACACG	0.2942062253774584
GACAGC	1.1768249015098338
GACAGG	2.007489541920986
CGTGCT	0.0
CGTGCA	0.846146830011203
CGTGGT	0.0
CGTGGA	0.0
GAGCCT	2.5384404900336084
GAGCCA	1.176824901509834
GAGCGT	0.0
GAGCGA	0.6691631806403286
GAGCTC	1.6922936600224057
GAGCTG	3.849070857236931
GAGCAC	2.059443577642209
GAGCAG	2.6766527225613146
GAGGCT	0.0
GAGGCA	2.007489541920986
GAGGGT	2.1886488754904536
GAGGGA	1.5219914593927866
GAGGTC	2.886803142927699
GAGGTG	4.377297750980906
GAGGAC	4.014979083841972
GAGGAG	6.087965837571145
GAGTCC	1.2692202450168046
GAGTCG	0.962267714309233
GAGTGC	1.924535428618466
GAGTGG	6.56594662647136
GAGACC	1.176824901509834
GAGACG	0.6691631806403288
GAGAGC	0.6691631806403288
GAGAGG	1.5219914593927868
GATCCC	0.3720193701250618
GATCCG	0.4230734150056014
GATCGC	0.846146830011203
GATCGG	0.962267714309233
GATGCC	1.2692202450168046
GATGCG	0.0
GATGGC	0.0
GATGGG	0.0
GAACCC	1.2935156260095542
GAACCG	0.5884124507549171
GAACGC	0.0
GAACGG	0.0
GAAGCC	0.8826186761323755
GAAGCG	0.0
GAAGGC	2.676652722561315
GAAGGG	0.0
CAAGGC	0.8826186761323755
CAAGGG	1.3383263612806575
CCTCCT	4.351319578737157
CCTCCA	1.226723366792162
CCTCGT	0.2674850016601685
CCTCGA	0.7440387402501236
CCTCTC	1.058429086719849
CCTCTG	0.534970003320337
CAACGC	0.2587031252019108
CAACGG	0.8826186761323757
CAAGCC	1.4228671886105095
CAAGCG	0.29420622537745855
CCTCAC	1.5538495979367386
CCTCAG	1.4880774805002472
TCCCCT	1.17603231857761
TCCCCA	1.308504924578306
TCCCGT	0.0
TCCCGA	0.18600968506253093
TCCCTC	0.5880161592888051
TCCCTG	0.2674850016601685
TCCCAC	0.8178155778614414
TCCCAG	0.7440387402501237
TCCGCT	0.26748500166016853
TCCGCA	0.7440387402501238
TCCGGT	0.0
TCCGGA	0.4230734150056015
TCCGTC	0.26748500166016853
TCCGTG	0.6083865637270635
TCCGAC	0.7440387402501238
TCCGAG	0.4230734150056015
TCCTCC	2.940080796444025
TCCTCG	0.534970003320337
CAACCC	1.8198746652181041
CAACCG	1.2935156260095542
TCCTGC	0.8024550049805055
TCCTGG	0.0
TCCACC	1.144941809006018
TCCACG	0.18600968506253093
TCCAGC	0.5580290551875928
TCCAGG	1.2692202450168046
TCGCCT	0.534970003320337
TCGCCA	0.9300484253126545
TCGCGT	0.0
TCGCGA	0.0
TCGCTC	0.2674850016601685
TCGCTG	0.0
TCGCAC	0.1860096850625309
TCGCAG	1.6922936600224057
CCGACT	0.3720193701250618
CCGACA	0.2587031252019108
CCGAGT	0.0
CCGAGA	0.588412450754917
CCGATC	0.1860096850625309
CCGATG	1.2692202450168042
CCGAAC	0.2587031252019108
CCGAAG	0.8826186761323753
TCGGCT	1.82515969118119
TCGGCA	0.846146830011203
TCGGGT	0.0
TCGGGA	0.962267714309233
TCGGTC	0.6083865637270633
TCGGTG	0.0
TCGGAC	1.2692202450168046
TCGGAG	3.849070857236932
CATGGC	1.692293660022406
CATGGG	0.0
TCGTCC	1.0699400066406735
TCGTCG	1.2167731274541265
TCGTGC	0.0
TCGTGG	1.383756878428153
TCGACC	0.3720193701250618
TCGACG	0.4230734150056014
TCGAGC	2.1153670750280074
TCGAGG	0.0
TCTCCC	1.4112387822931323
TCTCCG	0.8024550049805055
TCTCGC	0.5349700033203371
TCTCGG	0.0
CATCGC	0.7440387402501236
CATCGG	2.1153670750280074
CATGCC	1.4880774805002472
CATGCG	0.4230734150056014
TCTGCC	0.534970003320337
TCTGCG	0.6083865637270633
TCTGGC	1.216773127454127
TCTGGG	0.0
TCACCC	1.6356311557228829
TCACCG	0.9300484253126547
TCACGC	1.3020677954377164
TCACGG	0.0
TCAGCC	1.1160581103751854
TCAGCG	0.4230734150056014
TCAGGC	1.692293660022406
TCAGGG	1.924535428618466
CAGAGC	0.588412450754917
CAGAGG	2.007489541920986
CATCCC	0.8178155778614414
CATCCG	1.3020677954377167
TGCCCT	3.4773050215821897
TGCCCA	0.7440387402501236
TGCCGT	0.6083865637270633
TGCCGA	0.846146830011203
TGCCTC	0.534970003320337
TGCCTG	1.2167731274541267
TGCCAC	1.1160581103751854
TGCCAG	2.1153670750280074
TGCGCT	0.0
TGCGCA	0.0
TGCGGT	1.3837568784281535
TGCGGA	0.962267714309233
CAGTGC	0.4230734150056015
CAGTGG	0.0
CAGACC	0.6467578130047771
CAGACG	0.29420622537745855
CAGGCT	1.692293660022406
CAGGCA	2.647856028397127
CAGGGT	1.924535428618466
CAGGGA	0.6691631806403288
CAGGTC	2.1153670750280074
CAGGTG	3.849070857236932
CAGGAC	2.353649803019668
CAGGAG	2.007489541920986
CAGTCC	0.3720193701250618
CAGTCG	0.4230734150056014
TGCGTC	0.6083865637270633
TGCGTG	0.0
TGCGAC	0.4230734150056015
TGCGAG	0.962267714309233
TGCTCC	0.5349700033203367
TGCTCG	0.6083865637270632
TGCTGC	1.2167731274541267
TGCTGG	0.0
TGCACC	0.5580290551875927
TGCACG	0.0
TGCAGC	1.2692202450168046
TGCAGG	3.849070857236932
CAGCCT	2.6041355908754333
CAGCCA	1.8109218764133759
CAGCGT	1.2692202450168046
CAGCGA	0.29420622537745855
CAGCTC	1.4880774805002475
CAGCTG	1.692293660022406
CAGCAC	0.7761093756057325
CAGCAG	0.5884124507549171
CCGTCT	1.6049100099610107
CCGTCA	0.5580290551875927
CCGTGT	0.0
CCGTGA	0.846146830011203
CCGTTC	0.8024550049805055
CCGTTG	1.2167731274541267
CGTTCC	0.8024550049805051
CGTTCG	0.0
CGTTGC	0.6083865637270633
CGTTGG	1.383756878428153
CCGTAC	0.9300484253126545
CCGTAG	1.2692202450168042
TGGCCT	3.0419328186353165
TGGCCA	2.9615139050392107
TGGCGT	0.0
TGGCGA	0.0
TGGCTC	1.82515969118119
TGGCTG	0.0
TGGCAC	1.692293660022406
TGGCAG	0.962267714309233
CACACC	0.8530662493209863
CACACG	0.5174062504038216
CACAGC	1.8109218764133759
CACAGG	1.7652373522647513
CCGGTT	0.0
CCGGTA	0.4230734150056014
CCGGAT	0.4230734150056014
CCGGAA	1.176824901509834
TGGGCT	5.535027513712614
TGGGCA	0.0
TGGGGT	0.0
TGGGGA	0.0
TGGGTC	0.0
TGGGTG	3.147313258969743
TGGGAC	2.886803142927699
TGGGAG	2.1886488754904536
TGGTCC	1.2167731274541267
TGGTCG	0.0
TGGTGC	2.767513756856306
TGGTGG	0.0
TGGACC	0.4230734150056015
TGGACG	0.0
TGGAGC	1.924535428618466
TGGAGG	2.1886488754904536
CACGAC	0.7761093756057325
CACGAG	1.4710311268872929
CACTCC	0.8178155778614414
CACTCG	0.18600968506253093
CACTGC	0.37201937012506187
CACTGG	1.2692202450168046
TGTCCC	0.26748500166016836
TGTCCG	0.0
TGTCGC	0.0
TGTCGG	1.383756878428153
CACCTC	0.572470904503009
CACCTG	1.4880774805002475
CACCAC	1.0236794991851836
CACCAG	0.2587031252019108
CACGCT	0.5580290551875928
CACGCA	0.9054609382066879
CACGGT	0.4230734150056015
CACGGA	1.1768249015098342
CACGTC	0.0
CACGTG	0.0
TGTGCC	1.2167731274541267
TGTGCG	0.0
TGTGGC	0.0
TGTGGG	0.0
TGACCC	1.1160581103751854
TGACCG	0.0
TGACGC	0.0
TGACGG	0.0
TGAGCC	3.8076607350504137
TGAGCG	0.0
TGAGGC	0.962267714309233
TGAGGG	2.1886488754904536
CACCCT	2.4534467335843244
CACCCA	0.8530662493209863
CACCGT	0.18600968506253093
CACCGA	0.3880546878028663
TTCCCC	1.5288420141508927
TTCCCG	0.26748500166016836
TTCCGC	0.5349700033203367
TTCCGG	0.0
TTCGCC	0.8024550049805051
TTCGCG	0.6083865637270632
TTCGGC	1.82515969118119
TTCGGG	0.0
TTGCCC	2.4073650149415156
TTGCCG	1.8251596911811898
TTGCGC	0.6083865637270633
TTGCGG	0.0
TTGGCC	3.65031938236238
TTGGCG	1.383756878428153
TTGGGC	2.767513756856306
TTGGGG	6.294626517939486
TACCCC	1.144941809006018
TACCCG	0.18600968506253093
TACCGC	0.9300484253126545
TACCGG	1.2692202450168042
TACGCC	0.9300484253126545
TACGCG	0.0
TACGGC	1.692293660022406
TACGGG	0.0
TAGCCC	2.418125905812902
TAGCCG	1.6922936600224057
TAGCGC	0.4230734150056015
TAGCGG	0.962267714309233
TAGGCC	2.5384404900336093
TAGGCG	1.924535428618466
TAGGGC	0.962267714309233
TAGGGG	6.56594662647136
CTAGGC	3.8076607350504137
CTAGGG	1.924535428618466
CCGCTT	0.534970003320337
CCGCTA	0.7440387402501236
CCGCAT	0.3720193701250618
CCGCAA	0.646757813004777
ACCCCT	1.3902864823644505
ACCCCA	1.7061324986419726
ACCCGT	0.9300484253126547
ACCCGA	0.6467578130047771
ACCCTC	1.4720680401505946
ACCCTG	1.6740871655627785
ACCCAC	1.137421665761315
ACCCAG	0.5174062504038216
CTACGC	0.5580290551875927
CTACGG	1.2692202450168042
CTAGCC	4.278222756438211
CTAGCG	0.4230734150056014
ACCGCT	0.37201937012506187
ACCGCA	0.9054609382066879
ACCGGT	0.0
ACCGGA	1.7652373522647513
ACCGTC	0.7440387402501237
ACCGTG	0.846146830011203
ACCGAC	0.3880546878028662
ACCGAG	0.29420622537745855
ACCTCC	1.3902864823644505
ACCTCG	0.37201937012506187
ACCTGC	2.0461065356878403
ACCTGG	1.692293660022406
ACCACC	1.137421665761315
ACCACG	0.5174062504038216
CTACCC	1.3902864823644505
CTACCG	0.18600968506253093
ACCAGC	1.2935156260095542
ACCAGG	1.1768249015098342
ACGCCT	0.7440387402501237
ACGCCA	0.25870312520191086
ACGCGT	0.0
ACGCGA	0.0
ACGCTC	0.5580290551875928
ACGCTG	0.4230734150056015
ACGCAC	0.3880546878028662
ACGCAG	0.29420622537745855
CCCACT	1.3902864823644503
CCCACA	0.8530662493209862
CCCAGT	0.7440387402501236
CCCAGA	0.7761093756057323
CCCATC	0.8995971356475855
CCCATG	1.3020677954377164
CCCAAC	2.047358998370367
CCCAAG	1.68157031381242
ACGGCT	1.2692202450168046
ACGGCA	0.0
ACGGGT	0.0
ACGGGA	0.6691631806403288
ACGGTC	0.0
ACGGTG	0.0
ACGGAC	1.176824901509834
ACGGAG	2.007489541920986
ACGTCC	0.1860096850625309
ACGTCG	0.0
ACGTGC	0.4230734150056015
ACGTGG	0.0
CTTGGC	1.8251596911811903
CTTGGG	0.0
ACGACC	0.5174062504038216
ACGACG	0.5884124507549171
ACGAGC	0.8826186761323755
ACGAGG	2.676652722561315
ACTCCC	1.5538495979367388
ACTCCG	0.37201937012506187
ACTCGC	0.3720193701250618
ACTCGG	0.4230734150056014
ACTGCC	1.4880774805002472
ACTGCG	0.0
ACTGGC	2.1153670750280074
ACTGGG	3.849070857236932
CTTCGC	0.26748500166016853
CTTCGG	1.216773127454127
CTTGCC	2.139880013281348
CTTGCG	0.0
ACACCC	1.5355192487777753
ACACCG	0.2587031252019108
ACACGC	0.2587031252019108
ACACGG	1.1768249015098342
ACAGCC	2.3283281268171976
ACAGCG	1.1768249015098342
ACAGGC	1.765237352264751
ACAGGG	0.0
CTGAGC	2.5384404900336093
CTGAGG	2.886803142927699
CTTCCC	1.1760323185776103
CTTCCG	0.534970003320337
AGCCCT	1.6740871655627783
AGCCCA	1.5522187512114647
AGCCGT	1.6922936600224057
AGCCGA	0.2942062253774585
AGCCTC	1.4880774805002472
AGCCTG	1.6922936600224057
AGCCAC	1.4228671886105093
AGCCAG	0.29420622537745844
AGCGCT	0.4230734150056014
AGCGCA	1.176824901509834
AGCGGT	0.0
AGCGGA	2.007489541920986
CTGTGC	0.6083865637270633
CTGTGG	2.767513756856306
CTGACC	1.1160581103751854
CTGACG	0.0
AGCGTC	0.4230734150056014
AGCGTG	0.0
AGCGAC	0.0
AGCGAG	0.0
AGCTCC	1.6740871655627783
AGCTCG	0.8461468300112028
AGCTGC	1.6922936600224057
AGCTGG	9.622677143092329
CTGGCT	1.2167731274541267
CTGGCA	3.8076607350504137
CTGGGT	2.767513756856307
CTGGGA	1.924535428618466
CTGGTC	2.4335462549082534
CTGGTG	1.383756878428153
CTGGAC	0.0
CTGGAG	5.773606285855398
CTGTCC	0.0
CTGTCG	1.8251596911811898
AGCACC	0.9054609382066877
AGCACG	0.8826186761323752
AGCAGC	1.7652373522647506
AGCAGG	6.022468625762958
CCCTCT	0.352809695573283
CCCTCA	1.4720680401505943
CCCTGT	0.8024550049805054
CCCTGA	1.4880774805002472
CCCTTC	1.999254941581937
CCCTTG	1.069940006640674
CTGCCT	0.8024550049805054
CTGCCA	0.5580290551875927
CTGCGT	0.0
CTGCGA	0.0
CTGCTC	1.3374250083008423
CTGCTG	2.4335462549082534
CTGCAC	0.5580290551875927
CTGCAG	0.4230734150056014
CCCTAC	1.7174127135090267
CCCTAG	4.09221307137568
AGGCCT	5.92302781007842
AGGCCA	0.8826186761323755
AGGCGT	0.9622677143092327
AGGCGA	0.6691631806403286
AGGCTC	0.8461468300112028
AGGCTG	0.0
AGGCAC	1.7652373522647506
AGGCAG	0.0
CGTACC	0.1860096850625309
CGTACG	0.4230734150056014
CGTAGC	0.846146830011203
CGTAGG	0.962267714309233
CCCGTT	0.8024550049805054
CCCGTA	0.1860096850625309
CCCGAT	0.7440387402501236
CCCGAA	0.9054609382066878
AGGGCT	0.0
AGGGCA	0.6691631806403286
AGGGGT	2.1886488754904536
AGGGGA	1.5219914593927866
AGGGTC	3.849070857236932
AGGGTG	2.188648875490453
AGGGAC	0.0
AGGGAG	1.5219914593927863
CTCACC	1.717412713509027
CTCACG	0.37201937012506187
CTCAGC	1.6740871655627785
CTCAGG	2.5384404900336093
AGGTCC	0.4230734150056015
AGGTCG	0.962267714309233
AGGTGC	0.962267714309233
AGGTGG	2.1886488754904536
AGGACC	0.8826186761323755
AGGACG	0.6691631806403288
AGGAGC	3.345815903201644
AGGAGG	4.56597437817836
AGTCCC	0.3720193701250618
AGTCCG	0.8461468300112028
AGTCGC	0.846146830011203
AGTCGG	0.962267714309233
CTCGAC	0.3720193701250619
CTCGAG	1.692293660022406
CTCTCC	1.293635550435371
CTCTCG	0.2674850016601685
CTCTGC	0.2674850016601685
CTCTGG	0.6083865637270633
AGTGCC	1.2692202450168046
AGTGCG	0.962267714309233
AGTGGC	0.962267714309233
AGTGGG	4.377297750980907
CTCCTC	2.9400807964440254
CTCCTG	0.534970003320337
CTCCAC	1.2267233667921622
CTCCAG	0.7440387402501237
CTCGCT	0.26748500166016853
CTCGCA	0.3720193701250619
CTCGGT	0.6083865637270635
CTCGGA	0.4230734150056015
CTCGTC	0.26748500166016853
CTCGTG	0.0
AGACCC	1.0348125008076432
AGACCG	0.5884124507549171
AGACGC	0.8826186761323755
AGACGG	0.6691631806403288
AGAGCC	0.588412450754917
AGAGCG	0.0
AGAGGC	0.0
AGAGGG	3.0439829187855736
ATCCCC	0.6542524622891531
ATCCCG	0.18600968506253093
ATCCGC	0.7440387402501236
ATCCGG	0.4230734150056014
CGAAGC	1.176824901509834
CGAAGG	2.007489541920986
CTCCCT	1.764048477866415
CTCCCA	0.8995971356475855
CTCCGT	0.2674850016601685
CTCCGA	0.37201937012506187
ATCGCC	0.7440387402501236
ATCGCG	0.4230734150056014
ATCGGC	1.692293660022406
ATCGGG	2.886803142927699
ATGCCC	0.5580290551875927
ATGCCG	0.0
ATGCGC	0.0
ATGCGG	0.962267714309233
ATGGCC	2.5384404900336093
ATGGCG	0.0
ATGGGC	1.924535428618466
ATGGGG	0.0
CGATGC	0.0
CGATGG	0.962267714309233
CGAACC	0.3880546878028662
CGAACG	0.0
AACCCC	1.5355192487777753
AACCCG	0.9054609382066879
AACCGC	1.0348125008076432
AACCGG	0.5884124507549171
CGAGCT	1.692293660022406
CGAGCA	1.4710311268872929
CGAGGT	1.924535428618466
CGAGGA	0.6691631806403288
CGAGTC	0.0
CGAGTG	0.0
CGAGAC	0.8826186761323755
CGAGAG	0.0
CGATCC	0.3720193701250618
CGATCG	0.4230734150056014
AACGCC	0.3880546878028662
AACGCG	0.0
AACGGC	0.2942062253774585
AACGGG	1.3383263612806575
AAGCCC	1.0348125008076432
AAGCCG	0.5884124507549171
AAGCGC	0.2942062253774585
AAGCGG	0.0
CGACCT	0.5580290551875928
CGACCA	0.6467578130047771
CGACGT	0.4230734150056015
CGACGA	0.0
CGACTC	0.9300484253126547
CGACTG	0.4230734150056015
CGACAC	0.2587031252019108
CGACAG	0.8826186761323757
AAGGCC	2.647856028397127
AAGGCG	0.6691631806403288
AAGGGC	1.3383263612806575
AAGGGG	1.5219914593927868
CTGCGG	1.0207595118976909
CTGCGC	0.0
CTGCCG	0.8975801768596517
CTGCCC	2.36779622771368
CTCGGG	0.0
CTCGGC	0.44879008842982593
CTCGCG	0.0
CTCGCC	0.7892654092378937
CTCCGG	0.8975801768596517
CTCCGC	0.7892654092378937
CTCCCG	0.0
CTCCCC	2.6025803973255983
CGAGGG	1.6145062710718534
CGAGGC	1.4196770222944899
CGAGCG	2.129515533441735
CGAGCC	0.3120896591954536
AGGGGG	11.016437365947462
AGGGGC	4.84351881321556
AGGGCG	0.0
AGGGCC	2.1295155334417344
CCCGAG	1.2483586367818142
CCCGAC	0.13721424499681767
CCCGTG	0.0
CCCGTC	0.9865817615473668
CCCGGA	0.0
CCCGGT	0.0
ACGGGG	0.0
ACGGGC	0.7098385111472449
CCCGCA	0.5488569799872707
CCCGCT	0.19731635230947334
ACGGCG	0.7098385111472449
ACGGCC	0.6241793183909072
CAGCGG	0.7098385111472449
CAGCGC	0.3120896591954536
CAGCCG	1.2483586367818145
CAGCCC	1.2349282049713592
CACGGG	0.0
CACGGC	0.3120896591954536
CACGCG	0.0
CACGCC	0.41164273499045306
CACCGG	0.6241793183909072
CACCGC	1.0977139599745416
CACCCG	0.5488569799872708
CACCCC	2.051152443409485
CTGGGG	0.0
CTGGGC	3.062278535693073
CTGGCG	1.0207595118976909
CTGGCC	2.243950442149129
GCCCGA	1.5604482959772679
GCCCGT	0.4487900884298259
CCCAGG	1.2483586367818142
CCCAGC	0.823285469980906
GCCCCA	1.3721424499681767
GCCCCT	1.5785308184757867
CCCACG	1.0977139599745414
CCCACC	1.2065602608291088
CGTGGG	2.3216867038553923
CGTGGC	0.0
CGTGCG	0.0
CGTGCC	0.0
CAGGGG	1.6145062710718534
CAGGGC	0.7098385111472449
CAGGCG	0.7098385111472449
CAGGCC	1.560448295977268
GCCGGA	2.1295155334417344
GCCGGT	2.0415190237953817
ACGCGG	0.0
ACGCGC	0.0
GCCGCA	0.6241793183909071
GCCGCT	1.7951603537193035
ACGCCG	0.6241793183909072
ACGCCC	0.5488569799872708
CGTCGG	1.0207595118976909
CGTCGC	1.3463702652894776
CGTCCG	0.0
CGTCCC	0.19731635230947334
GCCCAG	0.31208965919545356
GCCCAC	1.3721424499681767
GCCCTG	0.8975801768596517
GCCCTC	1.3812144661663135
GCCAGG	0.0
GCCAGC	1.8725379551727213
GCCACG	0.0
GCCACC	1.5093566949649944
CGGAGG	8.072531355359267
CGGAGC	2.8393540445889798
CGGACG	0.7098385111472449
CGGACC	0.3120896591954536
GCCTGG	2.0415190237953817
GCCTGC	0.4487900884298259
GCCTCG	0.8975801768596517
GCCTCC	1.9731635230947335
GCCGAG	0.7098385111472448
GCCGAC	0.6241793183909071
GCCGTG	0.0
GCCGTC	0.8975801768596513
GCGCAG	0.0
GCGCAC	0.3120896591954536
GCGCTG	5.103797559488455
GCGCTC	0.0
GCGCGA	0.0
GCGCGT	0.0
ACCGGG	1.4196770222944899
ACCGGC	0.3120896591954536
GCGCCA	0.0
GCGCCT	0.8975801768596517
ACCGCG	0.6241793183909072
ACCGCC	1.372142449968177
CGGTGG	0.0
CGGTGC	2.0415190237953817
CGGTCG	0.0
CGGTCC	0.4487900884298259
CGGCCA	0.9362689775863607
CGGCCT	0.4487900884298259
AGGCGG	1.614506271071853
AGGCGC	0.7098385111472448
CGGGAG	1.6145062710718534
CGGGAC	1.4196770222944899
CGGGTG	0.0
CGGGTC	0.0
CGGGGA	3.2290125421437073
CGGGGT	0.0
AGGCCG	0.0
AGGCCC	1.5604482959772676
CGGGCA	0.709838511147245
CGGGCT	0.0
CCCTGG	0.4487900884298259
CCCTGC	1.18389811385684
GCGGGA	0.0
GCGGGT	0.0
CCCTCG	0.3946327046189467
CCCTCC	1.9953116379496254
GCGGCA	0.709838511147245
GCGGCT	0.0
AGCGGG	0.0
AGCGGC	0.0
CGGCAG	0.0
CGGCAC	0.9362689775863609
CGGCTG	1.0207595118976909
CGGCTC	1.3463702652894776
CGGCGA	0.0
CGGCGT	1.0207595118976909
AGCGCG	0.0
AGCGCC	0.0
GCGAGG	1.6145062710718534
GCGAGC	0.7098385111472449
GCGACG	0.0
GCGACC	0.0
CGCAGG	3.549192555736224
CGCAGC	1.2483586367818142
CGCACG	0.0
CGCACC	0.411642734990453
GCGTGG	0.0
GCGTGC	0.0
GCGTCG	0.0
GCGTCC	0.0
GCGGAG	1.6145062710718534
GCGGAC	0.7098385111472449
GCGGTG	2.3216867038553928
GCGGTC	2.041519023795382
GCACGG	0.0
GCACGC	0.3120896591954536
GCACCG	0.3120896591954536
GCACCC	1.2349282049713592
CGCTGG	7.145316583283837
CGCTGC	0.4487900884298259
CGCTCG	0.4487900884298259
CGCTCC	0.0
GCTGGG	2.3216867038553923
GCTGGC	7.145316583283837
GCTGCG	0.0
GCTGCC	2.692740530578955
GCTCGG	1.0207595118976909
GCTCGC	0.4487900884298259
GCTCCG	0.4487900884298259
GCTCCC	0.9865817615473668
GCAGGG	1.6145062710718534
GCAGGC	3.5491925557362247
GCAGCG	0.0
GCAGCC	1.8725379551727217
CGCGAG	0.0
CGCGAC	0.0
CGCGTG	0.0
CGCGTC	0.0
CGCGGA	0.0
CGCGGT	2.0415190237953817
AGCCGG	2.1295155334417344
AGCCGC	1.2483586367818142
CGCGCA	0.0
CGCGCT	0.0
AGCCCG	0.31208965919545356
AGCCCC	1.646570939961812
GGCCCA	1.2483586367818142
GGCCCT	1.7951603537193035
CGACGG	2.129515533441735
CGACGC	0.3120896591954536
CGCCAG	0.6241793183909071
CGCCAC	0.411642734990453
CGCCTG	0.0
CGCCTC	0.7892654092378933
CGCCGA	0.31208965919545356
CGCCGT	1.3463702652894776
CGACCG	0.3120896591954536
CGACCC	0.1372142449968177
CGCCCA	0.9604997149777237
CGCCCT	1.9731635230947335
CCCCAG	1.5093566949649946
CCCCAC	1.2065602608291088
GGCGGA	3.229012542143706
GGCGGT	4.643373407710784
CCCCTG	1.18389811385684
CCCCTC	1.3880428785736525
GGCGCA	1.4196770222944897
GGCGCT	5.103797559488454
CCCCGA	0.6860712249840883
CCCCGT	0.59194905692842
GGCCAG	0.0
GGCCAC	1.2483586367818142
GGCCTG	1.0207595118976909
GGCCTC	2.6927405305789542
GGCCGA	0.0
GGCCGT	1.0207595118976909
CCCCCA	1.8098403912436634
CCCCCT	2.0820643178604787
GGGCCA	2.1295155334417344
GGGCCT	3.0622785356930726
GGCAGG	0.0
GGCAGC	0.0
GGCACG	0.7098385111472448
GGCACC	2.184627614368175
GGCTGG	0.0
GGCTGC	1.0207595118976909
GGCTCG	0.0
GGCTCC	0.8975801768596513
GGCGAG	1.614506271071853
GGCGAC	0.0
GGCGTG	0.0
GGCGTC	0.0
GGGGCA	4.843518813215558
GGGGCT	0.0
CCAGGG	1.4196770222944897
CCAGGC	1.2483586367818142
CCAGCG	0.31208965919545356
CCAGCC	1.5093566949649944
GGGCAG	0.0
GGGCAC	0.7098385111472448
GGGCTG	4.643373407710784
GGGCTC	0.0
GGGCGA	1.614506271071853
GGGCGT	0.0
GGGTGG	0.0
GGGTGC	0.0
GGGTCG	0.0
GGGTCC	2.0415190237953817
CCACGG	0.6241793183909071
CCACGC	0.411642734990453
CCACCG	0.823285469980906
CCACCC	1.628856352119297
GGGGAG	3.672145788649153
GGGGAC	1.614506271071853
GGGGTG	0.0
GGGGTC	0.0
GGGGGA	7.344291577298306
GGGGGT	5.2806063407020885
GGACGG	0.0
GGACGC	0.7098385111472448
GGACCG	0.7098385111472448
GGACCC	0.31208965919545356
GGTGGG	5.2806063407020885
GGTGGC	0.0
GGTGCG	2.3216867038553923
GGTGCC	1.0207595118976909
GGTCGG	2.3216867038553923
GGTCGC	0.0
GGTCCG	0.0
GGTCCC	0.4487900884298259
GGGAGG	3.6721457886491526
GGGAGC	1.614506271071853
GGGACG	3.229012542143706
GGGACC	0.7098385111472448
GTGCGG	0.0
GTGCGC	1.0207595118976909
GTGCCG	1.0207595118976909
GTGCCC	0.4487900884298259
GTCGGG	0.0
GTCGGC	1.0207595118976909
GTCGCG	0.0
GTCGCC	1.3463702652894776
GTCCGG	0.0
GTCCGC	0.0
GTCCCG	0.0
GTCCCC	0.7892654092378933
GGAGGG	3.672145788649154
GGAGGC	3.229012542143707
GGAGCG	1.614506271071853
GGAGCC	2.8393540445889793
GACGGG	0.0
GACGGC	0.0
GACGCG	0.0
GACGCC	0.31208965919545356
CCTGGG	2.0415190237953817
CCTGGC	1.3463702652894776
CCTGCG	0.0
CCTGCC	0.7892654092378933
GACCGG	1.4196770222944897
GACCGC	0.0
GACCCG	0.6241793183909071
GACCCC	0.9604997149777237
GTGGGG	5.2806063407020885
GTGGGC	2.3216867038553923
GTGGCG	0.0
GTGGCC	1.0207595118976909
TCCCGG	0.0
TCCCGC	0.19731635230947342
TCCCCG	1.5785308184757867
TCCCCC	1.821806278127919
CCTCGG	0.4487900884298259
CCTCGC	0.3946327046189467
CCTCCG	0.59194905692842
CCTCCC	1.7350535982170656
GAGGGG	11.016437365947462
GAGGGC	0.0
GAGGCG	0.0
GAGGCC	1.4196770222944897
GAGCGG	1.614506271071853
GAGCGC	1.4196770222944897
GAGCCG	1.4196770222944897
GAGCCC	1.2483586367818142
TCGGGG	2.3216867038553923
TCGGGC	1.0207595118976909
TCGGCG	1.0207595118976909
TCGGCC	1.3463702652894776
CCGAGG	0.7098385111472448
CCGAGC	1.2483586367818142
CCGACG	0.6241793183909071
CCGACC	0.5488569799872707
TCGCGG	1.0207595118976909
TCGCGC	0.4487900884298259
TCGCCG	0.8975801768596517
TCGCCC	0.9865817615473668
TCCGGG	0.0
TCCGGC	0.8975801768596519
TCCGCG	0.0
TCCGCC	0.9865817615473671
TGGCGG	2.3216867038553923
TGGCGC	1.0207595118976909
TGGCCG	1.0207595118976909
TGGCCC	2.243950442149129
CCGTGG	0.0
CCGTGC	0.4487900884298259
CCGTCG	0.8975801768596517
CCGTCC	0.19731635230947334
TGCGGG	0.0
TGCGGC	0.0
TGCGCG	0.0
TGCGCC	0.8975801768596517
TGCCGG	1.0207595118976909
TGCCGC	0.8975801768596517
TGCCCG	0.8975801768596517
TGCCCC	1.18389811385684
TGGGGG	0.0
TGGGGC	6.965060111566177
TGGGCG	4.643373407710785
TGGGCC	2.0415190237953817
CCGGAG	2.8393540445889793
CCGGAC	0.31208965919545356
CCGGTG	1.0207595118976909
CCGGTC	0.0
CCGGGA	0.7098385111472448
CCGGGT	0.0
CCGGCA	0.9362689775863607
CCGGCT	0.4487900884298259
ACCCGG	0.3120896591954536
ACCCGC	0.41164273499045306
ACCCCG	0.6860712249840885
ACCCCC	1.8098403912436634
CCGCAG	1.2483586367818142
CCGCAC	0.823285469980906
CCGCTG	0.8975801768596517
CCGCTC	0.0
CCGCGA	0.0
CCGCGT	0.0
CCGCCA	0.5488569799872707
CCGCCT	0.3946327046189467
CCCGGG	1.5059726132139504
CCCGGC	1.655300720638608
CCCGCG	0.0
CCCGCC	0.43666459031800614
GCCCGG	0.0
GCCCGC	0.3310601441277216
GCCCCG	0.3310601441277216
GCCCCC	0.8733291806360123
GCCGGG	0.0
GCCGGC	0.7529863066069752
GCCGCG	0.7529863066069752
GCCGCC	0.9931804323831648
GCGCGG	0.0
GCGCGC	0.0
GCGCCG	0.0
GCGCCC	0.9931804323831648
CGGCCG	0.7529863066069752
CGGCCC	0.0
CGGGGG	0.0
CGGGGC	1.7126446296684752
CGGGCG	0.0
CGGGCC	1.5059726132139506
GCGGGG	0.0
GCGGGC	0.0
GCGGCG	0.0
GCGGCC	0.0
CGGCGG	0.0
CGGCGC	4.517917839641851
CGCGGG	0.0
CGCGGC	0.7529863066069752
CGCGCG	0.0
CGCGCC	0.6621202882554432
GGCCCG	0.7529863066069752
GGCCCC	0.9931804323831648
CGCCGG	1.5059726132139504
CGCCGC	0.3310601441277216
CGCCCG	0.9931804323831648
CGCCCC	0.5822194537573415
GGCGGG	0.0
GGCGGC	0.0
GGCGCG	0.0
GGCGCC	0.7529863066069751
GGCCGG	0.0
GGCCGC	2.2589589198209254
CCGGCG	3.764931533034876
CCGGCC	0.0
CCGCCG	0.9931804323831648
CCGCCC	1.7466583612720246
GGGGCG	3.895358523515939
GGGGCC	5.137933889005423
GGGGGG	0.0
GGGGGC	0.0
GGGCCG	3.425289259336949
GGGCCC	1.5059726132139502
CCGGGG	3.425289259336949
CCGGGC	0.7529863066069752
GGGCGG	7.790717047031878
GGGCGC	0.0
CCCCGG	1.9863608647663296
CCCCGC	0.43666459031800614
CCGCGG	1.5059726132139504
CCGCGC	0.3310601441277216
CCCCCG	0.43666459031800614
CCCCCC	1.5998768385926594
