	Fasciola_hepatica 5-mer OE values GC sorted
AAAAA	3.226285635625014
AAAAT	2.0240249056608515
AATAT	1.0189602154540034
AATAA	2.2489165618453906
AATTA	0.7838155503492333
AATTT	0.5190485819019309
ATAAA	2.6986998742144688
ATAAT	1.3324864355936967
ATATT	0.9288237781402974
ATATA	0.9405786604190801
ATTAA	0.6270524402793867
ATTAT	1.1746888958833173
ATTTT	0.7712229758117882
ATTTA	0.9288237781402974
TTATT	1.123510014145568
TTATA	1.1746888958833173
TTTTT	0.9490771253063581
TTTTA	0.9902122158571109
TTTAA	0.7922320460608419
TTTAT	1.0949462002266128
TTAAA	1.0973417704889268
TTAAT	0.4370935426542576
AAATA	1.3493499371072344
AAATT	0.8621971053841566
TAAAT	0.9405786604190801
TAAAA	3.148483186583547
TAATT	0.546366928317822
TAATA	2.3514466510477003
TATTT	0.9806909445507924
TATTA	1.0107788173879706
TATAA	1.64601265573339
TATAT	1.065415510219753
GAAAT	0.5183716429187887
GAAAA	1.1154804587938305
ATACT	1.394395318658859
ATACA	1.0911236095466992
GAATA	0.9071503751078803
GAATT	0.6775058290397787
ATTAC	1.26763210787169
ATTAG	0.7678399395784159
ATTTG	1.007493571166372
ATTTC	0.9719780205648434
ATTGA	0.45167055269318573
ATTGT	0.8658147877211009
ATTCA	0.633816053935845
ATTCT	1.1045204779145947
GATAA	1.0367432858375774
GATAT	0.4968376079625043
GATTA	1.084009326463646
GATTT	0.9917514841168973
ATGAA	0.9071503751078801
ATGAT	1.084009326463646
ATGTA	0.36133644215454863
ATGTT	1.0704619193642702
ATAAC	0.7274157396977994
ATAAG	2.2030794824048523
AATTC	0.7605792647230138
AATTG	0.6323387737704602
AATAG	2.3326723931345494
AATAC	1.4548314793955988
AATGA	1.2959291072969719
AATGT	0.7226728843090974
AACAT	1.0911236095466992
AACAA	0.0
GTAAT	1.2195104922716016
GTAAA	1.555114928756366
TCATT	0.7510739249819244
TCATA	1.5211585294460277
TCAAT	0.25352642157433797
TCAAA	1.8185393492444986
TCTTT	1.185673248241517
TCTTA	0.7952547440985082
GTATA	0.9936752159250086
GTATT	0.6769097431274061
ATCAA	0.3637078698488997
ATCAT	1.0141056862973519
ATCTA	1.1408688970845209
ATCTT	0.618531467632173
GTTAA	0.6775058290397786
GTTAT	1.2278827898590157
TGATA	1.0388422711943273
TGATT	0.8500727006716263
CATAA	3.273370828640096
CATAT	1.5211585294460277
CATTA	0.8873424755101829
CATTT	0.7068931058653406
AGAAA	1.487307278391774
AGAAT	1.2959291072969716
GTTTA	1.0862040064137446
GTTTT	0.9875869607882721
TGTAA	0.8130069948477343
TGTAT	0.4407784373852877
TGTTA	1.0862040064137446
TGTTT	1.0424529030542873
TGAAA	0.9071503751078801
TGAAT	0.9485081606556901
TTTCT	1.1086814788751849
TTTCA	0.7068931058653406
TTCTT	1.3242584331009155
TTCTA	1.4137862117306816
TTCAT	0.7952547440985083
TTCAA	0.25352642157433797
AGATT	0.858174050117053
AGATA	0.5183716429187888
AGTTT	1.0704619193642702
AGTTA	1.4453457686181945
AGTAT	1.0388422711943273
AGTAA	2.203079482404852
TTGAA	0.9485081606556901
TTGAT	0.9287831359189991
TTGTA	0.6296834819789824
TTGTT	1.157671381812919
TTTAG	1.149172354611643
TTTAC	1.0161588396814272
TTACT	1.5905094881970163
TTACA	0.7605792647230138
TTTTG	0.9875869607882721
TTTTC	0.7853160475365893
TCTAA	1.0141056862973519
TCTAT	1.237062935264346
ATATG	0.9485081606556902
ATATC	1.0141056862973519
ATAGA	0.9071503751078803
ATAGT	0.858174050117053
AACTT	0.633816053935845
AACTA	1.4548314793955988
AAAAG	2.2309609175876615
AAAAC	3.130642094861183
TTATC	0.6185314676321731
TTATG	1.2593669639579648
TTAAG	1.1291763817329645
TTAAC	0.5070528431486759
CAAAA	1.0435473649537272
CAAAT	0.7274157396977992
CAATA	0.7274157396977992
CAATT	0.3802896323615069
TTTGT	0.9546673954286631
TTTGA	1.0547198323147955
TACAT	1.1408688970845209
TACAA	0.3637078698488997
CTATA	1.3943953186588587
CTATT	1.5021478499638488
TTAGA	0.6323387737704601
TTAGT	1.2436248769084903
TAGTA	1.174343437002283
TAGTT	1.3223353121558632
TATAC	1.0141056862973519
TATAG	0.9033411053863717
TATTG	1.0232356582158464
TATTC	1.060339658798011
TATGA	1.400178713348876
TATGT	0.8343306136221517
TATCA	0.3802896323615069
TATCT	0.6627122867487568
TACTA	2.0282113725947037
TACTT	1.2812437543809299
TAGAT	0.7226728843090973
TAGAA	0.9071503751078801
CTAAA	1.8185393492444986
CTAAT	1.394395318658859
CTTTT	1.1548765404949843
CTTTA	1.457967030847265
ACATT	0.5070528431486759
ACATA	3.273370828640096
ACAAT	0.3637078698488996
ACAAA	0.0
ACTTT	0.7510739249819244
ACTTA	1.1408688970845209
TAAAC	1.0911236095466992
TAAAG	1.8143007502157606
TAATG	0.6323387737704602
TAATC	0.8873424755101829
TAAGA	1.6847078394860635
TAAGT	1.0388422711943275
ACTAA	2.9096629587911966
ACTAT	1.6479217402331967
TAACT	0.633816053935845
TAACA	0.3637078698488997
CTTAA	0.8873424755101829
CTTAT	0.8394355632150919
AAGTA	1.2959291072969719
AAGTT	1.2646775475409204
AAGAA	1.487307278391774
AAGAT	1.4255220180266688
AATCT	0.887342475510183
AATCA	0.3637078698488997
AAATG	1.1663361965672747
AAATC	0.36370786984889963
AAAGA	1.8591340979897175
AAAGT	1.4255220180266688
AAACA	3.130642094861183
AAACT	1.091123609546699
AAACC	1.6876855088047757
AAACG	0.0
AAAGC	3.0066998216618672
AAAGG	1.9283733594620844
AATCC	2.352838105856208
AATCG	0.4191703890547199
CACTT	0.205008839157537
CACTA	0.5882095264640519
CACAT	0.5882095264640519
CACAA	0.0
AAGCT	0.62875558358208
AAGCA	1.8040198929971207
AAGGT	1.4188704602480804
AAGGA	1.9283733594620844
AAGTC	0.62875558358208
AAGTG	0.5974191411570865
AAGAC	2.405359857329494
AAGAG	1.714109652855186
CTCTT	1.5719394013867054
CTCTA	1.435061874102759
CTCAT	1.435061874102759
CTCAA	0.588209526464052
CTGTT	1.374787025999206
CTGTA	0.4382807367260808
CTGAT	0.730467894543468
CTGAA	1.2575111671641597
GCATT	1.0226550523608553
GCATA	1.6766815562188795
GCAAT	0.62875558358208
GCAAA	0.6013399643323736
ACCTT	1.025044195787685
ACCTA	1.7646285793921557
ACCAT	1.1764190529281038
ACCAA	3.3753710176095506
CTTAC	1.025044195787685
CTTAG	1.0226550523608553
GCTTT	1.1456558549993385
GCTTA	0.8765614734521616
GCTAT	1.0226550523608553
GCTAA	1.2575111671641597
ACGTT	0.4382807367260808
ACGTA	0.0
ACGAT	0.62875558358208
ACGAA	0.6013399643323736
ACTCT	1.2300530349452221
ACTCA	0.5882095264640519
ACTGT	0.730467894543468
ACTGA	1.2575111671641597
TAACC	2.352838105856208
TAACG	0.4191703890547199
TAAGC	1.4670963616915198
TAAGG	1.7922574234712594
ACTTC	1.025044195787685
ACTTG	0.8765614734521616
ACTAC	1.1764190529281038
ACTAG	0.6287555835820798
ACACT	0.0
ACACA	1.6876855088047757
ACAGT	0.6287555835820798
ACAGA	1.202679928664747
CTTCT	2.2864573111079354
CTTCA	1.025044195787685
CTTGT	0.9419837029994561
CTTGA	0.9496082629065085
CTTTC	0.7145179097212297
CTTTG	1.1711148739993238
ACATC	0.0
ACATG	1.0479259726367998
ACAAC	0.0
ACAAG	0.6013399643323735
CCTTT	1.7862947743030744
CCTTA	1.2300530349452221
CTAGT	1.0226550523608553
CTAGA	0.6287555835820798
TATCC	1.8450795524178332
TATCG	0.365233947271734
TATGC	1.6800761574499765
TATGG	0.9109566763219372
GGTAT	0.9109566763219372
GGTAA	1.3441930676034446
CGATT	0.5843743156347745
CGATA	0.41917038905471987
TAGCT	1.168748631269549
TAGCA	0.8383407781094397
TAGGT	1.4575306821150995
TAGGA	2.090966994049803
TAGTC	0.8765614734521616
TAGTG	0.7808200082759461
TAGAC	0.0
TAGAG	0.8214513190909939
GGAAT	0.37338696322317905
GGAAA	0.4285274132137965
TACCT	2.05008839157537
TACCA	2.352838105856208
TACGT	0.2191403683630404
TACGA	0.8383407781094397
TACTC	1.8450795524178332
TACTG	1.095701841815202
TACAC	0.588209526464052
TACAG	0.8383407781094399
GGTTT	1.433267648864533
GGTTA	1.6917766845978832
CTATC	1.2300530349452221
CTATG	1.3878889996325894
CTAAC	1.176419052928104
CTAAG	1.8862667507462398
CCTAT	3.075132587363055
CCTAA	2.94104763232026
AGCTT	1.2417954207238957
AGCTA	0.6287555835820798
AGCAT	1.4670963616915198
AGCAA	0.6013399643323736
CAAGT	0.20958519452735994
CAAGA	0.0
TTAGC	0.8765614734521616
TTAGG	1.6397220173794869
CGAAT	0.4191703890547199
CGAAA	0.6013399643323736
GGATT	0.9890386771495318
GGATA	1.1201608896695372
CAATC	0.5882095264640519
CAATG	0.41917038905471987
CAAAC	0.0
CAAAG	2.405359857329494
CTACT	2.255097230732907
CTACA	1.764628579392156
AGGTT	1.6917766845978832
AGGTA	1.6429026381819878
AGGAT	1.8669348161158952
AGGAA	0.21426370660689825
AGTCT	0.730467894543468
AGTCA	1.0479259726367998
TTTGC	0.8146886079995296
TTTGG	1.4151250203978933
TTACC	1.8450795524178332
TTACG	0.5113275261804276
AGTGT	0.8849293427127389
AGTGA	0.8214513190909939
AGTTC	0.5843743156347745
AGTTG	1.4054760148967032
AGTAC	1.4670963616915196
AGTAG	1.4188704602480804
AGACT	0.4191703890547199
AGACA	0.6013399643323736
AGAGT	1.7175800308266236
AGAGA	0.6427911198206948
AGATC	1.4670963616915198
AGATG	0.8214513190909939
TTGCT	1.018360759999412
TTGCA	0.9496082629065085
TTGGT	1.442338963097853
TTGGA	0.8589020091035408
TTGTC	0.9929017409994266
TTGTG	0.8708461663987036
TTGAC	1.0226550523608553
TTGAG	1.1972573460231175
TTTCC	1.2861322374982136
TTTCG	0.45826234199973537
GTCTT	0.9165246839994707
GTCTA	1.095701841815202
GTCAT	0.6574211050891212
GTCAA	1.0479259726367998
TTCCT	1.7862947743030744
TTCCA	0.6150265174726111
TTCGT	0.48372136099972074
TTCGA	0.29218715781738724
TTCTC	1.143228655553968
TTCTG	1.1456558549993388
TTCAC	0.0
TTCAG	0.9496082629065086
AGAAC	0.0
AGAAG	1.2855822396413896
CATGT	0.5843743156347745
CATGA	0.8383407781094397
CATTC	1.640070713260296
CATTG	0.730467894543468
CATAC	2.3528381058562076
CATAG	1.2575111671641597
GTTCT	1.2729509499992648
GTTCA	0.5113275261804276
GTTGT	1.0885577079983795
GTTGA	1.3013666804599102
TGACT	1.168748631269549
TGACA	1.2575111671641597
TGAGT	0.8589020091035408
TGAGA	1.3441930676034446
TGATC	0.8035146839978149
TGATG	0.6246560066207569
TGAAC	0.6287555835820798
TGAAG	1.194838282314173
TGTCT	1.0692787979993825
TGTCA	0.365233947271734
TGTGT	0.5896354251657889
TGTGA	0.5986286730115588
TGTTC	0.687393512999603
TGTTG	1.3969823919312538
TGTAC	0.5113275261804276
TGTAG	0.7287653410575498
GTGTT	0.9706306229652217
GTGTA	0.7027380074483516
GTGAT	0.4945193385747659
GTGAA	0.9708061043802655
GTTAC	1.460935789086936
GTTAG	1.6657493509886852
GTACT	0.8035146839978149
GTACA	0.6287555835820798
GTAGT	1.0410933443679282
GTAGA	0.7467739264463581
CCAAT	1.176419052928104
CCAAA	1.6876855088047757
TGGTT	1.4241963346312132
TGGTA	0.7027380074483516
TGGAT	0.4684920049655677
TGGAA	0.22403217793390742
CAACT	0.0
CAACA	1.6876855088047757
ATCCT	2.255097230732907
ATCCA	2.94104763232026
ATCGT	0.365233947271734
ATCGA	0.41917038905471987
ATCTC	0.820035356630148
ATCTG	0.8765614734521616
ATCAC	0.0
ATCAG	0.4191703890547199
CAGTT	0.29218715781738724
CAGTA	1.0479259726367998
GTAAC	0.8383407781094397
GTAAG	1.194838282314173
CGTTT	0.3309672469998089
CGTTA	0.8035146839978149
TGCTT	1.1711148739993238
TGCTA	1.6070293679956298
TGCAT	0.730467894543468
TGCAA	0.8383407781094397
CCATT	1.2300530349452221
CCATA	1.176419052928104
GTTTC	1.0438197789993973
GTTTG	1.2609126784314564
GACTT	0.5843743156347745
GACTA	1.0479259726367998
GACAT	1.0479259726367998
GACAA	0.6013399643323736
TCAGT	0.4382807367260808
TCAGA	1.0479259726367998
TCATC	0.6150265174726111
TCATG	0.730467894543468
TCAAC	1.176419052928104
TCAAG	0.0
GTATC	0.29218715781738724
GTATG	0.5726013394023605
GAGAT	0.6720965338017223
GAGAA	1.0713185330344912
TCTGT	0.9419837029994561
TCTGA	0.730467894543468
TCTTC	1.6433911923588285
TCTTG	1.018360759999412
TCTAC	1.2300530349452221
TCTAG	1.5339825785412828
TCACT	0.0
TCACA	0.0
CGTAT	0.365233947271734
CGTAA	1.2575111671641597
CAGAT	1.0479259726367998
CAGAA	2.4053598573294943
CATCT	1.640070713260296
CATCA	2.3528381058562076
ATGCT	1.460935789086936
ATGCA	1.0479259726367998
ATGGT	0.7287653410575498
ATGGA	0.22403217793390742
ATGTC	0.365233947271734
ATGTG	0.6246560066207569
ATGAC	0.8383407781094397
ATGAG	1.6429026381819878
GATTC	0.5843743156347745
GATTG	0.6246560066207569
GATAC	1.0479259726367998
GATAG	1.4935478528927162
TCGTT	0.4073443039997648
TCGTA	0.730467894543468
TCGAT	0.4382807367260808
TCGAA	0.41917038905471987
TCTCT	1.1432286555539677
TCTCA	0.820035356630148
GAGTT	1.1972573460231175
GAGTA	1.8669348161158952
ATTCC	1.2300530349452221
ATTCG	0.730467894543468
ATTGC	0.9496082629065085
ATTGG	0.9109566763219372
GAATC	1.0479259726367998
GAATG	0.8214513190909939
GAAAC	0.6013399643323735
GAAAG	1.2855822396413896
TCCTT	1.4290358194424595
TCCTA	2.255097230732907
TCCAT	1.435061874102759
TCCAA	0.588209526464052
GATCT	0.6574211050891212
GATCA	0.6287555835820798
GATGT	0.7287653410575498
GATGA	0.8214513190909939
ATACC	2.94104763232026
ATACG	0.4191703890547199
ATAGC	0.4191703890547199
ATAGG	2.688386135206889
AATGC	1.0479259726367998
AATGG	0.37338696322317905
GAACT	0.62875558358208
GAACA	0.0
GAAGT	1.0454834970249014
GAAGA	1.9283733594620844
AACCT	1.1764190529281042
AACCA	0.0
AACGT	0.41917038905472004
AACGA	1.2026799286647474
AACTC	0.0
AACTG	0.4191703890547199
AACAC	0.0
AACAG	1.2026799286647474
CCCTT	3.315522214350146
CCCTA	2.853859998961288
CCCAT	0.951286666320429
CCCAA	2.7294231889090455
GAACC	0.9725219743273736
GAACG	0.6930394629845952
GAAGC	0.34651973149229753
GAAGG	0.24693719521667817
CGCTT	0.5906775876544955
CGCTA	0.33895336957660716
CGCAT	1.3558134783064286
CGCAA	0.0
TCCCT	2.652417771480117
TCCCA	0.9512866663204292
TCCGT	0.7088131051853946
TCCGA	1.3558134783064286
TCCTC	1.9893133286100877
TCCTG	2.244574833087083
TCCAC	1.9025733326408585
TCCAG	0.33895336957660716
GATCC	3.0505803261894644
GATCG	0.6038631193672012
GATGC	0.7246357432406415
GATGG	0.38729291955249256
TCGCT	0.7088131051853946
TCGCA	0.6779067391532143
TCGGT	0.8418583619732307
TCGGA	1.2077262387344023
TCGTC	0.9450841402471927
TCGTG	0.3367433447892923
TCGAC	0.33895336957660716
TCGAG	0.24154524774688044
TCTCC	1.9893133286100877
TCTCG	0.9450841402471928
CGGTT	0.8839512800718923
CGGTA	1.2077262387344023
CGGAT	1.2077262387344025
CGGAA	0.6930394629845952
GAGCT	0.8454083671140817
GAGCA	0.6930394629845952
GAGGT	1.6782693180608013
GAGGA	0.7408115856500346
GAGTC	0.7246357432406415
GAGTG	1.032781118806647
GAGAC	0.34651973149229753
GAGAG	3.210183537816816
TCTGC	0.8269486227162935
TCTGG	1.1365087886638614
TCACC	1.9025733326408585
TCACG	0.33895336957660716
CGTAC	0.33895336957660716
CGTAG	0.36231787162032064
GACCT	0.33895336957660716
GACCA	0.9725219743273736
GACGT	0.36231787162032075
GACGA	0.0
GACTC	2.033720217459643
GACTG	0.7246357432406413
GACAC	0.9725219743273736
GACAG	0.6930394629845952
TCAGC	1.0168601087298215
TCAGG	0.8454083671140815
TGCCT	2.362710350617982
TGCCA	1.3558134783064286
TGCGT	0.3367433447892923
TGCGA	0.4830904954937609
CGTCT	0.4725420701235964
CGTCA	1.3558134783064286
CGTGT	0.42092918098661536
CGTGA	0.36231787162032064
CGTTC	0.3544065525926972
CGTTG	0.5051150171839385
TGCTC	1.4176262103707888
TGCTG	0.7155796076772462
TGCAC	0.33895336957660716
TGCAG	0.7246357432406413
CCACT	1.9025733326408585
CCACA	0.0
CCAGT	1.6947668478830358
CCAGA	2.917565922982121
CCATC	0.9512866663204292
CCATG	0.33895336957660716
GTACC	0.0
GTACG	0.6038631193672012
GTAGC	0.7246357432406415
GTAGG	0.7315532924880416
CCAAC	0.0
CCAAG	0.9725219743273736
TGGCT	1.262787542959846
TGGCA	0.8454083671140815
TGGGT	0.8998887672865353
TGGGA	0.8606509323388725
TGGTC	0.631393771479923
TGGTG	1.1848535435939382
TGGAC	0.483090495493761
TGGAG	0.9467160255727597
TGTCC	0.5906775876544954
TGTCG	0.25255750859196924
TGTGC	0.8839512800718923
TGTGG	0.9148869134079776
GTGTC	0.3367433447892923
GTGTG	0.5399332603719212
GTGAC	0.8454083671140817
GTGAG	0.6454881992541543
GTTCC	1.29949069283989
GTTCG	0.5051150171839385
GTTGC	1.262787542959846
GTTGG	1.3948275892941298
TGACC	0.6779067391532143
TGACG	0.24154524774688044
TGAGC	0.7246357432406415
TGAGG	1.6352367714438576
GTCCT	1.063219657778092
GTCCA	0.33895336957660716
GTCGT	0.42092918098661536
GTCGA	0.4830904954937609
GTCTC	1.4176262103707888
GTCTG	0.7576725257759077
GTCAC	0.6779067391532143
GTCAG	0.4830904954937609
GTGCT	0.8839512800718923
GTGCA	0.36231787162032064
GTGGT	0.7499073060721128
GTGGA	0.38729291955249256
TTCCC	1.3262088857400585
TTCCG	0.9450841402471928
TTCGC	0.3544065525926973
TTCGG	0.8418583619732307
TTGCC	2.3627103506179816
TTGCG	0.29465042669063074
TTGGC	1.0523229524665385
TTGGG	1.349833150929803
CGAAC	0.0
CGAAG	0.3465197314922976
GGACT	0.8454083671140815
GGACA	0.34651973149229753
GGAGT	1.8073669579116318
GGAGA	2.3459033545584425
GGATC	0.966180990987522
GGATG	0.6024556526372107
GGAAC	1.0395591944768925
GGAAG	0.3704057928250173
TACCC	2.853859998961288
TACCG	0.33895336957660716
TACGC	0.33895336957660716
TACGG	0.7246357432406413
GGTTC	1.7679025601437846
GGTTG	1.0948646668652846
GGTAC	0.483090495493761
GGTAG	0.9897485721897032
CGACT	0.0
CGACA	0.9725219743273736
CGAGT	0.36231787162032075
CGAGA	0.3465197314922976
CGATC	0.0
CGATG	0.6038631193672012
TAGCC	0.0
TAGCG	0.24154524774688044
TAGGC	1.5700441103547231
TAGGG	1.247943851891365
CTCTC	0.6631044428700292
CTCTG	0.7088131051853946
CTCAC	0.9512866663204292
CTCAG	0.6779067391532143
GGGTT	1.4248238815370142
GGGTA	0.903683478955816
GGGAT	0.9467160255727597
GGGAA	0.8642801832583736
GGTCT	1.0523229524665385
GGTCA	0.7246357432406413
GGTGT	1.0348720823795157
GGTGA	0.7315532924880416
CTGTC	0.7088131051853944
CTGTG	0.5893008533812615
CTGAC	0.33895336957660716
CTGAG	1.4492714864812826
GGCTT	0.9681371162692154
GGCTA	0.6038631193672012
GGCAT	2.173907229721924
GGCAA	0.0
CTCCT	3.6470744357851608
CTCCA	1.9025733326408585
CTCGT	0.9450841402471928
CTCGA	0.33895336957660716
GCACT	0.33895336957660716
GCACA	0.9725219743273736
GCAGT	0.36231787162032075
GCAGA	1.7325986574614878
GCATC	3.7284870653426787
GCATG	0.7246357432406413
GCAAC	0.0
GCAAG	0.3465197314922976
CTGCT	1.8901682804943856
CTGCA	0.0
CTGGT	1.725809642045123
CTGGA	0.24154524774688044
ACCCT	1.902573332640858
ACCCA	2.7294231889090455
ACCGT	1.0168601087298212
ACCGA	0.0
ACCTC	3.805146665281716
ACCTG	0.6779067391532142
ACCAC	0.0
ACCAG	1.945043948654747
ACGCT	0.33895336957660716
ACGCA	0.9725219743273736
ACGGT	0.7246357432406415
ACGGA	0.6930394629845952
GCTCT	1.063219657778092
GCTCA	1.3558134783064286
GCTGT	0.9260441981705538
GCTGA	0.9661809909875217
GCTTC	1.7720327629634862
GCTTG	0.7997654438745692
GCTAC	2.033720217459643
GCTAG	0.6038631193672012
ACGTC	0.0
ACGTG	0.24154524774688044
ACGAC	0.9725219743273736
ACGAG	0.3465197314922976
ACTCC	4.756433331602145
ACTCG	1.0168601087298212
ACTGC	0.33895336957660716
ACTGG	0.8454083671140815
ACACC	5.458846377818091
ACACG	0.0
ACAGC	0.9725219743273736
ACAGG	0.6930394629845951
GCGTT	0.4630220990852769
GCGTA	0.24154524774688044
GCGAT	0.36231787162032075
GCGAA	0.0
CTTCC	1.657761107175073
CTTCG	0.7088131051853946
CTTGC	0.5906775876544954
CTTGG	0.9681371162692154
CCTCT	1.9893133286100877
CCTCA	1.9025733326408585
CCTGT	1.2994906928398902
CCTGA	1.6947668478830358
CCTTC	1.657761107175073
CCTTG	0.8269486227162938
CTAGC	0.6779067391532143
CTAGG	1.2077262387344023
GCCTT	0.9450841402471928
GCCTA	2.37267358703625
GCCAT	0.0
GCCAA	0.0
CCTAC	3.805146665281717
CCTAG	0.0
AGCCT	0.6779067391532143
AGCCA	1.9450439486547473
AGCGT	0.966180990987522
AGCGA	0.3465197314922976
AGCTC	0.6779067391532143
AGCTG	0.7246357432406413
AGCAC	0.0
AGCAG	1.0395591944768927
CAAGC	0.0
CAAGG	0.6930394629845951
CTACC	3.805146665281717
CTACG	0.0
CCGTT	0.7088131051853946
CCGTA	1.0168601087298215
CCGAT	1.0168601087298215
CCGAA	0.9725219743273736
AGGCT	1.0869536148609622
AGGCA	3.4651973149229756
AGGGT	1.032781118806647
AGGGA	1.9754975617334254
AGGTC	1.932361981975044
AGGTG	0.9467160255727597
AGGAC	0.6930394629845951
AGGAG	2.2224347569501037
AGTCC	1.0168601087298215
AGTCG	0.6038631193672012
AGTGC	1.6908167342281635
AGTGG	0.38729291955249256
AGACC	1.9450439486547473
AGACG	0.3465197314922976
AGAGC	1.3860789259691901
AGAGG	2.4693719521667816
CATGC	1.3558134783064286
CATGG	0.7246357432406413
CAACC	0.0
CAACG	0.9725219743273736
ATCCC	2.853859998961288
ATCCG	2.033720217459643
ATCGC	0.33895336957660716
ATCGG	0.4830904954937609
CAGCT	0.6779067391532143
CAGCA	1.9450439486547473
CAGGT	1.3284988626078427
CAGGA	1.0395591944768927
CAGTC	0.6779067391532143
CAGTG	0.7246357432406413
CAGAC	0.9725219743273736
CAGAG	1.7325986574614878
CATCC	2.853859998961287
CATCG	0.0
ATGCC	2.033720217459643
ATGCG	0.8454083671140815
ATGGC	0.6038631193672013
ATGGG	0.8176183857219288
AACCC	2.729423188909046
AACCG	2.9175659229821216
AACGC	0.0
AACGG	0.34651973149229764
CACCT	0.951286666320429
CACCA	2.7294231889090455
CACGT	0.0
CACGA	0.0
CACTC	0.0
CACTG	0.3389533695766071
CACAC	2.729423188909045
CACAG	0.0
AAGCC	2.917565922982121
AAGCG	1.3860789259691904
AAGGC	1.0395591944768925
AAGGG	0.7408115856500346
CCCCA	8.828363940187364
CCCCT	16.92323753501423
CCCGT	1.0963502169743005
CCCGA	3.145638230113871
CCCAG	4.7184573451708065
CCCAC	0.0
CCCTG	4.933575976384353
CCCTC	6.153904558186993
CACCC	8.828363940187364
CACCG	1.5728191150569355
CACGC	1.5728191150569353
CACGG	0.0
CAGGG	0.7987223962192903
CAGGC	1.1208237383272088
CAGCG	0.5604118691636044
CAGCC	1.5728191150569355
GCCAC	1.5728191150569355
GCCAG	3.922883084145231
GCCTG	0.7812820539509399
GCCTC	3.2890506509229023
GCCCA	1.5728191150569357
GCCCT	2.740875542435752
GCCGT	0.39064102697546993
GCCGA	1.1208237383272088
GCGTC	0.5859615404632047
GCGTG	0.4871631651805419
GCGAC	0.0
GCGAG	0.5990417971644678
GCGGA	0.9984029952741128
GCGGT	0.5567579030634765
GCGCT	0.19532051348773496
GCGCA	1.1208237383272088
GGCCA	0.5604118691636043
GGCCT	0.5859615404632047
GGCGT	0.4871631651805419
GGCGA	0.19968059905482255
CTGCC	1.0963502169743007
CTGCG	0.5859615404632048
CTGGC	0.9766025674386746
CTGGG	0.8351368545952147
GCTCC	2.1927004339486014
GCTCG	0.5859615404632048
GCTGC	2.148525648365084
GCTGG	0.6959473788293457
GCAGG	1.3977641933837581
GCAGC	0.5604118691636044
GCACG	0.0
GCACC	0.0
GGGTC	0.9047315924781493
GGGTG	0.6943252847651264
GGGAC	0.7987223962192903
GGGAG	2.2055967384317334
GGGGA	1.9210036108921544
GGGGT	1.5870292223202889
GGGCT	1.113515806126953
GGGCA	0.9984029952741128
CTCGG	1.7578846213896147
CTCGC	2.740875542435752
CTCCG	1.0963502169743007
CTCCC	4.615428418640245
GGCAG	0.9984029952741128
GGCAC	0.5604118691636043
GGCTG	1.739868447073364
GGCTC	0.9766025674386746
CGGCA	1.1208237383272088
CGGCT	0.5859615404632048
CGGGT	0.6263526409464111
CGGGA	0.19968059905482255
GTGCC	3.1251282158037585
GTGCG	0.41756842729760735
GTGGC	0.9047315924781493
GTGGG	1.0662852587464442
CGTCC	1.6445253254614511
CGTCG	0.5859615404632048
CGTGC	0.3906410269754698
CGTGG	0.20878421364880367
GACCC	3.145638230113871
GACCG	1.1208237383272088
GACGC	0.5604118691636044
GACGG	0.7987223962192903
CGACC	3.145638230113871
CGACG	0.5604118691636044
CGAGC	1.6812356074908132
CGAGG	0.19968059905482258
GGTCC	0.5859615404632047
GGTCG	0.7655421167122801
GGTGC	0.6263526409464111
GGTGG	1.0414879271476898
GGACC	0.0
GGACG	0.7987223962192902
GGAGC	0.5990417971644677
GGAGG	1.0672242282734192
GTCGG	0.6263526409464111
GTCGC	0.3906410269754698
GTCCG	0.39064102697546993
GTCCC	1.0963502169743007
GAGCC	1.1208237383272088
GAGCG	0.9984029952741129
GAGGC	1.1980835943289356
GAGGG	1.6364104833525763
CGGAG	1.5974447924385806
CGGAC	1.1208237383272088
CGGTG	0.5567579030634765
CGGTC	0.1953205134877349
TGCGG	0.6263526409464111
TGCGC	0.3906410269754698
TGCCG	0.5859615404632048
TGCCC	9.318976844281556
CCAGG	2.2416474766544177
CCAGC	1.5728191150569355
CCACG	0.0
CCACC	4.414181970093683
TCGCC	1.0963502169743007
TCGCG	0.19532051348773496
TCGGC	0.9766025674386746
TCGGG	0.4871631651805419
TCCGG	1.1719230809264096
TCCGC	1.0963502169743007
TCCCG	1.0963502169743007
TCCCC	1.5384761395467483
CGCTC	0.5481751084871503
CGCTG	0.5859615404632048
CGCAC	0.0
CGCAG	1.1208237383272088
CGCGA	0.0
CGCGT	0.0
CGCCT	0.0
CGCCA	1.5728191150569357
CCGCA	1.5728191150569357
CCGCT	1.0963502169743007
CCGGT	1.1719230809264096
CCGGA	2.802059345818022
ACGCC	1.5728191150569355
ACGCG	0.0
ACGGC	0.5604118691636044
ACGGG	0.39936119810964515
CCTCC	4.615428418640245
CCTCG	4.933575976384353
CCTGC	1.0963502169743007
CCTGG	3.1251282158037594
AGCCC	0.0
AGCCG	1.1208237383272088
AGCGC	0.0
AGCGG	0.5990417971644678
AGGCC	1.1208237383272088
AGGCG	0.5990417971644678
AGGGC	0.5990417971644678
AGGGG	1.3518173558129978
CCGAG	1.1208237383272088
CCGAC	3.145638230113871
CCGTG	0.19532051348773496
CCGTC	1.6445253254614511
TGGCC	0.7812820539509396
TGGCG	0.4871631651805419
TGGGC	1.1831105440098875
TGGGG	1.6614212171165526
ACCGG	1.6812356074908128
ACCGC	1.5728191150569353
ACCCG	3.145638230113871
ACCCC	13.242545910281045
CGGCC	0.9063306777565878
CGGCG	0.6458701631223488
CGGGG	1.150651406405672
CGGGC	0.3229350815611744
GGGGC	0.5753257032028359
GGGGG	2.9519215748166734
GGGCG	0.4602605625622689
GGGCC	0.3229350815611744
GCGCC	0.0
GCGCG	0.3229350815611744
GCGGG	0.9205211251245378
GCGGC	0.3229350815611744
GGCCC	0.0
GGCCG	1.2917403262446974
GGCGG	0.8054559844839705
GGCGC	0.3229350815611744
GCCGG	1.9376104893670463
GCCGC	0.9063306777565878
GCCCG	1.8126613555131756
GCCCC	25.43654574385747
CCCGC	5.087309148771493
CCCGG	0.9063306777565876
CCCCG	2.5436545743857466
CCCCC	21.416615654483753
CGCGC	0.9063306777565878
CGCGG	0.9688052446835231
CGCCG	1.8126613555131756
CGCCC	2.543654574385747
CCGGC	0.9063306777565878
CCGGG	1.2917403262446976
CCGCG	1.8126613555131756
CCGCC	2.543654574385747
