	Gallus_gallus 6-mer OE values GC sorted
AATTAA	0.8804824552374381
AATTAT	1.7598615490021476
AATTTA	0.47996224063694937
AATTTT	1.6279421027452086
ATTTAA	0.4799622406369495
ATTTAT	1.2209565770589066
ATTTTA	0.6104782885294533
ATTTTT	2.5882851414260446
TAAAAA	0.9889162551435265
TAAAAT	1.1320488710195633
ATTAAA	1.2578320789106259
ATTAAT	0.4799622406369495
ATTATA	1.2798993083651986
ATTATT	2.034927628431511
TAAATA	0.6289160394553129
TAAATT	0.47996224063694937
TAATAA	0.8804824552374382
TAATAT	1.1199118948195488
TAATTA	1.759861549002148
TAATTT	1.0174638142157555
ATATTA	0.959924481273899
ATATTT	1.0174638142157555
TATAAA	0.3773496236731878
TATAAT	1.1199118948195488
ATATAA	0.1257832078910626
ATATAT	1.1199118948195488
TATTAA	0.959924481273899
TATTAT	1.2209565770589066
ATAAAA	0.7911330041148212
ATAAAT	0.5031328315642504
ATAATA	1.1320488710195633
ATAATT	0.9599244812738987
TTTTTA	2.0706281131408355
TTTTTT	4.2797521856035905
TATTTA	0.8139710513726044
TATTTT	2.070628113140836
TATATA	0.959924481273899
TATATT	1.4244493399020577
AAAAAA	1.3994870038307006
AAAAAT	1.4833743827152897
TTAAAA	1.2578320789106259
TTAAAT	0.47996224063694937
TTATAA	0.47996224063694937
TTATAT	0.6104782885294532
TTATTA	1.2209565770589061
TTATTT	1.5529710848556264
TTAATA	0.3199748270912996
TTAATT	1.0174638142157553
TTTATA	1.017463814215755
TTTATT	1.811799598998231
TTTTAA	1.6279421027452086
TTTTAT	1.2941425707130223
TTTAAA	1.1199118948195486
TTTAAT	0.8139710513726043
AAATTA	0.6289160394553129
AAATTT	0.6399496541825992
AATAAA	0.8900246296291736
AATAAT	1.383615286801688
AATATA	0.6289160394553128
AATATT	0.9599244812738986
AAATAA	0.890024629629174
AAATAT	0.5031328315642504
AAAATA	1.0878078806578793
AAAATT	0.7546992473463755
AAAACT	1.659395663250572
AAAACA	1.2321489637469765
AAAAGT	0.664441746891447
AAAAGA	1.5671660512887922
AAAATC	1.4750183673338417
AAAATG	1.107402911485745
AAATCT	1.4070898898908357
AAATCA	0.9218864795836511
AAATAC	0.46094323979182555
AAATAG	1.5503640760800432
AAACTT	1.1725749082423633
AAACTA	1.0140751275420163
TTGAAT	0.7166249988915911
TTGAAA	0.2817077581849703
AATATC	0.23451498164847265
AATATG	0.5634155163699405
AATAAC	1.106263775500381
AATAAG	0.8859223291885959
AAATGT	0.0
AAATGA	1.107402911485745
AAATTC	0.5862874541211817
AAATTG	0.8451232745549109
TTAGAT	0.7166249988915911
TTAGAA	0.5634155163699406
TTATCT	1.1381988663802256
TTATCA	0.5965731989303252
TTTAAC	1.1931463978606505
TTTAAG	0.7166249988915911
TTACTT	0.5690994331901127
TTACTA	0.5965731989303251
TTACAT	1.3422896975932315
TTACAA	0.9380599265938906
AAGTTT	0.7166249988915911
AAGTTA	0.2817077581849703
AAGTAT	1.1268310327398812
AAGTAA	0.4429611645942981
TTTTAC	0.37939962212674194
TTTTAG	0.45574835455824886
TTTACT	0.18969981106337094
TTTACA	0.7457164986629065
TTTAGT	1.8229934182329954
TTTAGA	0.0
TTTATC	0.9484990553168547
TTTATG	0.45574835455824875
AAGATT	0.2817077581849703
AAGATA	0.22148058229714904
AAGAAT	0.22148058229714898
AAGAAA	1.0447773675258614
TTATGT	0.45574835455824886
TTATGA	1.4332499977831823
TTATTC	1.3278986774435966
TTATTG	0.9114967091164975
TTATAC	0.7457164986629066
TTATAG	2.508187496120569
TTAACT	1.044003098128069
TTAACA	1.4070898898908357
TTAGTT	0.9114967091164977
TTAGTA	1.4332499977831823
TTAAAC	0.46902996329694535
TTAAAG	1.1268310327398812
CTATTT	1.5175984885069675
CTATTA	0.5965731989303252
CTATAT	0.7457164986629066
CTATAA	0.8208024357696544
AAAAAC	1.3771076653642675
AAAAAG	0.8706478062715513
TTAAGT	0.0
TTAAGA	0.8451232745549109
TTAATC	0.7457164986629066
TTAATG	1.4332499977831823
TACTTT	0.3793996221267419
TACTTA	1.1931463978606505
TACTAT	1.938862896523557
TACTAA	1.758862362363545
TTCTTT	1.6889939318361542
TTCTTA	1.5175984885069678
TTCATT	1.1381988663802254
TTCATA	0.14914329973258128
TTCAAT	0.14914329973258128
TTCAAA	0.8208024357696542
AACATT	1.0553174174181268
AACATA	0.829697831625286
AACAAT	0.8296978316252858
AACAAA	1.2321489637469762
TTGTTT	0.5796799246574218
TTGTTA	1.3672450636747462
TAGTTT	1.3672450636747469
TAGTTA	0.7166249988915913
TAGTAT	0.7166249988915913
TAGTAA	0.845123274554911
CTAAAT	1.172574908242363
CTAAAA	1.5672070152922069
TTCTAT	2.4660975438238224
TTCTAA	1.3422896975932317
TACATT	1.1931463978606505
TACATA	1.4070898898908362
TACAAT	0.4690299632969453
TACAAA	0.5531318877501906
AACTTT	0.8948597983954879
AACTTA	0.7035449449454181
AACTAT	0.8208024357696542
AACTAA	1.5672070152922069
CTAATT	1.0440030981280692
CTAATA	1.5243473807150725
TATCAT	0.894859798395488
TATCAA	1.1725749082423638
TATGTT	0.4557483545582489
TATGTA	1.074937498337387
TATCTT	0.7587992442534839
TATCTA	0.2982865994651626
TGAATT	0.7166249988915913
TGAATA	1.1268310327398814
TGAAAT	0.845123274554911
TGAAAA	1.3288834937828942
TAGATT	0.35831249944579563
TAGATA	0.845123274554911
TAGAAT	0.845123274554911
TAGAAA	1.7718446583771923
TATAAC	0.46902996329694535
TATAAG	0.0
TATGAT	1.4332499977831825
TATGAA	3.0987853400346737
TATTCT	2.845497165950565
TATTCA	0.8948597983954879
TATTGT	1.3672450636747469
TATTGA	0.7166249988915913
TATTTC	0.7587992442534839
TATTTG	1.8229934182329954
TATTAC	0.5965731989303253
TATTAG	0.7166249988915913
TTTGAT	0.0
TTTGAA	0.7166249988915911
TTTTCT	1.2064242370258245
TTTTCA	0.9484990553168549
TTTTGT	0.0
TTTTGA	0.45574835455824875
TTTTTC	0.9651393896206596
TTTTTG	1.7390397739722654
AATCTT	1.044003098128069
AATCTA	0.9380599265938906
AATCAT	1.7588623623635447
AATCAA	0.829697831625286
TTGATT	0.45574835455824886
TTGATA	0.3583124994457956
TAACAT	0.5862874541211816
TAACAA	1.0140751275420161
ATAAAC	0.7375091836669209
ATAAAG	0.4429611645942981
TATACT	1.6405762970583946
TATACA	0.46902996329694546
TATAGT	1.074937498337387
TATAGA	0.845123274554911
TATATC	0.0
TATATG	0.7166249988915913
TAATCT	1.342289697593232
TAATCA	1.6416048715393092
ATATAC	0.9380599265938907
ATATAG	0.0
ATAACT	0.5862874541211816
ATAACA	0.5531318877501906
ATAAGT	0.5634155163699407
ATAAGA	1.107402911485745
ATAATC	1.6416048715393088
ATAATG	0.2817077581849703
TAACTT	0.5965731989303252
TAACTA	0.9380599265938907
TAAACT	0.8208024357696542
TAAACA	0.7375091836669209
ATAGAT	0.0
ATAGAA	1.7718446583771923
ATATCT	0.0
ATATCA	0.46902996329694546
ATATGT	0.7166249988915913
ATATGA	0.5634155163699407
ATATTC	1.342289697593232
ATATTG	0.7166249988915913
TAAGTT	0.35831249944579563
TAAGTA	0.0
TAAGAT	0.5634155163699407
TAAGAA	0.4429611645942981
ATACTT	0.44742989919774395
ATACTA	2.2278923256604903
ATACAT	1.172574908242363
ATACAA	0.46094323979182555
ATAGTT	1.7915624972289783
ATAGTA	0.28170775818497035
TAATGT	0.7166249988915913
TAATGA	1.1268310327398814
TAATTC	0.29828659946516267
TAATTG	0.35831249944579563
TAATAC	0.9380599265938907
TAATAG	1.4085387909248517
TTTCAT	0.7587992442534838
TTTCAA	0.7457164986629065
TTTGTT	1.1593598493148436
TTTGTA	1.3672450636747462
TTTCTT	1.2064242370258245
TTTCTA	1.3278986774435968
TTGTAT	0.9114967091164977
TTGTAA	1.0749374983373867
AATGTT	0.0
AATGTA	0.8451232745549109
AATGAT	1.4085387909248515
AATGAA	1.5503640760800432
AATTCT	0.2982865994651626
AATTCA	0.35177247247270893
AATTGT	0.7166249988915911
AATTGA	0.8451232745549109
TAAAGT	1.1268310327398814
TAAAGA	1.107402911485745
TAAATC	0.9380599265938907
TAAATG	1.1268310327398812
TGATTT	0.9114967091164978
TGATTA	1.074937498337387
TGATAT	0.7166249988915913
TGATAA	0.28170775818497035
ATTAAC	1.6416048715393088
ATTAAG	0.845123274554911
TAAAAC	1.659395663250572
TAAAAG	0.4429611645942981
ATTTAC	0.894859798395488
ATTTAG	1.4332499977831825
ATTACT	0.7457164986629067
ATTACA	0.9380599265938909
ATTAGT	0.35831249944579563
ATTAGA	1.1268310327398814
ATTATC	1.342289697593232
ATTATG	1.074937498337387
TGTTTT	0.5796799246574219
TGTTTA	0.45574835455824886
TGTATT	0.4557483545582489
TGTATA	0.35831249944579563
TGTAAT	1.7915624972289783
TGTAAA	0.845123274554911
ATTGTT	1.8229934182329957
ATTGTA	1.074937498337387
ATTGAT	0.7166249988915913
ATTGAA	1.1268310327398814
ATTTCT	0.5690994331901129
ATTTCA	0.44742989919774395
ATTTGT	0.9114967091164978
ATTTGA	2.5081874961205695
ATTTTC	1.5175984885069678
ATTTTG	0.0
CTTTTT	0.7238545422154948
CTTTTA	0.7587992442534842
CTTTAT	0.7587992442534839
CTTTAA	1.0440030981280692
TGTTAT	1.3672450636747466
TGTTAA	0.7166249988915911
GTTTAT	1.3672450636747466
GTTTAA	1.0749374983373867
ATTCTT	2.2763977327604517
ATTCTA	1.342289697593232
ATTCAT	1.0440030981280692
ATTCAA	0.3517724724727091
CTTATT	0.37939962212674194
CTTATA	0.5965731989303252
CTTAAT	1.1931463978606507
CTTAAA	0.3517724724727091
ACTTAT	1.342289697593232
ACTTAA	0.46902996329694535
ACTTTT	0.5690994331901128
ACTTTA	0.8948597983954878
TCATTT	0.7587992442534838
TCATTA	1.6405762970583941
TCATAT	0.7457164986629066
TCATAA	1.055317417418127
TCAATT	0.44742989919774395
TCAATA	0.8208024357696544
TCAAAT	0.7035449449454179
TCAAAA	0.46094323979182555
ATGAAT	2.535369823664733
ATGAAA	1.7718446583771923
GTTTTT	1.1593598493148438
GTTTTA	0.45574835455824886
TCTTTT	0.24128484740516493
TCTTTA	1.1381988663802263
TCTATT	1.3278986774435968
TCTATA	0.5965731989303252
TCTAAT	1.0440030981280692
TCTAAA	0.46902996329694546
ACTATT	0.8948597983954879
ACTATA	0.8208024357696544
ACTAAT	1.172574908242363
ACTAAA	1.1984524234587464
ATGTTT	0.0
ATGTTA	0.35831249944579563
ATGTAT	0.7166249988915913
ATGTAA	0.5634155163699407
ATGATT	1.7915624972289783
ATGATA	1.4085387909248517
CATTAT	1.6405762970583944
CATTAA	1.4070898898908362
ACAATT	0.9380599265938906
ACAATA	0.9218864795836511
ACAAAT	0.46094323979182544
ACAAAA	1.5220663669815588
TCTTAT	1.1381988663802258
TCTTAA	1.0440030981280692
ACATTT	1.4914329973258131
ACATTA	1.055317417418127
ACATAT	0.8208024357696542
ACATAA	0.829697831625286
GTTATT	0.9114967091164978
GTTATA	0.35831249944579563
GTTAAT	0.35831249944579563
GTTAAA	0.28170775818497035
GATAAT	0.5634155163699406
GATAAA	0.22148058229714904
GAATTT	0.3583124994457956
GAATTA	1.1268310327398812
GAATAT	0.5634155163699406
GAATAA	1.3288834937828942
GAAAAT	1.1074029114857449
GAAAAA	1.9154251737974126
CATAAT	1.172574908242363
CATAAA	0.829697831625286
GAAATT	1.1268310327398812
GAAATA	0.4429611645942981
CATATT	1.0440030981280692
CATATA	0.5862874541211817
CATTTT	0.7587992442534838
CATTTA	1.044003098128069
AGTAAT	1.6902465491098217
AGTAAA	0.6644417468914471
AGTTTT	0.45574835455824886
AGTTTA	1.7915624972289779
AGTTAT	0.3583124994457956
AGTTAA	0.8451232745549109
GATTTT	0.45574835455824886
GATTTA	1.7915624972289779
GATTAT	0.7166249988915911
GATTAA	1.4085387909248515
GATATT	0.7166249988915911
GATATA	0.0
ATCATT	1.342289697593232
ATCATA	1.5243473807150725
ATCAAT	0.9380599265938906
ATCAAA	1.2906410714171115
AGATAT	0.2817077581849703
AGATAA	0.0
CAAATT	0.4690299632969453
CAAATA	0.6453205357085557
CAATAT	0.23451498164847265
CAATAA	1.2906410714171115
CAATTT	0.8948597983954879
CAATTA	0.8208024357696544
GTATAT	0.0
GTATAA	0.845123274554911
ATCTTT	0.5690994331901128
ATCTTA	1.1931463978606505
ATCTAT	0.2982865994651626
ATCTAA	0.5862874541211817
AGTATT	0.7166249988915911
AGTATA	0.8451232745549109
AAACAT	0.7375091836669209
AAACAA	1.3046283145556221
GTAATT	0.35831249944579563
GTAATA	0.845123274554911
CAAAAT	0.8296978316252858
CAAAAA	1.304628314555622
AGAATT	0.2817077581849703
AGAATA	0.6644417468914471
AGAAAT	1.1074029114857449
AGAAAA	2.0895547350517227
GTAAAT	0.845123274554911
GTAAAA	0.8859223291885961
GTATTT	0.4557483545582489
GTATTA	0.7166249988915913
AGATTT	0.0
AGATTA	0.5634155163699406
AATTTC	0.44742989919774395
AATTTG	1.0749374983373867
AATTAC	0.46902996329694535
AATTAG	1.4085387909248515
AATACT	1.0553174174181268
AATACA	0.5531318877501906
AATAGT	1.1268310327398812
AATAGA	1.3288834937828942
AAAGTT	0.845123274554911
AAAGTA	0.8859223291885961
AAAGAT	0.6644417468914471
AAAGAA	0.6965182450172412
AAAACC	1.2837658709999373
AAAACG	0.6493075116573289
AAAAGC	0.4869806337429966
AAAAGG	3.1198853428618696
AAATCC	1.2891000782201585
AAATCG	0.41293679469435385
AAACCT	1.1172200677908042
AAACCA	1.4864657453683485
AAACGT	0.20646839734717695
AAACGA	1.2986150233146578
AAACTC	0.9453400573614499
AAACTG	1.2388103840830618
AAACAC	1.2837658709999373
AAACAG	0.8116343895716611
GACTTT	0.0
GACTTA	0.7878399372458069
GACTAT	0.2626133124152689
GACTAA	1.0323419867358847
ATCCTT	0.6951710563398698
ATCCTA	2.8420510496432745
ATCCAT	0.7651675902885738
ATCCAA	1.2031600730054814
CGAATT	0.7878399372458068
CGAATA	0.41293679469435385
GTAAGT	0.6309209500391548
GTAAGA	0.0
GTAATC	2.100906499322152
GTAATG	1.2618419000783097
GACATT	1.5756798744916136
GACATA	1.8582155761245924
GACAAT	1.0323419867358847
GACAAA	0.6493075116573288
AGAAGT	2.480172010498745
AGAAGA	2.339914007146402
AGAATC	0.41293679469435385
AGAATG	1.984137608398996
AGAAAC	0.6493075116573288
AGAAAG	1.5599426714309348
GTAAAC	0.8258735893887078
GTAAAG	0.9920688041994983
CGAAAT	0.20646839734717692
CGAAAA	1.7855956570576543
ATCGTT	0.3340257043878422
ATCGTA	0.262613312415269
ATCGAT	0.262613312415269
ATCGAA	1.2388103840830618
GTATTC	1.0020771131635267
GTATTG	0.8024871732954163
GTATAC	0.787839937245807
GTATAG	1.2618419000783097
AGATAC	0.6194051920415308
AGATAG	0.0
AGAACT	1.8582155761245924
AGAACA	1.1362881454003255
CAAAGT	0.8258735893887077
CAAAGA	0.6493075116573288
CAAATC	1.0312800625761267
CAAATG	0.41293679469435385
CAAAAC	0.8783661222631148
CAAAAG	1.46094190122899
GAGTTT	1.604974346590832
GAGTTA	1.2618419000783092
GAGTAT	0.6309209500391547
GAGTAA	1.9841376083989966
AGAGTT	1.2618419000783092
AGAGTA	0.992068804199498
AGAGAT	1.4881032062992472
AGAGAA	0.7799713357154674
AGATCT	0.0
AGATCA	1.0323419867358847
AGATGT	0.0
AGATGA	0.49603440209974914
AGATTC	0.0
AGATTG	0.6309209500391547
GAGATT	0.0
GAGATA	0.0
GAGAAT	0.9920688041994983
GAGAAA	1.9499283392886688
AGACTT	0.7878399372458068
AGACTA	0.6194051920415308
AGACAT	1.8582155761245924
AGACAA	0.4869806337429966
CAATGT	0.525226624830538
CAATGA	1.4452787814302386
CAATTC	0.32792896726653165
CAATTG	0.7878399372458069
CAATAC	0.6015800365027406
CAATAG	2.0646839734717695
GTAACT	0.0
GTAACA	0.20646839734717695
ATCTCT	0.5561368450718958
ATCTCA	1.4210255248216372
ATCTGT	1.0020771131635264
ATCTGA	1.3130665620763449
ATCTTC	1.2513079014117654
ATCTTG	1.3361028175513685
ATCTAC	0.5465482787775527
ATCTAG	0.7878399372458069
GATGTT	0.802487173295416
GATGTA	0.0
AGTACT	1.050453249661076
AGTACA	0.20646839734717692
AGTAGT	0.6309209500391547
AGTAGA	2.976206412598495
AGTATC	0.525226624830538
AGTATG	1.2618419000783094
AGTAAC	0.6194051920415308
AGTAAG	0.992068804199498
CAAACT	0.8594000521467723
CAAACA	1.3513324957894075
AGTTCT	0.0
AGTTCA	0.525226624830538
AGTTGT	0.0
AGTTGA	1.2618419000783092
AGTTTC	0.3340257043878421
AGTTTG	2.4074615198862483
AGTTAC	0.0
AGTTAG	0.6309209500391547
GATCTT	0.3340257043878421
GATCTA	0.262613312415269
GATCAT	1.3130665620763446
GATCAA	0.8258735893887077
GATGAT	2.523683800156619
GATGAA	1.4881032062992474
GATTCT	2.338179930714895
GATTCA	1.050453249661076
GATTGT	0.802487173295416
GATTGA	0.6309209500391546
GATTTC	0.3340257043878421
GATTTG	1.6049743465908324
CTCTTT	0.7073670397844289
CTCTTA	1.2513079014117656
AGTGTT	0.802487173295416
AGTGTA	2.5236838001566184
AGTGAT	0.0
AGTGAA	1.9841376083989966
GATTAC	0.7878399372458069
GATTAG	1.2618419000783094
GATACT	0.7878399372458069
GATACA	0.6194051920415308
GATAGT	0.6309209500391547
GATAGA	0.49603440209974914
GATATC	0.262613312415269
GATATG	0.6309209500391547
AGTCTT	0.3340257043878421
AGTCTA	0.525226624830538
AGTCAT	1.0504532496610757
AGTCAA	0.41293679469435385
ATCACT	0.6558579345330633
ATCACA	1.2891000782201587
ATCAGT	0.525226624830538
ATCAGA	0.8258735893887077
ATCATC	2.0768834593547005
ATCATG	1.5756798744916138
ATCAAC	1.117220067790804
ATCAAG	0.41293679469435385
GTAGTT	0.8024871732954162
GTAGTA	1.2618419000783097
GTAGAT	0.6309209500391548
GTAGAA	2.976206412598495
GAAGAT	0.496034402099749
GAAGAA	0.7799713357154674
GAATCT	0.7878399372458069
GAATCA	0.8258735893887077
GATAAC	0.20646839734717692
GATAAG	1.4881032062992472
GAACTT	0.7878399372458068
GAACTA	1.8582155761245924
GAACAT	0.6194051920415308
GAACAA	1.2986150233146576
AGGATT	5.047367600313238
AGGATA	0.9920688041994983
AGGAAT	3.472240814698244
AGGAAA	3.11988534286187
GAATAC	0.8258735893887077
GAATAG	0.496034402099749
GAAACT	0.6194051920415308
GAAACA	0.811634389571661
CTCATT	1.8074447464836614
CTCATA	1.4210255248216372
AGGTTT	1.604974346590832
AGGTTA	1.2618419000783092
AGGTAT	2.523683800156619
AGGTAA	0.9920688041994983
GAAGTT	1.2618419000783092
GAAGTA	0.992068804199498
GAAAGT	0.496034402099749
GAAAGA	1.169957003573201
CAAGTT	0.0
CAAGTA	1.0323419867358847
CAAGAT	0.41293679469435385
CAAGAA	1.623268779143322
CGTATT	0.3340257043878421
CGTATA	0.262613312415269
CTCTAT	0.8342052676078439
CTCTAA	0.6558579345330634
GAATGT	0.6309209500391547
GAATGA	2.480172010498746
GAATTC	0.525226624830538
GAATTG	1.2618419000783094
CAACTT	0.7651675902885738
CAACTA	1.031280062576127
CAACAT	1.031280062576127
CAACAA	1.0134993718420557
CTCAAT	1.0930965575551057
CTCAAA	0.6875200417174181
CAATCT	1.2024062133106161
CAATCA	0.9453400573614497
GAAATC	0.6194051920415308
GAAATG	0.496034402099749
GAAAAC	1.2986150233146576
GAAAAG	2.7298996750041358
TCCTAT	1.5293763239477138
TCCTAA	2.295502770865722
AGCATT	1.3130665620763446
AGCATA	1.2388103840830615
AGCAAT	3.716431152249185
AGCAAA	1.9479225349719864
CGTAAT	0.2626133124152689
CGTAAA	0.6194051920415308
CATAGT	0.525226624830538
CATAGA	1.4452787814302386
CATATC	0.6558579345330633
CATATG	1.050453249661076
CATAAC	0.6015800365027406
CATAAG	0.8258735893887077
TCCATT	0.8342052676078437
TCCATA	0.5465482787775527
TCCAAT	0.4372386230220423
TCCAAA	0.6015800365027408
CATTGT	2.004154226327053
CATTGA	0.525226624830538
CATTTC	0.6951710563398698
CATTTG	1.6701285219392108
AGCTTT	0.3340257043878421
AGCTTA	1.050453249661076
AGCTAT	1.0504532496610757
AGCTAA	2.271152370818946
TCCTTT	0.8842087997305362
TCCTTA	0.9732394788758177
GTATCT	0.6680514087756844
GTATCA	1.050453249661076
GTATGT	0.0
GTATGA	2.5236838001566193
GTACTT	0.3340257043878422
GTACTA	0.525226624830538
GTACAT	0.787839937245807
GTACAA	0.8258735893887078
ATGCTT	1.3361028175513687
ATGCTA	0.787839937245807
ATGCAT	0.787839937245807
ATGCAA	1.4452787814302388
GTTAGT	1.6049743465908324
GTTAGA	0.6309209500391548
GTTATC	1.0020771131635267
GTTATG	1.6049743465908326
TCGTTT	0.4248572555810273
TCGTTA	0.3340257043878421
TCGTAT	0.6680514087756843
TCGTAA	0.262613312415269
CATGTT	1.3361028175513687
CATGTA	0.787839937245807
CATGAT	1.3130665620763449
CATGAA	1.2388103840830618
CATTAC	0.5465482787775527
CATTAG	0.525226624830538
CATACT	2.0768834593547005
CATACA	0.5156400312880635
CTGTAT	1.0020771131635264
CTGTAA	0.7878399372458069
TCTCAT	1.8074447464836616
TCTCAA	1.3117158690661268
CATCTT	1.6684105352156873
CATCTA	0.4372386230220422
CATCAT	2.2955027708657214
CATCAA	1.2031600730054814
TCGATT	0.0
TCGATA	0.525226624830538
TCGAAT	0.262613312415269
TCGAAA	0.8258735893887078
CTGAAT	0.787839937245807
CTGAAA	0.8258735893887078
CTGTTT	0.4248572555810273
CTGTTA	0.6680514087756843
CATTCT	1.8074447464836612
CATTCA	0.6558579345330633
TCTGAT	1.3361028175513685
TCTGAA	0.7878399372458069
ACAAGT	0.6194051920415308
ACAAGA	0.6493075116573288
ACAATC	1.117220067790804
ACAATG	0.8258735893887077
ACAAAC	1.081065996631526
ACAAAG	0.4869806337429966
CTGATT	1.670128521939211
CTGATA	0.787839937245807
TCTCTT	1.2378923196227507
TCTCTA	0.5561368450718959
ACATGT	1.050453249661076
ACATGA	0.8258735893887077
ACATTC	0.4372386230220422
ACATTG	1.3130665620763449
ACATAC	0.7734600469320951
ACATAG	2.0646839734717695
ACAACT	0.6875200417174179
ACAACA	0.6756662478947038
TCTGTT	0.8497145111620547
TCTGTA	0.6680514087756843
GTTAAC	0.787839937245807
GTTAAG	1.2618419000783097
ATGGTT	4.01243586647708
ATGGTA	1.8927628501174643
ATGGAT	1.2618419000783097
ATGGAA	0.0
ATGTCT	0.6680514087756844
ATGTCA	0.262613312415269
ATGTGT	0.0
ATGTGA	1.2618419000783097
ATGTTC	1.0020771131635267
ATGTTG	1.6049743465908326
ACAGTT	0.7878399372458068
ACAGTA	0.6194051920415308
ACAGAT	0.20646839734717692
ACAGAA	1.2986150233146576
ACATCT	0.8744772460440844
ACATCA	0.9453400573614497
TCTTCT	2.122101119353287
TCTTCA	1.6684105352156875
TCTTGT	0.8497145111620547
TCTTGA	0.3340257043878422
TCTTTC	0.8842087997305363
TCTTTG	0.8497145111620547
TCTTAC	0.6951710563398698
TCTTAG	3.0062313394905797
TCTACT	0.9732394788758179
TCTACA	1.0930965575551057
TCTAGT	1.670128521939211
TCTAGA	0.262613312415269
TCTATC	0.5561368450718959
TCTATG	2.0041542263270533
TCTAAC	0.6558579345330634
TCTAAG	1.050453249661076
ACACTT	0.8744772460440844
ACACTA	0.9453400573614497
ACACAT	0.343760020858709
ACACAA	0.6080996231052335
TCATTC	0.9732394788758176
TCATTG	2.338179930714895
TCACTT	0.8342052676078436
TCACTA	1.0930965575551055
TCACAT	0.4372386230220422
TCACAA	1.375040083434836
ACTAAC	1.460980088649513
ACTAAG	1.2388103840830615
CTTCTT	3.1831516790299306
CTTCTA	2.2245473802875835
CTTCAT	1.8074447464836616
CTTCAA	0.9837869017995952
ATGTAC	0.525226624830538
ATGTAG	1.8927628501174643
ATGACT	1.575679874491614
ATGACA	1.2388103840830618
ATGAGT	0.6309209500391548
ATGAGA	2.480172010498746
ATGATC	1.050453249661076
ATGATG	2.5236838001566193
ATGAAC	1.8582155761245926
ATGAAG	0.49603440209974914
ACTACT	1.9675738035991899
ACTACA	0.687520041717418
ACTAGT	1.5756798744916138
ACTAGA	0.6194051920415308
ACTATC	1.2024062133106161
ACTATG	2.8887464365679585
TCAGTT	0.0
TCAGTA	0.525226624830538
TCAGAT	0.525226624830538
TCAGAA	0.4129367946943539
TCATCT	1.9464789577516353
TCATCA	1.4210255248216372
TCATGT	0.6680514087756843
TCATGA	2.100906499322152
TCAATC	0.8744772460440844
TCAATG	0.7878399372458069
ACTGTT	0.3340257043878422
ACTGTA	0.787839937245807
ACTGAT	1.3130665620763449
ACTGAA	0.8258735893887078
ACTTCT	0.8342052676078436
ACTTCA	1.0930965575551055
ACTTGT	0.6680514087756843
ACTTGA	0.7878399372458069
ACTTTC	0.2780684225359479
ACTTTG	0.6680514087756843
ACTTAC	0.6558579345330633
ACTTAG	1.8382931869068828
CAGAAT	0.8258735893887077
CAGAAA	0.9739612674859932
ACTCTT	1.1122736901437915
ACTCTA	0.4372386230220422
ACTCAT	1.7489544920881688
ACTCAA	0.687520041717418
TCATAC	1.6396448363326583
TCATAG	0.525226624830538
TCAACT	0.9837869017995949
TCAACA	0.9453400573614497
TCAAGT	0.262613312415269
TCAAGA	0.6194051920415308
CAGTAT	0.5252266248305378
CAGTAA	1.0323419867358847
CTTTCT	1.0610505596766435
CTTTCA	0.8342052676078437
ACGATT	0.7878399372458068
ACGATA	0.41293679469435385
ACGAAT	1.0323419867358847
ACGAAA	1.46094190122899
TCAAAC	1.2891000782201585
TCAAAG	1.4452787814302386
CAGATT	0.2626133124152689
CAGATA	0.0
TGCAAT	0.787839937245807
TGCAAA	1.8582155761245926
TGCTTT	0.4248572555810273
TGCTTA	1.3361028175513685
TGCTAT	1.0020771131635264
TGCTAA	1.050453249661076
CGTTAT	0.6680514087756841
CGTTAA	0.0
ACGTAT	0.2626133124152689
ACGTAA	0.0
CTTGTT	0.4248572555810273
CTTGTA	1.6701285219392108
CTTGAT	0.6680514087756843
CTTGAA	0.525226624830538
CAGTTT	1.0020771131635264
CAGTTA	0.0
TGGTAT	2.4074615198862483
TGGTAA	0.6309209500391548
CACTAT	1.5303351805771477
CACTAA	0.7734600469320952
CACATT	0.5465482787775527
CACATA	0.42970002607338625
CACAAT	1.4609800886495132
CACAAA	1.216199246210467
CGTTTT	0.0
CGTTTA	0.33402570438784207
CTTACT	0.6951710563398699
CTTACA	1.0930965575551057
ACGTTT	0.3340257043878421
ACGTTA	0.262613312415269
TGCATT	0.3340257043878422
TGCATA	1.050453249661076
ATTCCT	1.6684105352156877
ATTCCA	0.8744772460440846
ATTCGT	0.3340257043878422
ATTCGA	1.3130665620763449
ATTCTC	1.3903421126797395
ATTCTG	2.0041542263270533
GTTTGT	1.0207073695424154
GTTTGA	0.0
GTTTTC	0.0
GTTTTG	0.0
GTTTAC	1.0020771131635264
GTTTAG	0.0
TGGATT	1.604974346590832
TGGATA	0.0
TGGAAT	1.2618419000783094
TGGAAA	0.0
CTTTGT	1.6994290223241093
CTTTGA	0.3340257043878422
CTTTTC	0.3536835198922145
CTTTTG	1.274571766743082
CTTTAC	0.6951710563398698
CTTTAG	1.0020771131635267
TGGTTT	5.103536847712077
TGGTTA	4.814923039772497
TGTGTT	0.0
TGTGTA	0.0
TGTGAT	0.8024871732954162
TGTGAA	1.2618419000783097
CACTTT	0.6951710563398698
CACTTA	0.9837869017995949
TGTCTT	0.0
TGTCTA	0.6680514087756843
TGTCAT	1.3361028175513685
TGTCAA	1.3130665620763449
ACCATT	1.2024062133106161
ACCATA	0.42970002607338625
ACCAAT	0.687520041717418
ACCAAA	1.216199246210467
GTTACT	0.0
GTTACA	1.050453249661076
ATTCAC	0.765167590288574
ATTCAG	0.525226624830538
ATTGCT	0.3340257043878422
ATTGCA	0.787839937245807
ATTGGT	1.6049743465908324
ATTGGA	1.8927628501174643
ATTGTC	1.0020771131635267
ATTGTG	1.6049743465908326
CTTAAC	1.530335180577148
CTTAAG	1.050453249661076
TGTTCT	2.124286277905137
TGTTCA	0.3340257043878421
TGTTGT	1.0207073695424154
TGTTGA	0.0
TGTTTC	0.8497145111620547
TGTTTG	0.0
TGTTAC	0.3340257043878421
TGTTAG	0.0
TGTATC	1.0020771131635267
TGTATG	2.407461519886249
TGTAAC	0.262613312415269
TGTAAG	0.0
ACCTTT	0.8342052676078436
ACCTTA	1.2024062133106161
ACCTAT	1.0930965575551055
ACCTAA	1.1172200677908042
CTTAGT	1.3361028175513687
CTTAGA	1.575679874491614
CTTATC	1.3903421126797395
CTTATG	1.0020771131635267
TGATGT	0.0
TGATGA	3.7855257002349285
TGACTT	2.0041542263270533
TGACTA	1.838293186906883
TGACAT	0.525226624830538
TGACAA	1.2388103840830618
CTATCT	0.4171026338039218
CTATCA	1.3117158690661266
CTACTT	1.6684105352156873
CTACTA	2.623431738132253
CTACAT	1.3117158690661266
CTACAA	0.6015800365027407
TGTACT	1.0020771131635267
TGTACA	0.787839937245807
TGTAGT	1.6049743465908324
TGTAGA	1.8927628501174643
ATTGAC	0.0
ATTGAG	1.2618419000783097
ATTTCC	0.6951710563398698
ATTTCG	0.6680514087756844
ATTTGC	0.3340257043878422
ATTTGG	3.209948693181665
TGAAGT	0.6309209500391548
TGAAGA	0.9920688041994983
CTAGTT	0.0
CTAGTA	2.363519811737421
CTAGAT	0.525226624830538
CTAGAA	1.4452787814302388
TGAGTT	0.8024871732954162
TGAGTA	0.6309209500391548
TGAGAT	0.6309209500391548
TGAGAA	2.976206412598495
TGATCT	1.0020771131635267
TGATCA	0.525226624830538
ATTACC	0.3279289672665317
ATTACG	0.0
ATTAGC	1.3130665620763449
ATTAGG	0.6309209500391548
TGATTC	2.338179930714895
TGATTG	0.0
TGATAC	1.050453249661076
TGATAG	1.8927628501174643
TGAACT	1.838293186906883
TGAACA	1.4452787814302388
ATACCT	0.32792896726653165
ATACCA	0.7734600469320952
ATACGT	0.262613312415269
ATACGA	0.6194051920415308
ATACTC	1.5303351805771477
ATACTG	1.5756798744916138
GTTGTT	1.0207073695424154
GTTGTA	0.0
GTTGAT	0.0
GTTGAA	1.2618419000783097
GTTTCT	1.274571766743082
GTTTCA	0.3340257043878421
ATACAC	0.17188001042935447
ATACAG	0.41293679469435385
ATAGCT	1.050453249661076
ATAGCA	2.0646839734717695
ATAGGT	0.0
ATAGGA	1.9841376083989966
ATAGTC	1.050453249661076
ATAGTG	0.0
TAAACC	1.117220067790804
TAAACG	0.20646839734717692
TAAAGC	0.6194051920415309
TAAAGG	0.49603440209974914
ATAGAC	1.2388103840830618
ATAGAG	1.4881032062992474
ATATCC	0.3279289672665317
ATATCG	0.525226624830538
ATATGC	0.262613312415269
ATATGG	2.5236838001566193
TAAGGT	0.6309209500391548
TAAGGA	1.4881032062992474
TAAGTC	0.262613312415269
TAAGTG	1.8927628501174643
TAAGAC	1.2388103840830618
TAAGAG	1.4881032062992474
TAATCC	1.6396448363326586
TAATCG	2.888746436567959
TAATGC	0.525226624830538
TAATGG	3.154604750195774
ATAACC	1.0312800625761267
ATAACG	0.20646839734717692
ATAAGC	0.6194051920415309
ATAAGG	0.49603440209974914
GTTCTT	0.4248572555810273
GTTCTA	0.6680514087756843
TAACCT	1.6396448363326583
TAACCA	1.375040083434836
TAACGT	0.0
TAACGA	0.20646839734717692
TAACTC	0.8744772460440844
TAACTG	1.5756798744916138
TAACAC	0.6875200417174179
TAACAG	2.0646839734717695
TAAGCT	1.838293186906883
TAAGCA	1.0323419867358847
GTTCAT	0.0
GTTCAA	0.7878399372458069
GTGATT	0.802487173295416
GTGATA	0.6309209500391546
GTGAAT	0.6309209500391547
GTGAAA	1.4881032062992474
CGATTT	0.0
CGATTA	0.525226624830538
CGATAT	0.0
CGATAA	0.41293679469435385
TATACC	0.765167590288574
TATACG	0.525226624830538
TATAGC	0.787839937245807
TATAGG	0.6309209500391548
TATTCC	1.3903421126797395
TATTCG	1.3361028175513687
TATTGC	1.0020771131635267
TATTGG	0.8024871732954163
GTGTAT	0.8024871732954162
GTGTAA	0.6309209500391548
GCTTTT	0.0
GCTTTA	1.3361028175513683
GCTTAT	0.6680514087756841
GCTTAA	1.3130665620763446
GCTAAT	0.7878399372458068
GCTAAA	1.6517471787774154
GTGTTT	2.0414147390848307
GTGTTA	0.0
AACCTT	1.6396448363326583
AACCTA	1.5469200938641905
AACCAT	1.031280062576127
AACCAA	1.3513324957894077
CCTTAT	0.2780684225359479
CCTTAA	1.4210255248216372
TATCAC	0.4372386230220423
TATCAG	1.050453249661076
TATGCT	1.3361028175513687
TATGCA	1.3130665620763449
TATGGT	2.4074615198862483
TATGGA	0.6309209500391548
TATGTC	0.6680514087756844
TATGTG	0.0
TATGAC	1.3130665620763449
TATGAG	2.5236838001566193
TATCTC	0.4171026338039219
TATCTG	0.6680514087756844
TGAATC	0.787839937245807
TGAATG	3.7855257002349285
TGAAAC	1.0323419867358847
TGAAAG	0.9920688041994983
CTAAGT	0.525226624830538
CTAAGA	1.0323419867358847
CTAATC	2.4048124266212323
CTAATG	1.5756798744916138
TAGACT	0.262613312415269
TAGACA	1.2388103840830618
TAGAGT	3.154604750195774
TAGAGA	1.9841376083989966
TAGATC	0.0
TAGATG	0.6309209500391548
TAGAAC	0.8258735893887078
TAGAAG	3.968275216797993
TATCCT	1.8074447464836616
TATCCA	1.3117158690661268
TATCGT	0.3340257043878422
TATCGA	0.525226624830538
GCTATT	1.3361028175513685
GCTATA	0.525226624830538
GTCAAT	0.525226624830538
GTCAAA	0.8258735893887078
CCTTTT	1.4147340795688577
CCTTTA	0.4171026338039218
GTCTAT	0.0
GTCTAA	0.262613312415269
GTCATT	0.3340257043878422
GTCATA	1.050453249661076
AACGTT	0.5252266248305378
AACGTA	0.20646839734717692
AACGAT	0.6194051920415308
AACGAA	1.2986150233146576
GCATTT	0.6680514087756843
GCATTA	0.525226624830538
TTCCAT	0.5561368450718956
TTCCAA	0.21861931151102107
TAGGAT	5.047367600313239
TAGGAA	3.968275216797993
TAGTCT	1.3361028175513687
TAGTCA	1.050453249661076
TAGTGT	0.8024871732954162
TAGTGA	0.6309209500391548
TAGTTC	0.0
TAGTTG	2.407461519886249
TAGTAC	1.050453249661076
TAGTAG	4.416446650274083
TTCGAT	0.6680514087756841
TTCGAA	0.7878399372458068
TTCTCT	0.5305252798383217
TTCTCA	2.085513169019609
TAGCTT	0.6680514087756844
TAGCTA	1.050453249661076
TAGCAT	1.838293186906883
TAGCAA	2.0646839734717695
TAGGTT	0.0
TAGGTA	0.6309209500391548
CTAAAC	1.117220067790804
CTAAAG	1.0323419867358847
TTCCTT	1.4147340795688577
TTCCTA	1.5293763239477134
TTCACT	0.8342052676078435
TTCACA	1.202406213310616
TACAGT	0.0
TACAGA	0.6194051920415308
TACATC	0.9837869017995949
TACATG	1.3130665620763449
TACAAC	0.7734600469320951
TACAAG	1.0323419867358847
TTCGTT	0.42485725558102727
TTCGTA	0.6680514087756841
GCATAT	0.0
GCATAA	1.6517471787774154
GTCTTT	0.0
GTCTTA	0.6680514087756843
AACTCT	1.2024062133106161
AACTCA	1.031280062576127
AACTGT	2.3635198117374205
AACTGA	1.0323419867358847
AACTTC	0.8744772460440844
AACTTG	1.050453249661076
AACTAC	0.7734600469320951
AACTAG	1.4452787814302386
TACTAC	1.2024062133106161
TACTAG	2.6261331241526897
TACACT	0.5465482787775527
TACACA	0.687520041717418
TTCTGT	0.0
TTCTGA	2.0041542263270524
TTCTTC	3.7136769588682514
TTCTTG	0.0
TTCTAC	0.8342052676078436
TTCTAG	2.004154226327053
TTCAAC	0.5465482787775526
TTCAAG	1.8382931869068824
TACGTT	0.0
TACGTA	0.262613312415269
TACGAT	0.262613312415269
TACGAA	1.0323419867358847
TACTCT	1.3903421126797395
TACTCA	1.6396448363326583
TACTGT	0.6680514087756843
TACTGA	1.3130665620763449
TACTTC	0.6951710563398698
TACTTG	1.3361028175513685
TTGCTT	0.4248572555810273
TTGCTA	0.6680514087756843
TTGCAT	1.0020771131635264
TTGCAA	0.7878399372458069
TTGGTT	6.124244217254491
TTGGTA	0.802487173295416
CTAACT	1.5303351805771477
CTAACA	1.2891000782201587
TACCTT	0.5561368450718958
TACCTA	0.6558579345330633
TACCAT	0.7651675902885738
TACCAA	0.687520041717418
TTCAGT	0.33402570438784207
TTCAGA	0.2626133124152689
TTCATC	1.807444746483661
TTCATG	1.3361028175513683
GCAAAT	1.0323419867358847
GCAAAA	1.7855956570576543
AACACT	1.0312800625761267
AACACA	0.8107994974736445
AACAGT	1.0323419867358847
AACAGA	1.1362881454003255
AACATC	0.42970002607338614
AACATG	1.0323419867358847
AACAAC	1.1486326214209963
AACAAG	1.46094190122899
GGAATT	1.8927628501174638
GGAATA	1.984137608398996
CTATGT	1.0020771131635264
CTATGA	3.6765863738137656
CTATTC	2.224547380287583
CTATTG	1.3361028175513685
CTATAC	0.8744772460440844
CTATAG	0.262613312415269
GGAAAT	0.496034402099749
GGAAAA	0.7799713357154674
GCAATT	1.0504532496610757
GCAATA	1.8582155761245924
GGATTT	5.617410213067912
GGATTA	3.154604750195773
GGATAT	0.6309209500391547
GGATAA	1.9841376083989966
AAGCTT	1.0504532496610757
AAGCTA	1.8582155761245924
AAGCAT	0.8258735893887077
AAGCAA	1.2986150233146576
TTAAGC	1.8382931869068828
TTAAGG	0.6309209500391547
TTGGAT	3.209948693181664
TTGGAA	0.0
TTGTCT	0.0
TTGTCA	0.3340257043878421
TTGTGT	0.0
TTGTGA	0.802487173295416
TTGTTC	1.2745717667430818
TTGTTG	1.0207073695424151
TTATGC	0.6680514087756843
TTATGG	1.6049743465908324
TTAACC	2.0768834593547
TTAACG	0.2626133124152689
CCAATT	0.4372386230220422
CCAATA	0.6015800365027407
CCAAAT	0.7734600469320952
CCAAAA	0.8107994974736447
CCATTT	0.6951710563398698
CCATTA	0.8744772460440844
CCTAAT	3.0606703611542954
CCTAAA	1.718800104293545
CCTATT	2.085513169019609
CCTATA	0.8744772460440844
AAGGTT	0.0
AAGGTA	1.4881032062992472
AAGGAT	2.9762064125984944
AAGGAA	2.7298996750041358
GGTTAT	1.604974346590832
GGTTAA	1.2618419000783092
TTAGCT	0.3340257043878421
TTAGCA	1.3130665620763449
TTAGGT	0.802487173295416
TTAGGA	3.7855257002349276
TTAGTC	1.0020771131635264
TTAGTG	1.6049743465908324
TTAGAC	0.7878399372458069
TTAGAG	2.523683800156619
TTATCC	2.224547380287583
TTATCG	0.3340257043878421
TTACCT	0.9732394788758175
TTACCA	0.21861931151102107
TTACGT	0.0
TTACGA	0.2626133124152689
TTACTC	0.41710263380392176
TTACTG	0.33402570438784207
TTACAC	0.8744772460440843
TTACAG	0.5252266248305378
GGTATT	2.407461519886248
GGTATA	1.8927628501174636
GGTAAT	1.2618419000783092
GGTAAA	1.984137608398996
AAGTCT	0.262613312415269
AAGTCA	1.0323419867358847
AAGTGT	1.892762850117464
AAGTGA	1.9841376083989966
AAGTTC	0.525226624830538
AAGTTG	0.6309209500391547
AAGTAC	0.8258735893887077
AAGTAG	0.496034402099749
TTTACC	1.1122736901437915
TTTACG	0.6680514087756843
TTTAGC	1.0020771131635264
TTTAGG	0.8024871732954162
CCATAT	1.0930965575551055
CCATAA	0.343760020858709
GGTTTT	1.0207073695424151
GGTTTA	1.604974346590832
AAGACT	0.8258735893887077
AAGACA	1.2986150233146576
AAGAGT	1.4881032062992472
AAGAGA	0.3899856678577337
AAGATC	0.6194051920415308
AAGATG	1.4881032062992472
AAGAAC	1.2986150233146576
AAGAAG	1.169957003573201
TTTGAC	1.6701285219392108
TTTGAG	1.6049743465908324
TTTTCC	0.3536835198922144
TTTTCG	0.8497145111620545
TTTTGC	1.2745717667430818
TTTTGG	2.0414147390848303
AATCCT	2.1861931151102105
AATCCA	0.6875200417174178
AATCGT	1.0504532496610757
AATCGA	1.4452787814302386
AATCTC	1.4210255248216368
AATCTG	1.8382931869068826
AATCAC	0.9453400573614495
AATCAG	0.8258735893887077
AATGCT	1.3130665620763449
AATGCA	0.8258735893887077
AATGGT	2.523683800156619
AATGGA	2.480172010498746
TTGATC	0.3340257043878421
TTGATG	0.8024871732954162
TTTCAC	0.6951710563398698
TTTCAG	0.3340257043878421
TTTGCT	0.4248572555810273
TTTGCA	1.3361028175513685
TTTGGT	4.082829478169661
TTTGGA	0.802487173295416
TTTGTC	0.42485725558102727
TTTGTG	1.0207073695424151
TTTCCT	0.5305252798383217
TTTCCA	0.0
TTTCGT	0.42485725558102727
TTTCGA	0.33402570438784207
TTTCTC	0.7073670397844288
TTTCTG	0.42485725558102727
TTGTAC	1.0020771131635264
TTGTAG	2.4074615198862483
TTGACT	1.6701285219392108
TTGACA	0.262613312415269
TTGAGT	0.802487173295416
TTGAGA	1.2618419000783092
AATGTC	0.262613312415269
AATGTG	0.6309209500391547
AATGAC	0.8258735893887077
AATGAG	2.480172010498745
AATTCC	0.5465482787775526
AATTCG	0.5252266248305378
AATTGC	0.525226624830538
AATTGG	1.2618419000783094
AATACC	0.42970002607338614
AATACG	0.8258735893887077
AATAGC	1.6517471787774154
AATAGG	2.480172010498745
AAAGCT	1.0323419867358847
AAAGCA	0.9739612674859934
AAAGGT	0.0
AAAGGA	3.509871010719604
AAAGTC	0.4129367946943539
AAAGTG	1.4881032062992474
AAAGAC	1.6232687791433222
AAAGAG	1.559942671430935
TTGAAC	0.525226624830538
TTGAAG	3.1546047501957735
AAATGC	1.0323419867358847
AAATGG	0.9920688041994983
AAAGCC	0.9079451565928391
AAAGCG	0.0
AAAGGC	0.7271040647972075
AAAGGG	1.7468466587625768
TTTCCC	1.0368826189345595
TTTCCG	0.311385093638556
TTTCGC	0.0
TTTCGG	3.740468777070386
TTGACC	0.7344393243061114
TTGACG	0.0
TTGAGC	1.7644694093214783
TTGAGG	0.0
TTTGCC	1.245540374554224
TTTGCG	0.7480937554140773
TTTGGC	0.7480937554140772
TTTGGG	1.7972737883822756
TTACCC	0.9171047991610843
TTACCG	0.4896262162040741
TTACGC	0.24481310810203705
TTACGG	0.5881564697738261
TTAGCC	2.448131081020371
TTAGCG	0.5881564697738262
TTAGGC	0.0
TTAGGG	0.0
TTGGAC	0.5881564697738262
TTGGAG	2.8260580948355782
TTGTCC	0.934155280915668
TTGTCG	0.7480937554140773
TTGTGC	0.7480937554140772
TTGTGG	3.594547576764551
CTATGC	2.692944189122408
CTATGG	1.1763129395476524
TTGCTC	0.311385093638556
TTGCTG	2.244281266242232
TTGCAC	0.7344393243061114
TTGCAG	1.7644694093214783
TTGGCT	1.4961875108281544
TTGGCA	1.764469409321478
TTGGGT	0.0
TTGGGA	0.0
TTGGTC	2.9923750216563088
TTGGTG	1.7972737883822756
CTAACC	1.5221831379179378
CTAACG	0.5774212618682529
TACCCT	0.7133037326808433
TACCCA	0.5608043139697665
TACCGT	0.2448131081020371
TACCGA	0.3849475079121686
TACCTC	0.7133037326808433
TACCTG	1.4688786486122227
TACCAC	0.6409192159654474
TACCAG	0.1924737539560843
TTCAGC	1.2240655405101852
TTCAGG	0.0
TTGCCT	1.55692546819278
TTGCCA	1.4688786486122227
TTGCGT	1.4961875108281546
TTGCGA	0.5881564697738262
TACGCT	0.2448131081020371
TACGCA	0.0
TACGGT	0.0
TACGGA	1.3872380183630935
TACGTC	0.2448131081020371
TACGTG	0.5881564697738262
TACGAC	0.577421261868253
TACGAG	0.9248253455753956
TACTCC	1.4266074653616867
TACTCG	0.2448131081020371
TACTGC	0.2448131081020371
TACTGG	0.5881564697738262
TACACC	0.7210341179611284
TACACG	0.1924737539560843
TTCTGC	1.5569254681927798
TTCTGG	0.7480937554140772
TTCACC	0.9171047991610843
TTCACG	0.24481310810203705
TACAGC	1.3473162776925902
TACAGG	1.8496506911507913
TAGCCT	4.161822837734631
TAGCCA	2.6946325553851804
TAGCGT	0.5881564697738262
TAGCGA	0.0
TTCGCT	0.31138509363855593
TTCGCA	0.24481310810203705
TTCGGT	1.4961875108281544
TTCGGA	2.9407823488691305
TTCGTC	0.9341552809156678
TTCGTG	0.0
TTCGAC	0.9792524324081482
TTCGAG	1.1763129395476521
TTCTCC	1.684934255768659
TTCTCG	0.311385093638556
TAGCTC	0.7344393243061114
TAGCTG	1.7644694093214788
TAGCAC	0.19247375395608432
TAGCAG	4.161714055089281
TAGGCT	1.1763129395476524
TAGGCA	0.4624126727876978
TAGGGT	0.0
TAGGGA	0.0
TAGGTC	0.0
TAGGTG	1.4130290474177893
TTCCCT	0.38883098210045974
TTCCCA	0.5095026662006024
TTCCGT	0.0
TTCCGA	0.24481310810203705
TTCCTC	1.9441549105022988
TTCCTG	1.245540374554224
TTCCAC	1.1209058656413253
TTCCAG	1.2240655405101852
TAGGAC	3.2368887095138854
TAGGAG	5.554665910538896
TAGTCC	1.9585048648162968
TAGTCG	1.1763129395476524
TAGTGC	0.0
TAGTGG	0.0
TAGACC	1.154842523736506
TAGACG	0.9248253455753956
TAGAGC	0.0
TAGAGG	4.443732728431117
TATCCC	0.30570159972036154
TATCCG	0.4896262162040743
TATCGC	0.0
TATCGG	1.1763129395476524
CTAAGC	1.7322637856047587
CTAAGG	1.3872380183630935
TATGCC	1.4688786486122227
TATGCG	0.0
TATGGC	1.1763129395476524
TATGGG	4.239087142253368
TAACCC	1.5221831379179378
TAACCG	0.7698950158243372
TAACGC	0.3849475079121686
TAACGG	0.9248253455753956
TAAGCC	1.5397900316486746
TAAGCG	0.4624126727876978
TAAGGC	0.4624126727876979
TAAGGG	1.1109331821077792
TGAACC	1.732263785604759
TGAACG	0.0
TGAAGC	2.7744760367261874
TGAAGG	2.2218663642155585
CTAGGT	0.0
CTAGGA	6.936190091815467
CTAGTC	2.203317972918334
CTAGTG	0.0
CTAGAC	0.577421261868253
CTAGAG	1.3872380183630935
CTATCC	0.7133037326808433
CTATCG	0.4896262162040742
TGAGTC	0.5881564697738262
TGAGTG	0.0
TGAGAC	2.3120633639384893
TGAGAG	0.0
TGATCC	1.4688786486122227
TGATCG	1.7644694093214788
TGATGC	1.1763129395476524
TGATGG	1.4130290474177893
TGACCT	0.7344393243061114
TGACCA	1.1548425237365059
TGACGT	0.5881564697738262
TGACGA	0.9248253455753956
TGACTC	1.4688786486122227
TGACTG	0.5881564697738262
TGACAC	0.9623687697804216
TGACAG	0.4624126727876978
TGAGCT	1.7644694093214788
TGAGCA	1.8496506911507913
TGAGGT	1.4130290474177896
TGAGGA	2.2218663642155585
ACCCTT	0.8152042659209638
ACCCTA	1.5221831379179378
ACCCAT	0.8011490199568092
ACCCAA	1.511685323173676
CTACGT	0.4896262162040742
CTACGA	0.9623687697804215
CTACTC	1.8342095983221687
CTACTG	0.4896262162040742
CTACAC	1.0414937259438521
CTACAG	1.7322637856047587
TGTACC	1.2240655405101855
TGTACG	0.0
TGTAGC	0.0
TGTAGG	2.8260580948355787
CTAGCT	1.2240655405101855
CTAGCA	1.924737539560843
ACCGTT	0.4896262162040742
ACCGTA	0.7698950158243372
ACCGAT	0.38494750791216853
ACCGAA	0.6052967710618926
ACCTCT	0.7133037326808433
ACCTCA	0.8812639219524903
ACCTGT	1.2240655405101855
ACCTGA	1.924737539560843
ACCTTC	1.8342095983221687
ACCTTG	0.4896262162040742
ACCTAC	1.0414937259438521
ACCTAG	1.3473162776925902
ACCACT	0.8011490199568093
ACCACA	0.8188295500524079
CTTAGC	2.203317972918334
CTTAGG	2.940782348869131
TGTTCC	0.0
TGTTCG	0.7480937554140773
TGTTGC	0.7480937554140773
TGTTGG	5.391821365146828
CACCAT	0.48068941197408555
CACCAA	0.8818164385179776
CACGTT	0.0
CACGTA	0.3849475079121686
TGTGCT	0.0
TGTGCA	0.0
TGTGGT	0.0
TGTGGA	2.8260580948355787
TGTGTC	0.0
TGTGTG	0.0
TGTGAC	0.5881564697738262
TGTGAG	0.0
TGTCCT	0.622770187277112
TGTCCA	0.4896262162040742
TGTCGT	0.0
TGTCGA	0.0
TGTCTC	0.934155280915668
TGTCTG	0.0
TGTCAC	0.7344393243061114
TGTCAG	0.0
CACCTT	1.6304085318419277
CACCTA	1.201723529935214
CTACCT	0.9171047991610843
CTACCA	0.8812639219524903
ACCAGT	0.5774212618682529
ACCAGA	0.907945156592839
ACCATC	0.8011490199568093
ACCATG	0.5774212618682529
ACCAAC	1.0707771039146874
ACCAAG	1.0592693493583123
ACGCTT	0.7344393243061114
ACGCTA	0.1924737539560843
ACGCAT	0.0
ACGCAA	0.3026483855309463
TGGATC	2.3526258790953047
TGGATG	1.4130290474177891
TGGAAC	1.3872380183630935
TGGAAG	0.0
CACGAT	0.19247375395608426
CACGAA	0.9079451565928389
CACTCT	0.6114031994407229
CACTCA	0.8011490199568093
CACTGT	0.4896262162040742
CACTGA	1.3473162776925902
CACTTC	1.1209058656413253
CACTTG	0.4896262162040742
CCCATT	1.528507998601807
CCCATA	0.9613788239481712
CTTTGC	0.6227701872771121
CTTTGG	0.7480937554140774
CTTACC	0.7133037326808436
CTTACG	0.24481310810203716
TGGTCT	2.9923750216563096
TGGTCA	0.5881564697738263
TGGTGT	0.0
TGGTGA	0.0
TGGTTC	2.992375021656309
TGGTTG	0.0
TGGTAC	1.7644694093214788
TGGTAG	0.0
TGGACT	1.1763129395476524
TGGACA	1.3872380183630935
TGGAGT	0.0
TGGAGA	3.332799546323337
CACTAC	1.121608627939533
CACTAG	1.3473162776925902
CACACT	1.0414937259438521
CACACA	0.37792133079341905
CACAGT	0.7698950158243372
CACAGA	1.0592693493583123
CACATC	0.6409192159654474
CACATG	1.1548425237365059
TGGGTT	1.797273788382276
TGGGTA	0.0
TGGGAT	2.8260580948355787
TGGGAA	1.110933182107779
CGTTCT	0.0
CGTTCA	0.0
CGTTGT	0.0
CGTTGA	0.5881564697738261
CGTTTC	0.0
CGTTTG	0.7480937554140772
CCGTAT	0.4896262162040743
CCGTAA	0.577421261868253
TGGCTT	2.244281266242232
TGGCTA	0.5881564697738262
TGGCAT	0.5881564697738262
TGGCAA	0.4624126727876978
CCCAAT	0.9613788239481711
CCCAAA	1.196750880845827
ACGGTT	1.1763129395476524
ACGGTA	0.0
ACGGAT	0.0
ACGGAA	0.36355203239860373
ACGTCT	0.2448131081020371
ACGTCA	0.0
ACGTGT	0.0
ACGTGA	0.4624126727876977
ACGTTC	0.0
ACGTTG	0.5881564697738262
CAGCTT	0.7344393243061114
CAGCTA	1.924737539560843
CAGCAT	1.1548425237365056
CAGCAA	2.118538698716624
TGCATC	0.9792524324081484
TGCATG	0.5881564697738262
TGCAAC	1.154842523736506
TGCAAG	1.3872380183630935
CCGTTT	0.0
CCGTTA	0.4896262162040742
CACAAC	0.4409082192589889
CACAAG	0.30264838553094636
TGCTTC	0.622770187277112
TGCTTG	2.244281266242232
TGCTAC	0.0
TGCTAG	0.5881564697738262
TGCACT	1.7136917567142598
TGCACA	0.3849475079121686
TGCAGT	0.0
TGCAGA	0.9248253455753956
CGTTAC	0.24481310810203705
CGTTAG	0.5881564697738261
CAGACT	0.19247375395608426
CAGACA	0.6052967710618926
CAGGTT	1.7644694093214783
CAGGTA	0.9248253455753956
CAGGAT	2.312063363938489
CAGGAA	1.454208129594415
CAGTCT	0.7344393243061114
CAGTCA	0.0
TGCGTT	0.7480937554140773
TGCGTA	0.0
TGCGAT	0.0
TGCGAA	1.3872380183630935
TGCTCT	0.934155280915668
TGCTCA	0.2448131081020371
TGCTGT	0.7480937554140773
TGCTGA	0.5881564697738262
ACGTAC	0.3849475079121686
ACGTAG	1.387238018363093
CTTGGT	1.4961875108281546
CTTGGA	1.1763129395476524
CTTGTC	0.311385093638556
CTTGTG	0.7480937554140773
CTTGAC	0.7344393243061114
CTTGAG	1.1763129395476524
CTTTCC	0.38883098210045985
CTTTCG	0.31138509363855604
CATCCT	2.13991119804253
CATCCA	0.7210341179611284
TGCCTT	1.245540374554224
TGCCTA	2.448131081020371
TGCCAT	1.2240655405101855
TGCCAA	0.9623687697804215
CAGTGT	0.0
CAGTGA	1.387238018363093
CAGTTC	0.2448131081020371
CAGTTG	0.0
CAGTAC	0.0
CAGTAG	2.774476036726186
ACGACT	0.7698950158243371
ACGACA	0.15132419276547315
ACGAGT	0.9248253455753956
ACGAGA	1.454208129594415
ACGATC	0.3849475079121686
ACGATG	0.0
ACGAAC	0.907945156592839
ACGAAG	0.7271040647972075
ACTCCT	1.6304085318419277
ACTCCA	1.0414937259438521
CAGAGT	0.4624126727876978
CAGAGA	0.36355203239860373
CAGATC	0.0
CAGATG	0.9248253455753954
CAGAAC	1.0592693493583123
CAGAAG	1.8177601619930186
ACTCGT	0.2448131081020371
ACTCGA	0.3849475079121686
ACTCTC	1.3247069321215663
ACTCTG	0.9792524324081484
ACTCAC	0.7210341179611284
ACTCAG	1.1548425237365059
ACTGCT	0.7344393243061114
ACTGCA	0.5774212618682529
ACTGGT	0.5881564697738262
ACTGGA	0.4624126727876978
ACTGTC	2.203317972918334
ACTGTG	0.5881564697738262
TCAACC	0.8011490199568093
TCAACG	0.9623687697804215
TCAAGC	1.5397900316486743
TCAAGG	0.9248253455753956
ACTGAC	0.9623687697804216
ACTGAG	1.3872380183630935
ACTTCC	1.0190053324012047
ACTTCG	0.4896262162040742
ACTTGC	1.9585048648162968
ACTTGG	1.1763129395476524
ACTACC	0.8812639219524903
ACTACG	0.9623687697804215
ACTAGC	3.0795800632973487
ACTAGG	3.2368887095138845
TCAGAC	0.38494750791216864
TCAGAG	0.9248253455753956
TCATCC	2.547513331003012
TCATCG	1.4688786486122227
TCATGC	0.7344393243061114
TCATGG	1.1763129395476524
TCACGT	0.0
TCACGA	0.5774212618682529
TCACTC	0.6114031994407229
TCACTG	0.4896262162040742
TCACAC	0.6409192159654474
TCACAG	2.1172112935169274
TCAGCT	1.4688786486122227
TCAGCA	1.5397900316486743
TCAGGT	0.5881564697738262
TCAGGA	2.312063363938489
TCAGTC	0.7344393243061114
TCAGTG	0.0
CTTCGT	0.9341552809156681
CTTCGA	1.2240655405101855
CTTCTC	1.9441549105022993
CTTCTG	1.5569254681927802
CTTCAC	1.5285079986018077
CTTCAG	0.7344393243061115
TCTAGC	0.7344393243061114
TCTAGG	1.1763129395476524
TCACCT	0.7133037326808433
TCACCA	0.6409192159654474
CTTGCT	1.245540374554224
CTTGCA	0.7344393243061114
ACACCT	1.0414937259438521
ACACCA	0.5668819961901286
ACACGT	0.0
ACACGA	0.6052967710618927
ACACTC	0.9613788239481712
ACACTG	0.3849475079121686
ACACAC	0.6298688846556983
ACACAG	1.513241927654732
ACAGCT	1.5397900316486741
ACAGCA	0.9079451565928389
ACAGGT	1.3872380183630935
ACAGGA	3.2719682915874335
ACAGTC	0.5774212618682529
ACAGTG	0.9248253455753954
ACAGAC	1.2105935421237854
ACAGAG	0.36355203239860373
ACATCC	0.4806894119740856
ACATCG	0.1924737539560843
ACATGC	0.9623687697804215
ACATGG	2.312063363938489
TCTTGC	0.6227701872771121
TCTTGG	0.7480937554140774
TCTACC	1.0190053324012052
TCTACG	0.4896262162040743
ACAACC	1.0077902154491174
ACAACG	0.45397257829641946
ACAAGC	0.907945156592839
ACAAGG	2.1813121943916225
CATGCT	0.4896262162040742
CATGCA	0.9623687697804215
TCTGCT	0.934155280915668
TCTGCA	0.9792524324081484
TCTGGT	1.4961875108281546
TCTGGA	0.5881564697738262
TCTGTC	0.0
TCTGTG	0.7480937554140773
TCTGAC	1.9585048648162968
TCTGAG	4.117095288416783
TCTTCC	2.332985892602759
TCTTCG	2.1796956554698923
CTGAGT	0.5881564697738262
CTGAGA	1.8496506911507913
CTGATC	1.7136917567142598
CTGATG	1.7644694093214788
TCTCAC	1.0190053324012052
TCTCAG	1.9585048648162973
CATCGT	0.2448131081020371
CATCGA	0.3849475079121686
CATCTC	1.4266074653616867
CATCTG	0.9792524324081484
CATCAC	1.121608627939533
CATCAG	0.7698950158243372
TCGAGT	0.5881564697738262
TCGAGA	0.4624126727876978
TCGATC	0.4896262162040742
TCGATG	1.7644694093214788
TCGAAC	0.38494750791216864
TCGAAG	0.9248253455753956
TCTCCT	1.5553239284018396
TCTCCA	1.1209058656413258
TCTCGT	0.31138509363855604
TCTCGA	0.2448131081020371
TCTCTC	0.2592206547336399
TCTCTG	1.5569254681927802
CTGAAC	1.9247375395608433
CTGAAG	1.8496506911507913
CTTCCT	2.5922065473363993
CTTCCA	1.1209058656413258
AGCCTT	3.672196621530557
AGCCTA	3.0795800632973487
AGCCAT	3.464527571209517
AGCCAA	1.3619177348892584
CTGTGT	0.0
CTGTGA	0.5881564697738262
CTGTTC	0.311385093638556
CTGTTG	1.4961875108281546
TCGTCT	0.311385093638556
TCGTCA	0.4896262162040742
TCGTGT	0.7480937554140773
TCGTGA	0.0
TCGTTC	0.0
TCGTTG	0.7480937554140773
TCGTAC	0.2448131081020371
TCGTAG	0.5881564697738262
TCGACT	0.0
TCGACA	0.7698950158243372
TCGGTT	1.4961875108281546
TCGGTA	0.0
TCGGAT	1.7644694093214783
TCGGAA	1.8496506911507913
CATGGT	0.5881564697738262
CATGGA	0.4624126727876978
CATGTC	0.2448131081020371
CATGTG	0.0
CATGAC	1.5397900316486746
CATGAG	0.9248253455753956
CATTCC	0.8152042659209638
CATTCG	1.4688786486122227
CATACC	0.8812639219524903
CATACG	0.5774212618682529
TCGCTT	0.311385093638556
TCGCTA	0.7344393243061114
TCGCAT	0.4896262162040742
TCGCAA	0.7698950158243372
CCGATT	0.4896262162040743
CCGATA	0.0
CCGAAT	1.154842523736506
CCGAAA	0.6052967710618927
CTGTAC	0.4896262162040742
CTGTAG	0.5881564697738262
CTGACT	2.203317972918334
CTGACA	1.3473162776925902
AGCGTT	0.0
AGCGTA	0.0
AGCGAT	0.4624126727876978
AGCGAA	0.36355203239860373
AGCTCT	0.9792524324081484
AGCTCA	0.3849475079121686
AGCTGT	0.5881564697738261
AGCTGA	0.9248253455753954
CTGGTT	2.992375021656309
CTGGTA	1.7644694093214783
TCCATC	1.1209058656413255
TCCATG	0.2448131081020371
TCCAAC	0.8812639219524904
TCCAAG	1.3473162776925907
CATTGC	1.2240655405101855
CATTGG	4.7052517581906095
CTGGAT	0.0
CTGGAA	1.8496506911507913
CTGTCT	0.934155280915668
CTGTCA	2.448131081020371
AGCTTC	1.2240655405101855
AGCTTG	0.0
AGCTAC	1.3473162776925902
AGCTAG	2.3120633639384884
AGCACT	0.7698950158243371
AGCACA	0.7566209638273658
AGCAGT	1.8496506911507913
AGCAGA	1.0906560971958112
CAACCT	1.2818384319308949
CAACCA	0.9448033269835476
TCCTGT	0.9341552809156681
TCCTGA	1.2240655405101855
TCCTTC	1.4257136010350195
TCCTTG	1.2455403745542242
TCCTAC	1.9361101315622897
TCCTAG	5.385888378244817
TCCACT	1.1209058656413255
TCCACA	0.5608043139697666
TCCAGT	0.0
TCCAGA	0.19247375395608432
AGCATC	0.9623687697804215
AGCATG	1.8496506911507908
AGCAAC	0.907945156592839
AGCAAG	0.7271040647972075
CCCTTT	0.9072722915677396
CCCTTA	0.8152042659209638
CGTAAC	0.1924737539560843
CGTAAG	0.4624126727876977
CTGCTT	1.55692546819278
CTGCTA	0.2448131081020371
TCCGAT	0.24481310810203716
TCCGAA	0.38494750791216864
TCCTCT	2.2033755652359392
TCCTCA	1.6304085318419284
CATAGC	1.7322637856047587
CATAGG	0.4624126727876978
CAACAC	0.5668819961901286
CAACAG	1.0592693493583123
CAAGCT	0.9623687697804213
CAAGCA	0.9079451565928389
CCTCAT	2.343712264522771
CCTCAA	0.9613788239481712
TCCCTT	0.12961032736681996
TCCCTA	1.2228063988814462
TCCCAT	1.019005332401205
TCCCAA	0.9613788239481713
TCCGTT	0.31138509363855604
TCCGTA	0.4896262162040742
CTGCAT	0.7344393243061114
CTGCAA	0.9623687697804215
CCCTAT	1.1209058656413253
CCCTAA	2.3233321578747472
AGGCTT	2.940782348869131
AGGCTA	0.9248253455753956
AGGCAT	1.3872380183630935
AGGCAA	0.7271040647972076
CTCAAC	1.2017235299352143
CTCAAG	0.5774212618682532
CGTACT	0.0
CGTACA	0.3849475079121686
CGTAGT	1.1763129395476521
CGTAGA	1.8496506911507908
CCTCTT	1.944154910502299
CCTCTA	1.4266074653616867
CAACGT	0.1924737539560843
CAACGA	1.0592693493583123
CAACTC	0.8812639219524903
CAACTG	1.7322637856047587
GAAAGC	1.090656097195811
GAAAGG	2.6202699881438645
CAAGGT	1.3872380183630935
CAAGGA	2.1813121943916225
CAAGTC	0.5774212618682529
CAAGTG	0.9248253455753954
CAAGAC	0.7566209638273659
CAAGAG	0.7271040647972075
CAATCC	1.0414937259438521
CAATCG	1.7322637856047587
CGTATC	0.4896262162040742
CGTATG	0.5881564697738262
AGGGTT	4.239087142253368
AGGGTA	0.0
AGGGAT	1.110933182107779
AGGGAA	0.8734233293812884
CTCTAC	1.3247069321215668
CTCTAG	0.4896262162040743
CTCACT	1.222806398881446
CTCACA	0.6409192159654475
CTCAGT	0.4896262162040743
CTCAGA	0.38494750791216864
GAATGC	1.3872380183630935
GAATGG	5.554665910538895
GAAACC	1.5132419276547318
GAAACG	0.0
CTCATC	2.241811731282651
CTCATG	0.9792524324081484
AGGTCT	0.5881564697738262
AGGTCA	1.3872380183630935
AGGTGT	2.8260580948355787
AGGTGA	2.221866364215558
AGGTTC	0.5881564697738262
AGGTTG	0.0
AGGTAC	0.0
AGGTAG	1.110933182107779
GAAGCT	1.3872380183630935
GAAGCA	1.0906560971958112
GAAGGT	3.332799546323337
GAAGGA	6.113963305669017
GAAGTC	1.387238018363093
GAAGTG	2.2218663642155576
GAAGAC	0.7271040647972074
GAAGAG	3.4936933175251528
GAATCC	0.5774212618682529
GAATCG	2.312063363938489
GAACCT	1.3473162776925898
GAACCA	1.2105935421237852
GAACGT	0.9248253455753956
GAACGA	0.7271040647972075
GAACTC	1.5397900316486743
GAACTG	0.9248253455753954
GAACAC	0.907945156592839
GAACAG	0.7271040647972075
AGGACT	2.774476036726187
AGGACA	2.9084162591888303
AGGAGT	7.776532274754453
AGGAGA	3.4936933175251537
AGGATC	2.312063363938489
AGGATG	6.665599092646674
AGGAAC	1.8177601619930186
AGGAAG	1.7468466587625768
AGTCCT	1.4688786486122227
AGTCCA	0.1924737539560843
AGTCGT	0.5881564697738261
AGTCGA	1.387238018363093
GATACC	0.5774212618682529
GATACG	0.4624126727876978
GATAGC	0.9248253455753956
GATAGG	0.0
AGTCTC	0.9792524324081484
AGTCTG	1.1763129395476524
AGTCAC	1.1548425237365059
AGTCAG	0.4624126727876977
CTCGAT	0.7344393243061115
CTCGAA	0.0
CTCTCT	1.1664929463013798
CTCTCA	1.2228063988814462
CTCTGT	0.6227701872771121
CTCTGA	2.203317972918334
CTCTTC	2.2033755652359392
CTCTTG	0.31138509363855604
GATGAC	1.8496506911507913
GATGAG	4.443732728431116
GATTCC	0.7344393243061114
GATTCG	0.0
GATTGC	0.0
GATTGG	0.0
AGTGCT	0.5881564697738262
AGTGCA	0.4624126727876978
AGTGGT	0.0
AGTGGA	0.0
AGTGTC	0.0
AGTGTG	0.0
AGTGAC	0.4624126727876978
AGTGAG	4.443732728431116
AGTTCC	0.4896262162040742
AGTTCG	0.5881564697738262
AGTTGC	1.1763129395476524
AGTTGG	0.0
AGTACC	0.5774212618682529
AGTACG	0.9248253455753956
GATCTC	0.2448131081020371
GATCTG	0.5881564697738262
GATCAC	0.1924737539560843
GATCAG	1.8496506911507908
GATGCT	0.0
GATGCA	0.4624126727876978
GATGGT	2.8260580948355787
GATGGA	3.332799546323337
GATGTC	0.5881564697738262
GATGTG	1.4130290474177891
AGTAGC	2.774476036726187
AGTAGG	2.221866364215558
CTCCTT	1.6849342557686595
CTCCTA	2.955115463963495
CAAACC	1.6376591001048157
CAAACG	0.9079451565928389
GAGATC	1.8496506911507913
GAGATG	0.0
GAGAAC	1.454208129594415
GAGAAG	4.3671166469064415
GATCCT	0.7344393243061114
GATCCA	0.7698950158243372
GATCGT	0.5881564697738261
GATCGA	0.0
CTCCAT	1.1209058656413255
CTCCAA	0.8812639219524904
CTCGTT	0.31138509363855604
CTCGTA	0.2448131081020371
AGACCT	1.3473162776925898
AGACCA	0.7566209638273658
AGACGT	0.9248253455753956
AGACGA	1.454208129594415
AGACTC	0.3849475079121686
AGACTG	0.0
AGACAC	0.7566209638273659
AGACAG	1.454208129594415
GAGACT	0.9248253455753956
GAGACA	1.0906560971958115
GAGAGT	1.110933182107779
GAGAGA	1.7468466587625768
CAATGC	0.5774212618682529
CAATGG	1.8496506911507913
GAGGTT	2.8260580948355787
GAGGTA	1.110933182107779
GAGGAT	2.221866364215558
GAGGAA	2.620269988143865
GAGTCT	0.5881564697738262
GAGTCA	1.8496506911507913
GAGTGT	1.4130290474177893
GAGTGA	1.110933182107779
GAGTTC	1.1763129395476524
GAGTTG	0.0
GAGTAC	0.9248253455753956
GAGTAG	1.110933182107779
AGAGCT	1.3872380183630935
AGAGCA	1.454208129594415
AGAGGT	3.332799546323337
AGAGGA	1.7468466587625764
AGAGTC	1.387238018363093
AGAGTG	3.332799546323337
AGAGAC	0.0
AGAGAG	2.6202699881438645
AGATCC	0.3849475079121686
AGATCG	0.0
AGATGC	0.9248253455753956
AGATGG	3.332799546323337
AGAACC	0.6052967710618927
AGAACG	1.0906560971958112
CAAAGC	1.2105935421237854
CAAAGG	0.36355203239860373
GAGCTT	0.5881564697738262
GAGCTA	1.8496506911507913
GAGCAT	1.3872380183630935
GAGCAA	2.181312194391623
CGTGTT	0.0
CGTGTA	0.5881564697738261
CGTGAT	1.1763129395476521
CGTGAA	0.0
GACACT	0.5774212618682528
GACACA	1.059269349358312
GACAGT	0.9248253455753956
GACAGA	0.36355203239860373
GACATC	0.7698950158243372
GACATG	0.9248253455753954
GACAAC	0.6052967710618927
GACAAG	1.0906560971958112
AGAAGC	1.4542081295944147
AGAAGG	5.240539976287729
ATCCCT	0.8152042659209638
ATCCCA	0.8011490199568093
ATCCGT	0.7344393243061114
ATCCGA	0.7698950158243372
CGTCTT	0.31138509363855593
CGTCTA	0.24481310810203705
CGTCAT	0.2448131081020371
CGTCAA	0.1924737539560843
GACTCT	0.4896262162040742
GACTCA	0.3849475079121686
GACTGT	0.5881564697738261
GACTGA	0.0
GACTTC	0.9792524324081484
GACTTG	2.940782348869131
GACTAC	1.5397900316486743
GACTAG	3.6993013823015817
GCCATT	1.2240655405101855
GCCATA	1.3473162776925902
GCCAAT	0.5774212618682528
GCCAAA	0.6052967710618926
GCCTTT	1.245540374554224
GCCTTA	0.7344393243061114
GCCTAT	1.7136917567142598
GCCTAA	2.6946325553851804
CGGATT	1.7644694093214783
CGGATA	1.3872380183630935
CCTGAT	1.9585048648162968
CCTGAA	2.1172112935169274
GACGTT	0.5881564697738262
GACGTA	0.9248253455753956
GACGAT	0.9248253455753956
GACGAA	1.0906560971958112
GCGTAT	0.0
GCGTAA	0.9248253455753956
CGCATT	0.7344393243061114
CGCATA	0.5774212618682529
CGGTTT	1.4961875108281546
CGGTTA	0.0
CGGTAT	0.5881564697738262
CGGTAA	0.9248253455753956
GACCTT	0.4896262162040742
GACCTA	0.7698950158243372
GACCAT	0.7698950158243371
GACCAA	1.2105935421237852
CCTGTT	0.622770187277112
CCTGTA	0.9792524324081484
CGGAAT	1.3872380183630935
CGGAAA	0.36355203239860373
ATCCTC	2.4456127977628914
ATCCTG	0.4896262162040742
ATCCAC	0.7210341179611284
ATCCAG	0.5774212618682529
CGAAGT	1.3872380183630935
CGAAGA	0.36355203239860373
CGAATC	0.5774212618682529
CGAATG	1.8496506911507908
CGAAAC	0.4539725782964195
CGAAAG	1.0906560971958112
GCGAAT	0.0
GCGAAA	0.36355203239860373
GTAAGC	0.9248253455753958
GTAAGG	1.1109331821077792
GCGTTT	0.0
GCGTTA	0.0
ATCGCT	0.4896262162040742
ATCGCA	1.1548425237365059
ATCGGT	1.1763129395476524
ATCGGA	4.161714055089281
ATCGTC	0.9792524324081484
ATCGTG	0.5881564697738262
ATCGAC	0.7698950158243373
ATCGAG	0.0
ATCTCC	1.4266074653616867
ATCTCG	0.0
GTAACC	0.7698950158243373
GTAACG	0.0
CGCAAT	1.1548425237365056
CGCAAA	0.45397257829641946
GCGATT	0.5881564697738262
GCGATA	0.4624126727876978
ATCTGC	0.9792524324081484
ATCTGG	1.1763129395476524
ATCACC	0.6409192159654474
ATCACG	0.1924737539560843
ATCAGC	1.3473162776925902
ATCAGG	1.3872380183630935
ATGCCT	1.4688786486122227
ATGCCA	1.1548425237365059
GTAGTC	1.1763129395476524
GTAGTG	0.0
GTAGAC	1.3872380183630937
GTAGAG	3.3327995463233373
GTATCC	0.9792524324081484
GTATCG	0.0
GTATGC	0.5881564697738262
GTATGG	1.4130290474177893
GCTCAT	0.0
GCTCAA	0.7698950158243372
GTACGT	0.0
GTACGA	0.9248253455753956
GTACTC	1.2240655405101855
GTACTG	0.0
GTACAC	0.0
GTACAG	0.4624126727876978
GTAGCT	1.1763129395476524
GTAGCA	0.9248253455753956
GTAGGT	1.4130290474177896
GTAGGA	3.3327995463233373
ATGCGT	0.0
ATGCGA	0.4624126727876978
ATGCTC	0.7344393243061114
ATGCTG	0.5881564697738262
ATGCAC	0.577421261868253
ATGCAG	0.9248253455753956
ATGGCT	1.7644694093214788
ATGGCA	1.8496506911507913
ATGGGT	0.0
ATGGGA	1.1109331821077792
ATGGTC	0.0
ATGGTG	2.8260580948355787
GTTAGC	0.0
GTTAGG	0.0
GTACCT	0.9792524324081484
GTACCA	0.3849475079121686
GCTCTT	0.31138509363855593
GCTCTA	1.2240655405101852
ATGGAC	2.3120633639384893
ATGGAG	3.3327995463233373
ATGTCC	0.4896262162040742
ATGTCG	0.0
ATGTGC	0.0
ATGTGG	0.0
ATGACC	1.3473162776925904
ATGACG	0.9248253455753956
ATGAGC	3.2368887095138854
ATGAGG	2.2218663642155585
ATTCCC	0.6114031994407231
ATTCCG	0.0
ATTCGC	0.9792524324081484
ATTCGG	1.1763129395476524
GTTTGC	2.992375021656309
GTTTGG	0.0
GTTACC	0.4896262162040742
GTTACG	0.0
ATTGCC	1.4688786486122227
ATTGCG	0.0
ATTGGC	3.5289388186429576
ATTGGG	0.0
ATACCC	0.8812639219524903
ATACCG	0.5774212618682529
ATACGC	0.1924737539560843
ATACGG	2.312063363938489
GCTTGT	0.7480937554140772
GCTTGA	1.1763129395476521
GTTGGT	7.189095153529104
GTTGGA	1.4130290474177893
GTTGTC	0.0
GTTGTG	0.0
GTTGAC	0.5881564697738262
GTTGAG	0.0
GTTTCC	0.622770187277112
GTTTCG	1.4961875108281546
ATAGCC	1.5397900316486746
ATAGCG	0.0
ATAGGC	1.3872380183630937
ATAGGG	0.0
GTTCTC	0.934155280915668
GTTCTG	0.0
GTTCAC	0.0
GTTCAG	0.5881564697738262
GTTGCT	0.7480937554140774
GTTGCA	1.1763129395476526
GCTGTT	0.7480937554140772
GCTGTA	0.0
GCTGAT	0.5881564697738261
GCTGAA	1.387238018363093
GCTTCT	2.8024658427470035
GCTTCA	0.7344393243061111
GCTAGT	0.5881564697738261
GCTAGA	0.9248253455753954
GTGAGT	0.0
GTGAGA	1.110933182107779
GTGATC	1.1763129395476524
GTGATG	1.4130290474177891
GTGAAC	0.9248253455753956
GTGAAG	1.110933182107779
GTTCCT	0.934155280915668
GTTCCA	0.7344393243061114
GTTCGT	0.7480937554140773
GTTCGA	0.0
CGATGT	0.5881564697738261
CGATGA	0.9248253455753954
CGATTC	0.7344393243061114
CGATTG	0.5881564697738262
CGATAC	0.3849475079121686
CGATAG	0.4624126727876977
GTGTAC	2.3526258790953047
GTGTAG	0.0
GTGACT	0.0
GTGACA	0.0
GCTTTC	0.6227701872771119
GCTTTG	0.0
GCTTAC	0.4896262162040741
GCTTAG	2.3526258790953043
GCTACT	0.4896262162040742
GCTACA	0.9623687697804215
CGCTTT	0.622770187277112
CGCTTA	0.2448131081020371
GTGGTT	0.0
GTGGTA	0.0
GTGGAT	1.4130290474177893
GTGGAA	1.110933182107779
GTGTCT	0.0
GTGTCA	0.0
GTGTGT	0.0
GTGTGA	0.0
GTGTTC	0.0
GTGTTG	0.0
CGAACT	0.38494750791216853
CGAACA	0.45397257829641946
AACCCT	2.0028725498920235
AACCCA	1.7636328770359555
AACCGT	0.1924737539560843
AACCGA	0.7566209638273659
AACCTC	0.8812639219524903
AACCTG	1.3473162776925902
AACCAC	1.3227246577769667
AACCAG	1.2105935421237854
CGAGTT	0.5881564697738262
CGAGTA	0.4624126727876978
GCACAT	0.5774212618682528
GCACAA	0.6052967710618926
CCTTAC	1.0190053324012047
CCTTAG	0.9792524324081484
GTGCTT	0.0
GTGCTA	1.1763129395476524
GTGCAT	0.5881564697738262
GTGCAA	2.774476036726187
GCTATC	0.4896262162040742
GCTATG	2.3526258790953047
GCTAAC	1.1548425237365059
GCTAAG	0.9248253455753954
GTCAAC	0.38494750791216864
GTCAAG	0.9248253455753956
CCTTCT	3.4994788389041385
CCTTCA	1.528507998601807
CCTTGT	0.934155280915668
CCTTGA	0.7344393243061114
CCTTTC	0.9072722915677395
CCTTTG	1.245540374554224
CGCTAT	0.9792524324081484
CGCTAA	0.1924737539560843
GCACTT	0.7344393243061114
GCACTA	1.7322637856047587
GCAGTT	0.5881564697738262
GCAGTA	1.8496506911507913
GCAGAT	0.0
GCAGAA	1.454208129594415
GTCTAC	1.2240655405101855
GTCTAG	0.0
GTCACT	0.0
GTCACA	0.9623687697804215
GTCAGT	0.0
GTCAGA	0.4624126727876978
GTCATC	0.9792524324081484
GTCATG	0.5881564697738262
CGAGAT	0.0
CGAGAA	1.454208129594415
CGATCT	0.0
CGATCA	0.3849475079121686
AACGCT	0.38494750791216853
AACGCA	0.0
AACGGT	0.0
AACGGA	0.36355203239860373
AACGTC	0.0
AACGTG	0.4624126727876977
AACGAC	0.30264838553094636
AACGAG	1.8177601619930186
GCATAC	0.7698950158243372
GCATAG	1.387238018363093
GTCGAT	0.5881564697738262
GTCGAA	0.0
GTCTCT	0.622770187277112
GTCTCA	0.7344393243061114
GTCTGT	0.0
GTCTGA	1.1763129395476524
GTCTTC	0.622770187277112
GTCTTG	0.7480937554140773
AACTCC	1.0414937259438521
AACTCG	0.3849475079121686
AACTGC	1.1548425237365059
AACTGG	1.3872380183630935
GCAAAC	1.3619177348892586
GCAAAG	0.7271040647972075
GTCCTT	0.311385093638556
GTCCTA	1.7136917567142598
GTCCAT	0.2448131081020371
GTCCAA	0.3849475079121686
GTCGTT	0.0
GTCGTA	0.5881564697738262
GCATCT	0.7344393243061114
GCATCA	1.5397900316486743
GCATGT	0.0
GCATGA	1.387238018363093
GCATTC	1.2240655405101855
GCATTG	1.1763129395476524
AACACC	1.0707771039146872
AACACG	0.15132419276547315
AACAGC	0.907945156592839
AACAGG	2.1813121943916225
GGAATC	3.236888709513884
GGAATG	0.0
GGAAAC	2.181312194391622
GGAAAG	0.8734233293812882
GCAACT	0.7698950158243371
GCAACA	0.45397257829641946
GCAAGT	1.3872380183630935
GCAAGA	1.0906560971958112
GCAATC	2.1172112935169274
GCAATG	2.3120633639384884
CCAAGT	0.5774212618682529
CCAAGA	1.3619177348892586
GGATGT	2.8260580948355787
GGATGA	6.665599092646674
GGATTC	2.3526258790953047
GGATTG	0.0
GGATAC	0.4624126727876978
GGATAG	0.0
GGAACT	1.8496506911507913
GGAACA	0.7271040647972075
GGAAGT	0.0
GGAAGA	0.0
AAGCCT	2.887106309341264
AAGCCA	2.118538698716624
AAGCGT	0.4624126727876978
AAGCGA	0.36355203239860373
AAGCTC	0.5774212618682529
AAGCTG	1.8496506911507908
AAGCAC	0.7566209638273659
AAGCAG	1.0906560971958112
CCAATC	0.9613788239481712
CCAATG	0.7698950158243372
CCAAAC	1.3857115462425365
CCAAAG	0.756620963827366
GGAGTT	2.8260580948355782
GGAGTA	4.443732728431115
GGAGAT	0.0
GGAGAA	3.4936933175251528
GGATCT	0.5881564697738262
GGATCA	2.312063363938489
CCAACT	1.4420682359222567
CCAACA	1.196750880845827
GGCTTT	1.4961875108281546
GGCTTA	2.3526258790953047
GGCTAT	0.5881564697738262
GGCTAA	1.3872380183630935
GGCATT	1.1763129395476524
GGCATA	0.9248253455753956
CCTAAC	1.7625278439049805
CCTAAG	1.3473162776925902
GGACTT	0.5881564697738261
GGACTA	4.16171405508928
GGACAT	2.774476036726187
GGACAA	1.454208129594415
CCTACT	2.955115463963494
CCTACA	1.4420682359222567
CCTAGT	1.4688786486122227
CCTAGA	1.7322637856047587
CCTATC	0.7133037326808433
CCTATG	2.203317972918334
GGCAAT	0.9248253455753956
GGCAAA	1.0906560971958112
CCATCT	0.9171047991610843
CCATCA	1.6824129419092997
CCATGT	0.4896262162040742
CCATGA	1.1548425237365059
CCATTC	1.732309065082048
CCATTG	1.7136917567142598
CGACTT	0.4896262162040742
CGACTA	0.5774212618682529
CGACAT	0.7698950158243371
CGACAA	0.45397257829641946
AAGGCT	0.9248253455753956
AAGGCA	1.0906560971958112
AAGGGT	1.1109331821077788
AAGGGA	0.8734233293812882
AAGGTC	0.9248253455753954
AAGGTG	2.2218663642155576
AAGGAC	2.181312194391622
AAGGAG	5.240539976287729
GGTTAC	2.3526258790953047
GGTTAG	1.4130290474177891
GGTACT	0.5881564697738261
GGTACA	0.9248253455753954
GGTAGT	0.0
GGTAGA	0.0
GGTATC	1.764469409321478
GGTATG	0.0
GGTAAC	0.0
GGTAAG	1.1109331821077788
AAGTCC	0.1924737539560843
AAGTCG	0.9248253455753956
AAGTGC	0.4624126727876978
AAGTGG	2.221866364215558
CCATAC	0.8812639219524903
CCATAG	0.7698950158243372
CCAGTT	0.0
CCAGTA	0.7698950158243372
GGTGAT	2.8260580948355782
GGTGAA	1.1109331821077788
GGTTCT	0.7480937554140772
GGTTCA	0.5881564697738261
GGTTGT	0.0
GGTTGA	0.0
GGTTTC	3.740468777070386
GGTTTG	1.7972737883822756
CCACAT	1.041493725943852
CCACAA	0.9448033269835475
GGGTTT	0.0
GGGTTA	1.4130290474177891
GGGTAT	1.4130290474177891
GGGTAA	2.2218663642155576
CCAGAT	0.0
CCAGAA	1.2105935421237852
CCACTT	1.0190053324012047
CCACTA	1.121608627939533
GGTCTT	2.244281266242232
GGTCTA	0.5881564697738261
GGTCAT	0.5881564697738261
GGTCAA	0.9248253455753954
GGTGTT	1.7972737883822756
GGTGTA	1.4130290474177891
AAGACC	0.907945156592839
AAGACG	1.8177601619930186
AAGAGC	2.9084162591888294
AAGAGG	0.8734233293812882
AATCCC	1.041493725943852
AATCCG	0.9623687697804213
AATCGC	1.5397900316486743
AATCGG	3.6993013823015817
AATGCC	0.5774212618682529
AATGCG	0.4624126727876978
AATGGC	1.8496506911507913
AATGGG	3.332799546323337
GGGATT	4.239087142253367
GGGATA	1.1109331821077788
GGGAAT	2.2218663642155576
GGGAAA	0.8734233293812882
AAACCC	1.8266197655015253
AAACCG	0.6052967710618927
AAACGC	0.15132419276547318
AAACGG	0.3635520323986038
CCCCTT	1.6148913492452965
CCCCTA	1.7924311284118177
CCCCAT	1.4936926070098484
CCCCAA	1.5853744290952805
GGGACT	0.0
GGGACA	0.8142217848291766
GGGAGT	0.0
GGGAGA	1.9561444821756566
GGGATC	0.0
GGGATG	2.4880785080304406
GGGAAC	1.6284435696583532
GGGAAG	0.0
GGTCCT	0.0
GGTCCA	0.4310698593676646
GGTCGT	0.0
GGTCGA	1.0356329719318476
CCACAC	0.5284581430317601
CCACAG	1.1285382487652849
GGGTCT	0.0
GGGTCA	1.0356329719318476
GGGTGT	0.0
GGGTGA	2.4880785080304406
GGGTTC	3.951757392897839
GGGTTG	3.164661260214157
GGGTAC	2.071265943863695
GGGTAG	0.0
CCAGAC	0.5642691243826423
CCAGAG	0.6778201926608793
GGGGTT	3.164661260214157
GGGGTA	9.952314032121762
GGGGAT	2.4880785080304406
GGGGAA	1.9561444821756566
CCACCT	1.5683772373603406
CCACCA	0.9394811431675735
CCACGT	0.1794276820953578
CCACGA	0.4232018432869818
CCACTC	0.522792412453447
CCACTG	1.076566092572147
GGTCTC	0.5482906105992226
GGTCTG	0.0
GGTCAC	1.2932095781029938
GGTCAG	2.0712659438636947
GGTGCT	2.6345049285985596
GGTGCA	5.178164859659238
GGTGGT	0.0
GGTGGA	0.0
GGTGTC	0.0
GGTGTG	0.0
GGGCTT	3.95175739289784
GGGCTA	2.071265943863695
GGGCAT	2.071265943863695
GGGCAA	0.8142217848291766
CCAGCT	0.7177107283814311
CCAGCA	1.8338746542435875
CCAGGT	0.8621397187353292
CCAGGA	1.016730288991319
CCAGTC	0.1794276820953578
CCAGTG	0.8621397187353292
GGTGAC	0.0
GGTGAG	0.0
GGTTCC	3.289743663595335
GGTTCG	1.3172524642992798
GGTTGC	0.0
GGTTGG	6.329322520428314
GGTACC	0.8621397187353292
GGTACG	0.0
GGTAGC	1.0356329719318473
GGTAGG	0.0
CCTACC	0.6721616731544318
CCTACG	1.076566092572147
CCTAGC	5.023975098670019
CCTAGG	5.172838312411975
GGCAAC	0.6778201926608793
GGCAAG	0.8142217848291766
CCATCC	1.1202694552573862
CCATCG	0.7177107283814312
CCATGC	0.8971384104767891
CCATGG	0.8621397187353292
GGCTTC	3.838034274194559
GGCTTG	1.3172524642992798
GGCTAC	0.8621397187353292
GGCTAG	0.0
GGCACT	2.1553492968383234
GGCACA	3.0501908669739577
GGCAGT	2.071265943863695
GGCAGA	1.6284435696583535
GGCATC	1.2932095781029938
GGCATG	0.0
GGACCT	0.4310698593676646
GGACCA	0.6778201926608793
GGACGT	1.0356329719318476
GGACGA	2.44266535448753
GGACTC	0.0
GGACTG	0.0
GGACAC	2.372370674313078
GGACAG	1.6284435696583532
GGCGTT	0.0
GGCGTA	3.106898915795543
GGCGAT	1.0356329719318476
GGCGAA	0.8142217848291767
GGCTCT	1.0965812211984451
GGCTCA	1.2932095781029938
GGCTGT	0.0
GGCTGA	2.071265943863695
GGAGCT	1.0356329719318476
GGAGCA	1.6284435696583532
GGAGGT	4.976157016060881
GGAGGA	7.8245779287026265
GGAGTC	2.071265943863695
GGAGTG	2.4880785080304406
GGAGAC	4.071108924145883
GGAGAG	1.9561444821756566
GGATCC	0.8621397187353292
GGATCG	1.0356329719318476
CGCCTT	1.141097101045039
CGCCTA	0.7177107283814314
CGCCAT	0.8971384104767891
CGCCAA	0.5642691243826424
GGCCTT	3.838034274194559
GGCCTA	6.034978031147306
GGCCAT	0.8621397187353294
GGCCAA	1.355640385321759
CCAACC	1.7028095719912273
CCAACG	0.2821345621913212
CCAAGC	1.5517400920522666
CCAAGG	2.0334605779826385
GGATGC	0.0
GGATGG	2.488078508030441
GGAACC	1.6945504816521986
GGAACG	0.8142217848291766
GGAAGC	1.6284435696583532
GGAAGG	3.9122889643513132
GTCCCT	0.22821942020900776
GTCCCA	0.5382830462860735
GTCCGT	0.5482906105992226
GTCCGA	0.8621397187353292
GCAACC	1.5517400920522664
GCAACG	0.0
GCAAGC	0.0
GCAAGG	0.8142217848291766
GTCCTC	1.3693165212540466
GTCCTG	0.5482906105992226
GTCCAC	0.3588553641907156
GTCCAG	0.0
GTCGCT	0.5482906105992226
GTCGCA	0.8621397187353292
GTCGGT	1.3172524642992798
GTCGGA	1.0356329719318476
GTCGTC	0.0
GTCGTG	0.0
GCATCC	0.7177107283814312
GCATCG	0.0
GCATGC	0.4310698593676646
GCATGG	2.0712659438636947
GTCGAC	1.2932095781029938
GTCGAG	0.0
GTCTCC	0.912877680836031
GTCTCG	0.0
GTCTGC	0.5482906105992227
GTCTGG	0.0
CGCGTT	0.0
CGCGTA	0.0
CGCGAT	0.0
CGCGAA	0.0
GCAGCT	1.7242794374706587
GCAGCA	1.355640385321759
GCAGGT	5.178164859659238
GCAGGA	1.6284435696583535
GCAGTC	0.4310698593676646
GCAGTG	0.0
GCAGAC	1.016730288991319
GCAGAG	0.8142217848291766
GTCACC	1.6148491388582202
GTCACG	0.0
GTCAGC	0.4310698593676646
GTCAGG	1.0356329719318476
CCTTCC	1.5198977404661618
CCTTCG	0.6846582606270233
CCTTGC	1.3693165212540466
CCTTGG	2.1931624423968903
CGCTAC	0.5382830462860735
CGCTAG	0.0
GCACCT	0.17942768209535778
GCACCA	0.42320184328698174
GCACGT	0.4310698593676646
GCACGA	0.33891009633043967
GCACTC	0.7177107283814312
GCACTG	1.7242794374706585
GCACAC	0.8464036865739635
GCACAG	1.6945504816521986
GTGCCT	1.0965812211984451
GTGCCA	0.4310698593676646
GTGCGT	1.3172524642992798
GTGCGA	2.071265943863695
GTGCTC	0.5482906105992227
GTGCTG	0.0
GTGCAC	0.4310698593676646
GTGCAG	0.0
CGCTCT	0.4564388404180155
CGCTCA	0.1794276820953578
CGCTGT	0.0
CGCTGA	1.2932095781029938
CGCTTC	0.22821942020900776
CGCTTG	0.5482906105992226
GTGGCT	1.3172524642992798
GTGGCA	2.071265943863695
GTGGGT	0.0
GTGGGA	2.488078508030441
GTGGTC	0.0
GTGGTG	0.0
GTGGAC	0.0
GTGGAG	0.0
GTGTCC	0.5482906105992228
GTGTCG	0.0
GTGTGC	0.0
GTGTGG	0.0
GTGACC	0.8621397187353292
GTGACG	0.0
GCTACC	0.7177107283814312
GCTACG	0.4310698593676646
GCTAGC	0.8621397187353292
GCTAGG	1.0356329719318473
GTGAGC	3.106898915795543
GTGAGG	0.0
GTTCCC	0.22821942020900776
GTTCCG	0.5482906105992226
GTTCGC	1.0965812211984454
GTTCGG	0.0
GTTGCC	0.5482906105992228
GTTGCG	1.3172524642992802
GCTGTC	0.5482906105992226
GCTGTG	0.0
GCTGAC	1.2932095781029938
GCTGAG	1.0356329719318473
GCTTCC	0.22821942020900773
GCTTCG	1.0965812211984451
GCTTGC	0.5482906105992226
GCTTGG	1.3172524642992798
GTTGGC	0.0
GTTGGG	6.329322520428316
GTACCC	0.7177107283814312
GTACCG	1.2932095781029938
GCTCCT	0.912877680836031
GCTCCA	0.7177107283814312
GCTCGT	0.5482906105992226
GCTCGA	0.4310698593676646
GCTCTC	0.6846582606270232
GCTCTG	1.0965812211984451
GCTCAC	0.3588553641907156
GCTCAG	0.4310698593676646
GCTGCT	0.5482906105992226
GCTGCA	1.7242794374706585
GCTGGT	6.5862623214964
GCTGGA	3.1068989157955427
GTACGC	0.4310698593676646
GTACGG	0.0
GTAGCC	1.7242794374706587
GTAGCG	1.0356329719318478
GTAGGC	0.0
GTAGGG	0.0
CGCAAC	0.5642691243826423
CGCAAG	0.33891009633043967
GCGACT	0.0
GCGACA	0.0
GCGAGT	1.0356329719318476
GCGAGA	0.0
GCGATC	0.0
GCGATG	0.0
GCGAAC	0.33891009633043967
GCGAAG	2.44266535448753
GACCCT	0.35885536419071556
GACCCA	1.4106728109566058
GACCGT	0.0
GACCGA	0.0
GCGTTC	0.0
GCGTTG	1.3172524642992798
GCGTAC	0.0
GCGTAG	1.0356329719318476
CGCACT	0.7177107283814311
CGCACA	0.28213456219132116
CGCAGT	0.0
CGCAGA	0.33891009633043967
CGCATC	0.5382830462860735
CGCATG	0.4310698593676646
CGGGTT	0.0
CGGGTA	1.0356329719318476
CGGGAT	1.0356329719318476
CGGGAA	1.6284435696583535
CGGCTT	1.644871831797668
CGGCTA	0.4310698593676647
CGGCAT	0.4310698593676647
CGGCAA	1.355640385321759
GCGGTT	0.0
GCGGTA	1.0356329719318476
GCGGAT	3.106898915795543
GCGGAA	0.0
GCGTCT	0.5482906105992226
GCGTCA	0.4310698593676646
GCGTGT	1.3172524642992798
GCGTGA	0.0
CGGTCT	0.0
CGGTCA	1.2932095781029938
CGGTGT	0.0
CGGTGA	0.0
CGGTTC	0.5482906105992227
CGGTTG	1.3172524642992798
CGGTAC	0.0
CGGTAG	0.0
GCGCTT	0.0
GCGCTA	0.4310698593676647
GCGCAT	0.4310698593676647
GCGCAA	1.0167302889913192
GACCTC	1.2559937746675047
GACCTG	0.8621397187353292
GACCAC	0.8464036865739635
GACCAG	1.016730288991319
CCTGCT	0.6846582606270233
CCTGCA	0.5382830462860735
CCTGGT	0.5482906105992226
CCTGGA	0.8621397187353292
CCTGTC	0.912877680836031
CCTGTG	1.6448718317976678
CGGAAC	1.016730288991319
CGGAAG	1.6284435696583532
GCCACT	0.8971384104767889
GCCACA	1.1285382487652846
GCCAGT	0.4310698593676646
GCCAGA	0.0
GCCATC	3.050270595621083
GCCATG	0.4310698593676646
GCCAAC	1.5517400920522664
GCCAAG	1.3556403853217587
GCCTTC	4.792607824389163
GCCTTG	1.6448718317976678
GCCTAC	2.3325598672396515
GCCTAG	4.310698593676646
CGGACT	0.8621397187353294
CGGACA	2.3723706743130784
CGGAGT	2.071265943863695
CGGAGA	1.6284435696583535
CGGATC	0.0
CGGATG	1.0356329719318476
CCTGAC	0.7177107283814312
CCTGAG	1.7242794374706585
GACGCT	0.8621397187353294
GACGCA	0.3389100963304397
GACGGT	1.0356329719318476
GACGGA	0.0
GACGTC	0.4310698593676646
GACGTG	0.0
GACGAC	0.33891009633043967
GACGAG	4.071108924145883
CGTCTC	0.22821942020900773
CGTCTG	0.5482906105992226
CGTCAC	0.3588553641907156
CGTCAG	0.0
GCCGTT	0.0
GCCGTA	1.2932095781029938
GCCGAT	0.0
GCCGAA	0.33891009633043967
GCCTCT	1.3693165212540466
GCCTCA	2.3325598672396515
GCCTGT	1.0965812211984451
GCCTGA	3.0174890155736525
GACTCC	1.076566092572147
GACTCG	0.0
GACTGC	0.4310698593676646
GACTGG	0.0
CGTGTC	0.5482906105992226
CGTGTG	0.0
CGTGAC	0.0
CGTGAG	0.0
GCCCTT	1.5975359414630548
GCCCTA	3.229698277716441
GCCCAT	1.4354214567628625
GCCCAA	1.1285382487652849
CGTCCT	1.5975359414630543
CGTCCA	0.1794276820953578
CGTCGT	0.0
CGTCGA	0.0
GACACC	0.8464036865739635
GACACG	0.33891009633043967
GACAGC	1.016730288991319
GACAGG	0.8142217848291766
CGTGCT	0.0
CGTGCA	0.8621397187353292
CGTGGT	0.0
CGTGGA	0.0
GAGCCT	1.7242794374706587
GAGCCA	1.6945504816521988
GAGCGT	0.0
GAGCGA	1.6284435696583535
GAGCTC	1.2932095781029942
GAGCTG	2.0712659438636956
GAGCAC	0.6778201926608796
GAGCAG	2.4426653544875303
GAGGCT	2.071265943863695
GAGGCA	2.4426653544875303
GAGGGT	0.0
GAGGGA	0.0
GAGGTC	1.0356329719318476
GAGGTG	7.464235524091323
GAGGAC	0.0
GAGGAG	5.8684334465269705
GAGTCC	0.4310698593676646
GAGTCG	1.0356329719318476
GAGTGC	2.071265943863695
GAGTGG	2.488078508030441
GAGACC	1.0167302889913195
GAGACG	3.256887139316707
GAGAGC	0.8142217848291767
GAGAGG	1.9561444821756566
GATCCC	0.3588553641907156
GATCCG	1.2932095781029938
GATCGC	0.8621397187353292
GATCGG	1.0356329719318473
GATGCC	1.2932095781029938
GATGCG	0.0
GATGGC	0.0
GATGGG	4.976157016060882
GAACCC	1.2696055298609452
GAACCG	0.0
GAACGC	0.0
GAACGG	0.8142217848291766
GAAGCC	2.372370674313078
GAAGCG	0.8142217848291766
GAAGGC	2.44266535448753
GAAGGG	0.0
CAAGGC	1.6945504816521986
CAAGGG	0.8142217848291766
CCTCCT	3.799744351165404
CCTCCA	1.0455848249068938
CCTCGT	0.0
CCTCGA	0.5382830462860735
CCTCTC	1.2349169141287564
CCTCTG	1.1410971010450388
CAACGC	0.1410672810956606
CAACGG	0.3389100963304397
CAAGCC	1.8338746542435875
CAAGCG	0.33891009633043967
CCTCAC	1.1949540856078786
CCTCAG	0.7177107283814312
TCCCCT	1.519897740466162
TCCCCA	0.8215309338554169
TCCCGT	0.45643884041801563
TCCCGA	0.17942768209535784
TCCCTC	1.1399233053496214
TCCCTG	0.45643884041801563
TCCCAC	0.5974770428039394
TCCCAG	1.076566092572147
TCCGCT	0.45643884041801563
TCCGCA	1.076566092572147
TCCGGT	0.0
TCCGGA	0.8621397187353294
TCCGTC	0.22821942020900782
TCCGTG	0.5482906105992227
TCCGAC	0.7177107283814314
TCCGAG	0.4310698593676647
TCCTCC	3.324776307269729
TCCTCG	0.22821942020900782
CAACCC	1.644092000543254
CAACCG	0.9874709676696244
TCCTGC	0.9128776808360313
TCCTGG	0.5482906105992227
TCCACC	1.1202694552573864
TCCACG	1.076566092572147
TCCAGC	1.4354214567628627
TCCAGG	0.8621397187353294
TCGCCT	0.6846582606270233
TCGCCA	0.7177107283814312
TCGCGT	0.0
TCGCGA	0.0
TCGCTC	0.22821942020900776
TCGCTG	1.6448718317976678
TCGCAC	0.3588553641907156
TCGCAG	0.8621397187353292
CCGACT	0.7177107283814314
CCGACA	0.28213456219132127
CCGAGT	0.0
CCGAGA	0.6778201926608795
CCGATC	0.0
CCGATG	0.8621397187353294
CCGAAC	0.4232018432869819
CCGAAG	0.6778201926608796
TCGGCT	1.0965812211984451
TCGGCA	1.2932095781029938
TCGGGT	0.0
TCGGGA	0.0
TCGGTC	1.0965812211984454
TCGGTG	2.6345049285985596
TCGGAC	1.2932095781029938
TCGGAG	5.178164859659238
CATGGC	2.155349296838323
CATGGG	4.14253188772739
TCGTCC	0.6846582606270233
TCGTCG	0.5482906105992226
TCGTGC	0.5482906105992227
TCGTGG	0.0
TCGACC	1.4354214567628625
TCGACG	0.4310698593676646
TCGAGC	0.8621397187353292
TCGAGG	0.0
TCTCCC	1.4249041316870268
TCTCCG	0.45643884041801563
TCTCGC	0.0
TCTCGG	0.0
CATCGC	1.076566092572147
CATCGG	0.8621397187353292
CATGCC	0.8971384104767891
CATGCG	0.8621397187353292
TCTGCC	1.1410971010450388
TCTGCG	0.5482906105992226
TCTGGC	0.5482906105992227
TCTGGG	1.3172524642992798
TCACCC	1.6430618677108333
TCACCG	0.8971384104767891
TCACGC	0.0
TCACGG	0.0
TCAGCC	1.076566092572147
TCAGCG	0.0
TCAGGC	1.7242794374706585
TCAGGG	2.071265943863695
CAGAGC	0.6778201926608793
CAGAGG	1.6284435696583532
CATCCC	1.045584824906894
CATCCG	1.076566092572147
TGCCCT	1.5975359414630543
TGCCCA	1.076566092572147
TGCCGT	0.0
TGCCGA	0.0
TGCCTC	0.912877680836031
TGCCTG	1.6448718317976678
TGCCAC	0.8971384104767891
TGCCAG	1.2932095781029938
TGCGCT	1.0965812211984451
TGCGCA	0.0
TGCGGT	0.0
TGCGGA	2.071265943863695
CAGTGC	0.4310698593676646
CAGTGG	0.0
CAGACC	0.9874709676696241
CAGACG	1.6945504816521986
CAGGCT	2.1553492968383234
CAGGCA	1.6945504816521988
CAGGGT	2.071265943863695
CAGGGA	0.8142217848291767
CAGGTC	1.2932095781029938
CAGGTG	3.1068989157955427
CAGGAC	1.6945504816521986
CAGGAG	4.071108924145883
CAGTCC	0.7177107283814312
CAGTCG	0.4310698593676646
TGCGTC	1.0965812211984454
TGCGTG	1.3172524642992798
TGCGAC	0.0
TGCGAG	2.071265943863695
TGCTCC	0.4564388404180155
TGCTCG	0.5482906105992226
TGCTGC	1.0965812211984454
TGCTGG	2.6345049285985596
TGCACC	0.3588553641907156
TGCACG	0.8621397187353292
TGCAGC	0.4310698593676646
TGCAGG	2.071265943863695
CAGCCT	2.1531321851442935
CAGCCA	0.9874709676696241
CAGCGT	0.4310698593676646
CAGCGA	0.0
CAGCTC	0.5382830462860735
CAGCTG	2.5864191562059875
CAGCAC	0.7053364054783029
CAGCAG	2.033460577982638
CCGTCT	0.22821942020900782
CCGTCA	0.17942768209535784
CCGTGT	0.0
CCGTGA	0.4310698593676647
CCGTTC	0.0
CCGTTG	1.0965812211984454
CGTTCC	0.0
CGTTCG	0.0
CGTTGC	1.0965812211984451
CGTTGG	2.6345049285985596
CCGTAC	0.5382830462860735
CCGTAG	1.2932095781029942
TGGCCT	4.386324884793781
TGGCCA	1.7242794374706585
TGGCGT	0.0
TGGCGA	0.0
TGGCTC	0.5482906105992227
TGGCTG	1.3172524642992798
TGGCAC	2.155349296838323
TGGCAG	3.1068989157955427
CACACC	0.7046108573756803
CACACG	0.2821345621913212
CACAGC	1.9749419353392483
CACAGG	3.0501908669739577
CCGGTT	0.0
CCGGTA	0.8621397187353294
CCGGAT	0.4310698593676647
CCGGAA	1.355640385321759
TGGGCT	6.5862623214964
TGGGCA	1.0356329719318476
TGGGGT	9.493983780642473
TGGGGA	2.488078508030441
TGGGTC	1.31725246429928
TGGGTG	3.164661260214158
TGGGAC	0.0
TGGGAG	2.488078508030441
TGGTCC	0.0
TGGTCG	1.3172524642992802
TGGTGC	3.9517573928978402
TGGTGG	0.0
TGGACC	0.4310698593676646
TGGACG	2.071265943863695
TGGAGC	1.0356329719318476
TGGAGG	4.976157016060882
CACGAC	0.28213456219132116
CACGAG	0.6778201926608793
CACTCC	0.7468463035049242
CACTCG	0.5382830462860735
CACTGC	0.7177107283814312
CACTGG	0.4310698593676646
TGTCCC	0.6846582606270233
TGTCCG	0.0
TGTCGC	0.0
TGTCGG	1.3172524642992798
CACCTC	0.5974770428039393
CACCTG	0.5382830462860735
CACCAC	0.6458932859277068
CACCAG	0.705336405478303
CACGCT	0.35885536419071556
CACGCA	0.42320184328698174
CACGGT	0.4310698593676646
CACGGA	0.6778201926608793
CACGTC	0.0
CACGTG	0.0
TGTGCC	0.5482906105992228
TGTGCG	0.0
TGTGGC	0.0
TGTGGG	12.658645040856632
TGACCC	1.076566092572147
TGACCG	0.0
TGACGC	0.0
TGACGG	0.0
TGAGCC	4.310698593676647
TGAGCG	2.0712659438636956
TGAGGC	1.0356329719318478
TGAGGG	4.976157016060882
CACCCT	1.4936926070098482
CACCCA	1.1156338575114935
CACCGT	1.076566092572147
CACCGA	0.2821345621913212
TTCCCC	1.5198977404661616
TTCCCG	0.6846582606270233
TTCCGC	0.6846582606270232
TTCCGG	0.0
TTCGCC	1.1410971010450386
TTCGCG	0.5482906105992226
TTCGGC	2.1931624423968903
TTCGGG	0.0
TTGCCC	1.5975359414630543
TTGCCG	1.0965812211984451
TTGCGC	0.0
TTGCGG	0.0
TTGGCC	2.7414530529961127
TTGGCG	1.3172524642992798
TTGGGC	0.0
TTGGGG	9.493983780642472
TACCCC	1.1949540856078786
TACCCG	0.8971384104767891
TACCGC	0.7177107283814312
TACCGG	1.7242794374706585
TACGCC	0.7177107283814312
TACGCG	0.0
TACGGC	2.5864191562059875
TACGGG	2.071265943863695
TAGCCC	3.5885536419071564
TAGCCG	1.7242794374706585
TAGCGC	0.8621397187353292
TAGCGG	0.0
TAGGCC	2.1553492968383234
TAGGCG	2.0712659438636956
TAGGGC	0.0
TAGGGG	0.0
CTAGGC	3.0174890155736525
CTAGGG	0.0
CCGCTT	0.22821942020900782
CCGCTA	0.5382830462860735
CCGCAT	1.2559937746675047
CCGCAA	0.705336405478303
ACCCCT	1.4936926070098482
ACCCCA	1.2917865718554136
ACCCGT	0.5382830462860735
ACCCGA	0.8464036865739636
ACCCTC	1.5683772373603408
ACCCTG	1.076566092572147
ACCCAC	1.2917865718554136
ACCCAG	1.1285382487652849
CTACGC	0.3588553641907156
CTACGG	2.155349296838323
CTAGCC	5.9211135091468075
CTAGCG	0.4310698593676646
ACCGCT	0.35885536419071556
ACCGCA	0.7053364054783029
ACCGGT	0.4310698593676646
ACCGGA	2.033460577982638
ACCGTC	0.1794276820953578
ACCGTG	0.4310698593676646
ACCGAC	0.14106728109566058
ACCGAG	0.6778201926608793
ACCTCC	0.9709001945564014
ACCTCG	0.3588553641907156
ACCTGC	0.3588553641907156
ACCTGG	0.4310698593676646
ACCACC	1.2917865718554138
ACCACG	0.1410672810956606
CTACCC	0.8215309338554166
CTACCG	0.5382830462860735
ACCAGC	0.8464036865739636
ACCAGG	0.6778201926608795
ACGCCT	0.8971384104767889
ACGCCA	0.5642691243826423
ACGCGT	0.0
ACGCGA	0.0
ACGCTC	0.1794276820953578
ACGCTG	0.8621397187353292
ACGCAC	0.28213456219132116
ACGCAG	0.0
CCCACT	0.8215309338554165
CCCACA	0.9981987146155469
CCCAGT	0.5382830462860735
CCCAGA	0.9874709676696242
CCCATC	0.8215309338554166
CCCATG	1.7942768209535782
CCCAAC	1.7028095719912268
CCCAAG	1.5517400920522666
ACGGCT	2.1553492968383234
ACGGCA	0.3389100963304397
ACGGGT	1.0356329719318476
ACGGGA	1.6284435696583535
ACGGTC	0.0
ACGGTG	0.0
ACGGAC	1.3556403853217587
ACGGAG	0.8142217848291766
ACGTCC	0.1794276820953578
ACGTCG	0.0
ACGTGC	0.4310698593676646
ACGTGG	0.0
CTTGGC	2.1931624423968907
CTTGGG	0.0
ACGACC	0.42320184328698174
ACGACG	0.0
ACGAGC	1.016730288991319
ACGAGG	4.071108924145883
ACTCCC	1.045584824906894
ACTCCG	0.0
ACTCGC	0.3588553641907156
ACTCGG	0.4310698593676646
ACTGCC	0.8971384104767891
ACTGCG	0.4310698593676646
ACTGGC	0.0
ACTGGG	3.1068989157955427
CTTCGC	0.45643884041801563
CTTCGG	2.1931624423968907
CTTGCC	2.05397478188107
CTTGCG	0.5482906105992226
ACACCC	1.1743514289594672
ACACCG	0.2821345621913212
ACACGC	0.1410672810956606
ACACGG	0.0
ACAGCC	1.9749419353392481
ACAGCG	0.6778201926608793
ACAGGC	2.372370674313078
ACAGGG	0.8142217848291766
CTGAGC	2.5864191562059875
CTGAGG	4.14253188772739
CTTCCC	1.1399233053496214
CTTCCG	0.45643884041801563
AGCCCT	3.7679813240025135
AGCCCA	1.8338746542435875
AGCCGT	1.2932095781029938
AGCCGA	0.33891009633043967
AGCCTC	1.973704503048936
AGCCTG	2.5864191562059875
AGCCAC	1.692807373147927
AGCCAG	0.33891009633043967
AGCGCT	0.4310698593676647
AGCGCA	1.0167302889913192
AGCGGT	0.0
AGCGGA	0.8142217848291767
CTGTGC	0.0
CTGTGG	5.269009857197119
CTGACC	0.5382830462860735
CTGACG	0.4310698593676646
AGCGTC	0.4310698593676646
AGCGTG	2.071265943863695
AGCGAC	0.0
AGCGAG	0.8142217848291766
AGCTCC	0.5382830462860735
AGCTCG	1.2932095781029938
AGCTGC	0.4310698593676646
AGCTGG	11.391962691250322
CTGGCT	0.0
CTGGCA	0.4310698593676646
CTGGGT	3.95175739289784
CTGGGA	2.071265943863695
CTGGTC	1.0965812211984454
CTGGTG	0.0
CTGGAC	0.8621397187353292
CTGGAG	1.0356329719318476
CTGTCC	0.22821942020900776
CTGTCG	0.0
AGCACC	0.5642691243826423
AGCACG	0.0
AGCAGC	2.7112807706435174
AGCAGG	4.88533070897506
CCCTCT	1.6148913492452965
CCCTCA	1.1202694552573862
CCCTGT	0.6846582606270233
CCCTGA	0.8971384104767891
CCCTTC	1.0449296965704862
CCCTTG	1.5975359414630543
CTGCCT	1.825755361672062
CTGCCA	0.8971384104767891
CTGCGT	0.5482906105992226
CTGCGA	0.4310698593676646
CTGCTC	0.4564388404180155
CTGCTG	1.0965812211984451
CTGCAC	1.076566092572147
CTGCAG	0.0
CCCTAC	1.269638715958371
CCCTAG	2.870842913525725
AGGCCT	6.034978031147306
AGGCCA	0.6778201926608795
AGGCGT	1.0356329719318478
AGGCGA	0.8142217848291767
AGGCTC	1.2932095781029942
AGGCTG	1.0356329719318478
AGGCAC	2.033460577982639
AGGCAG	0.8142217848291767
CGTACC	0.5382830462860735
CGTACG	0.4310698593676646
CGTAGC	0.8621397187353292
CGTAGG	0.0
CCCGTT	0.22821942020900782
CCCGTA	0.3588553641907157
CCCGAT	0.1794276820953578
CCCGAA	1.1285382487652849
AGGGCT	1.0356329719318476
AGGGCA	0.0
AGGGGT	0.0
AGGGGA	3.912288964351314
AGGGTC	0.0
AGGGTG	0.0
AGGGAC	0.0
AGGGAG	0.0
CTCACC	1.1949540856078789
CTCACG	0.17942768209535784
CTCAGC	1.255993774667505
CTCAGG	3.4485588749413174
AGGTCC	0.0
AGGTCG	2.071265943863695
AGGTGC	5.178164859659238
AGGTGG	0.0
AGGACC	1.0167302889913195
AGGACG	0.8142217848291767
AGGAGC	3.256887139316707
AGGAGG	7.8245779287026265
AGTCCC	0.7177107283814312
AGTCCG	1.2932095781029938
AGTCGC	0.8621397187353292
AGTCGG	0.0
CTCGAC	0.3588553641907157
CTCGAG	0.8621397187353294
CTCTCC	0.8549424790122161
CTCTCG	0.22821942020900782
CTCTGC	0.6846582606270235
CTCTGG	1.0965812211984454
AGTGCC	0.0
AGTGCG	2.071265943863695
AGTGGC	2.071265943863695
AGTGGG	2.488078508030441
CTCCTC	2.2798466106992428
CTCCTG	1.369316521254047
CTCCAC	1.2696387159583713
CTCCAG	0.5382830462860735
CTCGCT	0.9128776808360313
CTCGCA	0.17942768209535784
CTCGGT	0.5482906105992227
CTCGGA	0.0
CTCGTC	0.0
CTCGTG	0.5482906105992227
AGACCC	1.2696055298609452
AGACCG	0.33891009633043967
AGACGC	2.372370674313078
AGACGG	2.44266535448753
AGAGCC	1.016730288991319
AGAGCG	0.8142217848291766
AGAGGC	1.6284435696583532
AGAGGG	1.9561444821756566
ATCCCC	1.045584824906894
ATCCCG	0.0
ATCCGC	1.076566092572147
ATCCGG	1.2932095781029938
CGAAGC	0.6778201926608793
CGAAGG	2.44266535448753
CTCCCT	1.4249041316870268
CTCCCA	1.344323346308864
CTCCGT	0.22821942020900782
CTCCGA	0.17942768209535784
ATCGCC	1.2559937746675047
ATCGCG	0.4310698593676646
ATCGGC	0.4310698593676646
ATCGGG	1.0356329719318476
ATGCCC	0.7177107283814312
ATGCCG	0.4310698593676646
ATGCGC	0.4310698593676646
ATGCGG	1.0356329719318476
ATGGCC	1.7242794374706587
ATGGCG	0.0
ATGGGC	6.213797831591086
ATGGGG	12.440392540152207
CGATGC	0.0
CGATGG	2.0712659438636947
CGAACC	0.8464036865739635
CGAACG	0.33891009633043967
AACCCC	1.5853744290952805
AACCCG	0.7053364054783031
AACCGC	0.9874709676696242
AACCGG	0.6778201926608795
CGAGCT	1.2932095781029942
CGAGCA	1.355640385321759
CGAGGT	1.0356329719318476
CGAGGA	0.0
CGAGTC	0.4310698593676646
CGAGTG	1.0356329719318476
CGAGAC	0.6778201926608793
CGAGAG	0.8142217848291766
CGATCC	0.3588553641907156
CGATCG	0.0
AACGCC	0.28213456219132116
AACGCG	0.0
AACGGC	1.016730288991319
AACGGG	0.8142217848291766
AAGCCC	0.7053364054783029
AAGCCG	0.0
AAGCGC	0.33891009633043967
AAGCGG	0.0
CGACCT	0.7177107283814311
CGACCA	1.1285382487652846
CGACGT	0.0
CGACGA	0.6778201926608793
CGACTC	0.3588553641907156
CGACTG	0.4310698593676646
CGACAC	0.0
CGACAG	0.0
AAGGCC	1.6945504816521986
AAGGCG	0.8142217848291766
AAGGGC	1.6284435696583532
AAGGGG	0.0
CTGCGG	0.9654366885661511
CTGCGC	0.4018514945427806
CTGCCG	0.0
CTGCCC	1.1708612061788364
CTCGGG	0.9654366885661511
CTCGGC	0.8037029890855614
CTCGCG	0.0
CTCGCC	0.33453177319395333
CTCCGG	0.4018514945427807
CTCCGC	0.6690635463879067
CTCCCG	0.16726588659697667
CTCCCC	1.949427989126557
CGAGGG	1.8235549682295114
CGAGGC	3.0361319309390677
CGAGCG	0.7590329827347669
CGAGCC	0.9478152491974551
AGGGGG	8.76207700533227
AGGGGC	3.6471099364590227
AGGGCG	1.8235549682295114
AGGGCC	2.277098948204301
CCCGAG	0.947815249197455
CCCGAC	0.6575279680019082
CCCGTG	0.4018514945427807
CCCGTC	0.50179765979093
CCCGGA	0.6318768327983034
CCCGGT	0.4018514945427807
ACGGGG	1.8235549682295114
ACGGGC	0.7590329827347669
CCCGCA	0.3945167808011449
CCCGCT	0.3345317731939533
ACGGCG	2.277098948204301
ACGGCC	0.3159384163991517
CAGCGG	0.7590329827347668
CAGCGC	0.31593841639915166
CAGCCG	0.9478152491974549
CAGCCC	1.5780671232045793
CACGGG	0.7590329827347668
CACGGC	0.0
CACGCG	0.0
CACGCC	0.1315055936003816
CACCGG	0.6318768327983033
CACCGC	0.6575279680019082
CACCCG	0.5260223744015264
CACCCC	1.642128995766705
CTGGGG	4.638867901636476
CTGGGC	1.9308733771323021
CTGGCG	0.9654366885661511
CTGGCC	1.2055544836283418
GCCCGA	1.2637536655966068
GCCCGT	0.8037029890855614
CCCAGG	1.5796920819957583
CCCAGC	1.1835503424034346
GCCCCA	1.052044748803053
GCCCCT	0.6690635463879065
CCCACG	0.657527968001908
CCCACC	1.2589655634211405
CGTGGG	0.0
CGTGGC	1.9308733771323021
CGTGCG	0.9654366885661508
CGTGCC	0.8037029890855611
CAGGGG	3.6471099364590227
CAGGGC	1.5180659654695339
CAGGCG	0.0
CAGGCC	1.8956304983949102
GCCGGA	1.5180659654695339
GCCGGT	0.0
ACGCGG	0.0
ACGCGC	0.0
GCCGCA	0.9478152491974549
GCCGCT	0.0
ACGCCG	0.3159384163991516
ACGCCC	0.1315055936003816
CGTCGG	0.0
CGTCGC	1.2055544836283418
CGTCCG	0.0
CGTCCC	0.0
GCCCAG	0.31593841639915166
GCCCAC	1.1835503424034346
GCCCTG	2.411108967256684
GCCCTC	1.6726588659697668
GCCAGG	0.0
GCCAGC	1.2637536655966066
GCCACG	0.0
GCCACC	1.4465615296041976
CGGAGG	5.470664904688534
CGGAGC	2.277098948204301
CGGACG	0.7590329827347669
CGGACC	0.3159384163991517
GCCTGG	0.9654366885661511
GCCTGC	0.8037029890855611
GCCTCG	0.4018514945427806
GCCTCC	1.6726588659697663
GCCGAG	0.7590329827347668
GCCGAC	0.0
GCCGTG	0.9654366885661511
GCCGTC	0.8037029890855611
GCGCAG	2.277098948204301
GCGCAC	0.0
GCGCTG	0.9654366885661511
GCGCTC	0.4018514945427807
GCGCGA	0.0
GCGCGT	0.0
ACCGGG	0.0
ACCGGC	0.947815249197455
GCGCCA	0.0
GCGCCT	0.4018514945427807
ACCGCG	0.6318768327983032
ACCGCC	1.0520447488030529
CGGTGG	2.319433950818238
CGGTGC	1.9308733771323021
CGGTCG	0.0
CGGTCC	0.0
CGGCCA	0.3159384163991517
CGGCCT	1.205554483628342
AGGCGG	1.8235549682295114
AGGCGC	0.0
CGGGAG	0.0
CGGGAC	0.0
CGGGTG	2.319433950818238
CGGGTC	0.0
CGGGGA	0.0
CGGGGT	4.638867901636475
AGGCCG	0.0
AGGCCC	1.5796920819957585
CGGGCA	1.5180659654695339
CGGGCT	0.0
CCCTGG	1.2055544836283418
CCCTGC	1.3381270927758129
GCGGGA	1.823554968229511
GCGGGT	2.3194339508182376
CCCTCG	0.8363294329848832
CCCTCC	2.088672845492739
GCGGCA	1.5180659654695339
GCGGCT	0.9654366885661511
AGCGGG	1.8235549682295114
AGCGGC	0.7590329827347669
CGGCAG	0.0
CGGCAC	1.8956304983949102
CGGCTG	0.9654366885661511
CGGCTC	2.0092574727139034
CGGCGA	0.7590329827347669
CGGCGT	1.9308733771323021
AGCGCG	0.0
AGCGCC	0.3159384163991517
GCGAGG	0.0
GCGAGC	1.5180659654695339
GCGACG	0.0
GCGACC	0.3159384163991517
CGCAGG	2.2770989482043005
CGCAGC	0.947815249197455
CGCACG	0.0
CGCACC	0.1315055936003816
GCGTGG	2.319433950818238
GCGTGC	0.9654366885661511
GCGTCG	0.0
GCGTCC	0.4018514945427806
GCGGAG	1.8235549682295114
GCGGAC	0.0
GCGGTG	2.319433950818238
GCGGTC	0.9654366885661511
GCACGG	0.7590329827347668
GCACGC	0.0
GCACCG	0.0
GCACCC	0.657527968001908
CGCTGG	0.9654366885661511
CGCTGC	1.2055544836283418
CGCTCG	0.0
CGCTCC	0.1672658865969766
GCTGGG	6.958301852454713
GCTGGC	2.896310065698453
GCTGCG	0.0
GCTGCC	0.8037029890855611
GCTCGG	0.9654366885661508
GCTCGC	0.4018514945427806
GCTCCG	0.4018514945427806
GCTCCC	0.5017976597909298
GCAGGG	0.0
GCAGGC	3.795164913673835
GCAGCG	0.0
GCAGCC	1.5796920819957585
CGCGAG	0.0
CGCGAC	0.0
CGCGTG	0.0
CGCGTC	0.0
CGCGGA	0.0
CGCGGT	1.9308733771323021
AGCCGG	1.5180659654695337
AGCCGC	0.947815249197455
CGCGCA	0.3159384163991516
CGCGCT	0.0
AGCCCG	1.2637536655966064
AGCCCC	1.0520447488030529
GGCCCA	1.5796920819957585
GGCCCT	0.8037029890855614
CGACGG	0.0
CGACGC	0.0
CGCCAG	0.31593841639915166
CGCCAC	0.2630111872007633
CGCCTG	0.8037029890855614
CGCCTC	1.00359531958186
CGCCGA	0.3159384163991517
CGCCGT	1.205554483628342
CGACCG	0.3159384163991516
CGACCC	0.2630111872007632
CGCCCA	0.2630111872007633
CGCCCT	1.839924752566743
CCCCAG	1.1835503424034346
CCCCAC	0.9305397642677995
GGCGGA	1.823554968229511
GGCGGT	2.3194339508182376
CCCCTG	0.8363294329848832
CCCCTC	1.670938276394191
GGCGCA	2.277098948204301
GGCGCT	0.0
CCCCGA	0.7890335616022897
CCCCGT	0.0
GGCCAG	0.0
GGCCAC	1.5796920819957585
GGCCTG	0.9654366885661511
GGCCTC	3.616663450885026
GGCCGA	0.0
GGCCGT	0.0
CCCCCA	1.7516042621511518
CCCCCT	2.088672845492739
GGGCCA	3.0361319309390677
GGGCCT	5.792620131396906
GGCAGG	1.8235549682295114
GGCAGC	0.7590329827347669
GGCACG	0.7590329827347669
GGCACC	0.6318768327983034
GGCTGG	0.0
GGCTGC	0.9654366885661511
GGCTCG	0.0
GGCTCC	2.4111089672566837
GGCGAG	0.0
GGCGAC	0.7590329827347669
GGCGTG	0.0
GGCGTC	0.0
GGGGCA	3.647109936459022
GGGGCT	2.3194339508182376
CCAGGG	3.0361319309390673
CCAGGC	0.0
CCAGCG	0.3159384163991516
CCAGCC	1.1835503424034344
GGGCAG	3.647109936459022
GGGCAC	0.0
GGGCTG	0.0
GGGCTC	1.9308733771323021
GGGCGA	1.823554968229511
GGGCGT	0.0
GGGTGG	5.57237353409289
GGGTGC	2.3194339508182376
GGGTCG	0.0
GGGTCC	0.9654366885661511
CCACGG	0.947815249197455
CCACGC	0.6575279680019082
CCACCG	1.0520447488030529
CCACCC	1.423178462997811
GGGGAG	4.381038502666134
GGGGAC	1.823554968229511
GGGGTG	5.57237353409289
GGGGTC	2.3194339508182376
GGGGGA	4.381038502666134
GGGGGT	11.144747068185781
GGACGG	0.0
GGACGC	0.0
GGACCG	0.7590329827347668
GGACCC	0.31593841639915166
GGTGGG	5.57237353409289
GGTGGC	2.3194339508182376
GGTGCG	2.3194339508182376
GGTGCC	2.896310065698453
GGTCGG	2.3194339508182376
GGTCGC	0.9654366885661511
GGTCCG	0.0
GGTCCC	0.0
GGGAGG	4.381038502666134
GGGAGC	0.0
GGGACG	0.0
GGGACC	0.0
GTGCGG	2.319433950818238
GTGCGC	0.0
GTGCCG	0.0
GTGCCC	1.2055544836283418
GTCGGG	0.0
GTCGGC	0.0
GTCGCG	0.0
GTCGCC	1.2055544836283418
GTCCGG	0.0
GTCCGC	0.0
GTCCCG	0.4018514945427806
GTCCCC	0.3345317731939532
GGAGGG	4.381038502666134
GGAGGC	5.470664904688533
GGAGCG	1.823554968229511
GGAGCC	3.0361319309390677
GACGGG	1.8235549682295114
GACGGC	0.7590329827347669
GACGCG	0.0
GACGCC	1.2637536655966068
CCTGGG	1.9308733771323021
CCTGGC	0.4018514945427806
CCTGCG	0.8037029890855611
CCTGCC	1.3381270927758129
GACCGG	1.5180659654695337
GACCGC	0.31593841639915166
GACCCG	0.3159384163991516
GACCCC	0.657527968001908
GTGGGG	5.572373534092891
GTGGGC	9.277735803272952
GTGGCG	0.0
GTGGCC	1.9308733771323021
TCCCGG	0.4018514945427807
TCCCGC	0.16726588659697667
TCCCCG	0.16726588659697667
TCCCCC	2.2279177018589222
CCTCGG	0.8037029890855611
CCTCGC	0.6690635463879064
CCTCCG	0.6690635463879064
CCTCCC	2.088672845492739
GAGGGG	17.52415401066454
GAGGGC	1.8235549682295114
GAGGCG	0.0
GAGGCC	3.795164913673835
GAGCGG	3.6471099364590227
GAGCGC	0.759032982734767
GAGCCG	1.5180659654695339
GAGCCC	2.8434457475923653
TCGGGG	2.319433950818238
TCGGGC	0.9654366885661511
TCGGCG	0.9654366885661511
TCGGCC	0.4018514945427806
CCGAGG	0.7590329827347669
CCGAGC	1.2637536655966068
CCGACG	0.3159384163991517
CCGACC	0.39451678080114494
TCGCGG	0.9654366885661511
TCGCGC	0.4018514945427806
TCGCCG	1.2055544836283418
TCGCCC	1.1708612061788364
TCCGGG	0.9654366885661511
TCCGGC	0.4018514945427807
TCCGCG	0.0
TCCGCC	0.8363294329848834
TGGCGG	2.319433950818238
TGGCGC	0.9654366885661511
TGGCCG	0.0
TGGCCC	0.8037029890855611
CCGTGG	0.9654366885661511
CCGTGC	0.8037029890855614
CCGTCG	0.8037029890855614
CCGTCC	0.50179765979093
TGCGGG	2.319433950818238
TGCGGC	0.0
TGCGCG	0.0
TGCGCC	0.0
TGCCGG	0.9654366885661511
TGCCGC	0.8037029890855611
TGCCCG	0.0
TGCCCC	1.3381270927758129
TGGGGG	16.717120602278673
TGGGGC	9.277735803272952
TGGGCG	2.319433950818238
TGGGCC	4.827183442830755
CCGGAG	2.277098948204301
CCGGAC	1.2637536655966068
CCGGTG	0.0
CCGGTC	0.0
CCGGGA	0.0
CCGGGT	0.0
CCGGCA	1.5796920819957585
CCGGCT	0.8037029890855614
ACCCGG	0.31593841639915166
ACCCGC	0.6575279680019082
ACCCCG	0.7890335616022897
ACCCCC	1.642128995766705
CCGCAG	0.6318768327983033
CCGCAC	0.3945167808011449
CCGCTG	0.4018514945427807
CCGCTC	0.16726588659697667
CCGCGA	0.0
CCGCGT	0.0
CCGCCA	0.5260223744015265
CCGCCT	1.338127092775813
CCCGGG	0.0
CCCGGC	1.178095123604478
CCCGCG	0.0
CCCGCC	0.6129600362986194
GCCCGG	0.7075849352275794
GCCCGC	0.0
GCCCCG	0.2945237809011195
GCCCCC	0.7355520435583432
GCCGGG	0.0
GCCGGC	2.8303397409103175
GCCGCG	0.7075849352275793
GCCGCC	0.5890475618022389
GCGCGG	0.0
GCGCGC	0.0
GCGCCG	0.0
GCGCCC	0.589047561802239
CGGCCG	0.7075849352275794
CGGCCC	0.0
CGGGGG	0.0
CGGGGC	0.0
CGGGCG	0.0
CGGGCC	1.4151698704551587
GCGGGG	0.0
GCGGGC	1.6999525098759676
GCGGCG	0.0
GCGGCC	0.0
CGGCGG	0.0
CGGCGC	2.1227548056827383
CGCGGG	0.0
CGCGGC	0.7075849352275794
CGCGCG	0.0
CGCGCC	0.29452378090111947
GGCCCG	0.7075849352275794
GGCCCC	0.589047561802239
CGCCGG	1.4151698704551587
CGCCGC	0.0
CGCCCG	0.589047561802239
CGCCCC	0.12259200725972387
GGCGGG	4.084087141996808
GGCGGC	1.6999525098759676
GGCGCG	0.0
GGCGCC	0.7075849352275794
GGCCGG	1.6999525098759676
GGCCGC	0.7075849352275794
CCGGCG	1.4151698704551587
CCGGCC	0.8835713427033586
CCGCCG	0.589047561802239
CCGCCC	0.7355520435583432
GGGGCG	4.084087141996808
GGGGCC	6.79981003950387
GGGGGG	29.435706620958474
GGGGGC	8.168174283993618
GGGCCG	1.6999525098759676
GGGCCC	2.1227548056827383
CCGGGG	0.0
CCGGGC	0.7075849352275794
GGGCGG	8.168174283993617
GGGCGC	0.0
CCCCGG	1.1780951236044779
CCCCGC	0.49036802903889537
CCGCGG	1.4151698704551587
CCGCGC	0.2945237809011195
CCCCCG	0.7355520435583432
CCCCCC	1.3777414012058091
