	Lithobates_catesbeianus 6-mer OE values GC sorted
AATTAA	1.3487429741125039
AATTAT	2.0807466033849447
AATTTA	0.7706468901425721
AATTTT	1.6204270477939946
ATTTAA	0.6935822011283148
ATTTAT	1.0568002485613008
ATTTTA	2.3954138967389484
ATTTTT	1.6746390465096652
TAAAAA	1.0142749049709032
TAAAAT	1.0115572305843783
ATTAAA	1.6016322817585984
ATTAAT	1.9266172253564302
ATTATA	3.0825875605702886
ATTATT	2.3954138967389484
TAAATA	0.7586679229382837
TAAATT	0.7706468901425724
TAATAA	2.1917073329328187
TAATAT	1.849552536342173
TAATTA	1.3871644022566298
TAATTT	1.4795203479858212
ATATTA	2.0036819143706874
ATATTT	1.2681602982735611
TATAAA	1.0115572305843779
TATAAT	2.6972641154990025
ATATAA	0.6743714870562519
ATATAT	0.3853234450712861
TATTAA	2.080746603384944
TATTAT	4.015840944532943
ATAAAA	1.198688524056522
ATAAAT	0.9272607947023467
ATAATA	2.107410897050788
ATAATT	1.3871644022566303
TTTTTA	1.2881838819305118
TTTTTT	0.9421370117529679
TATTTA	0.986346898657214
TATTTT	2.3187309874749213
TATATA	0.7706468901425721
TATATT	1.4090669980817345
AAAAAA	1.2103139076430938
AAAAAT	1.1064817145137125
TTAAAA	1.2644465382304728
TTAAAT	1.310099713242373
TTATAA	1.772487847327916
TTATAT	2.043147147218515
TTATTA	2.254507196930775
TTATTT	2.061094211088819
TTAATA	1.541293780285145
TTAATT	1.902240447410342
TTTATA	1.6908803976980813
TTTATT	1.867866628799242
TTTTAA	1.831787097506255
TTTTAT	1.5458206583166143
TTTAAA	1.2330350242281152
TTTAAT	1.4090669980817343
AAATTA	1.6016322817585984
AAATTT	0.8477115791568294
AATAAA	1.6597225717705686
AATAAT	1.8545215894046931
AATATA	0.5057786152921889
AATATT	1.849552536342173
AAATAA	1.014274904970903
AAATAT	0.42148217941015753
AAAATA	0.7376544763424749
AAAATT	0.7586679229382836
AAAACT	1.3158554663700304
AAAACA	0.8857447893726791
AAAAGT	0.5587089354971856
AAAAGA	2.0371271875736956
AAAATC	1.0121965125923311
AAAATG	2.2348357419887424
AAATCT	1.11043284781445
AAATCA	0.5060982562961656
AAATAC	0.9109768613330981
AAATAG	1.3036541828267663
AAACTT	1.6656492717216749
AAACTA	1.5182947688884967
TTGAAT	0.4669582493642958
TTGAAA	0.681036786637622
AATATC	0.3701442826048167
AATATG	1.0215551799564329
AATAAC	0.5060982562961656
AATAAG	1.3036541828267663
AAATGT	1.1918143766158384
AAATGA	1.1174178709943712
AAATTC	0.3701442826048167
AAATTG	0.8512959832970274
TTAGAT	0.6226109991523944
TTAGAA	1.1918143766158384
TTATCT	0.4640392749317834
TTATCA	0.761377048679092
TTTAAC	1.184364297945254
TTTAAG	0.6226109991523943
TTACTT	0.9280785498635667
TTACTA	1.0151693982387893
TTACAT	1.0997668480920217
TTACAA	0.7402885652096335
AAGTTT	0.6226109991523944
AAGTTA	1.021555179956433
AAGTAT	1.702591966594055
AAGTAA	0.7449452473295808
TTTTAC	0.7733987915529723
TTTTAG	2.1344907345941624
TTTACT	0.7733987915529722
TTTACA	0.8459744985323243
TTTAGT	0.9960956761439422
TTTAGA	0.6226109991523943
TTTATC	0.6960589123976749
TTTATG	1.1383950584502198
AAGATT	0.8512959832970275
AAGATA	1.1174178709943712
AAGAAT	0.7449452473295808
AAGAAA	2.4445526250884346
TTATGT	2.1344907345941624
TTATGA	1.0895692485166901
TTATTC	1.8561570997271335
TTATTG	1.2806944407564973
TTATAC	2.114936246330811
TTATAG	2.0234857472452816
TTAACT	0.761377048679092
TTAACA	0.7402885652096335
TTAGTT	0.5691975292251099
TTAGTA	1.7121802476690846
TTAAAC	1.480577130419267
TTAAAG	2.383628753231677
CTATTT	0.8507386707082694
CTATTA	3.2147030944228323
CTATAT	1.015169398238789
CTATAA	1.4805771304192663
AAAAAC	0.8857447893726791
AAAAAG	0.8148508750294783
TTAAGT	0.6226109991523945
TTAAGA	1.0215551799564333
TTAATC	1.1843642979452542
TTAATG	1.5565274978809862
TACTTT	0.3866993957764861
TACTTA	1.6073515472114162
TACTAT	1.1843642979452542
TACTAA	1.480577130419267
TTCTTT	0.9191641111609297
TTCTTA	1.7014773414165387
TTCATT	0.5413791540870805
TTCATA	0.6767795988258594
TTCAAT	0.16919489970646487
TTCAAA	1.017896777163246
AACATT	0.8328246358608374
AACATA	0.30365895377769936
AACAAT	0.9109768613330981
AACAAA	1.1071809867158489
TTGTTT	1.561099118311604
TTGTTA	1.1383950584502198
TAGTTT	1.2806944407564973
TAGTTA	1.2452219983047887
TAGTAT	1.4008747480928874
TAGTAA	1.362073573275244
CTAAAT	0.6477524945584291
CTAAAA	0.8097572100738648
TTCTAT	1.2374380664847555
TTCTAA	0.6767795988258594
TACATT	0.8459744985323244
TACATA	0.37014428260481674
TACAAT	0.9253607065120416
TACAAA	1.2146358151107974
AACTTT	0.6767795988258594
AACTTA	1.6656492717216747
AACTAT	1.6656492717216747
AACTAA	1.6195144201477296
CTAATT	1.0997668480920215
CTAATA	1.6656492717216747
TATCAT	0.9305719483855568
TATCAA	0.7402885652096335
TATGTT	0.5691975292251099
TATGTA	2.334791246821479
TATCTT	0.3093595166211889
TATCTA	0.592182148972627
TGAATT	1.0895692485166901
TGAATA	0.34051839331881095
TGAAAT	1.5323327699346496
TGAAAA	0.7449452473295808
TAGATT	0.6226109991523944
TAGATA	1.021555179956433
TAGAAT	1.021555179956433
TAGAAA	1.1174178709943712
TATAAC	1.017896777163246
TATAAG	0.5107775899782164
TATGAT	1.0895692485166901
TATGAA	1.702591966594055
TATTCT	1.3147779456400528
TATTCA	1.015169398238789
TATTGT	1.5652932053690523
TATTGA	0.9339164987285913
TATTTC	0.6960589123976749
TATTTG	0.8537962938376648
TATTAC	1.6073515472114162
TATTAG	0.15565274978809857
TTTGAT	0.5691975292251099
TTTGAA	1.0895692485166901
TTTTCT	1.555508495810804
TTTTCA	0.6187190332423778
TTTTGT	1.951373897889505
TTTTGA	0.5691975292251099
TTTTTC	1.0605739744164573
TTTTTG	1.3009159319263366
AATCTT	1.2689617477984865
AATCTA	0.9253607065120415
AATCAT	1.0178967771632457
AATCAA	0.4048786050369324
TTGATT	0.5691975292251099
TTGATA	1.2452219983047887
TAACAT	0.555216423907225
TAACAA	0.9109768613330981
ATAAAC	1.1134161638515645
ATAAAG	1.676126806491557
TATACT	2.4533260457437405
TATACA	1.1104328478144498
TATAGT	1.4008747480928874
TATAGA	0.8512959832970275
TATATC	0.9305719483855568
TATATG	1.4008747480928874
TAATCT	0.8459744985323243
TAATCA	1.7581853423728788
ATATAC	0.8328246358608374
ATATAG	0.34051839331881095
ATAACT	0.555216423907225
ATAACA	0.8097572100738651
ATAAGT	0.17025919665940553
ATAAGA	1.676126806491557
ATAATC	1.6656492717216753
ATAATG	1.021555179956433
TAACTT	0.33838979941292974
TAACTA	1.017896777163246
TAAACT	1.5731132010704711
TAAACA	1.5182947688884971
ATAGAT	0.681036786637622
ATAGAA	0.931181559161976
ATATCT	0.3383897994129297
ATATCA	0.3701442826048166
ATATGT	0.778263748940493
ATATGA	1.1918143766158384
ATATTC	0.9305719483855568
ATATTG	0.6226109991523944
TAAGTT	0.3113054995761972
TAAGTA	0.8512959832970275
TAAGAT	1.021555179956433
TAAGAA	1.3036541828267663
ATACTT	1.6073515472114164
ATACTA	1.5731132010704711
ATACAT	0.6477524945584292
ATACAA	0.9109768613330981
ATAGTT	1.2452219983047887
ATAGTA	1.702591966594055
TAATGT	1.0895692485166901
TAATGA	1.702591966594055
TAATTC	0.761377048679092
TAATTG	2.334791246821479
TAATAC	1.017896777163246
TAATAG	1.0215551799564329
TTTCAT	0.4640392749317833
TTTCAA	0.3383897994129297
TTTGTT	2.341648677467406
TTTGTA	0.7114969115313874
TTTCTT	1.0605739744164573
TTTCTA	0.8507386707082694
TTGTAT	0.5691975292251099
TTGTAA	0.4669582493642958
AATGTT	1.7121802476690844
AATGTA	0.8512959832970274
AATGAT	1.5323327699346496
AATGAA	1.3036541828267663
AATTCT	0.6767795988258594
AATTCA	0.3701442826048166
AATTGT	0.4669582493642958
AATTGA	1.1918143766158384
TAAAGT	1.8728511632534608
TAAAGA	1.3036541828267665
TAAATC	0.9253607065120418
TAAATG	1.021555179956433
TGATTT	1.4229938230627748
TGATTA	1.5565274978809855
TGATAT	0.46695824936429575
TGATAA	1.3620735732752438
ATTAAC	1.3880410597680626
ATTAAG	1.0215551799564329
TAAAAC	1.3158554663700308
TAAAAG	1.1174178709943714
ATTTAC	1.015169398238789
ATTTAG	0.46695824936429564
ATTACT	1.6073515472114162
ATTACA	0.7402885652096332
ATTAGT	0.778263748940493
ATTAGA	0.1702591966594055
ATTATC	1.1843642979452542
ATTATG	2.1791384970333803
TGTTTT	0.6504579659631683
TGTTTA	2.1344907345941624
TGTATT	0.14229938230627748
TGTATA	2.17913849703338
TGTAAT	1.0895692485166901
TGTAAA	0.34051839331881095
ATTGTT	1.2806944407564973
ATTGTA	0.778263748940493
ATTGAT	0.6226109991523944
ATTGAA	1.1918143766158384
ATTTCT	0.6187190332423778
ATTTCA	0.42298724926616216
ATTTGT	0.7114969115313874
ATTTGA	1.7121802476690842
ATTTTC	1.3147779456400526
ATTTTG	1.5652932053690523
CTTTTT	0.7070493162776382
CTTTTA	1.082758308174161
CTTTAT	1.005418429018864
CTTTAA	0.9305719483855567
TGTTAT	1.1383950584502198
TGTTAA	0.778263748940493
GTTTAT	2.5613888815129946
GTTTAA	1.2452219983047887
ATTCTT	1.082758308174161
ATTCTA	1.5227540973581837
ATTCAT	0.5921821489726271
ATTCAA	0.4626803532560209
CTTATT	2.010836858037728
CTTATA	1.7765464469178809
CTTAAT	1.8611438967711136
CTTAAA	1.2029689184656545
ACTTAT	2.3687285958905084
ACTTAA	0.555216423907225
ACTTTT	0.6187190332423778
ACTTTA	0.5075846991193945
TCATTT	0.5413791540870805
TCATTA	0.592182148972627
TCATAT	0.9305719483855567
TCATAA	0.3701442826048166
TCAATT	0.6767795988258594
TCAATA	0.46268035325602075
TCAAAT	0.46268035325602075
TCAAAA	0.910976861333098
ATGAAT	1.362073573275244
ATGAAA	2.2348357419887424
GTTTTT	1.170824338733703
GTTTTA	0.9960956761439425
TCTTTT	0.6363443846498744
TCTTTA	0.6187190332423778
TCTATT	1.7014773414165387
TCTATA	1.0997668480920215
TCTAAT	0.5921821489726271
TCTAAA	0.8328246358608377
ACTATT	1.6073515472114164
ACTATA	1.480577130419267
ACTAAT	1.2029689184656542
ACTAAA	1.3158554663700306
ATGTTT	0.9960956761439425
ATGTTA	0.9339164987285916
ATGTAT	1.8678329974571832
ATGTAA	0.681036786637622
ATGATT	1.0895692485166901
ATGATA	1.1918143766158384
CATTAT	0.761377048679092
CATTAA	1.017896777163246
ACAATT	1.4805771304192668
ACAATA	0.7085375588146319
ACAAAT	1.0121965125923311
ACAAAA	1.1071809867158489
TCTTAT	1.3147779456400528
TCTTAA	1.3535591976517187
ACATTT	1.015169398238789
ACATTA	1.1104328478144498
ACATAT	0.3701442826048166
ACATAA	0.910976861333098
GTTATT	1.1383950584502198
GTTATA	0.7782637489404928
GTTAAT	0.6226109991523943
GTTAAA	2.383628753231677
GATAAT	0.340518393318811
GATAAA	1.1174178709943712
GAATTT	1.0895692485166901
GAATTA	1.702591966594055
GAATAT	0.8512959832970275
GAATAA	0.7449452473295808
GAAAAT	1.1174178709943712
GAAAAA	1.0185635937868478
CATAAT	0.7402885652096334
CATAAA	0.8097572100738649
GAAATT	1.5323327699346496
GAAATA	1.3036541828267663
CATATT	0.761377048679092
CATATA	0.37014428260481674
CATTTT	1.6241374622612417
CATTTA	0.6767795988258594
AGTAAT	1.1918143766158384
AGTAAA	0.931181559161976
AGTTTT	1.2806944407564973
AGTTTA	0.778263748940493
AGTTAT	0.778263748940493
AGTTAA	1.1918143766158384
GATTTT	1.1383950584502198
GATTTA	1.0895692485166901
GATTAT	1.4008747480928874
GATTAA	1.8728511632534606
GATATT	0.9339164987285916
GATATA	0.681036786637622
ATCATT	0.4229872492661622
ATCATA	0.37014428260481674
ATCAAT	0.7402885652096334
ATCAAA	0.8097572100738649
AGATAT	0.681036786637622
AGATAA	1.3036541828267663
CAAATT	1.017896777163246
CAAATA	0.8097572100738649
CAATAT	0.5552164239072249
CAATAA	1.113416163851564
CAATTT	1.015169398238789
CAATTA	0.8328246358608373
GTATAT	0.6226109991523943
GTATAA	2.383628753231677
ATCTTT	0.3093595166211889
ATCTTA	1.0997668480920215
ATCTAT	1.2689617477984867
ATCTAA	0.6477524945584293
AGTATT	1.2452219983047887
AGTATA	1.1918143766158384
AAACAT	0.6073179075553987
AAACAA	1.7714895787453582
GTAATT	0.7782637489404929
GTAATA	0.6810367866376219
CAAAAT	0.9109768613330981
CAAAAA	0.8857447893726791
AGAATT	0.681036786637622
AGAATA	0.931181559161976
AGAAAT	2.2348357419887424
AGAAAA	1.4259890313015868
GTAAAT	0.0
GTAAAA	1.1174178709943712
GTATTT	0.5691975292251099
GTATTA	1.2452219983047885
AGATTT	0.3113054995761972
AGATTA	0.8512959832970275
AATTTC	0.8459744985323244
AATTTG	1.2452219983047887
AATTAC	0.9253607065120416
AATTAG	0.5107775899782164
AATACT	0.9253607065120415
AATACA	0.5060982562961656
AATAGT	0.6810367866376218
AATAGA	0.9311815591619759
AAAGTT	1.362073573275244
AAAGTA	0.931181559161976
AAAGAT	1.1174178709943712
AAAGAA	1.2222763125442173
AAAACC	1.33694378216851
AAAACG	0.894499243686246
AAAAGC	1.1181240546078077
AAAAGG	0.8229046336780252
AAATCC	1.1111346170462686
AAATCG	0.6133204682696092
AAACCT	1.2222480787508956
AAACCA	0.8507824068345062
AAACGT	0.2044401560898697
AAACGA	0.6708744327646846
AAACTC	0.5555673085231343
AAACTG	2.044401560898697
AAACAC	0.7292420630010056
AAACAG	0.6708744327646846
GACTTT	0.8543358743899111
GACTTA	1.495210741592015
GACTAT	0.7476053707960075
GACTAA	0.613320468269609
ATCCTT	1.207264597726464
ATCCTA	0.6094865778345376
ATCCAT	0.6094865778345375
ATCCAA	0.22222692340925376
CGAATT	0.1869013426990019
CGAATA	0.4088803121797394
GTAAGT	1.0316519462699558
GTAAGA	0.7523080782624894
GTAATC	0.5607040280970057
GTAATG	2.0633038925399116
GACATT	0.37380268539800376
GACATA	0.613320468269609
GACAAT	1.0222007804493483
GACAAA	2.0126232982940535
AGAAGT	0.7523080782624894
AGAAGA	2.0572615841950634
AGAATC	0.6133204682696092
AGAATG	1.1284621173937341
AGAAAC	0.6708744327646846
AGAAAG	1.6458092673560505
GTAAAC	0.6133204682696092
GTAAAG	1.1284621173937341
CGAAAT	0.4088803121797394
CGAAAA	0.8944992436862462
ATCGTT	0.34173434975596456
ATCGTA	0.5607040280970057
ATCGAT	0.3738026853980038
ATCGAA	0.6133204682696092
GTATTC	0.5126015246339467
GTATTG	0.6287647125161098
GTATAC	0.5607040280970057
GTATAG	1.0316519462699558
AGATAC	1.2266409365392184
AGATAG	1.1284621173937341
AGAACT	1.839961404808827
AGAACA	0.894499243686246
CAAAGT	0.4088803121797394
CAAAGA	0.8944992436862462
CAAATC	0.44445384681850747
CAAATG	0.8177606243594788
CAAAAC	1.0938630945015082
CAAAAG	1.565373676450931
GAGTTT	0.6287647125161098
GAGTTA	0.6877679641799707
GAGTAT	1.031651946269956
GAGTAA	1.1284621173937341
AGAGTT	0.0
AGAGTA	0.7523080782624894
AGAGAT	1.8807701956562235
AGAGAA	1.6458092673560507
AGATCT	0.5607040280970057
AGATCA	0.6133204682696092
AGATGT	1.0316519462699558
AGATGA	1.5046161565249787
AGATTC	0.1869013426990019
AGATTG	1.0316519462699558
GAGATT	0.6877679641799707
GAGATA	1.504616156524979
GAGAAT	0.7523080782624895
GAGAAA	2.468713901034076
AGACTT	1.1214080561940114
AGACTA	0.40888031217973936
AGACAT	0.20444015608986968
AGACAA	1.5653736764509305
CAATGT	0.7476053707960075
CAATGA	1.226640936539218
CAATTC	0.81264877044605
CAATTG	0.9345067134950095
CAATAC	0.5555673085231343
CAATAG	0.613320468269609
GTAACT	0.37380268539800376
GTAACA	0.8177606243594787
ATCTCT	0.7429320601393624
ATCTCA	0.5079054815287812
ATCTGT	1.1960702241458758
ATCTGA	0.3738026853980038
ATCTTC	0.928665075174203
ATCTTG	0.34173434975596445
ATCTAC	0.6094865778345376
ATCTAG	1.1214080561940114
GATGTT	1.5719117812902745
GATGTA	0.0
AGTACT	0.9345067134950096
AGTACA	0.8177606243594788
AGTAGT	1.7194199104499266
AGTAGA	1.8807701956562235
AGTATC	0.7476053707960076
AGTATG	1.7194199104499266
AGTAAC	1.0222007804493485
AGTAAG	1.1284621173937341
CAAACT	1.2222480787508956
CAAACA	0.48616137533400355
AGTTCT	1.0252030492678936
AGTTCA	0.5607040280970057
AGTTGT	0.0
AGTTGA	1.3755359283599413
AGTTTC	0.5126015246339468
AGTTTG	0.9431470687741648
AGTTAC	1.1214080561940114
AGTTAG	1.3755359283599413
GATCTT	0.6834686995119289
GATCTA	1.1214080561940114
GATCAT	0.18690134269900188
GATCAA	1.226640936539218
GATGAT	0.34388398208998533
GATGAA	2.633078273918713
GATTCT	0.6834686995119291
GATTCA	0.0
GATTGT	0.9431470687741648
GATTGA	0.34388398208998533
GATTTC	0.6834686995119291
GATTTG	1.2575294250322195
CTCTTT	0.5093972322876601
CTCTTA	0.5571990451045218
AGTGTT	0.6287647125161098
AGTGTA	0.6877679641799707
AGTGAT	0.34388398208998533
AGTGAA	0.7523080782624894
GATTAC	0.3738026853980038
GATTAG	1.0316519462699558
GATACT	0.3738026853980038
GATACA	0.6133204682696092
GATAGT	2.0633038925399116
GATAGA	0.0
GATATC	0.1869013426990019
GATATG	0.0
AGTCTT	1.0252030492678934
AGTCTA	0.7476053707960075
AGTCAT	0.9345067134950095
AGTCAA	0.0
ATCACT	0.406324385223025
ATCACA	0.5555673085231344
ATCAGT	1.4952107415920153
ATCAGA	0.4088803121797394
ATCATC	2.2347841187266377
ATCATG	0.7476053707960076
ATCAAC	0.8889076936370149
ATCAAG	0.2044401560898697
GTAGTT	1.5719117812902743
GTAGTA	1.0316519462699558
GTAGAT	1.3755359283599413
GTAGAA	1.5046161565249787
GAAGAT	0.7523080782624894
GAAGAA	1.234356950517038
GAATCT	0.5607040280970057
GAATCA	0.4088803121797394
GATAAC	1.0222007804493485
GATAAG	1.1284621173937341
GAACTT	0.18690134269900188
GAACTA	2.0444015608986965
GAACAT	0.613320468269609
GAACAA	0.894499243686246
AGGATT	2.063303892539912
AGGATA	0.7523080782624895
AGGAAT	2.2569242347874683
AGGAAA	2.0572615841950634
GAATAC	0.2044401560898697
GAATAG	0.3761540391312447
GAAACT	1.4310810926290878
GAAACA	0.894499243686246
CTCATT	1.0215315826916231
CTCATA	0.8126487704460498
AGGTTT	1.5719117812902745
AGGTTA	2.7510718567198826
AGGTAT	0.6877679641799707
AGGTAA	1.8807701956562237
GAAGTT	0.6877679641799707
GAAGTA	2.633078273918713
GAAAGT	1.5046161565249787
GAAAGA	2.468713901034076
CAAGTT	0.18690134269900188
CAAGTA	1.0222007804493483
CAAGAT	0.8177606243594787
CAAGAA	1.788998487372492
CGTATT	0.5126015246339468
CGTATA	0.1869013426990019
CTCTAT	1.3001311052438842
CTCTAA	0.9142298667518061
GAATGT	0.0
GAATGA	1.8807701956562235
GAATTC	0.0
GAATTG	1.3755359283599413
CAACTT	1.218973155669075
CAACTA	1.3333615404555226
CAACAT	1.1111346170462686
CAACAA	0.8507824068345062
CTCAAT	1.0158109630575625
CTCAAA	0.5555673085231343
CAATCT	0.81264877044605
CAATCA	0.44445384681850747
GAAATC	1.2266409365392184
GAAATG	0.7523080782624894
GAAAAC	1.3417488655293692
GAAAAG	1.2343569505170378
TCCTAT	0.8357985676567826
TCCTAA	1.0158109630575622
AGCATT	0.9345067134950095
AGCATA	0.613320468269609
AGCAAT	1.839961404808827
AGCAAA	0.6708744327646845
CGTAAT	0.1869013426990019
CGTAAA	0.8177606243594788
CATAGT	0.9345067134950096
CATAGA	0.0
CATATC	0.5079054815287813
CATATG	0.3738026853980038
CATAAC	0.6666807702277612
CATAAG	1.0222007804493485
TCCATT	0.7429320601393623
TCCATA	0.6094865778345374
TCCAAT	0.406324385223025
TCCAAA	0.22222692340925373
CATTGT	0.34173434975596456
CATTGA	0.0
CATTTC	0.27859952255226095
CATTTG	1.0252030492678934
AGCTTT	1.53780457390184
AGCTTA	2.0559147696890205
AGCTAT	1.869013426990019
AGCTAA	1.226640936539218
TCCTTT	0.8489953871461001
TCCTTA	0.9286650751742029
GTATCT	0.5126015246339467
GTATCA	0.9345067134950095
GTATGT	0.3143823562580549
GTATGA	2.407187874629897
GTACTT	0.8543358743899111
GTACTA	0.9345067134950095
GTACAT	0.37380268539800376
GTACAA	0.8177606243594787
ATGCTT	1.7086717487798222
ATGCTA	1.1214080561940114
ATGCAT	1.1214080561940114
ATGCAA	1.4310810926290878
GTTAGT	0.6287647125161098
GTTAGA	0.6877679641799705
GTTATC	0.34173434975596445
GTTATG	1.5719117812902743
TCGTTT	0.3124171397505843
TCGTTA	0.5126015246339468
TCGTAT	0.34173434975596456
TCGTAA	0.5607040280970057
CATGTT	0.5126015246339468
CATGTA	0.3738026853980038
CATGAT	1.3083093988930135
CATGAA	1.431081092629088
CATTAC	0.8126487704460501
CATTAG	0.7476053707960076
CATACT	0.5079054815287812
CATACA	0.6666807702277613
CTGTAT	1.0252030492678936
CTGTAA	0.5607040280970057
TCTCAT	0.7429320601393624
TCTCAA	0.5079054815287812
CATCTT	0.5571990451045219
CATCTA	1.1173920593633189
CATCAT	1.218973155669075
CATCAA	0.7777942319323882
TCGATT	0.34173434975596445
TCGATA	0.37380268539800376
TCGAAT	0.18690134269900188
TCGAAA	1.0222007804493483
CTGAAT	1.3083093988930132
CTGAAA	0.613320468269609
CTGTTT	0.7810428493764608
CTGTTA	0.5126015246339468
CATTCT	1.207264597726464
CATTCA	0.5079054815287812
TCTGAT	1.0252030492678936
TCTGAA	0.9345067134950096
ACAAGT	0.6133204682696092
ACAAGA	1.7889984873724925
ACAATC	0.44445384681850747
ACAATG	0.8177606243594788
ACAAAC	1.3369437821685102
ACAAAG	1.3417488655293692
CTGATT	2.050406098535787
CTGATA	0.37380268539800376
TCTCTT	0.7640958484314904
TCTCTA	0.8357985676567827
ACATGT	0.5607040280970057
ACATGA	1.839961404808827
ACATTC	0.406324385223025
ACATTG	0.18690134269900188
ACATAC	0.22222692340925373
ACATAG	0.20444015608986968
ACAACT	1.1111346170462686
ACAACA	0.9723227506680071
TCTGTT	0.937251419251753
TCTGTA	0.8543358743899113
GTTAAC	0.7476053707960075
GTTAAG	0.6877679641799705
ATGGTT	1.8862941375483295
ATGGTA	1.0316519462699558
ATGGAT	0.0
ATGGAA	0.3761540391312447
ATGTCT	0.5126015246339468
ATGTCA	0.5607040280970057
ATGTGT	0.0
ATGTGA	1.0316519462699558
ATGTTC	0.34173434975596456
ATGTTG	2.515058850064439
ACAGTT	0.9345067134950095
ACAGTA	0.613320468269609
ACAGAT	0.40888031217973936
ACAGAA	0.894499243686246
ACATCT	0.9142298667518062
ACATCA	0.6666807702277612
TCTTCT	1.697990774292201
TCTTCA	0.928665075174203
TCTTGT	0.6248342795011687
TCTTGA	0.6834686995119291
TCTTTC	0.3395981548584402
TCTTTG	0.6248342795011687
TCTTAC	1.0215315826916234
TCTTAG	0.6834686995119289
TCTACT	1.3929976127613046
TCTACA	0.6094865778345375
TCTAGT	0.34173434975596456
TCTAGA	0.9345067134950096
TCTATC	0.6500655526219421
TCTATG	0.6834686995119289
TCTAAC	0.6094865778345376
TCTAAG	0.9345067134950096
ACACTT	0.5079054815287812
ACACTA	0.6666807702277613
ACACAT	1.0000211553416418
ACACAA	0.6077017191675045
TCATTC	0.7429320601393624
TCATTG	0.5126015246339467
TCACTT	0.9286650751742029
TCACTA	0.9142298667518061
TCACAT	0.7110676741402937
TCACAA	0.5555673085231343
ACTAAC	0.8889076936370149
ACTAAG	1.2266409365392184
CTTCTT	1.782890313006811
CTTCTA	1.5787306277961453
CTTCAT	1.1143980902090438
CTTCAA	0.81264877044605
ATGTAC	0.3738026853980038
ATGTAG	1.3755359283599413
ATGACT	1.3083093988930135
ATGACA	1.6355212487189577
ATGAGT	0.6877679641799707
ATGAGA	0.7523080782624894
ATGATC	1.3083093988930135
ATGATG	1.0316519462699558
ATGAAC	1.0222007804493485
ATGAAG	2.2569242347874683
ACTACT	0.9142298667518062
ACTACA	0.7777942319323882
ACTAGT	1.3083093988930135
ACTAGA	1.2266409365392184
ACTATC	0.9142298667518064
ACTATG	0.7476053707960076
TCAGTT	0.8543358743899111
TCAGTA	0.37380268539800376
TCAGAT	0.18690134269900188
TCAGAA	0.613320468269609
TCATCT	1.0215315826916231
TCATCA	1.320554251974831
TCATGT	0.8543358743899111
TCATGA	0.7476053707960075
TCAATC	0.406324385223025
TCAATG	0.9345067134950095
ACTGTT	0.6834686995119291
ACTGTA	0.5607040280970057
ACTGAT	1.3083093988930135
ACTGAA	0.8177606243594788
ACTTCT	1.5787306277961453
ACTTCA	0.81264877044605
ACTTGT	0.6834686995119291
ACTTGA	0.3738026853980038
ACTTTC	0.4643325375871015
ACTTTG	1.0252030492678934
ACTTAC	0.9142298667518064
ACTTAG	1.4952107415920153
CAGAAT	0.6133204682696092
CAGAAA	0.4472496218431231
ACTCTT	1.0215315826916234
ACTCTA	0.3047432889172688
ACTCAT	0.9142298667518062
ACTCAA	1.5555884638647763
TCATAC	0.5079054815287812
TCATAG	0.5607040280970057
TCAACT	1.3205542519748312
TCAACA	0.44445384681850747
TCAAGT	0.0
TCAAGA	1.0222007804493483
CAGTAT	0.3738026853980038
CAGTAA	1.0222007804493485
CTTTCT	0.7640958484314904
CTTTCA	0.6500655526219421
ACGATT	0.9345067134950096
ACGATA	0.0
ACGAAT	0.4088803121797394
ACGAAA	1.3417488655293692
TCAAAC	1.1111346170462686
TCAAAG	0.20444015608986968
CAGATT	0.0
CAGATA	0.8177606243594788
TGCAAT	0.0
TGCAAA	1.226640936539218
TGCTTT	0.4686257096258765
TGCTTA	1.1960702241458758
TGCTAT	1.0252030492678936
TGCTAA	2.242816112388023
CGTTAT	0.34173434975596456
CGTTAA	0.9345067134950096
ACGTAT	0.1869013426990019
ACGTAA	0.2044401560898697
CTTGTT	0.6248342795011687
CTTGTA	1.3669373990238582
CTTGAT	1.1960702241458758
CTTGAA	0.3738026853980038
CAGTTT	0.8543358743899113
CAGTTA	1.1214080561940114
TGGTAT	1.2575294250322195
TGGTAA	0.6877679641799707
CACTAT	1.218973155669075
CACTAA	0.5555673085231344
CACATT	0.81264877044605
CACATA	0.6666807702277613
CACAAT	0.7777942319323881
CACAAA	0.7292420630010054
CGTTTT	0.4686257096258766
CGTTTA	0.6834686995119291
CTTACT	0.928665075174203
CTTACA	1.4221353482805874
ACGTTT	0.17086717487798228
ACGTTA	0.3738026853980038
TGCATT	0.8543358743899111
TGCATA	0.37380268539800376
ATTCCT	0.7429320601393624
ATTCCA	0.81264877044605
ATTCGT	0.8543358743899113
ATTCGA	0.0
ATTCTC	0.6500655526219421
ATTCTG	0.5126015246339467
GTTTGT	0.2874116593790744
GTTTGA	0.6287647125161098
GTTTTC	0.0
GTTTTG	0.8622349781372232
GTTTAC	0.5126015246339468
GTTTAG	0.3143823562580549
TGGATT	0.6287647125161098
TGGATA	0.0
TGGAAT	0.34388398208998533
TGGAAA	1.8807701956562235
CTTTGT	0.937251419251753
CTTTGA	0.5126015246339468
CTTTTC	0.8489953871461005
CTTTTG	1.2496685590023373
CTTTAC	1.0215315826916234
CTTTAG	0.8543358743899111
TGGTTT	1.437058296895372
TGGTTA	2.2006764938063843
TGTGTT	0.2874116593790744
TGTGTA	0.0
TGTGAT	1.2575294250322195
TGTGAA	1.0316519462699558
CACTTT	0.6500655526219421
CACTTA	0.6094865778345376
TGTCTT	0.9372514192517529
TGTCTA	0.34173434975596445
TGTCAT	0.5126015246339467
TGTCAA	0.18690134269900188
ACCATT	1.218973155669075
ACCATA	0.5555673085231344
ACCAAT	1.0000211553416418
ACCAAA	1.093863094501508
GTTACT	0.34173434975596445
GTTACA	1.1214080561940114
ATTCAC	0.7110676741402938
ATTCAG	0.3738026853980038
ATTGCT	2.0504060985357873
ATTGCA	0.7476053707960076
ATTGGT	1.2575294250322195
ATTGGA	1.7194199104499266
ATTGTC	0.5126015246339468
ATTGTG	0.6287647125161098
CTTAAC	0.7110676741402938
CTTAAG	1.1214080561940114
TGTTCT	2.0307114083787985
TGTTCA	0.5126015246339468
TGTTGT	1.437058296895372
TGTTGA	0.9431470687741648
TGTTTC	0.4686257096258765
TGTTTG	0.2874116593790744
TGTTAC	0.5126015246339468
TGTTAG	0.6287647125161098
TGTATC	0.5126015246339467
TGTATG	1.5719117812902743
TGTAAC	0.0
TGTAAG	0.6877679641799705
ACCTTT	1.207264597726464
ACCTTA	1.0158109630575627
ACCTAT	1.1173920593633186
ACCTAA	1.3333615404555226
CTTAGT	1.3669373990238582
CTTAGA	1.1214080561940114
CTTATC	0.8357985676567827
CTTATG	2.5630076231697334
TGATGT	0.3143823562580549
TGATGA	2.407187874629897
TGACTT	1.0252030492678934
TGACTA	0.37380268539800376
TGACAT	0.9345067134950095
TGACAA	1.226640936539218
CTATCT	0.8357985676567826
CTATCA	1.2189731556690748
CTACTT	1.3001311052438842
CTACTA	1.1173920593633184
CTACAT	0.5079054815287812
CTACAA	1.7778153872740299
TGTACT	1.1960702241458756
TGTACA	0.5607040280970057
TGTAGT	0.6287647125161098
TGTAGA	2.0633038925399116
ATTGAC	0.5607040280970057
ATTGAG	0.0
ATTTCC	1.0215315826916234
ATTTCG	0.34173434975596445
ATTTGC	0.6834686995119289
ATTTGG	1.2575294250322195
TGAAGT	2.0633038925399116
TGAAGA	1.1284621173937341
CTAGTT	1.53780457390184
CTAGTA	0.5607040280970057
CTAGAT	0.37380268539800376
CTAGAA	2.6577220291683057
TGAGTT	0.3143823562580549
TGAGTA	0.3438839820899853
TGAGAT	0.0
TGAGAA	1.8807701956562235
TGATCT	0.6834686995119289
TGATCA	1.3083093988930132
ATTACC	1.0158109630575625
ATTACG	0.37380268539800376
ATTAGC	0.5607040280970057
ATTAGG	0.6877679641799707
TGATTC	1.0252030492678934
TGATTG	0.9431470687741647
TGATAC	0.7476053707960075
TGATAG	1.7194199104499261
TGAACT	0.37380268539800376
TGAACA	0.8177606243594787
ATACCT	0.81264877044605
ATACCA	0.6666807702277613
ATACGT	0.5607040280970057
ATACGA	0.6133204682696092
ATACTC	0.5079054815287813
ATACTG	0.9345067134950096
GTTGTT	1.1496466375162977
GTTGTA	0.6287647125161098
GTTGAT	0.9431470687741648
GTTGAA	1.0316519462699558
GTTTCT	0.937251419251753
GTTTCA	0.5126015246339468
ATACAC	0.8889076936370149
ATACAG	0.4088803121797394
ATAGCT	1.1214080561940114
ATAGCA	1.0222007804493485
ATAGGT	0.34388398208998533
ATAGGA	1.1284621173937341
ATAGTC	0.9345067134950096
ATAGTG	0.34388398208998533
TAAACC	1.6667019255694033
TAAACG	0.2044401560898697
TAAAGC	2.6577220291683066
TAAAGG	1.1284621173937341
ATAGAC	0.0
ATAGAG	0.3761540391312447
ATATCC	0.9142298667518062
ATATCG	0.7476053707960075
ATATGC	0.5607040280970057
ATATGG	0.6877679641799707
TAAGGT	2.0633038925399116
TAAGGA	0.7523080782624894
TAAGTC	0.5607040280970057
TAAGTG	1.0316519462699558
TAAGAC	1.0222007804493485
TAAGAG	1.5046161565249787
TAATCC	1.0158109630575625
TAATCG	0.7476053707960075
TAATGC	1.8690134269900192
TAATGG	1.0316519462699558
ATAACC	1.2222480787508958
ATAACG	0.4088803121797394
ATAAGC	0.8177606243594789
ATAAGG	1.504616156524979
GTTCTT	1.7182942686282137
GTTCTA	1.0252030492678934
TAACCT	1.6252975408921
TAACCA	0.6666807702277613
TAACGT	0.0
TAACGA	0.0
TAACTC	0.5079054815287813
TAACTG	0.7476053707960076
TAACAC	1.1111346170462686
TAACAG	1.2266409365392184
TAAGCT	0.9345067134950096
TAAGCA	0.6133204682696092
GTTCAT	0.17086717487798223
GTTCAA	1.3083093988930132
GTGATT	1.8862941375483293
GTGATA	1.0316519462699558
GTGAAT	1.0316519462699558
GTGAAA	0.7523080782624894
CGATTT	0.8543358743899113
CGATTA	0.1869013426990019
CGATAT	0.5607040280970057
CGATAA	0.0
TATACC	0.9142298667518062
TATACG	0.18690134269900188
TATAGC	1.3083093988930135
TATAGG	1.0316519462699558
TATTCC	1.3001311052438842
TATTCG	0.6834686995119289
TATTGC	0.8543358743899111
TATTGG	1.5719117812902743
GTGTAT	0.3143823562580549
GTGTAA	0.34388398208998533
GCTTTT	1.4058771288776297
GCTTTA	1.196070224145876
GCTTAT	1.7086717487798226
GCTTAA	1.8690134269900192
GCTAAT	1.6821120842910173
GCTAAA	1.6355212487189577
GTGTTT	0.0
GTGTTA	0.3143823562580549
AACCTT	1.5237164445863436
AACCTA	1.3333615404555226
AACCAT	0.6666807702277612
AACCAA	0.8507824068345062
CCTTAT	1.4858641202787253
CCTTAA	1.6252975408921002
TATCAC	0.20316219261151253
TATCAG	1.6821120842910173
TATGCT	1.879538923657805
TATGCA	0.3738026853980038
TATGGT	0.9431470687741648
TATGGA	0.34388398208998533
TATGTC	0.8543358743899113
TATGTG	0.9431470687741648
TATGAC	0.7476053707960076
TATGAG	2.0633038925399116
TATCTC	0.5571990451045219
TATCTG	0.8543358743899111
TGAATC	0.5607040280970057
TGAATG	3.0949558388098675
TGAAAC	1.2266409365392184
TGAAAG	0.7523080782624894
CTAAGT	0.9345067134950095
CTAAGA	1.0222007804493483
CTAATC	0.81264877044605
CTAATG	1.495210741592015
TAGACT	0.0
TAGACA	0.4088803121797394
TAGAGT	0.6877679641799707
TAGAGA	1.1284621173937341
TAGATC	0.1869013426990019
TAGATG	1.0316519462699558
TAGAAC	1.431081092629088
TAGAAG	3.761540391312447
TATCCT	0.928665075174203
TATCCA	0.7110676741402937
TATCGT	0.6834686995119291
TATCGA	0.7476053707960076
GCTATT	2.2212732734137695
GCTATA	0.9345067134950096
GTCAAT	0.37380268539800376
GTCAAA	0.20444015608986968
CCTTTT	1.358392619433761
CCTTTA	1.7644636428309861
GTCTAT	0.17086717487798228
GTCTAA	0.5607040280970057
GTCATT	0.34173434975596445
GTCATA	0.5607040280970057
AACGTT	0.18690134269900188
AACGTA	0.20444015608986968
AACGAT	0.613320468269609
AACGAA	0.6708744327646845
GCATTT	1.5378045739018404
GCATTA	0.1869013426990019
TTCCAT	0.3714660300696812
TTCCAA	0.6094865778345375
TAGGAT	1.3755359283599413
TAGGAA	1.1284621173937341
TAGTCT	0.6834686995119291
TAGTCA	0.9345067134950096
TAGTGT	0.0
TAGTGA	1.0316519462699558
TAGTTC	0.5126015246339468
TAGTTG	1.8862941375483295
TAGTAC	0.9345067134950096
TAGTAG	1.7194199104499266
TTCGAT	0.5126015246339468
TTCGAA	0.5607040280970057
TTCTCT	0.7640958484314904
TTCTCA	0.6500655526219421
TAGCTT	1.3669373990238578
TAGCTA	1.6821120842910169
TAGCAT	1.3083093988930132
TAGCAA	1.0222007804493483
TAGGTT	1.8862941375483295
TAGGTA	0.34388398208998533
CTAAAC	2.0000423106832836
CTAAAG	1.6355212487189574
TTCCTT	0.9338949258607104
TTCCTA	1.3001311052438842
TTCACT	1.3001311052438842
TTCACA	0.81264877044605
TACAGT	0.3738026853980038
TACAGA	0.6133204682696092
TACATC	0.7110676741402938
TACATG	1.1214080561940114
TACAAC	1.1111346170462686
TACAAG	1.0222007804493485
TTCGTT	0.3124171397505843
TTCGTA	0.6834686995119291
GCATAT	0.1869013426990019
GCATAA	1.6355212487189577
GTCTTT	0.3124171397505843
GTCTTA	1.1960702241458758
AACTCT	0.30474328891726876
AACTCA	0.6666807702277612
AACTGT	0.37380268539800376
AACTGA	1.6355212487189574
AACTTC	0.7110676741402937
AACTTG	0.37380268539800376
AACTAC	0.7777942319323881
AACTAG	1.4310810926290878
TACTAC	0.7110676741402938
TACTAG	1.4952107415920153
TACACT	0.6094865778345375
TACACA	0.888907693637015
TTCTGT	0.4686257096258765
TTCTGA	1.7086717487798226
TTCTTC	1.782890313006811
TTCTTG	0.7810428493764608
TTCTAC	1.207264597726464
TTCTAG	2.5630076231697334
TTCAAC	0.5079054815287813
TTCAAG	1.1214080561940114
TACGTT	0.34173434975596456
TACGTA	0.0
TACGAT	0.1869013426990019
TACGAA	1.2266409365392184
TACTCT	0.8357985676567827
TACTCA	1.218973155669075
TACTGT	0.6834686995119291
TACTGA	1.3083093988930135
TACTTC	1.9501966578658265
TACTTG	0.8543358743899111
TTGCTT	0.6248342795011687
TTGCTA	2.0504060985357873
TTGCAT	0.6834686995119291
TTGCAA	0.7476053707960076
TTGGTT	1.7244699562744463
TTGGTA	0.6287647125161098
CTAACT	0.7110676741402937
CTAACA	1.2222480787508956
TACCTT	0.4643325375871015
TACCTA	0.9142298667518064
TACCAT	1.0158109630575625
TACCAA	0.888907693637015
TTCAGT	0.5126015246339468
TTCAGA	0.7476053707960076
TTCATC	0.7429320601393624
TTCATG	0.5126015246339467
GCAAAT	1.0222007804493485
GCAAAA	1.3417488655293692
AACACT	0.6666807702277612
AACACA	0.7292420630010054
AACAGT	0.8177606243594788
AACAGA	0.6708744327646846
AACATC	0.8889076936370149
AACATG	1.0222007804493485
AACAAC	1.0938630945015082
AACAAG	1.7889984873724925
GGAATT	3.0949558388098684
GGAATA	0.7523080782624895
CTATGT	1.0252030492678934
CTATGA	1.1214080561940114
CTATTC	0.8357985676567827
CTATTG	2.050406098535787
CTATAC	1.4221353482805874
CTATAG	1.1214080561940114
GGAAAT	0.37615403913124473
GGAAAA	2.0572615841950634
GCAATT	0.7476053707960076
GCAATA	1.0222007804493485
GGATTT	1.8862941375483295
GGATTA	3.094955838809868
GGATAT	0.34388398208998533
GGATAA	0.37615403913124473
AAGCTT	2.0559147696890205
AAGCTA	1.0222007804493483
AAGCAT	0.40888031217973936
AAGCAA	1.341748865529369
TTAAGC	0.7476053707960078
TTAAGG	1.3755359283599413
TTGGAT	0.6287647125161098
TTGGAA	1.3755359283599413
TTGTCT	0.937251419251753
TTGTCA	0.34173434975596456
TTGTGT	0.0
TTGTGA	0.6287647125161098
TTGTTC	1.7182942686282139
TTGTTG	1.1496466375162977
TTATGC	2.0504060985357873
TTATGG	2.515058850064439
TTAACC	2.1332030224208816
TTAACG	0.3738026853980038
CCAATT	0.6094865778345375
CCAATA	0.888907693637015
CCAAAT	0.7777942319323881
CCAAAA	0.9723227506680071
CCATTT	0.928665075174203
CCATTA	1.2189731556690753
CCTAAT	1.8284597335036123
CCTAAA	1.2222480787508958
CCTATT	1.4858641202787248
CCTATA	1.4221353482805876
AAGGTT	1.7194199104499266
AAGGTA	1.8807701956562235
AAGGAT	0.7523080782624894
AAGGAA	1.6458092673560507
GGTTAT	1.5719117812902745
GGTTAA	2.407187874629897
TTAGCT	1.5378045739018404
TTAGCA	1.1214080561940114
TTAGGT	0.9431470687741648
TTAGGA	0.34388398208998533
TTAGTC	0.6834686995119291
TTAGTG	0.9431470687741648
TTAGAC	0.0
TTAGAG	0.6877679641799707
TTATCC	1.3001311052438844
TTATCG	0.8543358743899114
TTACCT	0.8357985676567827
TTACCA	0.8126487704460501
TTACGT	0.17086717487798228
TTACGA	0.3738026853980038
TTACTC	1.2072645977264642
TTACTG	0.6834686995119291
TTACAC	1.2189731556690753
TTACAG	0.9345067134950096
GGTATT	1.5719117812902745
GGTATA	0.6877679641799707
GGTAAT	1.031651946269956
GGTAAA	0.37615403913124473
AAGTCT	1.1214080561940114
AAGTCA	0.6133204682696092
AAGTGT	0.6877679641799707
AAGTGA	1.1284621173937341
AAGTTC	0.5607040280970057
AAGTTG	0.0
AAGTAC	0.6133204682696092
AAGTAG	1.8807701956562235
TTTACC	1.207264597726464
TTTACG	0.5126015246339467
TTTAGC	1.53780457390184
TTTAGG	1.2575294250322195
CCATAT	0.406324385223025
CCATAA	0.6666807702277613
GGTTTT	0.5748233187581488
GGTTTA	1.8862941375483295
AAGACT	1.226640936539218
AAGACA	0.894499243686246
AAGAGT	0.7523080782624894
AAGAGA	1.6458092673560507
AAGATC	0.6133204682696092
AAGATG	1.5046161565249787
AAGAAC	1.1181240546078077
AAGAAG	1.2343569505170378
TTTGAC	0.8543358743899113
TTTGAG	1.2575294250322195
TTTTCC	0.8489953871461005
TTTTCG	0.3124171397505843
TTTTGC	0.937251419251753
TTTTGG	2.011881615653521
AATCCT	0.9142298667518062
AATCCA	0.7777942319323881
AATCGT	0.18690134269900188
AATCGA	0.20444015608986968
AATCTC	0.7110676741402937
AATCTG	0.18690134269900188
AATCAC	1.0000211553416418
AATCAG	1.226640936539218
AATGCT	1.869013426990019
AATGCA	1.839961404808827
AATGGT	0.6877679641799707
AATGGA	0.7523080782624894
TTGATC	0.8543358743899113
TTGATG	0.3143823562580549
TTTCAC	1.0215315826916234
TTTCAG	0.34173434975596445
TTTGCT	0.937251419251753
TTTGCA	0.6834686995119291
TTTGGT	1.1496466375162977
TTTGGA	1.5719117812902745
TTTGTC	0.4686257096258765
TTTGTG	0.2874116593790744
TTTCCT	1.1036940032899305
TTTCCA	0.4643325375871015
TTTCGT	0.0
TTTCGA	0.5126015246339468
TTTCTC	1.0187944645753204
TTTCTG	1.0934599891270453
TTGTAC	0.6834686995119291
TTGTAG	2.8294412063224943
TTGACT	0.6834686995119291
TTGACA	0.3738026853980038
TTGAGT	0.0
TTGAGA	0.34388398208998533
AATGTC	0.37380268539800376
AATGTG	0.0
AATGAC	1.6355212487189577
AATGAG	1.1284621173937341
AATTCC	0.5079054815287812
AATTCG	0.7476053707960075
AATTGC	2.055914769689021
AATTGG	2.7510718567198826
AATACC	0.6666807702277612
AATACG	1.0222007804493483
AATAGC	1.2266409365392177
AATAGG	0.7523080782624892
AAAGCT	1.6355212487189574
AAAGCA	1.5653736764509305
AAAGGT	1.5046161565249787
AAAGGA	2.880166217873089
AAAGTC	0.8177606243594788
AAAGTG	1.1284621173937341
AAAGAC	1.7889984873724925
AAAGAG	2.880166217873088
TTGAAC	0.9345067134950096
TTGAAG	2.407187874629897
AAATGC	1.2266409365392184
AAATGG	1.8807701956562235
AAAGCC	1.9638658347794515
AAAGCG	0.4516701122915725
AAAGGC	0.9033402245831452
AAAGGG	0.0
TTTCCC	0.8155506562852787
TTTCCG	0.37513749664595136
TTTCGC	0.7502749932919027
TTTCGG	0.3451119567012269
TTGACC	0.8206807641074354
TTGACG	0.7549944936468984
TTGAGC	1.8874862341172458
TTGAGG	1.389131341605359
TTTGCC	1.6881187349067812
TTTGCG	0.3451119567012269
TTTGGC	1.3804478268049076
TTTGGG	2.5399169898615876
TTACCC	2.230204730774366
TTACCG	0.4103403820537177
TTACGC	0.6155105730805766
TTACGG	0.7549944936468984
TTAGCC	1.0258509551342943
TTAGCG	0.3774972468234492
TTAGGC	2.2649834809406952
TTAGGG	0.6945656708026795
TTGGAC	2.2649834809406952
TTGGAG	3.4728283540133975
TTGTCC	0.9378437416148784
TTGTCG	0.0
TTGTGC	0.6902239134024538
TTGTGG	0.6349792474653969
CTATGC	0.8206807641074353
CTATGG	1.1324917404703474
TTGCTC	0.9378437416148784
TTGCTG	1.7255597835061347
TTGCAC	0.0
TTGCAG	2.6424807277641444
TTGGCT	2.4157836969085884
TTGGCA	0.7549944936468984
TTGGGT	0.6349792474653969
TTGGGA	0.0
TTGGTC	2.0706717402073616
TTGGTG	1.2699584949307938
CTAACC	1.5856665759967428
CTAACG	0.22442335230341495
TACCCT	1.449633075003338
TACCCA	0.3659230559992484
TACCGT	0.0
TACCGA	0.4488467046068299
TACCTC	0.6690614192323099
TACCTG	1.0258509551342943
TACCAC	0.24394870399949894
TACCAG	0.4488467046068299
TTCAGC	0.4103403820537177
TTCAGG	1.5099889872937968
TTGCCT	1.31298123826083
TTGCCA	0.6155105730805764
TTGCGT	0.3451119567012269
TTGCGA	0.0
TACGCT	0.0
TACGCA	0.0
TACGGT	1.1324917404703476
TACGGA	0.41292157107919036
TACGTC	0.6155105730805766
TACGTG	0.3774972468234492
TACGAC	0.4488467046068299
TACGAG	0.8258431421583805
TACTCC	0.6690614192323099
TACTCG	0.20517019102685882
TACTGC	0.8206807641074354
TACTGG	1.5099889872937968
TACACC	1.4636922239969936
TACACG	1.1221167615170748
TTCTGC	0.5627062449689271
TTCTGG	0.6902239134024538
TTCACC	0.6690614192323099
TTCACG	0.20517019102685882
TACAGC	0.6732700569102449
TACAGG	2.4775294264751415
TAGCCT	2.4620422923223058
TAGCCA	1.1221167615170748
TAGCGT	0.7549944936468984
TAGCGA	0.0
TTCGCT	0.9378437416148784
TTCGCA	0.6155105730805764
TTCGGT	0.6902239134024538
TTCGGA	0.0
TTCGTC	0.37513749664595136
TTCGTG	0.3451119567012269
TTCGAC	0.8206807641074354
TTCGAG	0.0
TTCTCC	1.9369328086775368
TTCTCG	1.5005499865838055
TAGCTC	0.6155105730805764
TAGCTG	2.642480727764144
TAGCAC	1.3465401138204898
TAGCAG	1.651686284316761
TAGGCT	1.5099889872937968
TAGGCA	0.8258431421583805
TAGGGT	2.0836970124080385
TAGGGA	2.279231044084786
TAGGTC	0.7549944936468984
TAGGTG	2.778262683210718
TTCCCT	1.223325984427918
TTCCCA	1.0035921288484648
TTCCGT	0.18756874832297568
TTCCGA	0.41034038205371764
TTCCTC	1.1213821523922582
TTCCTG	0.7502749932919027
TTCCAC	1.2266126019259014
TTCCAG	1.2310211461611529
TAGGAC	0.8258431421583805
TAGGAG	1.5194873627231906
TAGTCC	0.6155105730805766
TAGTCG	0.3774972468234492
TAGTGC	0.3774972468234492
TAGTGG	1.389131341605359
TAGACC	0.22442335230341495
TAGACG	0.0
TAGAGC	0.0
TAGAGG	1.5194873627231906
TATCCC	1.115102365387183
TATCCG	0.41034038205371764
TATCGC	0.8206807641074354
TATCGG	1.8874862341172458
CTAAGC	1.1221167615170748
CTAAGG	0.0
TATGCC	1.436191337188012
TATGCG	1.1324917404703476
TATGGC	2.6424807277641444
TATGGG	2.0836970124080385
TAACCC	2.31751268799524
TAACCG	1.5709634661239047
TAACGC	0.4488467046068299
TAACGG	1.2387647132375708
TAAGCC	1.1221167615170748
TAAGCG	1.651686284316761
TAAGGC	0.41292157107919025
TAAGGG	0.0
TGAACC	2.0198101707307345
TGAACG	0.8258431421583805
TGAAGC	4.129215710791903
TGAAGG	0.7597436813615953
CTAGGT	1.5099889872937968
CTAGGA	2.0646078553959515
CTAGTC	0.6155105730805764
CTAGTG	0.7549944936468982
CTAGAC	0.0
CTAGAG	0.8258431421583805
CTATCC	0.33453070961615483
CTATCG	1.6413615282148706
TGAGTC	1.1324917404703474
TGAGTG	0.0
TGAGAC	0.41292157107919025
TGAGAG	0.0
TGATCC	1.025850955134294
TGATCG	0.0
TGATGC	0.7549944936468982
TGATGG	0.6945656708026794
TGACCT	1.2310211461611529
TGACCA	0.8976934092136598
TGACGT	0.0
TGACGA	0.8258431421583803
TGACTC	1.8465317192417292
TGACTG	0.0
TGACAC	0.8976934092136597
TGACAG	1.6516862843167606
TGAGCT	1.8874862341172456
TGAGCA	0.8258431421583803
TGAGGT	0.0
TGAGGA	0.0
ACCCTT	1.2266126019259014
ACCCTA	2.1955383359954905
ACCCAT	0.36592305599924835
ACCCAA	1.2007837761633366
CTACGT	0.41034038205371764
CTACGA	1.1221167615170748
CTACTC	0.8920818923097463
CTACTG	1.4361913371880117
CTACAC	0.9757948159979956
CTACAG	0.8976934092136598
TGTACC	0.41034038205371764
TGTACG	0.0
TGTAGC	2.264983480940695
TGTAGG	3.472828354013397
CTAGCT	1.4361913371880117
CTAGCA	2.0198101707307345
ACCGTT	0.41034038205371764
ACCGTA	0.22442335230341495
ACCGAT	0.0
ACCGAA	0.490966458694863
ACCTCT	1.2266126019259014
ACCTCA	0.8538204639982463
ACCTGT	0.6155105730805764
ACCTGA	0.6732700569102449
ACCTTC	1.115102365387183
ACCTTG	0.4103403820537177
ACCTAC	0.3659230559992484
ACCTAG	0.6732700569102449
ACCACT	0.4878974079989978
ACCACA	0.9339429370159286
CTTAGC	1.6413615282148708
CTTAGG	1.1324917404703476
TGTTCC	0.5627062449689271
TGTTCG	0.0
TGTTGC	1.7255597835061347
TGTTGG	2.5399169898615876
CACCAT	0.7318461119984967
CACCAA	0.6671020978685204
CACGTT	0.6155105730805764
CACGTA	0.4488467046068299
TGTGCT	0.0
TGTGCA	0.3774972468234492
TGTGGT	0.6349792474653969
TGTGGA	1.389131341605359
TGTGTC	0.0
TGTGTG	0.0
TGTGAC	0.3774972468234492
TGTGAG	0.0
TGTCCT	0.7502749932919025
TGTCCA	0.0
TGTCGT	0.6902239134024537
TGTCGA	0.0
TGTCTC	0.5627062449689268
TGTCTG	0.34511195670122685
TGTCAC	0.41034038205371764
TGTCAG	0.0
CACCTT	0.8920818923097464
CACCTA	0.4878974079989979
CTACCT	0.6690614192323099
CTACCA	0.9757948159979956
ACCAGT	1.1221167615170748
ACCAGA	0.490966458694863
ACCATC	0.24394870399949894
ACCATG	1.7953868184273196
ACCAAC	0.5336816782948163
ACCAAG	0.490966458694863
ACGCTT	0.20517019102685885
ACGCTA	0.44884670460683
ACGCAT	0.44884670460683
ACGCAA	0.7364496880422947
TGGATC	0.7549944936468982
TGGATG	0.0
TGGAAC	0.0
TGGAAG	0.7597436813615953
CACGAT	0.22442335230341495
CACGAA	0.2454832293474315
CACTCT	0.6690614192323099
CACTCA	0.8538204639982463
CACTGT	0.41034038205371764
CACTGA	0.6732700569102449
CACTTC	1.0035921288484648
CACTTG	0.8206807641074354
CCCATT	0.8920818923097464
CCCATA	0.7318461119984968
CTTTGC	0.9378437416148784
CTTTGG	1.3804478268049076
CTTACC	0.7805716557710282
CTTACG	0.41034038205371764
TGGTCT	2.0706717402073616
TGGTCA	2.2649834809406952
TGGTGT	0.0
TGGTGA	0.6945656708026795
TGGTTC	1.3804478268049076
TGGTTG	0.6349792474653969
TGGTAC	1.1324917404703476
TGGTAG	2.0836970124080385
TGGACT	2.264983480940695
TGGACA	1.2387647132375703
TGGAGT	0.6945656708026795
TGGAGA	0.7597436813615953
CACTAC	0.4878974079989979
CACTAG	1.5709634661239047
CACACT	0.7318461119984967
CACACA	0.5336816782948163
CACAGT	0.8976934092136598
CACAGA	0.981932917389726
CACATC	0.8538204639982463
CACATG	0.6732700569102449
TGGGTT	0.6349792474653968
TGGGTA	1.3891313416053588
TGGGAT	0.6945656708026795
TGGGAA	3.0389747254463813
CGTTCT	0.7502749932919027
CGTTCA	0.4103403820537177
CGTTGT	0.3451119567012269
CGTTGA	0.3774972468234492
CGTTTC	0.1875687483229757
CGTTTG	0.34511195670122696
CCGTAT	0.6155105730805764
CCGTAA	0.6732700569102449
TGGCTT	2.415783696908588
TGGCTA	0.7549944936468982
TGGCAT	0.3774972468234491
TGGCAA	0.8258431421583803
CCCAAT	0.8538204639982461
CCCAAA	1.734465454458153
ACGGTT	1.509988987293797
ACGGTA	0.41292157107919036
ACGGAT	0.8258431421583807
ACGGAA	0.9033402245831452
ACGTCT	0.4103403820537177
ACGTCA	0.44884670460683
ACGTGT	0.3774972468234492
ACGTGA	0.41292157107919036
ACGTTC	0.6155105730805766
ACGTTG	0.0
CAGCTT	1.436191337188012
CAGCTA	2.019810170730735
CAGCAT	0.89769340921366
CAGCAA	0.9819329173897262
TGCATC	0.6155105730805764
TGCATG	0.7549944936468982
TGCAAC	0.8976934092136598
TGCAAG	1.2387647132375708
CCGTTT	0.7502749932919027
CCGTTA	0.20517019102685882
CACAAC	1.2007837761633366
CACAAG	0.490966458694863
TGCTTC	0.7502749932919027
TGCTTG	1.7255597835061347
TGCTAC	0.8206807641074354
TGCTAG	0.7549944936468984
TGCACT	0.20517019102685882
TGCACA	0.22442335230341495
TGCAGT	1.1324917404703476
TGCAGA	0.8258431421583805
CGTTAC	0.8206807641074354
CGTTAG	0.0
CAGACT	0.8976934092136598
CAGACA	1.2274161467371576
CAGGTT	1.509988987293797
CAGGTA	1.238764713237571
CAGGAT	1.6516862843167615
CAGGAA	2.258350561457863
CAGTCT	0.8206807641074354
CAGTCA	0.0
TGCGTT	0.6902239134024537
TGCGTA	0.3774972468234491
TGCGAT	0.0
TGCGAA	0.41292157107919014
TGCTCT	0.5627062449689271
TGCTCA	1.4361913371880117
TGCTGT	0.3451119567012269
TGCTGA	1.5099889872937968
ACGTAC	0.22442335230341495
ACGTAG	0.0
CTTGGT	2.0706717402073616
CTTGGA	1.5099889872937968
CTTGTC	1.1254124899378541
CTTGTG	0.6902239134024538
CTTGAC	0.4103403820537177
CTTGAG	1.1324917404703476
CTTTCC	0.5097191601782991
CTTTCG	0.37513749664595136
CATCCT	1.449633075003338
CATCCA	0.8538204639982463
TGCCTT	1.5005499865838055
TGCCTA	1.2310211461611529
TGCCAT	0.8206807641074353
TGCCAA	0.4488467046068299
CAGTGT	0.3774972468234492
CAGTGA	1.238764713237571
CAGTTC	0.6155105730805766
CAGTTG	0.7549944936468984
CAGTAC	0.6732700569102449
CAGTAG	1.2387647132375708
ACGACT	0.22442335230341495
ACGACA	0.490966458694863
ACGAGT	0.0
ACGAGA	1.8066804491662904
ACGATC	0.22442335230341495
ACGATG	0.0
ACGAAC	0.490966458694863
ACGAAG	0.4516701122915726
ACTCCT	1.8956740211582113
ACTCCA	0.9757948159979958
CAGAGT	1.238764713237571
CAGAGA	0.9033402245831452
CAGATC	0.8976934092136598
CAGATG	0.8258431421583805
CAGAAC	1.2274161467371576
CAGAAG	0.9033402245831452
ACTCGT	0.0
ACTCGA	0.22442335230341495
ACTCTC	0.5575511826935915
ACTCTG	0.20517019102685885
ACTCAC	0.6098717599987473
ACTCAG	1.1221167615170748
ACTGCT	0.6155105730805766
ACTGCA	0.673270056910245
ACTGGT	1.1324917404703476
ACTGGA	1.238764713237571
ACTGTC	0.4103403820537177
ACTGTG	0.0
TCAACC	0.7318461119984967
TCAACG	0.6732700569102449
TCAAGC	0.8976934092136598
TCAAGG	2.4775294264751415
ACTGAC	1.7953868184273196
ACTGAG	0.0
ACTTCC	1.3381228384646198
ACTTCG	0.8206807641074353
ACTTGC	0.6155105730805766
ACTTGG	1.5099889872937968
ACTACC	0.3659230559992484
ACTACG	0.22442335230341495
ACTAGC	1.1221167615170748
ACTAGG	2.4775294264751415
TCAGAC	1.3465401138204898
TCAGAG	0.0
TCATCC	1.7841637846194927
TCATCG	1.025850955134294
TCATGC	0.20517019102685882
TCATGG	1.1324917404703474
TCACGT	0.0
TCACGA	0.0
TCACTC	1.0035921288484646
TCACTG	0.41034038205371764
TCACAC	0.8538204639982461
TCACAG	0.8976934092136598
TCAGCT	0.8206807641074353
TCAGCA	1.1221167615170748
TCAGGT	1.1324917404703476
TCAGGA	2.4775294264751415
TCAGTC	0.6155105730805764
TCAGTG	0.7549944936468982
CTTCGT	0.5627062449689271
CTTCGA	1.025850955134294
CTTCTC	1.9369328086775368
CTTCTG	1.1254124899378541
CTTCAC	1.0035921288484648
CTTCAG	1.4361913371880117
TCTAGC	3.0775528654028825
TCTAGG	1.8874862341172458
TCACCT	0.8920818923097464
TCACCA	0.6098717599987472
CTTGCT	1.1254124899378541
CTTGCA	1.2310211461611529
ACACCT	1.097769167997745
ACACCA	0.9339429370159286
ACACGT	0.8976934092136598
ACACGA	0.490966458694863
ACACTC	0.4878974079989979
ACACTG	1.3465401138204898
ACACAC	0.5336816782948163
ACACAG	0.981932917389726
ACAGCT	2.0198101707307345
ACAGCA	0.24548322934743144
ACAGGT	0.8258431421583805
ACAGGA	3.1616907860410075
ACAGTC	0.8976934092136598
ACAGTG	0.0
ACAGAC	0.7364496880422944
ACAGAG	0.903340224583145
ACATCC	0.6098717599987472
ACATCG	0.8976934092136598
ACATGC	0.4488467046068299
ACATGG	0.41292157107919025
TCTTGC	1.5005499865838055
TCTTGG	1.3804478268049076
TCTACC	0.7805716557710282
TCTACG	0.6155105730805764
ACAACC	1.601045034884449
ACAACG	0.7364496880422945
ACAAGC	1.7183826054320206
ACAAGG	0.0
CATGCT	0.0
CATGCA	0.89769340921366
TCTGCT	0.7502749932919027
TCTGCA	0.20517019102685882
TCTGGT	0.0
TCTGGA	0.3774972468234492
TCTGTC	0.5627062449689271
TCTGTG	1.0353358701036808
TCTGAC	0.6155105730805766
TCTGAG	1.5099889872937968
TCTTCC	1.3252698164635779
TCTTCG	0.9378437416148784
CTGAGT	0.3774972468234492
CTGAGA	0.8258431421583805
CTGATC	0.6155105730805764
CTGATG	1.8874862341172456
TCTCAC	0.7805716557710282
TCTCAG	0.41034038205371764
CATCGT	0.20517019102685882
CATCGA	0.0
CATCTC	0.7805716557710282
CATCTG	1.231021146161153
CATCAC	0.6098717599987473
CATCAG	0.8976934092136598
TCGAGT	0.7549944936468984
TCGAGA	0.0
TCGATC	1.025850955134294
TCGATG	0.7549944936468982
TCGAAC	0.22442335230341495
TCGAAG	0.8258431421583805
TCTCCT	1.3252698164635779
TCTCCA	0.6690614192323099
TCTCGT	0.37513749664595136
TCTCGA	0.8206807641074353
TCTCTC	0.7136068242496189
TCTCTG	1.1254124899378541
CTGAAC	1.1221167615170748
CTGAAG	2.0646078553959515
CTTCCT	1.5291574805348975
CTTCCA	1.5611433115420563
AGCCTT	2.4620422923223058
AGCCTA	1.7953868184273196
AGCCAT	1.1221167615170748
AGCCAA	1.472899376084589
CTGTGT	0.3451119567012269
CTGTGA	1.1324917404703476
CTGTTC	0.7502749932919027
CTGTTG	1.3804478268049076
TCGTCT	0.18756874832297568
TCGTCA	0.20517019102685882
TCGTGT	0.0
TCGTGA	0.3774972468234492
TCGTTC	0.0
TCGTTG	0.3451119567012269
TCGTAC	0.8206807641074354
TCGTAG	0.7549944936468984
TCGACT	0.6155105730805764
TCGACA	0.4488467046068299
TCGGTT	1.3804478268049074
TCGGTA	0.0
TCGGAT	0.3774972468234491
TCGGAA	1.6516862843167606
CATGGT	2.6424807277641444
CATGGA	1.6516862843167615
CATGTC	0.6155105730805766
CATGTG	0.7549944936468984
CATGAC	1.3465401138204898
CATGAG	0.8258431421583805
CATTCC	0.5575511826935915
CATTCG	0.41034038205371764
CATACC	0.4878974079989979
CATACG	0.0
TCGCTT	0.5627062449689271
TCGCTA	1.6413615282148706
TCGCAT	0.8206807641074353
TCGCAA	0.22442335230341495
CCGATT	0.20517019102685882
CCGATA	0.6732700569102449
CCGAAT	0.4488467046068299
CCGAAA	0.490966458694863
CTGTAC	0.8206807641074354
CTGTAG	2.2649834809406952
CTGACT	1.2310211461611529
CTGACA	0.8976934092136598
AGCGTT	1.1324917404703474
AGCGTA	0.0
AGCGAT	0.41292157107919025
AGCGAA	0.0
AGCTCT	1.025850955134294
AGCTCA	1.3465401138204898
AGCTGT	1.8874862341172458
AGCTGA	0.8258431421583805
CTGGTT	1.3804478268049074
CTGGTA	1.8874862341172456
TCCATC	1.0035921288484646
TCCATG	0.6155105730805764
TCCAAC	0.8538204639982461
TCCAAG	1.5709634661239047
CATTGC	0.8206807641074354
CATTGG	0.3774972468234492
CTGGAT	0.3774972468234491
CTGGAA	0.8258431421583803
CTGTCT	0.5627062449689271
CTGTCA	0.20517019102685882
AGCTTC	1.8465317192417292
AGCTTG	0.7549944936468982
AGCTAC	1.7953868184273196
AGCTAG	0.8258431421583805
AGCACT	0.6732700569102449
AGCACA	0.9819329173897258
AGCAGT	1.2387647132375708
AGCAGA	1.3550103368747175
CAACCT	1.2197435199974944
CAACCA	1.2007837761633366
TCCTGT	1.1254124899378537
TCCTGA	0.6155105730805764
TCCTTC	1.631101312570557
TCCTTG	1.8756874832297563
TCCTAC	1.2266126019259012
TCCTAG	1.4361913371880117
TCCACT	1.2266126019259014
TCCACA	1.3417178719972438
TCCAGT	0.6155105730805764
TCCAGA	0.4488467046068299
AGCATC	0.4488467046068299
AGCATG	1.651686284316761
AGCAAC	0.9819329173897258
AGCAAG	1.80668044916629
CCCTTT	1.8349889766418772
CCCTTA	2.0071842576969297
CGTAAC	0.4488467046068299
CGTAAG	0.41292157107919025
CTGCTT	0.7502749932919027
CTGCTA	1.2310211461611529
TCCGAT	0.20517019102685882
TCCGAA	0.22442335230341495
TCCTCT	1.6311013125705573
TCCTCA	1.1151023653871828
CATAGC	0.4488467046068299
CATAGG	0.0
CAACAC	0.8005225174422245
CAACAG	0.981932917389726
CAAGCT	1.5709634661239047
CAAGCA	0.7364496880422944
CCTCAT	1.2266126019259014
CCTCAA	1.0977691679977453
TCCCTT	1.4272136484992377
TCCCTA	1.0035921288484646
TCCCAT	0.7805716557710279
TCCCAA	1.2197435199974944
TCCGTT	0.5627062449689271
TCCGTA	0.6155105730805764
CTGCAT	0.20517019102685882
CTGCAA	0.22442335230341495
CCCTAT	2.118694494235648
CCCTAA	2.31751268799524
AGGCTT	3.0199779745875936
AGGCTA	0.8258431421583805
AGGCAT	0.8258431421583805
AGGCAA	0.4516701122915726
CTCAAC	1.4636922239969934
CTCAAG	1.1221167615170748
CGTACT	0.20517019102685885
CGTACA	0.89769340921366
CGTAGT	0.3774972468234492
CGTAGA	0.8258431421583807
CCTCTT	1.1213821523922582
CCTCTA	2.230204730774366
CAACGT	0.22442335230341495
CAACGA	0.7364496880422945
CAACTC	0.8538204639982463
CAACTG	1.1221167615170748
GAAAGC	0.4516701122915726
GAAAGG	2.4931139802884825
CAAGGT	0.8258431421583805
CAAGGA	1.3550103368747175
CAAGTC	0.6732700569102449
CAAGTG	0.41292157107919025
CAAGAC	0.9819329173897258
CAAGAG	0.4516701122915725
CAATCC	0.36592305599924835
CAATCG	0.4488467046068299
CGTATC	0.0
CGTATG	1.1324917404703476
AGGGTT	1.3891313416053592
AGGGTA	1.5194873627231908
AGGGAT	0.7597436813615954
AGGGAA	2.4931139802884825
CTCTAC	0.8920818923097463
CTCTAG	0.8206807641074353
CTCACT	0.6690614192323099
CTCACA	1.097769167997745
CTCAGT	0.20517019102685882
CTCAGA	0.4488467046068299
GAATGC	2.890450997554332
GAATGG	0.7597436813615953
GAAACC	0.4909664586948629
GAAACG	0.0
CTCATC	1.4496330750033377
CTCATG	1.025850955134294
AGGTCT	1.5099889872937968
AGGTCA	0.41292157107919036
AGGTGT	0.6945656708026796
AGGTGA	4.5584620881695725
AGGTTC	0.3774972468234492
AGGTTG	2.0836970124080385
AGGTAC	0.0
AGGTAG	1.5194873627231908
GAAGCT	2.890450997554332
GAAGCA	0.9033402245831452
GAAGGT	3.798718406807977
GAAGGA	2.4931139802884825
GAAGTC	0.8258431421583805
GAAGTG	0.7597436813615953
GAAGAC	1.3550103368747177
GAAGAG	0.8310379934294941
GAATCC	0.8976934092136598
GAATCG	0.8258431421583805
GAACCT	1.3465401138204898
GAACCA	1.2274161467371572
GAACGT	0.41292157107919025
GAACGA	0.903340224583145
GAACTC	0.4488467046068299
GAACTG	0.8258431421583805
GAACAC	0.24548322934743144
GAACAG	1.80668044916629
AGGACT	2.8904509975543324
AGGACA	0.4516701122915726
AGGAGT	1.5194873627231908
AGGAGA	2.493113980288483
AGGATC	0.8258431421583807
AGGATG	0.7597436813615954
AGGAAC	0.9033402245831452
AGGAAG	0.0
AGTCCT	1.2310211461611529
AGTCCA	0.8976934092136598
AGTCGT	0.3774972468234492
AGTCGA	0.41292157107919025
GATACC	0.6732700569102449
GATACG	0.8258431421583805
GATAGC	0.8258431421583805
GATAGG	3.0389747254463813
AGTCTC	0.41034038205371764
AGTCTG	1.1324917404703474
AGTCAC	0.8976934092136598
AGTCAG	0.41292157107919025
CTCGAT	1.2310211461611529
CTCGAA	0.4488467046068299
CTCTCT	1.3252698164635779
CTCTCA	0.8920818923097463
CTCTGT	0.9378437416148782
CTCTGA	0.8206807641074353
CTCTTC	1.2233259844279178
CTCTTG	1.500549986583805
GATGAC	1.651686284316761
GATGAG	0.7597436813615953
GATTCC	0.8206807641074354
GATTCG	0.7549944936468984
GATTGC	0.0
GATTGG	2.0836970124080385
AGTGCT	0.3774972468234492
AGTGCA	0.41292157107919025
AGTGGT	2.0836970124080385
AGTGGA	0.7597436813615953
AGTGTC	0.0
AGTGTG	0.0
AGTGAC	1.651686284316761
AGTGAG	1.5194873627231906
AGTTCC	0.20517019102685885
AGTTCG	0.3774972468234492
AGTTGC	1.5099889872937968
AGTTGG	0.6945656708026795
AGTACC	0.4488467046068299
AGTACG	0.41292157107919025
GATCTC	0.6155105730805764
GATCTG	0.3774972468234491
GATCAC	0.6732700569102449
GATCAG	0.8258431421583805
GATGCT	1.1324917404703476
GATGCA	0.41292157107919025
GATGGT	0.0
GATGGA	0.0
GATGTC	0.0
GATGTG	0.6945656708026795
AGTAGC	0.41292157107919025
AGTAGG	1.5194873627231906
CTCCTT	1.834988976641877
CTCCTA	1.4496330750033377
CAAACC	0.9339429370159286
CAAACG	0.981932917389726
GAGATC	0.8258431421583807
GAGATG	0.7597436813615954
GAGAAC	0.9033402245831452
GAGAAG	4.155189967147471
GATCCT	0.41034038205371764
GATCCA	1.1221167615170748
GATCGT	0.0
GATCGA	0.8258431421583805
CTCCAT	1.6726535480807743
CTCCAA	0.9757948159979956
CTCGTT	0.18756874832297568
CTCGTA	0.41034038205371764
AGACCT	0.6732700569102449
AGACCA	0.24548322934743144
AGACGT	0.0
AGACGA	0.4516701122915725
AGACTC	0.4488467046068299
AGACTG	0.41292157107919025
AGACAC	0.7364496880422944
AGACAG	0.903340224583145
GAGACT	0.41292157107919036
GAGACA	0.9033402245831452
GAGAGT	0.0
GAGAGA	0.8310379934294942
CAATGC	0.8976934092136598
CAATGG	0.41292157107919025
GAGGTT	1.3891313416053592
GAGGTA	0.0
GAGGAT	0.7597436813615954
GAGGAA	0.8310379934294941
GAGTCT	0.3774972468234492
GAGTCA	0.8258431421583807
GAGTGT	0.6945656708026796
GAGTGA	0.0
GAGTTC	0.7549944936468984
GAGTTG	0.6945656708026795
GAGTAC	0.41292157107919036
GAGTAG	0.0
AGAGCT	0.8258431421583805
AGAGCA	0.0
AGAGGT	1.5194873627231908
AGAGGA	0.8310379934294941
AGAGTC	0.41292157107919025
AGAGTG	3.0389747254463813
AGAGAC	0.4516701122915726
AGAGAG	0.0
AGATCC	0.6732700569102449
AGATCG	0.41292157107919025
AGATGC	0.8258431421583805
AGATGG	0.7597436813615953
AGAACC	0.9819329173897258
AGAACG	0.903340224583145
CAAAGC	1.2274161467371576
CAAAGG	2.258350561457863
GAGCTT	1.8874862341172458
GAGCTA	1.2387647132375708
GAGCAT	0.41292157107919025
GAGCAA	2.258350561457863
CGTGTT	0.345111956701227
CGTGTA	0.0
CGTGAT	1.509988987293797
CGTGAA	0.8258431421583807
GACACT	0.6732700569102449
GACACA	0.9819329173897258
GACAGT	0.8258431421583805
GACAGA	0.4516701122915725
GACATC	0.4488467046068299
GACATG	0.41292157107919025
GACAAC	1.2274161467371572
GACAAG	1.3550103368747175
AGAAGC	2.7100206737494354
AGAAGG	5.817265954006459
ATCCCT	1.115102365387183
ATCCCA	0.8538204639982463
ATCCGT	0.41034038205371764
ATCCGA	0.4488467046068299
CGTCTT	0.18756874832297568
CGTCTA	0.20517019102685885
CGTCAT	0.0
CGTCAA	0.44884670460683
GACTCT	0.41034038205371764
GACTCA	1.7953868184273196
GACTGT	0.3774972468234492
GACTGA	0.41292157107919025
GACTTC	0.8206807641074353
GACTTG	0.7549944936468982
GACTAC	0.4488467046068299
GACTAG	0.8258431421583805
GCCATT	0.8206807641074354
GCCATA	0.89769340921366
GCCAAT	0.89769340921366
GCCAAA	0.7364496880422947
GCCTTT	1.8756874832297572
GCCTTA	2.872382674376024
GCCTAT	2.256872101295448
GCCTAA	0.673270056910245
CGGATT	1.1324917404703478
CGGATA	0.0
CCTGAT	1.0258509551342943
CCTGAA	1.34654011382049
GACGTT	0.0
GACGTA	0.0
GACGAT	0.41292157107919025
GACGAA	0.4516701122915725
GCGTAT	0.37749724682344926
GCGTAA	0.41292157107919036
CGCATT	0.4103403820537177
CGCATA	0.44884670460683
CGGTTT	1.7255597835061351
CGGTTA	0.7549944936468985
CGGTAT	0.7549944936468985
CGGTAA	0.0
GACCTT	1.4361913371880117
GACCTA	0.8976934092136598
GACCAT	1.1221167615170748
GACCAA	0.981932917389726
CCTGTT	0.7502749932919027
CCTGTA	1.231021146161153
CGGAAT	1.6516862843167615
CGGAAA	0.0
ATCCTC	1.2266126019259014
ATCCTG	0.8206807641074354
ATCCAC	1.7076409279964926
ATCCAG	0.8976934092136598
CGAAGT	1.238764713237571
CGAAGA	0.0
CGAATC	0.4488467046068299
CGAATG	0.0
CGAAAC	0.490966458694863
CGAAAG	2.258350561457863
GCGAAT	0.0
GCGAAA	0.0
GTAAGC	1.651686284316761
GTAAGG	0.7597436813615953
GCGTTT	0.690223913402454
GCGTTA	1.8874862341172463
ATCGCT	0.8206807641074354
ATCGCA	0.44884670460683
ATCGGT	0.7549944936468984
ATCGGA	1.238764713237571
ATCGTC	0.20517019102685885
ATCGTG	0.0
ATCGAC	0.4488467046068299
ATCGAG	0.0
ATCTCC	0.7805716557710282
ATCTCG	0.6155105730805764
GTAACC	0.6732700569102449
GTAACG	0.0
CGCAAT	0.89769340921366
CGCAAA	0.7364496880422947
GCGATT	0.37749724682344926
GCGATA	0.0
ATCTGC	0.6155105730805766
ATCTGG	0.3774972468234492
ATCACC	1.0977691679977453
ATCACG	0.22442335230341495
ATCAGC	1.7953868184273196
ATCAGG	1.2387647132375708
ATGCCT	1.6413615282148706
ATGCCA	0.22442335230341495
GTAGTC	0.3774972468234491
GTAGTG	0.0
GTAGAC	1.2387647132375708
GTAGAG	1.5194873627231906
GTATCC	0.6155105730805764
GTATCG	0.0
GTATGC	1.5099889872937964
GTATGG	0.6945656708026794
GCTCAT	1.8465317192417297
GCTCAA	0.89769340921366
GTACGT	0.0
GTACGA	0.41292157107919014
GTACTC	0.41034038205371764
GTACTG	1.1324917404703474
GTACAC	0.6732700569102448
GTACAG	1.2387647132375703
GTAGCT	1.8874862341172456
GTAGCA	0.8258431421583803
GTAGGT	3.4728283540133975
GTAGGA	1.5194873627231906
ATGCGT	0.7549944936468984
ATGCGA	0.0
ATGCTC	1.2310211461611529
ATGCTG	0.7549944936468982
ATGCAC	0.0
ATGCAG	1.2387647132375708
ATGGCT	0.3774972468234492
ATGGCA	1.2387647132375708
ATGGGT	0.6945656708026795
ATGGGA	2.279231044084786
ATGGTC	1.1324917404703476
ATGGTG	0.0
GTTAGC	0.3774972468234491
GTTAGG	1.3891313416053588
GTACCT	0.41034038205371764
GTACCA	0.0
GCTCTT	0.18756874832297568
GCTCTA	0.6155105730805766
ATGGAC	1.651686284316761
ATGGAG	1.5194873627231906
ATGTCC	0.6155105730805766
ATGTCG	0.3774972468234492
ATGTGC	0.3774972468234492
ATGTGG	1.389131341605359
ATGACC	0.8976934092136598
ATGACG	1.2387647132375708
ATGAGC	2.890450997554332
ATGAGG	0.7597436813615953
ATTCCC	1.0035921288484648
ATTCCG	0.6155105730805764
ATTCGC	0.8206807641074354
ATTCGG	1.1324917404703476
GTTTGC	1.7255597835061347
GTTTGG	1.2699584949307938
GTTACC	1.8465317192417292
GTTACG	0.3774972468234491
ATTGCC	0.8206807641074354
ATTGCG	0.0
ATTGGC	2.2649834809406952
ATTGGG	1.389131341605359
ATACCC	0.9757948159979958
ATACCG	0.0
ATACGC	0.22442335230341495
ATACGG	0.41292157107919025
GCTTGT	1.0353358701036808
GCTTGA	1.1324917404703476
GTTGGT	1.2699584949307938
GTTGGA	2.0836970124080385
GTTGTC	0.3451119567012269
GTTGTG	0.0
GTTGAC	0.7549944936468984
GTTGAG	0.6945656708026795
GTTTCC	0.37513749664595136
GTTTCG	0.6902239134024538
ATAGCC	0.8976934092136598
ATAGCG	0.8258431421583805
ATAGGC	0.0
ATAGGG	3.7987184068079767
GTTCTC	0.9378437416148782
GTTCTG	0.6902239134024537
GTTCAC	0.41034038205371764
GTTCAG	0.7549944936468982
GTTGCT	0.6902239134024538
GTTGCA	0.3774972468234492
GCTGTT	0.690223913402454
GCTGTA	1.8874862341172463
GCTGAT	1.509988987293797
GCTGAA	2.064607855395952
GCTTCT	1.6881187349067812
GCTTCA	1.8465317192417297
GCTAGT	0.3774972468234492
GCTAGA	0.8258431421583807
GTGAGT	1.389131341605359
GTGAGA	0.7597436813615953
GTGATC	0.3774972468234491
GTGATG	1.3891313416053588
GTGAAC	0.8258431421583805
GTGAAG	1.5194873627231906
GTTCCT	0.7502749932919025
GTTCCA	0.0
GTTCGT	0.34511195670122685
GTTCGA	0.7549944936468982
CGATGT	0.3774972468234492
CGATGA	0.41292157107919036
CGATTC	0.4103403820537177
CGATTG	0.3774972468234492
CGATAC	0.0
CGATAG	0.8258431421583805
GTGTAC	0.7549944936468984
GTGTAG	0.0
GTGACT	0.0
GTGACA	2.0646078553959506
GCTTTC	0.7502749932919028
GCTTTG	0.6902239134024539
GCTTAC	1.0258509551342943
GCTTAG	0.3774972468234492
GCTACT	1.436191337188012
GCTACA	2.24423352303415
CGCTTT	0.3751374966459514
CGCTTA	0.6155105730805766
GTGGTT	0.6349792474653968
GTGGTA	1.3891313416053588
GTGGAT	0.6945656708026795
GTGGAA	0.0
GTGTCT	0.0
GTGTCA	0.0
GTGTGT	0.0
GTGTGA	0.0
GTGTTC	0.6902239134024538
GTGTTG	0.6349792474653969
CGAACT	0.6732700569102449
CGAACA	0.2454832293474315
AACCCT	2.3175126879952392
AACCCA	0.9339429370159286
AACCGT	0.8976934092136598
AACCGA	0.490966458694863
AACCTC	1.2197435199974946
AACCTG	1.3465401138204898
AACCAC	1.0673633565896326
AACCAG	1.472899376084589
CGAGTT	0.37749724682344926
CGAGTA	0.8258431421583807
GCACAT	0.44884670460683
GCACAA	0.24548322934743155
CCTTAC	0.8920818923097467
CCTTAG	2.462042292322306
GTGCTT	0.34511195670122685
GTGCTA	0.0
GTGCAT	0.3774972468234491
GTGCAA	0.41292157107919014
GCTATC	0.8206807641074354
GCTATG	1.1324917404703476
GCTAAC	1.3465401138204898
GCTAAG	0.41292157107919025
GTCAAC	0.22442335230341495
GTCAAG	1.2387647132375708
CCTTCT	1.7330451446062174
CCTTCA	1.0035921288484648
CCTTGT	1.6881187349067812
CCTTGA	1.0258509551342943
CCTTTC	1.0194383203565986
CCTTTG	1.1254124899378544
CGCTAT	0.8206807641074357
CGCTAA	0.673270056910245
GCACTT	0.4103403820537177
GCACTA	1.122116761517075
GCAGTT	1.509988987293797
GCAGTA	0.8258431421583807
GCAGAT	0.41292157107919036
GCAGAA	1.3550103368747177
GTCTAC	0.8206807641074354
GTCTAG	0.7549944936468984
GTCACT	1.2310211461611529
GTCACA	0.22442335230341495
GTCAGT	0.0
GTCAGA	0.8258431421583805
GTCATC	0.41034038205371764
GTCATG	0.3774972468234491
CGAGAT	1.238764713237571
CGAGAA	1.3550103368747177
CGATCT	1.0258509551342943
CGATCA	0.224423352303415
AACGCT	0.6732700569102449
AACGCA	0.4909664586948629
AACGGT	0.41292157107919025
AACGGA	0.4516701122915725
AACGTC	0.0
AACGTG	0.41292157107919025
AACGAC	0.24548322934743144
AACGAG	0.4516701122915725
GCATAC	0.0
GCATAG	0.0
GTCGAT	0.0
GTCGAA	0.41292157107919014
GTCTCT	0.18756874832297568
GTCTCA	0.41034038205371764
GTCTGT	0.6902239134024538
GTCTGA	0.7549944936468984
GTCTTC	0.9378437416148784
GTCTTG	1.7255597835061347
AACTCC	0.9757948159979956
AACTCG	0.4488467046068299
AACTGC	1.1221167615170748
AACTGG	2.4775294264751415
GCAAAC	0.2454832293474315
GCAAAG	0.4516701122915726
GTCCTT	0.7502749932919027
GTCCTA	0.8206807641074353
GTCCAT	0.20517019102685882
GTCCAA	0.8976934092136598
GTCGTT	0.34511195670122685
GTCGTA	0.7549944936468982
GCATCT	0.6155105730805766
GCATCA	0.673270056910245
GCATGT	0.0
GCATGA	2.477529426475142
GCATTC	0.8206807641074354
GCATTG	0.7549944936468984
AACACC	1.3342041957370407
AACACG	0.2454832293474315
AACAGC	1.2274161467371576
AACAGG	2.258350561457863
GGAATC	1.238764713237571
GGAATG	0.7597436813615954
GGAAAC	0.9033402245831452
GGAAAG	2.4931139802884825
GCAACT	0.6732700569102449
GCAACA	0.7364496880422945
GCAAGT	2.064607855395952
GCAAGA	0.4516701122915726
GCAATC	0.6732700569102449
GCAATG	0.8258431421583805
CCAAGT	0.4488467046068299
CCAAGA	0.7364496880422945
GGATGT	0.6945656708026796
GGATGA	0.7597436813615954
GGATTC	0.3774972468234492
GGATTG	0.0
GGATAC	0.0
GGATAG	1.5194873627231908
GGAACT	0.41292157107919036
GGAACA	1.3550103368747177
GGAAGT	0.7597436813615954
GGAAGA	0.8310379934294942
AAGCCT	1.5709634661239047
AAGCCA	1.4728993760845888
AAGCGT	1.2387647132375708
AAGCGA	0.0
AAGCTC	2.0198101707307345
AAGCTG	0.8258431421583805
AAGCAC	0.4909664586948629
AAGCAG	2.2583505614578625
CCAATC	0.7318461119984968
CCAATG	0.8976934092136598
CCAAAC	0.5336816782948163
CCAAAG	1.963865834779452
GGAGTT	3.472828354013398
GGAGTA	1.5194873627231908
GGAGAT	0.7597436813615954
GGAGAA	2.4931139802884825
GGATCT	0.7549944936468984
GGATCA	0.41292157107919036
CCAACT	1.2197435199974944
CCAACA	1.601045034884449
GGCTTT	2.4157836969085884
GGCTTA	1.8874862341172458
GGCTAT	1.8874862341172458
GGCTAA	1.238764713237571
GGCATT	1.5099889872937968
GGCATA	0.8258431421583805
CCTAAC	1.4636922239969936
CCTAAG	0.6732700569102449
GGACTT	2.6424807277641444
GGACTA	2.0646078553959515
GGACAT	0.41292157107919025
GGACAA	2.258350561457863
CCTACT	1.0035921288484648
CCTACA	1.2197435199974946
CCTAGT	1.4361913371880117
CCTAGA	0.8976934092136598
CCTATC	1.3381228384646198
CCTATG	1.6413615282148708
GGCAAT	0.41292157107919025
GGCAAA	0.4516701122915726
CCATCT	0.7805716557710282
CCATCA	0.7318461119984968
CCATGT	0.41034038205371764
CCATGA	0.6732700569102449
CCATTC	1.0035921288484648
CCATTG	0.20517019102685885
CGACTT	0.0
CGACTA	0.44884670460683
CGACAT	0.224423352303415
CGACAA	0.9819329173897262
AAGGCT	0.8258431421583805
AAGGCA	0.9033402245831452
AAGGGT	0.7597436813615954
AAGGGA	1.6620759868589883
AAGGTC	1.2387647132375708
AAGGTG	3.0389747254463813
AAGGAC	1.8066804491662904
AAGGAG	4.155189967147471
GGTTAC	1.8874862341172458
GGTTAG	0.6945656708026795
GGTACT	0.7549944936468984
GGTACA	0.41292157107919036
GGTAGT	0.6945656708026796
GGTAGA	0.0
GGTATC	1.5099889872937968
GGTATG	0.0
GGTAAC	0.8258431421583807
GGTAAG	3.0389747254463817
AAGTCC	0.4488467046068299
AAGTCG	0.41292157107919025
AAGTGC	0.8258431421583805
AAGTGG	0.7597436813615953
CCATAC	0.9757948159979958
CCATAG	0.6732700569102449
CCAGTT	0.41034038205371764
CCAGTA	1.3465401138204898
GGTGAT	2.083697012408039
GGTGAA	1.5194873627231908
GGTTCT	0.3451119567012269
GGTTCA	1.5099889872937968
GGTTGT	0.6349792474653969
GGTTGA	0.6945656708026795
GGTTTC	2.0706717402073616
GGTTTG	3.1748962373269847
CCACAT	0.7318461119984967
CCACAA	1.734465454458153
GGGTTT	2.5399169898615876
GGGTTA	0.6945656708026795
GGGTAT	2.0836970124080385
GGGTAA	2.279231044084786
CCAGAT	1.3465401138204898
CCAGAA	0.490966458694863
CCACTT	1.0035921288484648
CCACTA	0.9757948159979958
GGTCTT	2.0706717402073616
GGTCTA	1.1324917404703476
GGTCAT	0.0
GGTCAA	1.6516862843167615
GGTGTT	0.0
GGTGTA	1.3891313416053594
AAGACC	1.7183826054320201
AAGACG	1.3550103368747175
AAGAGC	1.3550103368747177
AAGAGG	3.3241519737179765
AATCCC	1.2197435199974944
AATCCG	0.22442335230341495
AATCGC	0.6732700569102449
AATCGG	2.4775294264751415
AATGCC	1.5709634661239047
AATGCG	0.41292157107919025
AATGGC	0.0
AATGGG	4.558462088169572
GGGATT	3.472828354013398
GGGATA	1.5194873627231908
GGGAAT	3.0389747254463817
GGGAAA	0.8310379934294941
AAACCC	1.8678858740318571
AAACCG	0.7364496880422945
AAACGC	0.981932917389726
AAACGG	0.4516701122915726
CCCCTT	2.2033783793677477
CCCCTA	2.2762464547296823
CCCCAT	1.2050716525039495
CCCCAA	2.196925868122726
GGGACT	4.170027726538102
GGGACA	1.824537174535957
GGGAGT	0.0
GGGAGA	1.6785034820779432
GGGATC	0.0
GGGATG	0.0
GGGAAC	0.9122685872679785
GGGAAG	3.3570069641558864
GGTCCT	1.2431882156290248
GGTCCA	0.9065659603512368
GGTCGT	0.0
GGTCGA	0.8340055453076203
CCACAC	1.1716937963321203
CCACAG	1.0779128781373208
GGGTCT	0.0
GGGTCA	0.8340055453076203
GGGTGT	1.402861128121226
GGGTGA	1.5345055517733621
GGGTTC	3.0498265941038656
GGGTTG	1.402861128121226
GGGTAC	0.8340055453076202
GGGTAG	0.0
CCAGAC	1.0779128781373208
CCAGAG	0.991638068317415
GGGGTT	8.417166768727355
GGGGTA	4.603516655320086
GGGGAT	6.1380222070934485
GGGGAA	0.0
CCACCT	0.9372779519475167
CCACCA	1.0252320717906054
CCACGT	0.7390794747333657
CCACGA	0.8084346586029907
CCACTC	0.9372779519475167
CCACTG	0.7390794747333657
GGTCTC	1.2431882156290248
GGTCTG	0.0
GGTCAC	1.3598489405268552
GGTCAG	1.6680110906152406
GGTGCT	0.0
GGTGCA	3.336022181230481
GGTGGT	0.0
GGTGGA	1.5345055517733621
GGTGTC	0.7624566485259668
GGTGTG	1.4028611281212262
GGGCTT	0.7624566485259665
GGGCTA	4.170027726538102
GGGCAT	1.6680110906152406
GGGCAA	0.9122685872679785
CCAGCT	0.9854392996444875
CCAGCA	0.2694782195343302
CCAGGT	1.3598489405268552
CCAGGA	1.98327613663483
CCAGTC	0.7390794747333657
CCAGTG	0.9065659603512368
GGTGAC	1.668011090615241
GGTGAG	1.5345055517733621
GGTTCC	0.8287921437526832
GGTTCG	2.287369945577899
GGTTGC	0.0
GGTTGG	5.611444512484904
GGTACC	0.9065659603512368
GGTACG	0.0
GGTAGC	3.336022181230482
GGTAGG	0.0
CCTACC	0.9372779519475167
CCTACG	0.9854392996444875
CCTAGC	2.463598249111219
CCTAGG	3.6262638414049473
GGCAAC	0.991638068317415
GGCAAG	0.9122685872679785
CCATCC	1.20507165250395
CCATCG	0.49271964982224375
CCATGC	0.49271964982224375
CCATGG	4.532829801756184
GGCTTC	4.143960718763416
GGCTTG	0.0
GGCTAC	1.3598489405268552
GGCTAG	1.6680110906152406
GGCACT	0.9065659603512368
GGCACA	2.4790951707935376
GGCAGT	0.8340055453076203
GGCAGA	0.9122685872679785
GGCATC	0.4532829801756183
GGCATG	0.8340055453076203
GGACCT	1.8131319207024736
GGACCA	2.4790951707935376
GGACGT	0.0
GGACGA	0.0
GGACTC	2.71969788105371
GGACTG	0.0
GGACAC	0.0
GGACAG	0.0
GGCGTT	2.287369945577899
GGCGTA	0.8340055453076203
GGCGAT	0.8340055453076202
GGCGAA	0.0
GGCTCT	0.8287921437526832
GGCTCA	3.1729808612293287
GGCTGT	0.0
GGCTGA	4.170027726538102
GGAGCT	4.170027726538102
GGAGCA	3.649074349071914
GGAGGT	3.0690111035467242
GGAGGA	3.3570069641558864
GGAGTC	0.0
GGAGTG	0.0
GGAGAC	2.736805761803936
GGAGAG	0.0
GGATCC	0.4532829801756184
GGATCG	0.0
CGCCTT	1.1261237259753123
CGCCTA	0.24635982491112188
CGCCAT	0.9854392996444875
CGCCAA	1.347391097671651
GGCCTT	4.143960718763415
GGCCTA	4.079546821580565
GGCCAT	1.359848940526855
GGCCAA	0.991638068317415
CCAACC	1.4646172454151505
CCAACG	0.8084346586029907
CCAAGC	1.347391097671651
CCAAGG	1.98327613663483
GGATGC	0.0
GGATGG	0.0
GGAACC	1.9832761366348304
GGAACG	0.0
GGAAGC	1.824537174535957
GGAAGG	0.0
GTCCCT	0.4504494903901249
GTCCCA	0.24635982491112188
GTCCGT	0.41439607187634153
GTCCGA	0.9065659603512366
GCAACC	1.347391097671651
GCAACG	0.0
GCAAGC	0.9916380683174152
GCAAGG	0.9122685872679785
GTCCTC	0.9008989807802498
GTCCTG	0.4143960718763416
GTCCAC	0.0
GTCCAG	0.9065659603512366
GTCGCT	0.0
GTCGCA	0.0
GTCGGT	0.7624566485259664
GTCGGA	0.8340055453076203
GTCGTC	0.0
GTCGTG	0.0
GCATCC	0.49271964982224375
GCATCG	0.0
GCATGC	0.9065659603512368
GCATGG	1.6680110906152406
GTCGAC	0.4532829801756183
GTCGAG	0.8340055453076202
GTCTCC	0.9008989807802498
GTCTCG	0.8287921437526832
GTCTGC	0.4143960718763416
GTCTGG	0.0
CGCGTT	0.4143960718763417
CGCGTA	0.4532829801756184
CGCGAT	0.0
CGCGAA	0.4958190341587076
GCAGCT	0.9065659603512368
GCAGCA	3.4707332391109533
GCAGGT	1.668011090615241
GCAGGA	5.473611523607872
GCAGTC	0.9065659603512368
GCAGTG	1.668011090615241
GCAGAC	0.4958190341587076
GCAGAG	1.824537174535957
GTCACC	0.9854392996444875
GTCACG	0.0
GTCAGC	0.4532829801756183
GTCAGG	1.6680110906152406
CCTTCC	1.5913288295433736
CCTTCG	0.90089898078025
CCTTGC	1.5765732163654373
CCTTGG	2.48637643125805
CGCTAC	1.2317991245556097
CGCTAG	0.4532829801756185
GCACCT	0.0
GCACCA	0.8084346586029908
GCACGT	0.0
GCACGA	0.9916380683174152
GCACTC	0.24635982491112188
GCACTG	0.0
GCACAC	0.8084346586029908
GCACAG	1.9832761366348304
GTGCCT	0.8287921437526831
GTGCCA	0.4532829801756183
GTGCGT	0.0
GTGCGA	0.8340055453076203
GTGCTC	0.0
GTGCTG	0.0
GTGCAC	0.9065659603512366
GTGCAG	2.5020166359228604
CGCTCT	0.0
CGCTCA	0.7390794747333658
CGCTGT	0.4143960718763417
CGCTGA	0.906565960351237
CGCTTC	0.6756742355851875
CGCTTG	0.4143960718763417
GTGGCT	0.7624566485259664
GTGGCA	0.8340055453076202
GTGGGT	1.4028611281212258
GTGGGA	1.534505551773362
GTGGTC	0.0
GTGGTG	1.4028611281212255
GTGGAC	1.6680110906152403
GTGGAG	1.534505551773362
GTGTCC	0.4143960718763416
GTGTCG	0.0
GTGTGC	0.0
GTGTGG	1.402861128121226
GTGACC	0.9065659603512366
GTGACG	0.0
GCTACC	0.49271964982224375
GCTACG	0.4532829801756184
GCTAGC	1.3598489405268552
GCTAGG	0.8340055453076203
GTGAGC	0.8340055453076202
GTGAGG	0.0
GTTCCC	0.22522474519506244
GTTCCG	1.2431882156290246
GTTCGC	0.0
GTTCGG	0.7624566485259663
GTTGCC	2.4863764312580496
GTTGCG	0.0
GCTGTC	0.0
GCTGTG	0.0
GCTGAC	0.9065659603512368
GCTGAG	1.668011090615241
GCTTCC	1.351348471170375
GCTTCG	0.8287921437526834
GCTTGC	0.4143960718763416
GCTTGG	0.7624566485259664
GTTGGC	0.7624566485259664
GTTGGG	4.208583384363678
GTACCC	1.231799124555609
GTACCG	0.9065659603512366
GCTCCT	0.6756742355851874
GCTCCA	0.7390794747333657
GCTCGT	0.4143960718763417
GCTCGA	0.9065659603512368
GCTCTC	0.90089898078025
GCTCTG	0.8287921437526834
GCTCAC	1.970878599288975
GCTCAG	0.9065659603512368
GCTGCT	1.243188215629025
GCTGCA	0.0
GCTGGT	3.049826594103866
GCTGGA	0.0
GTACGC	0.0
GTACGG	0.0
GTAGCC	1.8131319207024732
GTAGCG	0.0
GTAGGC	0.0
GTAGGG	1.534505551773362
CGCAAC	0.26947821953433027
CGCAAG	0.4958190341587076
GCGACT	0.0
GCGACA	0.0
GCGAGT	0.0
GCGAGA	0.0
GCGATC	0.4532829801756184
GCGATG	0.0
GCGAAC	0.0
GCGAAG	1.824537174535957
GACCCT	0.7390794747333657
GACCCA	0.8084346586029907
GACCGT	0.0
GACCGA	0.0
GCGTTC	0.8287921437526834
GCGTTG	0.0
GCGTAC	0.4532829801756184
GCGTAG	0.0
CGCACT	0.49271964982224387
CGCACA	0.0
CGCAGT	1.3598489405268552
CGCAGA	0.4958190341587076
CGCATC	0.49271964982224375
CGCATG	1.3598489405268552
CGGGTT	0.7624566485259665
CGGGTA	0.0
CGGGAT	0.8340055453076203
CGGGAA	0.9122685872679785
CGGCTT	2.48637643125805
CGGCTA	1.8131319207024736
CGGCAT	1.3598489405268552
CGGCAA	0.4958190341587076
GCGGTT	0.0
GCGGTA	0.8340055453076203
GCGGAT	0.0
GCGGAA	1.824537174535957
GCGTCT	0.0
GCGTCA	0.4532829801756184
GCGTGT	0.0
GCGTGA	0.8340055453076205
CGGTCT	0.8287921437526834
CGGTCA	0.4532829801756184
CGGTGT	1.524913297051933
CGGTGA	0.0
CGGTTC	0.4143960718763417
CGGTTG	0.7624566485259668
CGGTAC	0.4532829801756184
CGGTAG	0.0
GCGCTT	0.4143960718763417
GCGCTA	0.0
GCGCAT	0.0
GCGCAA	0.4958190341587076
GACCTC	0.9854392996444875
GACCTG	0.9065659603512368
GACCAC	0.5389564390686604
GACCAG	0.0
CCTGCT	1.1261237259753123
CCTGCA	0.24635982491112188
CCTGGT	2.48637643125805
CCTGGA	0.0
CCTGTC	0.450449490390125
CCTGTG	1.243188215629025
CGGAAC	2.479095170793538
CGGAAG	0.9122685872679785
GCCACT	0.9854392996444877
GCCACA	1.3473910976716512
GCCAGT	1.3598489405268552
GCCAGA	1.487457102476123
GCCATC	1.7245187743778532
GCCATG	0.4532829801756184
GCCAAC	1.8863475367403117
GCCAAG	0.4958190341587076
GCCTTC	1.8017979615605
GCCTTG	1.243188215629025
GCCTAC	0.9854392996444877
GCCTAG	2.719697881053711
CGGACT	0.0
CGGACA	0.0
CGGAGT	3.336022181230482
CGGAGA	1.824537174535957
CGGATC	0.0
CGGATG	0.8340055453076205
CCTGAC	1.2317991245556095
CCTGAG	0.9065659603512368
GACGCT	0.0
GACGCA	1.4874571024761225
GACGGT	0.8340055453076202
GACGGA	2.7368057618039354
GACGTC	0.0
GACGTG	0.0
GACGAC	0.4958190341587075
GACGAG	1.8245371745359569
CGTCTC	0.2252247451950625
CGTCTG	0.4143960718763417
CGTCAC	0.49271964982224375
CGTCAG	0.9065659603512368
GCCGTT	0.4143960718763417
GCCGTA	0.9065659603512368
GCCGAT	0.0
GCCGAA	0.4958190341587076
GCCTCT	1.8017979615605
GCCTCA	1.9708785992889755
GCCTGT	1.243188215629025
GCCTGA	3.626263841404948
GACTCC	1.970878599288975
GACTCG	0.4532829801756184
GACTGC	0.0
GACTGG	0.0
CGTGTC	0.0
CGTGTG	0.0
CGTGAC	0.0
CGTGAG	0.8340055453076205
GCCCTT	3.1531464327308742
GCCCTA	4.680836673311315
GCCCAT	1.4781589494667313
GCCCAA	1.8863475367403115
CGTCCT	0.0
CGTCCA	0.24635982491112188
CGTCGT	0.0
CGTCGA	0.4532829801756184
GACACC	0.2694782195343302
GACACG	0.0
GACAGC	1.98327613663483
GACAGG	0.0
CGTGCT	0.0
CGTGCA	0.4532829801756184
CGTGGT	0.0
CGTGGA	0.0
GAGCCT	3.6262638414049473
GAGCCA	1.4874571024761225
GAGCGT	0.8340055453076203
GAGCGA	0.0
GAGCTC	1.359848940526855
GAGCTG	3.336022181230481
GAGCAC	0.0
GAGCAG	0.9122685872679785
GAGGCT	2.502016635922861
GAGGCA	0.9122685872679785
GAGGGT	0.0
GAGGGA	3.3570069641558864
GAGGTC	0.8340055453076205
GAGGTG	1.5345055517733621
GAGGAC	0.0
GAGGAG	0.0
GAGTCC	0.9065659603512368
GAGTCG	0.0
GAGTGC	0.0
GAGTGG	4.603516655320086
GAGACC	0.0
GAGACG	1.824537174535957
GAGAGC	0.0
GAGAGG	0.0
GATCCC	0.49271964982224375
GATCCG	0.4532829801756184
GATCGC	0.0
GATCGG	0.0
GATGCC	0.0
GATGCG	0.0
GATGGC	0.8340055453076202
GATGGG	1.534505551773362
GAACCC	1.8863475367403113
GAACCG	0.4958190341587075
GAACGC	0.991638068317415
GAACGG	0.0
GAAGCC	4.462371307428367
GAAGCG	1.824537174535957
GAAGGC	0.9122685872679785
GAAGGG	1.6785034820779432
CAAGGC	1.98327613663483
CAAGGG	1.8245371745359569
CCTCCT	1.9585585594379984
CCTCCA	1.7406590536168165
CCTCGT	0.0
CCTCGA	0.7390794747333657
CCTCTC	1.5913288295433736
CCTCTG	1.351348471170375
CAACGC	0.5389564390686604
CAACGG	1.4874571024761225
CAAGCC	2.1558257562746417
CAAGCG	0.0
CCTCAC	0.8033811016693
CCTCAG	1.7245187743778532
TCCCCT	1.4689189195784984
TCCCCA	1.071174802225733
TCCCGT	0.6756742355851874
TCCCGA	0.49271964982224375
TCCCTC	0.8568693697541241
TCCCTG	0.0
TCCCAC	0.9372779519475164
TCCCAG	0.24635982491112182
TCCGCT	1.5765732163654371
TCCGCA	0.24635982491112188
TCCGGT	0.41439607187634153
TCCGGA	0.0
TCCGTC	0.22522474519506244
TCCGTG	0.0
TCCGAC	0.7390794747333654
TCCGAG	0.9065659603512366
TCCTCC	1.1016891896838739
TCCTCG	1.126123725975312
CAACCC	1.4646172454151505
CAACCG	1.0779128781373208
TCCTGC	0.22522474519506244
TCCTGG	1.2431882156290246
TCCACC	0.8033811016692999
TCCACG	0.7390794747333657
TCCAGC	0.7390794747333654
TCCAGG	2.2664149008780914
TCGCCT	2.0270227067555617
TCGCCA	0.24635982491112188
TCGCGT	0.41439607187634153
TCGCGA	0.0
TCGCTC	0.4504494903901249
TCGCTG	0.8287921437526832
TCGCAC	0.0
TCGCAG	0.9065659603512366
CCGACT	0.24635982491112188
CCGACA	0.8084346586029907
CCGAGT	0.9065659603512368
CCGAGA	1.4874571024761225
CCGATC	0.24635982491112188
CCGATG	0.0
CCGAAC	1.0779128781373208
CCGAAG	0.991638068317415
TCGGCT	1.6575842875053661
TCGGCA	0.4532829801756183
TCGGGT	1.5249132970519328
TCGGGA	0.8340055453076203
TCGGTC	0.0
TCGGTG	1.5249132970519326
TCGGAC	0.0
TCGGAG	0.8340055453076202
CATGGC	1.3598489405268552
CATGGG	1.6680110906152406
TCGTCC	0.22522474519506244
TCGTCG	0.0
TCGTGC	0.0
TCGTGG	0.0
TCGACC	0.7390794747333657
TCGACG	0.0
TCGAGC	0.0
TCGAGG	0.0
TCTCCC	1.4689189195784988
TCTCCG	0.6756742355851874
TCTCGC	1.8017979615604995
TCTCGG	1.2431882156290248
CATCGC	0.7390794747333657
CATCGG	3.1729808612293287
CATGCC	0.7390794747333657
CATGCG	0.0
TCTGCC	1.1261237259753123
TCTGCG	0.0
TCTGGC	0.8287921437526832
TCTGGG	2.287369945577899
TCACCC	1.0711748022257332
TCACCG	1.4781589494667313
TCACGC	0.7390794747333654
TCACGG	0.9065659603512366
TCAGCC	1.970878599288975
TCAGCG	0.0
TCAGGC	2.71969788105371
TCAGGG	0.8340055453076203
CAGAGC	0.4958190341587076
CAGAGG	0.0
CATCCC	1.20507165250395
CATCCG	0.7390794747333657
TGCCCT	2.927921687535812
TGCCCA	1.4781589494667313
TGCCGT	0.8287921437526831
TGCCGA	0.0
TGCCTC	0.6756742355851874
TGCCTG	2.4863764312580496
TGCCAC	0.7390794747333654
TGCCAG	0.9065659603512366
TGCGCT	0.0
TGCGCA	0.0
TGCGGT	0.0
TGCGGA	0.0
CAGTGC	0.0
CAGTGG	1.6680110906152406
CAGACC	0.8084346586029907
CAGACG	0.991638068317415
CAGGCT	2.266414900878092
CAGGCA	0.4958190341587076
CAGGGT	0.8340055453076205
CAGGGA	0.9122685872679785
CAGGTC	1.3598489405268552
CAGGTG	0.0
CAGGAC	2.974914204952246
CAGGAG	7.298148698143828
CAGTCC	1.7245187743778532
CAGTCG	0.4532829801756184
TGCGTC	0.0
TGCGTG	0.0
TGCGAC	0.0
TGCGAG	0.0
TGCTCC	0.6756742355851874
TGCTCG	0.4143960718763416
TGCTGC	1.2431882156290248
TGCTGG	0.7624566485259664
TGCACC	0.24635982491112188
TGCACG	0.0
TGCAGC	1.8131319207024732
TGCAGG	5.004033271845722
CAGCCT	1.9708785992889755
CAGCCA	1.8863475367403117
CAGCGT	0.0
CAGCGA	0.9916380683174152
CAGCTC	0.24635982491112188
CAGCTG	0.9065659603512368
CAGCAC	0.8084346586029908
CAGCAG	1.487457102476123
CCGTCT	0.22522474519506244
CCGTCA	0.49271964982224375
CCGTGT	0.0
CCGTGA	1.8131319207024732
CCGTTC	0.6756742355851874
CCGTTG	0.4143960718763416
CGTTCC	0.450449490390125
CGTTCG	0.0
CGTTGC	0.0
CGTTGG	0.0
CCGTAC	0.49271964982224364
CCGTAG	0.9065659603512366
TGGCCT	1.6575842875053661
TGGCCA	1.359848940526855
TGGCGT	0.7624566485259664
TGGCGA	0.8340055453076203
TGGCTC	2.0719803593817074
TGGCTG	0.7624566485259663
TGGCAC	1.8131319207024732
TGGCAG	2.5020166359228604
CACACC	1.4646172454151505
CACACG	0.5389564390686604
CACAGC	1.347391097671651
CACAGG	1.4874571024761225
CCGGTT	0.41439607187634153
CCGGTA	0.4532829801756183
CCGGAT	0.4532829801756183
CCGGAA	0.991638068317415
TGGGCT	3.812283242629832
TGGGCA	1.6680110906152403
TGGGGT	5.611444512484903
TGGGGA	4.603516655320085
TGGGTC	0.0
TGGGTG	0.0
TGGGAC	1.6680110906152403
TGGGAG	0.0
TGGTCC	0.4143960718763416
TGGTCG	0.0
TGGTGC	1.5249132970519328
TGGTGG	0.0
TGGACC	1.359848940526855
TGGACG	0.0
TGGAGC	3.3360221812304807
TGGAGG	4.603516655320085
CACGAC	0.2694782195343302
CACGAG	1.98327613663483
CACTCC	1.0711748022257332
CACTCG	0.0
CACTGC	0.9854392996444875
CACTGG	0.9065659603512368
TGTCCC	0.6756742355851874
TGTCCG	0.8287921437526831
TGTCGC	0.41439607187634153
TGTCGG	0.0
CACCTC	1.20507165250395
CACCTG	0.7390794747333657
CACCAC	1.0252320717906054
CACCAG	1.0779128781373208
CACGCT	0.0
CACGCA	0.8084346586029907
CACGGT	0.9065659603512368
CACGGA	0.4958190341587075
CACGTC	0.24635982491112188
CACGTG	0.4532829801756184
TGTGCC	0.8287921437526832
TGTGCG	0.0
TGTGGC	0.7624566485259664
TGTGGG	2.805722256242452
TGACCC	1.7245187743778527
TGACCG	0.0
TGACGC	0.4532829801756183
TGACGG	2.5020166359228604
TGAGCC	3.6262638414049464
TGAGCG	0.8340055453076202
TGAGGC	2.5020166359228604
TGAGGG	3.069011103546724
CACCCT	1.0711748022257332
CACCCA	1.0252320717906054
CACCGT	0.24635982491112188
CACCGA	0.5389564390686604
TTCCCC	1.101689189683874
TTCCCG	0.22522474519506244
TTCCGC	1.3513484711703747
TTCCGG	0.4143960718763416
TTCGCC	0.6756742355851874
TTCGCG	1.2431882156290248
TTCGGC	0.8287921437526832
TTCGGG	1.5249132970519328
TTGCCC	2.927921687535812
TTGCCG	1.2431882156290248
TTGCGC	0.0
TTGCGG	0.0
TTGGCC	1.6575842875053663
TTGGCG	1.5249132970519328
TTGGGC	2.287369945577899
TTGGGG	8.417166768727355
TACCCC	2.2762464547296832
TACCCG	0.7390794747333657
TACCGC	0.9854392996444875
TACCGG	0.0
TACGCC	0.9854392996444875
TACGCG	0.0
TACGGC	0.4532829801756184
TACGGG	0.0
TAGCCC	1.7245187743778532
TAGCCG	2.7196978810537105
TAGCGC	0.4532829801756183
TAGCGG	0.0
TAGGCC	1.8131319207024732
TAGGCG	2.502016635922861
TAGGGC	0.8340055453076202
TAGGGG	7.672527758866809
CTAGGC	2.71969788105371
CTAGGG	4.170027726538102
CCGCTT	1.1261237259753123
CCGCTA	0.7390794747333657
CCGCAT	0.7390794747333654
CCGCAA	1.0779128781373208
ACCCCT	1.4728653530603835
ACCCCA	2.636311041747271
ACCCGT	0.49271964982224375
ACCCGA	0.8084346586029907
ACCCTC	1.20507165250395
ACCCTG	1.2317991245556095
ACCCAC	0.43938517362454516
ACCCAG	1.347391097671651
CTACGC	0.0
CTACGG	0.9065659603512366
CTAGCC	4.188117023489072
CTAGCG	0.0
ACCGCT	1.2317991245556095
ACCGCA	1.8863475367403115
ACCGGT	1.3598489405268552
ACCGGA	0.4958190341587075
ACCGTC	0.0
ACCGTG	0.9065659603512368
ACCGAC	0.2694782195343302
ACCGAG	1.4874571024761225
ACCTCC	1.20507165250395
ACCTCG	0.49271964982224375
ACCTGC	1.4781589494667313
ACCTGG	1.8131319207024736
ACCACC	0.8787703472490903
ACCACG	0.5389564390686604
CTACCC	0.40169055083464994
CTACCG	0.49271964982224375
ACCAGC	0.8084346586029907
ACCAGG	0.991638068317415
ACGCCT	1.2317991245556097
ACGCCA	1.3473910976716512
ACGCGT	0.4532829801756184
ACGCGA	0.0
ACGCTC	0.0
ACGCTG	0.0
ACGCAC	0.0
ACGCAG	1.487457102476123
CCCACT	1.0711748022257332
CCCACA	1.1716937963321206
CCCAGT	0.49271964982224375
CCCAGA	1.8863475367403115
CCCATC	0.8033811016693
CCCATG	1.2317991245556095
CCCAAC	2.489849317205756
CCCAAG	1.0779128781373208
ACGGCT	2.266414900878092
ACGGCA	0.4958190341587076
ACGGGT	0.0
ACGGGA	1.824537174535957
ACGGTC	0.0
ACGGTG	1.668011090615241
ACGGAC	0.0
ACGGAG	1.824537174535957
ACGTCC	0.0
ACGTCG	0.0
ACGTGC	0.4532829801756184
ACGTGG	0.0
CTTGGC	1.6575842875053663
CTTGGG	0.7624566485259664
ACGACC	0.2694782195343302
ACGACG	0.4958190341587075
ACGAGC	1.487457102476123
ACGAGG	1.824537174535957
ACTCCC	0.6694842513910834
ACTCCG	0.0
ACTCGC	0.24635982491112188
ACTCGG	0.9065659603512368
ACTGCC	1.7245187743778532
ACTGCG	0.0
ACTGGC	2.266414900878092
ACTGGG	0.8340055453076203
CTTCGC	1.3513484711703747
CTTCGG	0.4143960718763416
CTTGCC	1.5765732163654371
CTTGCG	0.0
ACACCC	1.7575406944981806
ACACCG	1.347391097671651
ACACGC	0.2694782195343302
ACACGG	0.4958190341587075
ACAGCC	1.6168693172059811
ACAGCG	0.4958190341587075
ACAGGC	2.4790951707935376
ACAGGG	0.0
CTGAGC	1.359848940526855
CTGAGG	1.6680110906152406
CTTCCC	1.5913288295433736
CTTCCG	0.4504494903901249
AGCCCT	4.434476848400194
AGCCCA	1.347391097671651
AGCCGT	0.9065659603512368
AGCCGA	1.4874571024761225
AGCCTC	2.7099580740223406
AGCCTG	1.8131319207024736
AGCCAC	0.8084346586029907
AGCCAG	3.4707332391109524
AGCGCT	0.9065659603512366
AGCGCA	0.4958190341587075
AGCGGT	0.0
AGCGGA	0.9122685872679784
CTGTGC	0.0
CTGTGG	1.5249132970519328
CTGACC	1.7245187743778532
CTGACG	0.4532829801756184
AGCGTC	0.4532829801756183
AGCGTG	1.6680110906152403
AGCGAC	0.0
AGCGAG	0.9122685872679784
AGCTCC	0.7390794747333657
AGCTCG	0.9065659603512368
AGCTGC	0.4532829801756183
AGCTGG	5.838038817153342
CTGGCT	2.486376431258049
CTGGCA	1.8131319207024732
CTGGGT	0.0
CTGGGA	2.502016635922861
CTGGTC	1.6575842875053661
CTGGTG	0.0
CTGGAC	0.0
CTGGAG	0.8340055453076202
CTGTCC	0.22522474519506244
CTGTCG	0.8287921437526832
AGCACC	0.8084346586029906
AGCACG	0.4958190341587075
AGCAGC	3.4707332391109524
AGCAGG	0.0
CCCTCT	1.8361486494731234
CCCTCA	1.0711748022257332
CCCTGT	0.4504494903901249
CCCTGA	0.9854392996444875
CCCTTC	1.101689189683874
CCCTTG	2.70269694234075
CTGCCT	1.3513484711703747
CTGCCA	1.4781589494667313
CTGCGT	0.0
CTGCGA	0.0
CTGCTC	0.6756742355851874
CTGCTG	0.8287921437526832
CTGCAC	0.24635982491112182
CTGCAG	0.9065659603512366
CCCTAC	1.6067622033386
CCCTAG	3.2026777238445843
AGGCCT	6.345961722458657
AGGCCA	0.991638068317415
AGGCGT	0.0
AGGCGA	0.9122685872679785
AGGCTC	1.359848940526855
AGGCTG	0.8340055453076203
AGGCAC	1.4874571024761225
AGGCAG	0.0
CGTACC	0.7390794747333657
CGTACG	0.0
CGTAGC	0.0
CGTAGG	0.8340055453076203
CCCGTT	0.6756742355851874
CCCGTA	0.9854392996444875
CCCGAT	0.9854392996444875
CCCGAA	1.6168693172059814
AGGGCT	0.8340055453076203
AGGGCA	0.0
AGGGGT	3.0690111035467242
AGGGGA	1.6785034820779432
AGGGTC	0.8340055453076205
AGGGTG	0.0
AGGGAC	1.824537174535957
AGGGAG	3.3570069641558864
CTCACC	1.0711748022257332
CTCACG	0.7390794747333657
CTCAGC	1.4781589494667309
CTCAGG	3.172980861229328
AGGTCC	0.9065659603512368
AGGTCG	1.6680110906152406
AGGTGC	0.8340055453076205
AGGTGG	1.5345055517733621
AGGACC	1.9832761366348304
AGGACG	0.0
AGGAGC	5.473611523607872
AGGAGG	6.714013928311775
AGTCCC	0.24635982491112188
AGTCCG	1.3598489405268552
AGTCGC	0.0
AGTCGG	0.8340055453076203
CTCGAC	0.24635982491112182
CTCGAG	0.4532829801756183
CTCTCC	0.4896396398594995
CTCTCG	0.9008989807802495
CTCTGC	0.6756742355851874
CTCTGG	1.2431882156290246
AGTGCC	0.4532829801756183
AGTGCG	0.0
AGTGGC	0.8340055453076202
AGTGGG	4.603516655320085
CTCCTC	1.7137387395082482
CTCCTG	0.9008989807802495
CTCCAC	0.8033811016692998
CTCCAG	0.24635982491112182
CTCGCT	1.3513484711703747
CTCGCA	0.49271964982224375
CTCGGT	0.41439607187634153
CTCGGA	0.9065659603512366
CTCGTC	0.0
CTCGTG	0.0
AGACCC	1.6168693172059811
AGACCG	0.4958190341587075
AGACGC	1.98327613663483
AGACGG	1.8245371745359569
AGAGCC	0.991638068317415
AGAGCG	0.0
AGAGGC	0.9122685872679785
AGAGGG	3.3570069641558864
ATCCCC	1.7406590536168167
ATCCCG	0.24635982491112188
ATCCGC	0.49271964982224375
ATCCGG	0.4532829801756184
CGAAGC	0.9916380683174152
CGAAGG	1.824537174535957
CTCCCT	0.7344594597892492
CTCCCA	1.071174802225733
CTCCGT	0.6756742355851874
CTCCGA	0.24635982491112188
ATCGCC	0.9854392996444875
ATCGCG	0.0
ATCGGC	3.6262638414049473
ATCGGG	4.170027726538102
ATGCCC	1.970878599288975
ATGCCG	0.0
ATGCGC	0.0
ATGCGG	1.6680110906152406
ATGGCC	2.71969788105371
ATGGCG	0.8340055453076203
ATGGGC	4.170027726538101
ATGGGG	4.603516655320085
CGATGC	0.0
CGATGG	0.0
CGAACC	0.5389564390686604
CGAACG	0.4958190341587075
AACCCC	3.075696215371816
AACCCG	0.8084346586029907
AACCGC	1.347391097671651
AACCGG	1.98327613663483
CGAGCT	1.3598489405268552
CGAGCA	0.4958190341587076
CGAGGT	0.0
CGAGGA	0.0
CGAGTC	0.4532829801756184
CGAGTG	0.0
CGAGAC	0.0
CGAGAG	0.9122685872679785
CGATCC	0.24635982491112188
CGATCG	0.4532829801756184
AACGCC	1.347391097671651
AACGCG	0.0
AACGGC	1.98327613663483
AACGGG	0.9122685872679784
AAGCCC	2.425303975808972
AAGCCG	3.96655227326966
AAGCGC	0.991638068317415
AAGCGG	1.8245371745359569
CGACCT	0.9854392996444877
CGACCA	0.26947821953433027
CGACGT	0.0
CGACGA	0.9916380683174152
CGACTC	0.49271964982224375
CGACTG	0.4532829801756184
CGACAC	0.26947821953433027
CGACAG	0.4958190341587076
AAGGCC	1.98327613663483
AAGGCG	0.0
AAGGGC	0.0
AAGGGG	0.0
CTGCGG	0.0
CTGCGC	0.0
CTGCCG	1.4927686600137857
CTGCCC	1.0817619950384292
CTCGGG	1.831052410616393
CTCGGC	1.9903582133517141
CTCGCG	0.0
CTCGCC	2.4339644888364655
CTCCGG	0.49758955333792854
CTCCGC	1.3522024937980366
CTCCCG	1.0817619950384292
CTCCCC	2.498740315061381
CGAGGG	1.842570390795906
CGAGGC	2.002878284496919
CGAGCG	0.0
CGAGCC	1.6328500023179011
AGGGGG	3.390186684150451
AGGGGC	5.527711172387717
AGGGCG	0.0
AGGGCC	2.0028782844969184
CCCGAG	1.632850002317901
CCCGAC	0.591637245415376
CCCGTG	0.9951791066758573
CCCGTC	0.811321496278822
CCCGGA	0.544283334105967
CCCGGT	1.9903582133517146
ACGGGG	0.0
ACGGGC	1.0014391422484594
CCCGCA	0.591637245415376
CCCGCT	1.0817619950384294
ACGGCG	0.0
ACGGCC	0.544283334105967
CAGCGG	0.0
CAGCGC	0.544283334105967
CAGCCG	3.2657000046358022
CAGCCC	2.662367604369192
CACGGG	1.0014391422484592
CACGGC	1.088566668211934
CACGCG	0.0
CACGCC	0.8874558681230639
CACCGG	2.177133336423868
CACCGC	2.366548981661504
CACCCG	0.591637245415376
CACCCC	2.5724442269587864
CTGGGG	5.0534917402302435
CTGGGC	3.662104821232786
CTGGCG	0.0
CTGGCC	1.4927686600137857
GCCCGA	0.0
GCCCGT	0.9951791066758573
CCCAGG	0.0
CCCAGC	0.8874558681230639
GCCCCA	1.183274490830752
GCCCCT	1.3522024937980368
CCCACG	1.7749117362461277
CCCACC	1.92933317021909
CGTGGG	1.6844972467434147
CGTGGC	0.0
CGTGCG	0.9155262053081967
CGTGCC	0.49758955333792876
CAGGGG	0.0
CAGGGC	0.0
CAGGCG	1.0014391422484594
CAGGCC	4.898550006953703
GCCGGA	5.007195711242297
GCCGGT	0.0
ACGCGG	0.0
ACGCGC	0.0
GCCGCA	3.8099833387417688
GCCGCT	0.49758955333792865
ACGCCG	0.0
ACGCCC	1.183274490830752
CGTCGG	0.0
CGTCGC	0.49758955333792876
CGTCCG	0.0
CGTCCC	0.0
GCCCAG	1.088566668211934
GCCCAC	1.4790931135384398
GCCCTG	0.49758955333792865
GCCCTC	3.515726483874895
GCCAGG	3.004317426745378
GCCAGC	2.721416670529835
GCCACG	0.0
GCCACC	0.887455868123064
CGGAGG	1.842570390795906
CGGAGC	2.002878284496919
CGGACG	0.0
CGGACC	0.0
GCCTGG	1.831052410616394
GCCTGC	1.4927686600137864
GCCTCG	1.990358213351715
GCCTCC	3.245285985115289
GCCGAG	1.0014391422484594
GCCGAC	1.088566668211934
GCCGTG	1.8310524106163935
GCCGTC	0.49758955333792876
GCGCAG	1.0014391422484594
GCGCAC	0.0
GCGCTG	0.9155262053081967
GCGCTC	0.0
GCGCGA	0.0
GCGCGT	0.0
ACCGGG	5.0071957112422965
ACCGGC	0.544283334105967
GCGCCA	1.632850002317901
GCGCCT	0.0
ACCGCG	0.0
ACCGCC	1.7749117362461277
CGGTGG	1.6844972467434147
CGGTGC	2.74657861592459
CGGTCG	0.0
CGGTCC	0.49758955333792876
CGGCCA	1.632850002317901
CGGCCT	1.9903582133517146
AGGCGG	7.370281563183622
AGGCGC	2.0028782844969184
CGGGAG	3.685140781591811
CGGGAC	2.0028782844969184
CGGGTG	3.368994493486829
CGGGTC	0.9155262053081967
CGGGGA	1.8425703907959055
CGGGGT	5.0534917402302435
AGGCCG	0.0
AGGCCC	2.721416670529835
CGGGCA	0.0
CGGGCT	0.0
CCCTGG	1.492768660013786
CCCTGC	0.27044049875960735
GCGGGA	1.8425703907959055
GCGGGT	0.0
CCCTCG	0.27044049875960735
CCCTCC	2.4987403150613816
GCGGCA	0.0
GCGGCT	1.8310524106163935
AGCGGG	1.8425703907959055
AGCGGC	0.0
CGGCAG	2.002878284496919
CGGCAC	0.544283334105967
CGGCTG	0.9155262053081967
CGGCTC	1.4927686600137864
CGGCGA	0.0
CGGCGT	2.74657861592459
AGCGCG	0.0
AGCGCC	0.5442833341059669
GCGAGG	0.0
GCGAGC	1.0014391422484594
GCGACG	1.0014391422484594
GCGACC	0.0
CGCAGG	1.0014391422484594
CGCAGC	3.809983338741769
CGCACG	0.544283334105967
CGCACC	0.295818622707688
GCGTGG	0.0
GCGTGC	0.9155262053081967
GCGTCG	0.0
GCGTCC	0.0
GCGGAG	3.685140781591811
GCGGAC	0.0
GCGGTG	0.0
GCGGTC	0.0
GCACGG	0.0
GCACGC	0.0
GCACCG	0.544283334105967
GCACCC	0.887455868123064
CGCTGG	0.915526205308197
CGCTGC	0.49758955333792876
CGCTCG	0.9951791066758575
CGCTCC	1.0817619950384296
GCTGGG	3.3689944934868294
GCTGGC	3.662104821232787
GCTGCG	0.0
GCTGCC	0.9951791066758575
GCTCGG	1.8310524106163935
GCTCGC	0.49758955333792876
GCTCCG	1.492768660013786
GCTCCC	1.0817619950384294
GCAGGG	0.0
GCAGGC	3.004317426745378
GCAGCG	0.0
GCAGCC	4.898550006953703
CGCGAG	0.0
CGCGAC	0.0
CGCGTG	0.0
CGCGTC	0.0
CGCGGA	1.0014391422484594
CGCGGT	0.9155262053081967
AGCCGG	7.010073995739215
AGCCGC	5.44283334105967
CGCGCA	0.544283334105967
CGCGCT	0.0
AGCCCG	0.544283334105967
AGCCCC	1.7749117362461277
GGCCCA	1.6328500023179007
GGCCCT	2.9855373200275714
CGACGG	0.0
CGACGC	0.0
CGCCAG	1.632850002317901
CGCCAC	0.8874558681230639
CGCCTG	1.492768660013786
CGCCTC	2.433964488836466
CGCCGA	0.0
CGCCGT	0.49758955333792865
CGACCG	0.544283334105967
CGACCC	0.591637245415376
CGCCCA	1.7749117362461277
CGCCCT	2.7044049875960736
CCCCAG	1.1832744908307518
CCCCAC	3.0547775195135585
GGCGGA	3.685140781591811
GGCGGT	0.0
CCCCTG	1.0817619950384292
CCCCTC	1.7638166929845045
GGCGCA	0.0
GGCGCT	0.0
CCCCGA	2.9581862270768795
CCCCGT	1.3522024937980366
GGCCAG	2.0028782844969184
GGCCAC	1.6328500023179007
GGCCTG	2.7465786159245895
GGCCTC	4.478305980041357
GGCCGA	1.0014391422484592
GGCCGT	0.9155262053081965
CCCCCA	2.73322199114371
CCCCCT	3.380648661553634
GGGCCA	2.002878284496919
GGGCCT	8.23973584777377
GGCAGG	7.370281563183622
GGCAGC	0.0
GGCACG	0.0
GGCACC	1.088566668211934
GGCTGG	1.6844972467434145
GGCTGC	0.0
GGCTCG	0.9155262053081967
GGCTCC	1.492768660013786
GGCGAG	0.0
GGCGAC	1.0014391422484592
GGCGTG	0.0
GGCGTC	0.0
GGGGCA	5.527711172387717
GGGGCT	8.422486233717072
CCAGGG	1.0014391422484592
CCAGGC	1.088566668211934
CCAGCG	1.088566668211934
CCAGCC	2.0707303589538157
GGGCAG	1.8425703907959055
GGGCAC	1.0014391422484592
GGGCTG	5.0534917402302435
GGGCTC	1.8310524106163935
GGGCGA	0.0
GGGCGT	0.0
GGGTGG	0.0
GGGTGC	0.0
GGGTCG	0.0
GGGTCC	1.831052410616393
CCACGG	1.632850002317901
CCACGC	0.591637245415376
CCACCG	0.8874558681230639
CCACCC	1.6077776418492415
GGGGAG	3.390186684150451
GGGGAC	9.212851953979527
GGGGTG	0.0
GGGGTC	1.6844972467434145
GGGGGA	16.950933420752254
GGGGGT	3.0993443528259643
GGACGG	0.0
GGACGC	1.0014391422484592
GGACCG	1.0014391422484592
GGACCC	0.0
GGTGGG	3.0993443528259643
GGTGGC	0.0
GGTGCG	0.0
GGTGCC	1.8310524106163935
GGTCGG	1.6844972467434145
GGTCGC	0.0
GGTCCG	0.0
GGTCCC	0.49758955333792865
GGGAGG	6.780373368300902
GGGAGC	3.685140781591811
GGGACG	1.8425703907959055
GGGACC	3.004317426745378
GTGCGG	0.0
GTGCGC	0.0
GTGCCG	0.0
GTGCCC	1.4927686600137857
GTCGGG	0.0
GTCGGC	0.0
GTCGCG	0.0
GTCGCC	0.9951791066758571
GTCCGG	0.0
GTCCGC	0.9951791066758571
GTCCCG	0.0
GTCCCC	0.5408809975192146
GGAGGG	3.390186684150451
GGAGGC	9.212851953979527
GGAGCG	0.0
GGAGCC	5.0071957112422965
GACGGG	1.8425703907959055
GACGGC	0.0
GACGCG	1.0014391422484592
GACGCC	1.0885666682119337
CCTGGG	3.662104821232787
CCTGGC	0.9951791066758575
CCTGCG	0.0
CCTGCC	1.3522024937980366
GACCGG	2.0028782844969184
GACCGC	0.544283334105967
GACCCG	0.544283334105967
GACCCC	2.366548981661504
GTGGGG	9.298033058477891
GTGGGC	3.368994493486828
GTGGCG	0.0
GTGGCC	0.0
TCCCGG	0.0
TCCCGC	0.2704404987596073
TCCCCG	1.3522024937980366
TCCCCC	2.3517555906460057
CCTCGG	0.9951791066758573
CCTCGC	1.8930834913172514
CCTCCG	1.0817619950384294
CCTCCC	2.0577861418152557
GAGGGG	6.780373368300902
GAGGGC	3.685140781591811
GAGGCG	5.527711172387717
GAGGCC	4.005756568993837
GAGCGG	0.0
GAGCGC	0.0
GAGCCG	2.0028782844969184
GAGCCC	2.721416670529835
TCGGGG	6.737988986973658
TCGGGC	1.831052410616393
TCGGCG	0.9155262053081965
TCGGCC	3.9807164267034283
CCGAGG	1.0014391422484592
CCGAGC	1.632850002317901
CCGACG	0.0
CCGACC	1.183274490830752
TCGCGG	0.9155262053081965
TCGCGC	0.49758955333792854
TCGCCG	0.49758955333792854
TCGCCC	1.8930834913172512
TCCGGG	1.831052410616393
TCCGGC	0.0
TCCGCG	0.49758955333792854
TCCGCC	1.6226429925576438
TGGCGG	0.0
TGGCGC	0.9155262053081965
TGGCCG	0.9155262053081965
TGGCCC	2.4879477666896426
CCGTGG	0.9155262053081965
CCGTGC	0.49758955333792854
CCGTCG	0.9951791066758571
CCGTCC	0.0
TGCGGG	1.6844972467434145
TGCGGC	0.9155262053081965
TGCGCG	0.0
TGCGCC	0.0
TGCCGG	1.831052410616393
TGCCGC	0.9951791066758571
TGCCCG	0.49758955333792854
TGCCCC	2.1635239900768584
TGGGGG	12.397377411303856
TGGGGC	6.737988986973656
TGGGCG	0.0
TGGGCC	6.408683437157376
CCGGAG	4.005756568993837
CCGGAC	0.0
CCGGTG	1.831052410616393
CCGGTC	1.9903582133517141
CCGGGA	2.0028782844969184
CCGGGT	1.831052410616393
CCGGCA	2.7214166705298344
CCGGCT	1.4927686600137857
ACCCGG	2.177133336423868
ACCCGC	0.0
ACCCCG	1.4790931135384398
ACCCCC	4.501777397177876
CCGCAG	3.2657000046358013
CCGCAC	1.1832744908307518
CCGCTG	0.9951791066758571
CCGCTC	1.8930834913172512
CCGCGA	0.5442833341059669
CCGCGT	0.0
CCGCCA	1.7749117362461275
CCGCCT	1.0817619950384292
CCCGGG	0.0
CCCGGC	1.7924544685229788
CCCGCG	0.0
CCCGCC	1.2989347739033175
GCCCGG	1.0993257573744937
GCCCGC	0.597484822840993
GCCCCG	2.987424114204965
GCCCCC	2.2731358543308056
GCCGGG	4.045348349036218
GCCGGC	4.397303029497975
GCCGCG	2.1986515147489873
GCCGCC	4.182393759886951
GCGCGG	0.0
GCGCGC	0.0
GCGCCG	0.0
GCGCCC	0.597484822840993
CGGCCG	2.1986515147489873
CGGCCC	0.0
CGGGGG	7.443127369331367
CGGGGC	6.068022523554326
CGGGCG	0.0
CGGGCC	4.397303029497975
GCGGGG	3.7215636846656834
GCGGGC	0.0
GCGGCG	4.045348349036218
GCGGCC	0.0
CGGCGG	0.0
CGGCGC	0.0
CGCGGG	0.0
CGCGGC	1.0993257573744937
CGCGCG	0.0
CGCGCC	0.0
GGCCCG	0.0
GGCCCC	2.3899392913639717
CGCCGG	0.0
CGCCGC	2.389939291363972
CGCCCG	1.194969645681986
CGCCCC	0.9742010804274881
GGCGGG	0.0
GGCGGC	4.045348349036217
GGCGCG	0.0
GGCGCC	3.2979772721234806
GGCCGG	4.045348349036217
GGCCGC	1.0993257573744935
CCGGCG	0.0
CCGGCC	0.0
CCGCCG	2.3899392913639717
CCGCCC	2.922603241282464
GGGGCG	0.0
GGGGCC	6.068022523554326
GGGGGG	13.694777372951934
GGGGGC	3.7215636846656834
GGGCCG	4.045348349036218
GGGCCC	3.2979772721234815
CCGGGG	8.090696698072435
CCGGGC	1.0993257573744935
GGGCGG	0.0
GGGCGC	0.0
CCCCGG	1.7924544685229786
CCCCGC	2.5978695478066345
CCGCGG	2.198651514748987
CCGCGC	0.0
CCCCCG	3.572070628234123
CCCCCC	4.412328466229407
