	Lumbricus_terrestris 6-mer OE values GC sorted
AATTAA	1.0820360023087778
AATTAT	1.485210461608633
AATTTA	1.0161966316269595
AATTTT	1.1011885768978027
ATTTAA	0.7816897166361227
ATTTAT	1.4682514358637369
ATTTTA	1.6150765794501105
ATTTTT	1.1031294044357678
TAAAAA	1.5066460606836773
TAAAAT	1.4149701568653252
ATTAAA	1.6646707727827355
ATTAAT	1.4852104616086335
ATTATA	1.5633794332722455
ATTATT	1.3214262922773632
TAAATA	0.9988024636696413
TAAATT	0.547182801645286
TAATAA	2.330539081895829
TAATAT	0.9380276599633471
TAATTA	1.6415484049358575
TAATTT	1.0277760051046159
ATATTA	1.3288725182814085
ATATTT	2.0555520102092317
TATAAA	0.9155689250305045
TATAAT	1.1725345749541842
ATATAA	1.0820360023087778
ATATAT	1.2507035466177963
TATTAA	1.71971737659947
TATTAT	1.6150765794501105
ATAAAA	0.7090099109099658
ATAAAT	1.2485030795870515
ATAATA	0.9988024636696413
ATAATT	1.2507035466177965
TTTTTA	1.1031294044357678
TTTTTT	0.8417553213558074
TATTTA	2.1289645820024186
TATTTT	1.6546941066536516
TATATA	1.2507035466177965
TATATT	1.6150765794501105
AAAAAA	2.642313298456019
AAAAAT	1.4180198218199314
TTAAAA	1.3317366182261883
TTAAAT	0.7035207449725106
TTATAA	1.6415484049358577
TTATAT	0.8809508615182421
TTATTA	1.1011885768978027
TTATTT	1.2410205799902387
TTAATA	1.71971737659947
TTAATT	1.6150765794501105
TTTATA	1.4682514358637369
TTTATT	1.447857343321945
TTTTAA	1.0277760051046159
TTTTAT	1.447857343321945
TTTAAA	0.7035207449725105
TTTAAT	1.1746011486909895
AAATTA	0.8323353863913677
AAATTT	1.0161966316269597
AATAAA	1.6838985384111689
AATAAT	1.3317366182261883
AATATA	0.9155689250305045
AATATT	1.4070414899450212
AAATAA	1.3293935829561858
AAATAT	1.4149701568653252
AAAATA	1.1521411052286943
AAAATT	1.4982036955044615
AAAACT	1.4075377119602333
AAAACA	1.998309423652807
AAAAGT	0.6695207513149802
AAAAGA	1.960472235726048
AAAATC	0.9383584746401555
AAAATG	0.6695207513149802
AAATCT	1.5422077070617577
AAATCA	0.8210636653101361
AAATAC	0.9383584746401555
AAATAG	0.6695207513149803
AAACTT	1.3218923203386495
AAACTA	1.1729480933001943
TTGAAT	0.5905220542891622
TTGAAA	0.7859774661366585
AATATC	0.9914192402539873
AATATG	1.100368452591322
AATAAC	1.5248325212902527
AATAAG	1.841182066116196
AAATGT	0.7859774661366585
AAATGA	0.6695207513149803
AAATTC	0.5507884668077707
AAATTG	0.9431729593639903
TTAGAT	0.4428915407168716
TTAGAA	1.4147594390459854
TTATCT	1.3602381427700356
TTATCA	0.7241839799421348
TTTAAC	0.9310936884970304
TTTAAG	0.8857830814337432
TTACTT	0.6801190713850178
TTACTA	0.620729125664687
TTACAT	1.034548542774478
TTACAA	0.771103853530879
AAGTTT	0.44289154071687153
AAGTTA	0.3143909864546634
AAGTAT	0.7859774661366584
AAGTAA	1.1716613148012154
TTTTAC	1.2630782754293188
TTTTAG	0.9705327845671436
TTTACT	0.9715986734071683
TTTACA	1.862187376994061
TTTAGT	0.6932377032622453
TTTAGA	0.4428915407168716
TTTATC	1.165918408088602
TTTATG	1.1091803252195926
AAGATT	1.7291504255006487
AAGATA	1.5064216904587056
AAGAAT	0.5021405634862351
AAGAAA	1.069348492214208
TTATGT	0.6932377032622453
TTATGA	0.4428915407168716
TTATTC	1.651717744792186
TTATTG	1.2478278658720419
TTATAC	1.4483679598842696
TTATAG	1.1810441085783243
TTAACT	0.517274271387239
TTAACA	0.9914192402539873
TTAGTT	1.5251229471769399
TTAGTA	0.7381525678614527
TTAAAC	1.6523654004233121
TTAAAG	0.7859774661366585
CTATTT	2.331836816177204
CTATTA	1.6552776684391652
CTATAT	1.7587325227166128
CTATAA	0.771103853530879
AAAAAC	1.2489433897830045
AAAAAG	1.604022738321312
TTAAGT	0.5905220542891622
TTAAGA	0.7859774661366585
TTAATC	0.9310936884970304
TTAATG	0.8857830814337432
TACTTT	0.582959204044301
TACTTA	0.4138194171097913
TACTAT	0.7241839799421347
TACTAA	1.2117346269770957
TTCTTT	1.1862229040750376
TTCTTA	1.5545578774514692
TTCATT	0.8744388060664514
TTCATA	1.4483679598842696
TTCAAT	0.620729125664687
TTCAAA	1.1015769336155417
AACATT	0.9914192402539875
AACATA	1.2902429026302142
AACAAT	0.8210636653101363
AACAAA	1.2489433897830047
TTGTTT	0.5208446428538498
TTGTTA	1.1091803252195926
TAGTTT	0.9705327845671435
TAGTTA	1.0334135950060337
TAGTAT	1.0334135950060337
TAGTAA	1.4147594390459854
CTAAAT	0.771103853530879
CTAAAA	1.9940117586103305
TTCTAT	2.040357214155054
TTCTAA	1.6552776684391652
TACATT	0.6207291256646869
TACATA	0.771103853530879
TACAAT	0.8812615468924332
TACAAA	0.23458961866003888
AACTTT	1.034548542774478
AACTTA	0.9914192402539873
AACTAT	1.3218923203386497
AACTAA	1.2902429026302138
CTAATT	1.655277668439165
CTAATA	1.8726807871464204
TATCAT	0.7241839799421347
TATCAA	1.3218923203386497
TATGTT	0.6932377032622454
TATGTA	1.1810441085783243
TATCTT	0.8744388060664514
TATCTA	1.4483679598842696
TGAATT	1.0334135950060337
TGAATA	0.7859774661366585
TGAAAT	1.2575639458186536
TGAAAA	0.3347603756574902
TAGATT	0.7381525678614527
TAGATA	1.100368452591322
TAGAAT	0.9431729593639903
TAGAAA	1.1716613148012156
TATAAC	1.1015769336155414
TATAAG	1.4147594390459854
TATGAT	0.2952610271445811
TATGAA	1.2575639458186536
TATTCT	2.5261565508586377
TATTCA	1.0345485427744783
TATTGT	0.6932377032622453
TATTGA	0.8857830814337432
TATTTC	1.3602381427700356
TATTTG	1.663770487829389
TATTAC	1.0345485427744783
TATTAG	0.7381525678614527
TTTGAT	0.9705327845671436
TTTGAA	0.4428915407168716
TTTTCT	1.2774708197731175
TTTTCA	0.8744388060664514
TTTTGT	0.6510558035673123
TTTTGA	0.8318852439146945
TTTTTC	1.4599666511692775
TTTTTG	0.6510558035673123
AATCTT	1.4483679598842694
AATCTA	1.542207707061758
AATCAT	0.5507884668077706
AATCAA	0.9383584746401555
TTGATT	0.6932377032622454
TTGATA	0.5905220542891622
TAACAT	0.7711038535308788
TAACAA	1.2902429026302138
ATAAAC	1.5248325212902527
ATAAAG	1.0042811269724705
TATACT	1.3449131056068215
TATACA	1.432050013700204
TATAGT	0.5905220542891622
TATAGA	1.100368452591322
TATATC	0.7241839799421348
TATATG	0.8857830814337432
TAATCT	2.069097085548956
TAATCA	1.3218923203386495
ATATAC	0.7711038535308788
ATATAG	0.7859774661366585
ATAACT	1.5422077070617577
ATAACA	0.7037688559801166
ATAAGT	0.6287819729093268
ATAAGA	2.175942441773686
ATAATC	1.3218923203386497
ATAATG	1.100368452591322
TAACTT	0.41381941710979125
TAACTA	1.2117346269770957
TAAACT	1.4320500137002037
TAAACA	1.876716949280311
ATAGAT	0.3143909864546634
ATAGAA	0.5021405634862353
ATATCT	1.034548542774478
ATATCA	0.4406307734462165
ATATGT	0.590522054289162
ATATGA	0.6287819729093268
ATATTC	1.3449131056068215
ATATTG	0.590522054289162
TAAGTT	0.7381525678614527
TAAGTA	0.47158647968199513
TAAGAT	1.4147594390459854
TAAGAA	0.8369009391437254
ATACTT	0.3103645628323434
ATACTA	1.6523654004233121
ATACAT	1.1015769336155412
ATACAA	0.5864740466500972
ATAGTT	0.5905220542891622
ATAGTA	1.4147594390459854
TAATGT	0.8857830814337431
TAATGA	0.9431729593639903
TAATTC	1.4483679598842694
TAATTG	1.4763051357229051
TAATAC	0.7711038535308788
TAATAG	1.729150425500649
TTTCAT	1.3602381427700356
TTTCAA	0.5172742713872391
TTTGTT	0.9114781249942372
TTTGTA	1.2478278658720419
TTTCTT	0.6387354098865587
TTTCTA	1.8460374794736198
TTGTAT	0.41594262195734727
TTGTAA	1.1810441085783243
AATGTT	0.5905220542891622
AATGTA	0.3143909864546634
AATGAT	2.0435414119553124
AATGAA	0.3347603756574902
AATTCT	1.551822814161717
AATTCA	0.6609461601693247
AATTGT	0.7381525678614526
AATTGA	0.6287819729093268
TAAAGT	0.6287819729093268
TAAAGA	0.5021405634862353
TAAATC	0.9914192402539873
TAAATG	1.4147594390459854
TGATTT	0.6932377032622453
TGATTA	0.4428915407168716
TGATAT	1.7715661628674861
TGATAA	0.7859774661366585
ATTAAC	0.9914192402539873
ATTAAG	0.7859774661366585
TAAAAC	1.7594221399502916
TAAAAG	0.6695207513149803
ATTTAC	2.0690970855489565
ATTTAG	1.0334135950060337
ATTACT	0.6207291256646869
ATTACA	0.5507884668077707
ATTAGT	0.8857830814337432
ATTAGA	0.6287819729093268
ATTATC	1.0345485427744783
ATTATG	0.7381525678614527
TGTTTT	0.3906334821403873
TGTTTA	0.9705327845671435
TGTATT	0.8318852439146944
TGTATA	0.2952610271445811
TGTAAT	0.7381525678614526
TGTAAA	1.571954932273317
ATTGTT	0.9705327845671436
ATTGTA	0.4428915407168716
ATTGAT	0.7381525678614527
ATTGAA	0.7859774661366585
ATTTCT	0.9715986734071683
ATTTCA	1.3449131056068218
ATTTGT	0.9705327845671435
ATTTGA	1.0334135950060337
ATTTTC	0.9715986734071683
ATTTTG	1.2478278658720419
CTTTTT	1.2774708197731175
CTTTTA	0.8744388060664514
CTTTAT	1.5545578774514694
CTTTAA	0.7241839799421348
TGTTAT	0.9705327845671435
TGTTAA	0.7381525678614527
GTTTAT	0.5545901626097963
GTTTAA	1.3286746221506147
ATTCTT	2.5261565508586377
ATTCTA	1.758732522716613
ATTCAT	0.7241839799421347
ATTCAA	0.6609461601693248
CTTATT	1.165918408088602
CTTATA	1.138003397051926
CTTAAT	1.758732522716613
CTTAAA	1.32189232033865
ACTTAT	0.8276388342195825
ACTTAA	0.6609461601693248
ACTTTT	0.7772789387257346
ACTTTA	0.8276388342195826
TCATTT	1.2630782754293188
TCATTA	0.620729125664687
TCATAT	1.034548542774478
TCATAA	1.1015769336155414
TCAATT	1.034548542774478
TCAATA	0.5507884668077707
TCAAAT	0.771103853530879
TCAAAA	0.8210636653101361
ATGAAT	1.100368452591322
ATGAAA	1.0042811269724705
GTTTTT	0.911478124994237
GTTTTA	1.1091803252195926
TCTTTT	0.547487494188479
TCTTTA	0.8744388060664514
TCTATT	2.331836816177204
TCTATA	1.3449131056068218
TCTAAT	1.862187376994061
TCTAAA	1.2117346269770959
ACTATT	0.7241839799421347
ACTATA	0.9914192402539873
ACTAAT	1.8726807871464204
ACTAAA	1.6421273306202722
ATGTTT	0.5545901626097963
ATGTTA	0.8857830814337432
ATGTAT	1.0334135950060337
ATGTAA	0.47158647968199513
ATGATT	0.8857830814337432
ATGATA	1.571954932273317
CATTAT	0.8276388342195825
CATTAA	1.432050013700204
ACAATT	0.660946160169325
ACAATA	0.8210636653101363
ACAAAT	0.4691792373200779
ACAAAA	0.7493660338698028
TCTTAT	1.9431973468143369
TCTTAA	1.0345485427744783
ACATTT	0.517274271387239
ACATTA	0.771103853530879
ACATAT	1.1015769336155414
ACATAA	1.0556532839701749
GTTATT	1.1091803252195926
GTTATA	0.5905220542891622
GTTAAT	1.0334135950060337
GTTAAA	0.6287819729093268
GATAAT	0.9431729593639903
GATAAA	0.6695207513149803
GAATTT	0.2952610271445811
GAATTA	0.9431729593639903
GAATAT	1.100368452591322
GAATAA	1.3390415026299607
GAAAAT	0.8369009391437254
GAAAAA	1.4257979896189443
CATAAT	1.1015769336155414
CATAAA	0.9383584746401555
GAAATT	0.6287819729093269
GAAATA	1.8411820661161962
CATATT	1.034548542774478
CATATA	0.8812615468924332
CATTTT	0.8744388060664514
CATTTA	0.8276388342195826
AGTAAT	1.4147594390459854
AGTAAA	1.841182066116196
AGTTTT	1.2478278658720416
AGTTTA	0.5905220542891622
AGTTAT	0.7381525678614526
AGTTAA	0.6287819729093268
GATTTT	1.2478278658720416
GATTTA	1.0334135950060337
GATTAT	0.590522054289162
GATTAA	0.7859774661366585
GATATT	1.7715661628674864
GATATA	0.9431729593639903
ATCATT	0.7241839799421347
ATCATA	0.4406307734462166
ATCAAT	0.771103853530879
ATCAAA	0.5864740466500972
AGATAT	0.9431729593639903
AGATAA	1.0042811269724705
CAAATT	0.5507884668077708
CAAATA	0.9383584746401558
CAATAT	0.9914192402539873
CAATAA	0.9383584746401555
CAATTT	1.3449131056068215
CAATTA	0.6609461601693248
GTATAT	0.8857830814337431
GTATAA	0.6287819729093268
ATCTTT	1.165918408088602
ATCTTA	1.0345485427744783
ATCTAT	1.7587325227166128
ATCTAA	1.3218923203386497
AGTATT	1.3286746221506147
AGTATA	0.7859774661366585
AAACAT	1.2902429026302138
AAACAA	1.4987320677396052
GTAATT	0.7381525678614527
GTAATA	1.100368452591322
CAAAAT	0.5864740466500973
CAAAAA	1.2489433897830047
AGAATT	0.31439098645466346
AGAATA	1.506421690458706
AGAAAT	1.3390415026299607
AGAAAA	1.2475732409165763
GTAAAT	0.9431729593639903
GTAAAA	2.008562253944941
GTATTT	1.2478278658720416
GTATTA	1.623935649295196
AGATTT	1.1810441085783243
AGATTA	0.9431729593639903
AATTTC	0.9310936884970303
AATTTG	0.7381525678614526
AATTAC	0.7711038535308788
AATTAG	0.6287819729093268
AATACT	1.2117346269770954
AATACA	0.8210636653101361
AATAGT	1.571954932273317
AATAGA	0.3347603756574902
AAAGTT	0.1571954932273317
AAAGTA	0.6695207513149802
AAAGAT	1.5064216904587056
AAAGAA	0.356449497404736
AAAACC	0.661179256377141
AAAACG	0.0
AAAAGC	1.17938198579509
AAAAGG	0.6731932280099571
AAATCC	0.7761850481389223
AAATCG	0.22152386774732788
AAACCT	1.5523700962778446
AAACCA	0.661179256377141
AAACGT	0.6645716032419836
AAACGA	0.23587639715901806
AAACTC	1.39713308665006
AAACTG	1.1076193387366393
AAACAC	1.6529481409428526
AAACAG	1.415258382954108
GACTTT	0.7815424940858336
GACTTA	0.4160893126466805
GACTAT	0.6241339689700207
GACTAA	1.5506670742312954
ATCCTT	1.5061215863998876
ATCCTA	1.3121207922462588
ATCCAT	0.2915823982769463
ATCCAA	0.9314220577667067
CGAATT	0.4160893126466804
CGAATA	1.107619338736639
GTAAGT	0.890641807196882
GTAAGA	0.6322309879506018
GTAATC	1.0402232816167012
GTAATG	0.0
GACATT	0.0
GACATA	1.1076193387366398
GACAAT	0.4430477354946558
GACAAA	1.1793819857950907
AGAAGT	0.9483464819259029
AGAAGA	1.3463864560199146
AGAATC	0.0
AGAATG	1.2644619759012037
AGAAAC	0.7076291914770543
AGAAAG	0.0
GTAAAC	1.3291432064839672
GTAAAG	1.2644619759012035
CGAAAT	0.44304773549465576
CGAAAA	1.6511347801131262
ATCGTT	0.5861568705643753
ATCGTA	0.6241339689700207
ATCGAT	0.20804465632334024
ATCGAA	0.8860954709893116
GTATTC	0.7815424940858335
GTATTG	0.8364483275311042
GTATAC	0.4160893126466804
GTATAG	0.8906418071968818
AGATAC	0.8860954709893115
AGATAG	1.896692963851805
AGAACT	1.5506670742312954
AGAACA	0.9435055886360723
CAAAGT	1.1076193387366395
CAAAGA	0.9435055886360723
CAAATC	0.931422057766707
CAAATG	0.2215238677473279
CAAAAC	0.4958844422828559
CAAAAG	1.4152583829541088
GAGTTT	0.5576322183540695
GAGTTA	0.2968806023989607
GAGTAT	1.4844030119948035
GAGTAA	2.2128084578271063
AGAGTT	0.890641807196882
AGAGTA	1.2644619759012037
AGAGAT	1.896692963851805
AGAGAA	0.6731932280099572
AGATCT	0.4160893126466805
AGATCA	0.6645716032419837
AGATGT	1.4844030119948035
AGATGA	1.2644619759012037
AGATTC	0.6241339689700207
AGATTG	0.890641807196882
GAGATT	1.1875224095958428
GAGATA	1.2644619759012037
GAGAAT	0.9483464819259025
GAGAAA	0.6731932280099572
AGACTT	1.0402232816167012
AGACTA	1.9937148097259512
AGACAT	0.8860954709893116
AGACAA	0.9435055886360723
CAATGT	0.0
CAATGA	0.4430477354946558
CAATTC	1.1663295931077853
CAATTG	0.6241339689700207
CAATAC	0.4657110288833534
CAATAG	1.1076193387366395
GTAACT	0.832178625293361
GTAACA	0.8860954709893116
ATCTCT	1.369201442181716
ATCTCA	1.4579119913847318
ATCTGT	1.367699364650209
ATCTGA	1.0402232816167012
ATCTTC	0.9584410095272012
ATCTTG	0.1953856235214584
ATCTAC	1.3121207922462585
ATCTAG	1.2482679379400414
GATGTT	0.8364483275311042
GATGTA	0.29688060239896064
AGTACT	0.4160893126466805
AGTACA	0.4430477354946558
AGTAGT	1.781283614393764
AGTAGA	0.9483464819259028
AGTATC	0.6241339689700207
AGTATG	0.5937612047979214
AGTAAC	1.772190941978623
AGTAAG	0.9483464819259025
CAAACT	1.2418960770222758
CAAACA	0.49588444228285583
AGTTCT	1.563084988171667
AGTTCA	0.8321786252933608
AGTTGT	0.27881610917703475
AGTTGA	0.29688060239896064
AGTTTC	0.39077124704291677
AGTTTG	0.27881610917703475
AGTTAC	0.6241339689700206
AGTTAG	0.0
GATCTT	0.7815424940858335
GATCTA	0.8321786252933608
GATCAT	0.20804465632334024
GATCAA	0.2215238677473279
GATGAT	1.4844030119948033
GATGAA	0.9483464819259024
GATTCT	1.3676993646502087
GATTCA	0.8321786252933608
GATTGT	0.8364483275311042
GATTGA	0.29688060239896064
GATTTC	0.9769281176072919
GATTTG	0.5576322183540695
CTCTTT	0.6429443616455475
CTCTTA	1.5061215863998876
AGTGTT	1.115264436708139
AGTGTA	1.1875224095958425
AGTGAT	0.8906418071968819
AGTGAA	1.8966929638518049
GATTAC	0.0
GATTAG	1.484403011994803
GATACT	0.6241339689700207
GATACA	0.2215238677473279
GATAGT	1.1875224095958428
GATAGA	0.3161154939753009
GATATC	0.6241339689700207
GATATG	0.2968806023989607
AGTCTT	0.7815424940858335
AGTCTA	0.8321786252933608
AGTCAT	1.2482679379400414
AGTCAA	1.1076193387366395
ATCACT	1.1663295931077853
ATCACA	1.39713308665006
ATCAGT	0.832178625293361
ATCAGA	0.4430477354946558
ATCATC	0.8747471948308391
ATCATG	0.6241339689700207
ATCAAC	1.3971330866500602
ATCAAG	1.1076193387366395
GTAGTT	0.5576322183540695
GTAGTA	1.4844030119948033
GTAGAT	1.1875224095958425
GTAGAA	1.2644619759012032
GAAGAT	2.212808457827106
GAAGAA	0.3365966140049786
GAATCT	1.0402232816167012
GAATCA	0.4430477354946558
GATAAC	0.8860954709893115
GATAAG	1.2644619759012035
GAACTT	1.0402232816167012
GAACTA	1.3291432064839674
GAACAT	0.4430477354946558
GAACAA	0.23587639715901806
AGGATT	1.781283614393764
AGGATA	0.9483464819259028
AGGAAT	0.9483464819259025
AGGAAA	0.3365966140049786
GAATAC	1.3291432064839672
GAATAG	0.9483464819259025
GAAACT	0.6645716032419837
GAAACA	0.9435055886360723
CTCATT	0.8215208653090297
CTCATA	0.8747471948308392
AGGTTT	1.115264436708139
AGGTTA	1.1875224095958428
AGGTAT	0.890641807196882
AGGTAA	0.6322309879506018
GAAGTT	0.2968806023989607
GAAGTA	1.5805774698765045
GAAAGT	0.0
GAAAGA	0.0
CAAGTT	0.20804465632334024
CAAGTA	1.1076193387366395
CAAGAT	1.3291432064839674
CAAGAA	1.8870111772721445
CGTATT	1.3676993646502087
CGTATA	0.8321786252933608
CTCTAT	1.0953611537453727
CTCTAA	1.895285588800151
GAATGT	0.0
GAATGA	1.2644619759012037
GAATTC	0.4160893126466805
GAATTG	1.1875224095958428
CAACTT	0.7289559956923659
CAACTA	1.5523700962778446
CAACAT	0.7761850481389224
CAACAA	0.6611792563771411
CTCAAT	0.8747471948308391
CTCAAA	1.39713308665006
CAATCT	1.3121207922462585
CAATCA	0.7761850481389223
GAAATC	0.8860954709893116
GAAATG	0.0
GAAAAC	0.9435055886360723
GAAAAG	1.0097898420149358
TCCTAT	1.2322812979635442
TCCTAA	1.3121207922462583
AGCATT	1.2482679379400416
AGCATA	0.6645716032419838
AGCAAT	1.3291432064839674
AGCAAA	1.1793819857950907
CGTAAT	0.0
CGTAAA	0.6645716032419837
CATAGT	0.4160893126466805
CATAGA	0.2215238677473279
CATATC	0.5831647965538926
CATATG	1.2482679379400414
CATAAC	0.4657110288833534
CATAAG	1.3291432064839674
TCCATT	0.5476805768726865
TCCATA	0.7289559956923659
TCCAAT	1.0205383939693122
TCCAAA	0.46571102888335336
CATTGT	0.5861568705643753
CATTGA	0.4160893126466805
CATTTC	0.5476805768726865
CATTTG	1.5630849881716673
AGCTTT	1.7584706116931257
AGCTTA	1.4563125942633817
AGCTAT	2.496535875880083
AGCTAA	1.5506670742312954
TCCTTT	1.028710978632876
TCCTTA	1.3692014421817158
GTATCT	0.19538562352145838
GTATCA	1.6643572505867217
GTATGT	0.8364483275311042
GTATGA	0.0
GTACTT	0.7815424940858335
GTACTA	0.4160893126466804
GTACAT	0.6241339689700207
GTACAA	0.0
ATGCTT	0.9769281176072919
ATGCTA	0.4160893126466804
ATGCAT	0.20804465632334024
ATGCAA	0.8860954709893116
GTTAGT	1.3940805458851737
GTTAGA	1.4844030119948033
GTTATC	0.5861568705643752
GTTATG	0.5576322183540695
TCGTTT	0.18349686338272087
TCGTTA	0.3907712470429168
TCGTAT	0.976928117607292
TCGTAA	0.4160893126466805
CATGTT	0.5861568705643753
CATGTA	0.832178625293361
CATGAT	0.4160893126466805
CATGAA	1.1076193387366395
CATTAC	0.2915823982769463
CATTAG	0.6241339689700207
CATACT	0.8747471948308391
CATACA	0.46571102888335336
CTGTAT	0.7815424940858336
CTGTAA	1.0402232816167012
TCTCAT	0.9584410095272013
TCTCAA	1.312120792246259
CATCTT	0.41076043265451484
CATCTA	1.7494943896616784
CATCAT	1.0205383939693122
CATCAA	0.7761850481389223
TCGATT	0.3907712470429168
TCGATA	0.4160893126466805
TCGAAT	0.4160893126466805
TCGAAA	0.6645716032419837
CTGAAT	1.2482679379400414
CTGAAA	0.4430477354946558
CTGTTT	0.9174843169136043
CTGTTA	0.1953856235214584
CATTCT	1.779961874836231
CATTCA	0.5831647965538928
TCTGAT	1.367699364650209
TCTGAA	0.832178625293361
ACAAGT	0.6645716032419837
ACAAGA	1.4152583829541086
ACAATC	0.931422057766707
ACAATG	0.2215238677473279
ACAAAC	0.8264740704714265
ACAAAG	1.1793819857950907
CTGATT	0.976928117607292
CTGATA	2.2884912195567426
TCTCTT	1.0287109786328763
TCTCTA	1.3692014421817162
ACATGT	0.832178625293361
ACATGA	1.1076193387366395
ACATTC	0.5831647965538926
ACATTG	0.6241339689700207
ACATAC	1.2418960770222758
ACATAG	0.6645716032419837
ACAACT	0.9314220577667068
ACAACA	0.1652948140942853
TCTGTT	0.36699372676544173
TCTGTA	0.5861568705643753
GTTAAC	0.0
GTTAAG	0.0
ATGGTT	1.115264436708139
ATGGTA	0.8906418071968819
ATGGAT	0.29688060239896064
ATGGAA	0.0
ATGTCT	0.0
ATGTCA	0.6241339689700206
ATGTGT	0.27881610917703475
ATGTGA	0.8906418071968819
ATGTTC	0.5861568705643752
ATGTTG	0.5576322183540695
ACAGTT	0.832178625293361
ACAGTA	1.3291432064839674
ACAGAT	0.4430477354946558
ACAGAA	0.7076291914770543
ACATCT	1.0205383939693122
ACATCA	0.3104740192555689
TCTTCT	1.671655340278424
TCTTCA	0.6846007210908581
TCTTGT	0.7339874535308835
TCTTGA	0.1953856235214584
TCTTTC	1.0287109786328763
TCTTTG	1.467974907061767
TCTTAC	0.8215208653090298
TCTTAG	1.1723137411287508
TCTACT	1.5061215863998878
TCTACA	0.728955995692366
TCTAGT	1.1723137411287505
TCTAGA	1.0402232816167012
TCTATC	1.095361153745373
TCTATG	1.367699364650209
TCTAAC	1.7494943896616786
TCTAAG	1.2482679379400416
ACACTT	0.8747471948308391
ACACTA	1.0866590673944911
ACACAT	0.7761850481389224
ACACAA	0.3305896281885706
TCATTC	0.5476805768726865
TCATTG	0.976928117607292
TCACTT	1.6430417306180594
TCACTA	1.0205383939693122
TCACAT	0.43737359741541953
TCACAA	0.7761850481389223
ACTAAC	0.6209480385111379
ACTAAG	0.6645716032419837
CTTCTT	1.0287109786328763
CTTCTA	2.0538021632725743
CTTCAT	0.9584410095272013
CTTCAA	0.8747471948308393
ATGTAC	0.4160893126466804
ATGTAG	0.8906418071968818
ATGACT	0.20804465632334024
ATGACA	0.4430477354946558
ATGAGT	1.781283614393764
ATGAGA	0.3161154939753009
ATGATC	0.6241339689700207
ATGATG	0.890641807196882
ATGAAC	0.6645716032419836
ATGAAG	0.6322309879506017
ACTACT	0.8747471948308391
ACTACA	0.7761850481389223
ACTAGT	1.0402232816167012
ACTAGA	1.3291432064839674
ACTATC	1.0205383939693122
ACTATG	1.0402232816167012
TCAGTT	0.7815424940858336
TCAGTA	1.0402232816167012
TCAGAT	0.4160893126466805
TCAGAA	0.6645716032419837
TCATCT	0.9584410095272012
TCATCA	1.0205383939693122
TCATGT	0.0
TCATGA	1.0402232816167012
TCAATC	0.43737359741541953
TCAATG	0.4160893126466805
ACTGTT	0.3907712470429168
ACTGTA	1.0402232816167012
ACTGAT	1.664357250586722
ACTGAA	0.4430477354946558
ACTTCT	1.779961874836231
ACTTCA	0.7289559956923659
ACTTGT	0.1953856235214584
ACTTGA	1.0402232816167012
ACTTTC	0.9584410095272012
ACTTTG	0.976928117607292
ACTTAC	0.2915823982769463
ACTTAG	1.4563125942633817
CAGAAT	0.6645716032419836
CAGAAA	0.707629191477054
ACTCTT	0.684600721090858
ACTCTA	0.7289559956923659
ACTCAT	1.0205383939693122
ACTCAA	1.707607105905629
TCATAC	0.5831647965538926
TCATAG	0.832178625293361
TCAACT	1.3121207922462585
TCAACA	0.7761850481389223
TCAAGT	0.6241339689700207
TCAAGA	2.215238677473279
CAGTAT	0.4160893126466805
CAGTAA	1.7721909419786233
CTTTCT	1.5430664679493145
CTTTCA	0.41076043265451484
ACGATT	0.2080446563233402
ACGATA	0.44304773549465565
ACGAAT	0.44304773549465576
ACGAAA	0.9435055886360721
TCAAAC	1.2418960770222758
TCAAAG	1.3291432064839674
CAGATT	0.0
CAGATA	0.44304773549465565
TGCAAT	1.2482679379400414
TGCAAA	0.8860954709893116
TGCTTT	0.5504905901481625
TGCTTA	1.1723137411287503
TGCTAT	0.976928117607292
TGCTAA	1.2482679379400414
CGTTAT	0.1953856235214584
CGTTAA	0.4160893126466805
ACGTAT	0.6241339689700207
ACGTAA	0.0
CTTGTT	0.36699372676544173
CTTGTA	1.367699364650209
CTTGAT	0.0
CTTGAA	1.0402232816167012
CAGTTT	0.7815424940858335
CAGTTA	0.4160893126466804
TGGTAT	0.8364483275311041
TGGTAA	0.5937612047979213
CACTAT	1.0205383939693122
CACTAA	1.39713308665006
CACATT	0.5831647965538926
CACATA	1.0866590673944911
CACAAT	0.4657110288833534
CACAAA	0.49588444228285583
CGTTTT	0.5504905901481625
CGTTTA	0.19538562352145838
CTTACT	0.5476805768726865
CTTACA	1.312120792246259
ACGTTT	0.0
ACGTTA	0.6241339689700206
TGCATT	1.3676993646502087
TGCATA	0.0
ATTCCT	1.095361153745373
ATTCCA	1.0205383939693122
ATTCGT	0.5861568705643753
ATTCGA	0.832178625293361
ATTCTC	1.5061215863998876
ATTCTG	1.367699364650209
GTTTGT	0.7855523948865343
GTTTGA	0.8364483275311042
GTTTTC	0.7339874535308833
GTTTTG	0.0
GTTTAC	0.39077124704291677
GTTTAG	0.8364483275311042
TGGATT	1.115264436708139
TGGATA	0.0
TGGAAT	0.5937612047979213
TGGAAA	0.3161154939753008
CTTTGT	1.467974907061767
CTTTGA	0.3907712470429168
CTTTTC	0.5143554893164382
CTTTTG	0.36699372676544173
CTTTAC	0.8215208653090298
CTTTAG	0.3907712470429169
TGGTTT	1.8329555880685795
TGGTTA	0.2788161091770347
TGTGTT	0.26185079829551144
TGTGTA	1.115264436708139
TGTGAT	0.5576322183540695
TGTGAA	0.8906418071968819
CACTTT	1.095361153745373
CACTTA	1.1663295931077855
TGTCTT	0.5504905901481625
TGTCTA	0.0
TGTCAT	1.1723137411287505
TGTCAA	0.832178625293361
ACCATT	1.0205383939693122
ACCATA	0.7761850481389223
ACCAAT	0.6209480385111379
ACCAAA	0.49588444228285583
GTTACT	0.39077124704291677
GTTACA	1.2482679379400412
ATTCAC	1.0205383939693122
ATTCAG	0.832178625293361
ATTGCT	0.976928117607292
ATTGCA	1.0402232816167012
ATTGGT	0.8364483275311043
ATTGGA	0.890641807196882
ATTGTC	0.5861568705643753
ATTGTG	0.8364483275311043
CTTAAC	0.29158239827694643
CTTAAG	0.6241339689700208
TGTTCT	0.5504905901481625
TGTTCA	0.7815424940858335
TGTTGT	0.26185079829551144
TGTTGA	0.5576322183540695
TGTTTC	0.5504905901481625
TGTTTG	0.5237015965910229
TGTTAC	0.19538562352145838
TGTTAG	1.9517127642392431
TGTATC	1.1723137411287503
TGTATG	1.3940805458851737
TGTAAC	0.8321786252933608
TGTAAG	0.5937612047979213
ACCTTT	0.684600721090858
ACCTTA	1.4579119913847318
ACCTAT	1.0205383939693122
ACCTAA	1.39713308665006
CTTAGT	2.1492418587360427
CTTAGA	1.2482679379400414
CTTATC	1.5061215863998876
CTTATG	0.5861568705643753
TGATGT	0.27881610917703475
TGATGA	1.4844030119948033
TGACTT	1.3676993646502087
TGACTA	0.4160893126466804
TGACAT	0.0
TGACAA	0.8860954709893116
CTATCT	1.2322812979635445
CTATCA	1.0205383939693122
CTACTT	1.369201442181716
CTACTA	1.3121207922462588
CTACAT	0.8747471948308391
CTACAA	0.46571102888335336
TGTACT	0.7815424940858335
TGTACA	0.6241339689700206
TGTAGT	0.8364483275311042
TGTAGA	1.1875224095958425
ATTGAC	0.20804465632334024
ATTGAG	0.5937612047979214
ATTTCC	0.684600721090858
ATTTCG	0.7815424940858336
ATTTGC	1.7584706116931255
ATTTGG	1.115264436708139
TGAAGT	0.5937612047979214
TGAAGA	1.2644619759012037
CTAGTT	0.976928117607292
CTAGTA	1.0402232816167012
CTAGAT	1.0402232816167012
CTAGAA	1.1076193387366395
TGAGTT	0.8364483275311042
TGAGTA	2.375044819191685
TGAGAT	0.29688060239896064
TGAGAA	0.9483464819259024
TGATCT	0.39077124704291677
TGATCA	0.2080446563233402
ATTACC	1.0205383939693122
ATTACG	0.20804465632334024
ATTAGC	0.832178625293361
ATTAGG	0.890641807196882
TGATTC	1.563084988171667
TGATTG	0.5576322183540695
TGATAC	1.4563125942633814
TGATAG	1.1875224095958425
TGAACT	1.0402232816167012
TGAACA	0.4430477354946558
ATACCT	0.7289559956923659
ATACCA	0.7761850481389223
ATACGT	0.4160893126466804
ATACGA	0.8860954709893113
ATACTC	1.1663295931077853
ATACTG	1.4563125942633817
GTTGTT	0.0
GTTGTA	0.5576322183540695
GTTGAT	0.27881610917703475
GTTGAA	0.5937612047979213
GTTTCT	0.5504905901481625
GTTTCA	0.7815424940858335
ATACAC	0.9314220577667067
ATACAG	0.6645716032419836
ATAGCT	2.2884912195567426
ATAGCA	2.436762545220607
ATAGGT	0.890641807196882
ATAGGA	0.6322309879506018
ATAGTC	0.20804465632334024
ATAGTG	1.781283614393764
TAAACC	2.1733181347889823
TAAACG	0.8860954709893115
TAAAGC	1.3291432064839672
TAAAGG	1.896692963851805
ATAGAC	0.44304773549465576
ATAGAG	1.2644619759012035
ATATCC	1.020538393969312
ATATCG	0.41608931264668036
ATATGC	1.2482679379400412
ATATGG	1.7812836143937636
TAAGGT	0.5937612047979214
TAAGGA	1.2644619759012037
TAAGTC	1.0402232816167012
TAAGTG	0.5937612047979214
TAAGAC	1.3291432064839672
TAAGAG	1.5805774698765043
TAATCC	1.312120792246258
TAATCG	1.4563125942633812
TAATGC	0.6241339689700206
TAATGG	0.5937612047979213
ATAACC	1.0866590673944911
ATAACG	0.6645716032419836
ATAAGC	2.2152386774732786
ATAAGG	0.9483464819259025
GTTCTT	1.100981180296325
GTTCTA	1.563084988171667
TAACCT	1.3121207922462585
TAACCA	0.9314220577667067
TAACGT	0.2080446563233402
TAACGA	0.0
TAACTC	1.4579119913847318
TAACTG	1.0402232816167012
TAACAC	0.7761850481389223
TAACAG	1.772190941978623
TAAGCT	1.0402232816167012
TAAGCA	0.4430477354946558
GTTCAT	0.976928117607292
GTTCAA	1.4563125942633817
GTGATT	0.5576322183540695
GTGATA	0.8906418071968819
GTGAAT	1.1875224095958425
GTGAAA	1.2644619759012032
CGATTT	1.1723137411287503
CGATTA	0.2080446563233402
CGATAT	0.20804465632334024
CGATAA	0.4430477354946558
TATACC	0.7289559956923659
TATACG	0.6241339689700207
TATAGC	2.0804465632334024
TATAGG	1.1875224095958428
TATTCC	0.9584410095272012
TATTCG	0.5861568705643753
TATTGC	0.5861568705643752
TATTGG	1.6728966550622084
GTGTAT	1.3940805458851735
GTGTAA	1.484403011994803
GCTTTT	0.9174843169136042
GCTTTA	1.3676993646502087
GCTTAT	0.7815424940858336
GCTTAA	1.0402232816167012
GCTAAT	2.2884912195567426
GCTAAA	0.8860954709893116
GTGTTT	0.5237015965910228
GTGTTA	1.3940805458851735
AACCTT	0.8747471948308391
AACCTA	1.0866590673944911
AACCAT	1.2418960770222758
AACCAA	0.6611792563771411
CCTTAT	0.6846007210908579
CCTTAA	1.895285588800151
TATCAC	0.43737359741541953
TATCAG	0.832178625293361
TATGCT	0.7815424940858336
TATGCA	1.0402232816167012
TATGGT	1.6728966550622086
TATGGA	0.2968806023989607
TATGTC	0.1953856235214584
TATGTG	1.115264436708139
TATGAC	0.4160893126466805
TATGAG	0.5937612047979214
TATCTC	1.2322812979635445
TATCTG	0.3907712470429168
TGAATC	0.832178625293361
TGAATG	1.4844030119948035
TGAAAC	1.1076193387366393
TGAAAG	0.6322309879506017
CTAAGT	0.832178625293361
CTAAGA	1.1076193387366395
CTAATC	3.2074063810464097
CTAATG	0.832178625293361
TAGACT	1.0402232816167012
TAGACA	0.8860954709893116
TAGAGT	1.1875224095958428
TAGAGA	1.2644619759012037
TAGATC	0.0
TAGATG	0.5937612047979214
TAGAAC	0.6645716032419836
TAGAAG	1.5805774698765043
TATCCT	1.9168820190544025
TATCCA	0.5831647965538928
TATCGT	0.3907712470429168
TATCGA	0.6241339689700207
GCTATT	1.563084988171667
GCTATA	1.6643572505867217
GTCAAT	0.20804465632334024
GTCAAA	0.8860954709893116
CCTTTT	1.285888723291095
CCTTTA	0.9584410095272011
GTCTAT	1.1723137411287505
GTCTAA	1.2482679379400414
GTCATT	1.1723137411287503
GTCATA	0.8321786252933608
AACGTT	0.0
AACGTA	0.4430477354946558
AACGAT	0.2215238677473279
AACGAA	0.47175279431803613
GCATTT	0.9769281176072919
GCATTA	1.040223281616701
TTCCAT	0.6846007210908581
TTCCAA	1.0205383939693125
TAGGAT	1.4844030119948033
TAGGAA	0.9483464819259024
TAGTCT	0.5861568705643752
TAGTCA	1.2482679379400412
TAGTGT	0.27881610917703475
TAGTGA	0.5937612047979213
TAGTTC	1.1723137411287503
TAGTTG	0.5576322183540695
TAGTAC	1.2482679379400412
TAGTAG	0.5937612047979213
TTCGAT	0.1953856235214584
TTCGAA	0.4160893126466805
TTCTCT	0.5143554893164382
TTCTCA	1.095361153745373
TAGCTT	1.9538562352145838
TAGCTA	1.6643572505867217
TAGCAT	1.4563125942633817
TAGCAA	1.5506670742312954
TAGGTT	1.115264436708139
TAGGTA	0.29688060239896064
CTAAAC	2.0180811251611983
CTAAAG	0.8860954709893116
TTCCTT	0.2571777446582191
TTCCTA	1.2322812979635447
TTCACT	0.8215208653090297
TTCACA	0.5831647965538929
TACAGT	1.8724019069100621
TACAGA	0.8860954709893116
TACATC	1.0205383939693122
TACATG	1.8724019069100621
TACAAC	0.4657110288833534
TACAAG	0.4430477354946558
TTCGTT	0.18349686338272087
TTCGTA	0.0
GCATAT	0.6241339689700207
GCATAA	0.2215238677473279
GTCTTT	0.18349686338272084
GTCTTA	0.9769281176072919
AACTCT	1.4579119913847318
AACTCA	1.0866590673944911
AACTGT	0.832178625293361
AACTGA	1.3291432064839674
AACTTC	0.2915823982769463
AACTTG	1.0402232816167012
AACTAC	1.5523700962778448
AACTAG	0.8860954709893116
TACTAC	1.3121207922462585
TACTAG	1.0402232816167012
TACACT	0.7289559956923659
TACACA	0.9314220577667067
TTCTGT	0.18349686338272087
TTCTGA	1.5630849881716673
TTCTTC	1.928833084936643
TTCTTG	0.5504905901481626
TTCTAC	1.2322812979635447
TTCTAG	2.54001310577896
TTCAAC	0.43737359741541965
TTCAAG	1.0402232816167014
TACGTT	0.976928117607292
TACGTA	0.20804465632334024
TACGAT	0.20804465632334024
TACGAA	0.8860954709893116
TACTCT	0.8215208653090297
TACTCA	1.0205383939693122
TACTGT	0.7815424940858336
TACTGA	0.6241339689700207
TACTTC	1.5061215863998876
TACTTG	0.5861568705643753
TTGCTT	0.7339874535308835
TTGCTA	0.7815424940858336
TTGCAT	0.3907712470429168
TTGCAA	0.832178625293361
TTGGTT	0.5237015965910229
TTGGTA	1.1152644367081392
CTAACT	1.0205383939693122
CTAACA	1.8628441155334134
TACCTT	0.9584410095272012
TACCTA	0.4373735974154196
TACCAT	1.1663295931077853
TACCAA	0.7761850481389223
TTCAGT	0.976928117607292
TTCAGA	0.6241339689700207
TTCATC	0.2738402884363432
TTCATG	1.5630849881716673
GCAAAT	1.3291432064839672
GCAAAA	0.707629191477054
AACACT	1.2418960770222758
AACACA	0.49588444228285583
AACAGT	1.1076193387366395
AACAGA	0.7076291914770543
AACATC	0.310474019255569
AACATG	0.6645716032419837
AACAAC	0.6611792563771411
AACAAG	1.6511347801131269
GGAATT	0.8906418071968819
GGAATA	1.580577469876504
CTATGT	1.1723137411287505
CTATGA	1.4563125942633817
CTATTC	1.6430417306180594
CTATTG	0.7815424940858336
CTATAC	1.6037031905232049
CTATAG	1.8724019069100621
GGAAAT	0.3161154939753008
GGAAAA	1.3463864560199141
GCAATT	1.4563125942633814
GCAATA	1.5506670742312947
GGATTT	1.115264436708139
GGATTA	1.1875224095958425
GGATAT	0.8906418071968819
GGATAA	1.580577469876504
AAGCTT	1.040223281616701
AAGCTA	2.215238677473278
AAGCAT	0.8860954709893115
AAGCAA	0.4717527943180361
TTAAGC	0.20804465632334024
TTAAGG	1.1875224095958428
TTGGAT	0.5576322183540696
TTGGAA	0.890641807196882
TTGTCT	0.9174843169136043
TTGTCA	0.3907712470429168
TTGTGT	1.0474031931820458
TTGTGA	0.0
TTGTTC	0.7339874535308835
TTGTTG	0.0
TTATGC	0.7815424940858335
TTATGG	1.6728966550622084
TTAACC	0.8747471948308391
TTAACG	0.0
CCAATT	1.020538393969312
CCAATA	0.9314220577667066
CCAAAT	0.46571102888335336
CCAAAA	1.322358512754282
CCATTT	0.8215208653090297
CCATTA	1.1663295931077855
CCTAAT	1.8952855888001512
CCTAAA	1.8628441155334134
CCTATT	2.3276424517089174
CCTATA	2.0410767879386245
AAGGTT	0.29688060239896064
AAGGTA	1.580577469876504
AAGGAT	0.9483464819259024
AAGGAA	2.019579684029871
GGTTAT	1.1152644367081388
GGTTAA	0.0
TTAGCT	1.5630849881716673
TTAGCA	0.6241339689700207
TTAGGT	0.8364483275311043
TTAGGA	1.1875224095958428
TTAGTC	1.7584706116931257
TTAGTG	0.5576322183540695
TTAGAC	0.832178625293361
TTAGAG	0.5937612047979214
TTATCC	1.369201442181716
TTATCG	0.976928117607292
TTACCT	0.41076043265451484
TTACCA	0.8747471948308392
TTACGT	0.1953856235214584
TTACGA	0.832178625293361
TTACTC	0.684600721090858
TTACTG	0.7815424940858336
TTACAC	1.0205383939693122
TTACAG	2.9126251885267633
GGTATT	1.3940805458851737
GGTATA	1.1875224095958425
GGTAAT	0.8906418071968819
GGTAAA	1.2644619759012032
AAGTCT	1.040223281616701
AAGTCA	0.6645716032419835
AAGTGT	1.1875224095958425
AAGTGA	1.2644619759012032
AAGTTC	0.2080446563233402
AAGTTG	0.5937612047979213
AAGTAC	0.0
AAGTAG	1.580577469876504
TTTACC	1.5061215863998876
TTTACG	0.3907712470429168
TTTAGC	1.563084988171667
TTTAGG	0.8364483275311042
CCATAT	0.7289559956923659
CCATAA	1.0866590673944911
GGTTTT	1.0474031931820456
GGTTTA	1.6728966550622082
AAGACT	1.5506670742312951
AAGACA	1.1793819857950905
AAGAGT	0.9483464819259024
AAGAGA	1.0097898420149356
AAGATC	1.3291432064839672
AAGATG	1.580577469876504
AAGAAC	1.415258382954108
AAGAAG	0.33659661400497853
TTTGAC	0.7815424940858336
TTTGAG	1.115264436708139
TTTTCC	0.9001221063037668
TTTTCG	0.7339874535308835
TTTTGC	0.5504905901481626
TTTTGG	0.5237015965910229
AATCCT	0.7289559956923659
AATCCA	0.7761850481389223
AATCGT	0.8321786252933608
AATCGA	0.6645716032419835
AATCTC	1.7494943896616781
AATCTG	1.664357250586722
AATCAC	1.8628441155334134
AATCAG	0.22152386774732788
AATGCT	0.4160893126466805
AATGCA	0.6645716032419837
AATGGT	0.2968806023989607
AATGGA	0.6322309879506018
TTGATC	0.1953856235214584
TTGATG	0.8364483275311043
TTTCAC	0.8215208653090297
TTTCAG	0.7815424940858336
TTTGCT	0.9174843169136043
TTTGCA	0.976928117607292
TTTGGT	0.7855523948865343
TTTGGA	1.115264436708139
TTTGTC	0.5504905901481626
TTTGTG	1.3092539914775572
TTTCCT	0.9001221063037668
TTTCCA	0.8215208653090297
TTTCGT	0.18349686338272087
TTTCGA	0.5861568705643753
TTTCTC	1.1572998509619858
TTTCTG	0.7339874535308835
TTGTAC	0.5861568705643753
TTGTAG	1.9517127642392433
TTGACT	0.5861568705643753
TTGACA	0.20804465632334024
TTGAGT	1.115264436708139
TTGAGA	1.1875224095958428
AATGTC	0.832178625293361
AATGTG	0.2968806023989607
AATGAC	0.0
AATGAG	0.31611549397530087
AATTCC	0.8747471948308388
AATTCG	0.41608931264668036
AATTGC	1.4563125942633814
AATTGG	2.0781642167927243
AATACC	0.6209480385111378
AATACG	0.44304773549465576
AATAGC	2.2152386774732786
AATAGG	0.31611549397530087
AAAGCT	1.1076193387366393
AAAGCA	0.9435055886360723
AAAGGT	0.9483464819259024
AAAGGA	1.6829830700248927
AAAGTC	0.8860954709893115
AAAGTG	1.2644619759012032
AAAGAC	0.9435055886360721
AAAGAG	1.0097898420149356
TTGAAC	0.20804465632334024
TTGAAG	1.4844030119948035
AAATGC	0.6645716032419836
AAATGG	0.6322309879506017
AAAGCC	0.9365311239063554
AAAGCG	0.445477955140829
AAAGGC	1.336433865422487
AAAGGG	1.2713978432795645
TTTCCC	0.9060534676530693
TTTCCG	0.7757652728108052
TTTCGC	0.25858842427026846
TTTCGG	1.8450338626203544
TTGACC	0.8260270979035519
TTGACG	0.0
TTGAGC	1.5716588720730313
TTGAGG	1.121381920960125
TTTGCC	0.7757652728108053
TTTGCG	0.7380135450481418
TTTGGC	0.7380135450481417
TTTGGG	2.6328711069122526
TTACCC	1.350659329215447
TTACCG	1.1013694638714024
TTACGC	0.2753423659678506
TTACGG	0.7858294360365156
TTAGCC	1.1013694638714024
TTAGCG	0.3929147180182578
TTAGGC	0.39291471801825784
TTAGGG	4.4855276838405
TTGGAC	0.39291471801825784
TTGGAG	2.24276384192025
TTGTCC	0.0
TTGTCG	0.0
TTGTGC	0.3690067725240708
TTGTGG	3.1594453282947033
CTATGC	1.376711829839253
CTATGG	0.3929147180182578
TTGCTC	0.5171768485405369
TTGCTG	1.1070203175722126
TTGCAC	0.5506847319357012
TTGCAG	1.5716588720730311
TTGGCT	1.4760270900962835
TTGGCA	1.964573590091289
TTGGGT	2.106296885529802
TTGGGA	2.24276384192025
TTGGTC	0.7380135450481418
TTGGTG	0.0
CTAACC	1.4381685350850804
CTAACG	0.0
TACCCT	2.122464660195702
TACCCA	1.2327158872157833
TACCGT	0.5506847319357011
TACCGA	0.5863635907965934
TACCTC	1.350659329215447
TACCTG	0.0
TACCAC	1.027263239346486
TACCAG	1.172727181593187
TTCAGC	0.8260270979035519
TTCAGG	0.0
TTGCCT	0.5171768485405369
TTGCCA	0.5506847319357012
TTGCGT	0.3690067725240709
TTGCGA	0.0
TACGCT	0.2753423659678506
TACGCA	0.5863635907965935
TACGGT	0.0
TACGGA	1.6734866363494343
TACGTC	0.2753423659678506
TACGTG	0.3929147180182578
TACGAC	0.8795453861948902
TACGAG	0.836743318174717
TACTCC	1.157707996470383
TACTCG	0.5506847319357012
TACTGC	1.1013694638714024
TACTGG	1.5716588720730311
TACACC	1.2327158872157833
TACACG	0.5863635907965935
TTCTGC	0.7757652728108053
TTCTGG	1.1070203175722126
TTCACC	0.19295133274506387
TTCACG	1.652054195807104
TACAGC	2.6386361585846707
TACAGG	0.836743318174717
TAGCCT	1.6520541958071036
TAGCCA	0.8795453861948901
TAGCGT	0.7858294360365156
TAGCGA	0.0
TTCGCT	0.7757652728108053
TTCGCA	0.8260270979035519
TTCGGT	1.4760270900962835
TTCGGA	1.1787441540547734
TTCGTC	0.7757652728108053
TTCGTG	0.3690067725240709
TTCGAC	1.1013694638714024
TTCGAG	1.1787441540547732
TTCTCC	1.8121069353061385
TTCTCG	1.2929421213513421
TAGCTC	1.6520541958071033
TAGCTG	2.3574883081095463
TAGCAC	1.4659089769914837
TAGCAG	1.673486636349434
TAGGCT	0.3929147180182578
TAGGCA	0.0
TAGGGT	3.3641457628803737
TAGGGA	2.38807249119569
TAGGTC	0.3929147180182578
TAGGTG	2.242763841920249
TTCCCT	1.268474854714297
TTCCCA	0.7718053309802554
TTCCGT	0.5171768485405369
TTCCGA	0.0
TTCCTC	1.6308962417755248
TTCCTG	1.2929421213513421
TTCCAC	1.543610661960511
TTCCAG	1.1013694638714027
TAGGAC	0.4183716590873585
TAGGAG	0.5970181227989226
TAGTCC	1.6520541958071033
TAGTCG	1.5716588720730307
TAGTGC	2.7504030261278043
TAGTGG	1.1213819209601246
TAGACC	0.29318179539829675
TAGACG	0.4183716590873585
TAGAGC	1.2551149772620758
TAGAGG	0.5970181227989226
TATCCC	1.350659329215447
TATCCG	0.8260270979035519
TATCGC	1.1013694638714024
TATCGG	0.7858294360365156
CTAAGC	0.8795453861948902
CTAAGG	0.4183716590873585
TATGCC	1.9273965617749542
TATGCG	0.0
TATGGC	1.5716588720730313
TATGGG	3.9248367233604373
TAACCC	1.4381685350850804
TAACCG	0.5863635907965935
TAACGC	0.29318179539829664
TAACGG	0.8367433181747169
TAAGCC	2.345454363186374
TAAGCG	1.2551149772620755
TAAGGC	0.41837165908735857
TAAGGG	0.5970181227989226
TGAACC	0.0
TGAACG	0.836743318174717
TGAAGC	0.41837165908735857
TGAAGG	1.791054368396768
CTAGGT	0.7858294360365157
CTAGGA	1.2551149772620758
CTAGTC	1.376711829839253
CTAGTG	1.1787441540547732
CTAGAC	1.4659089769914837
CTAGAG	1.673486636349434
CTATCC	1.157707996470383
CTATCG	0.8260270979035519
TGAGTC	0.7858294360365156
TGAGTG	1.1213819209601246
TGAGAC	1.673486636349434
TGAGAG	0.5970181227989226
TGATCC	0.5506847319357011
TGATCG	0.39291471801825767
TGATGC	1.1787441540547732
TGATGG	1.6820728814401869
TGACCT	0.5506847319357011
TGACCA	0.5863635907965934
TGACGT	0.3929147180182578
TGACGA	0.0
TGACTC	0.27534236596785056
TGACTG	0.0
TGACAC	0.5863635907965935
TGACAG	0.0
TGAGCT	2.3574883081095463
TGAGCA	0.4183716590873585
TGAGGT	1.1213819209601246
TGAGGA	0.5970181227989225
ACCCTT	1.157707996470383
ACCCTA	2.876337070170161
ACCCAT	1.0272632393464862
ACCCAA	0.8750556923548443
CTACGT	1.3767118298392529
CTACGA	0.2931817953982967
CTACTC	1.350659329215447
CTACTG	0.8260270979035519
CTACAC	1.2327158872157833
CTACAG	0.8795453861948902
TGTACC	1.1013694638714022
TGTACG	0.0
TGTAGC	1.9645735900912888
TGTAGG	0.0
CTAGCT	2.4780812937106553
CTAGCA	0.8795453861948903
ACCGTT	0.8260270979035519
ACCGTA	0.8795453861948903
ACCGAT	0.8795453861948902
ACCGAA	0.624354082604237
ACCTCT	1.5436106619605103
ACCTCA	2.054526478692972
ACCTGT	0.8260270979035518
ACCTGA	0.5863635907965934
ACCTTC	0.5788539982351915
ACCTTG	1.1013694638714024
ACCTAC	1.6436211829543776
ACCTAG	0.29318179539829675
ACCACT	0.8218105914771888
ACCACA	0.875055692354844
CTTAGC	0.8260270979035519
CTTAGG	3.9291471801825777
TGTTCC	0.7757652728108052
TGTTCG	0.7380135450481415
TGTTGC	0.0
TGTTGG	1.5797226641473512
CACCAT	0.8218105914771889
CACCAA	0.43752784617742213
CACGTT	0.2753423659678506
CACGTA	0.8795453861948903
TGTGCT	0.0
TGTGCA	0.7858294360365156
TGTGGT	3.1594453282947024
TGTGGA	1.1213819209601246
TGTGTC	0.0
TGTGTG	1.5797226641473512
TGTGAC	0.0
TGTGAG	1.1213819209601246
TGTCCT	0.5171768485405368
TGTCCA	0.5506847319357011
TGTCGT	0.7380135450481417
TGTCGA	0.7858294360365156
TGTCTC	1.0343536970810736
TGTCTG	1.1070203175722122
TGTCAC	0.0
TGTCAG	0.3929147180182578
CACCTT	0.9647566637253192
CACCTA	2.2599791265622695
CTACCT	1.157707996470383
CTACCA	2.054526478692972
ACCAGT	0.5863635907965935
ACCAGA	0.9365311239063554
ACCATC	1.2327158872157833
ACCATG	1.4659089769914837
ACCAAC	1.0938196154435553
ACCAAG	0.31217704130211854
ACGCTT	0.0
ACGCTA	1.1727271815931868
ACGCAT	0.5863635907965934
ACGCAA	0.6243540826042369
TGGATC	0.0
TGGATG	0.5606909604800623
TGGAAC	0.4183716590873585
TGGAAG	1.1940362455978453
CACGAT	0.29318179539829675
CACGAA	0.3121770413021185
CACTCT	0.5788539982351915
CACTCA	1.6436211829543776
CACTGT	1.1013694638714022
CACTGA	1.1727271815931868
CACTTC	0.9647566637253192
CACTTG	1.1013694638714024
CCCATT	1.7365619947055742
CCCATA	1.4381685350850804
CTTTGC	0.25858842427026846
CTTTGG	2.2140406351444253
CTTACC	0.19295133274506387
CTTACG	0.5506847319357013
TGGTCT	0.7380135450481415
TGGTCA	0.7858294360365153
TGGTGT	2.1062968855298014
TGGTGA	0.5606909604800623
TGGTTC	1.476027090096283
TGGTTG	1.0531484427649007
TGGTAC	0.7858294360365153
TGGTAG	1.6820728814401866
TGGACT	0.0
TGGACA	0.836743318174717
TGGAGT	1.6820728814401869
TGGAGA	0.5970181227989225
CACTAC	1.027263239346486
CACTAG	0.5863635907965935
CACACT	0.8218105914771888
CACACA	1.093819615443555
CACAGT	0.5863635907965935
CACAGA	1.248708165208474
CACATC	1.2327158872157833
CACATG	0.29318179539829675
TGGGTT	4.739167992442053
TGGGTA	1.1213819209601246
TGGGAT	1.6820728814401869
TGGGAA	1.7910543683967677
CGTTCT	0.5171768485405368
CGTTCA	0.27534236596785056
CGTTGT	0.0
CGTTGA	0.7858294360365156
CGTTTC	0.7757652728108052
CGTTTG	0.36900677252407077
CCGTAT	1.6520541958071036
CCGTAA	0.8795453861948901
TGGCTT	0.7380135450481417
TGGCTA	0.3929147180182578
TGGCAT	1.1787441540547732
TGGCAA	1.2551149772620755
CCCAAT	1.4381685350850804
CCCAAA	0.875055692354844
ACGGTT	0.0
ACGGTA	0.0
ACGGAT	1.673486636349434
ACGGAA	1.3364338654224872
ACGTCT	0.5506847319357011
ACGTCA	0.5863635907965934
ACGTGT	0.3929147180182578
ACGTGA	0.4183716590873585
ACGTTC	0.8260270979035517
ACGTTG	0.39291471801825767
CAGCTT	1.1013694638714022
CAGCTA	2.052272567788077
CAGCAT	1.1727271815931868
CAGCAA	0.6243540826042369
TGCATC	0.27534236596785056
TGCATG	0.0
TGCAAC	0.29318179539829675
TGCAAG	0.836743318174717
CCGTTT	1.8101189698918787
CCGTTA	0.5506847319357011
CACAAC	0.6562917692661332
CACAAG	0.6243540826042371
TGCTTC	0.7757652728108052
TGCTTG	0.0
TGCTAC	0.2753423659678506
TGCTAG	0.0
TGCACT	1.6520541958071036
TGCACA	0.8795453861948901
TGCAGT	1.1787441540547732
TGCAGA	1.2551149772620755
CGTTAC	0.8260270979035519
CGTTAG	0.3929147180182578
CAGACT	0.8795453861948901
CAGACA	0.31217704130211843
CAGGTT	0.7858294360365156
CAGGTA	0.4183716590873585
CAGGAT	0.836743318174717
CAGGAA	0.4454779551408291
CAGTCT	1.1013694638714022
CAGTCA	0.8795453861948901
TGCGTT	0.0
TGCGTA	0.3929147180182578
TGCGAT	0.3929147180182578
TGCGAA	0.0
TGCTCT	1.5515305456216104
TGCTCA	0.5506847319357011
TGCTGT	0.7380135450481417
TGCTGA	0.7858294360365156
ACGTAC	0.8795453861948902
ACGTAG	0.4183716590873585
CTTGGT	0.7380135450481418
CTTGGA	0.39291471801825784
CTTGTC	0.25858842427026846
CTTGTG	1.1070203175722126
CTTGAC	0.5506847319357012
CTTGAG	0.7858294360365156
CTTTCC	1.268474854714297
CTTTCG	0.25858842427026846
CATCCT	1.157707996470383
CATCCA	0.0
TGCCTT	1.292942121351342
TGCCTA	2.2027389277428044
TGCCAT	1.1013694638714022
TGCCAA	1.4659089769914835
CAGTGT	1.1787441540547732
CAGTGA	1.2551149772620755
CAGTTC	0.8260270979035517
CAGTTG	0.0
CAGTAC	0.29318179539829675
CAGTAG	2.510229954524151
ACGACT	0.2931817953982967
ACGACA	0.6243540826042369
ACGAGT	0.41837165908735846
ACGAGA	0.8909559102816578
ACGATC	0.5863635907965933
ACGATG	0.0
ACGAAC	0.31217704130211843
ACGAAG	0.445477955140829
ACTCCT	1.7365619947055742
ACTCCA	0.2054526478692972
CAGAGT	1.6734866363494338
CAGAGA	1.3364338654224868
CAGATC	0.5863635907965933
CAGATG	1.2551149772620753
CAGAAC	0.9365311239063553
CAGAAG	1.781911820563316
ACTCGT	0.0
ACTCGA	1.1727271815931868
ACTCTC	1.157707996470383
ACTCTG	1.1013694638714024
ACTCAC	0.6163579436078916
ACTCAG	0.5863635907965935
ACTGCT	0.8260270979035519
ACTGCA	1.465908976991484
ACTGGT	0.7858294360365157
ACTGGA	1.2551149772620758
ACTGTC	0.8260270979035519
ACTGTG	1.1787441540547732
TCAACC	1.8490738308236747
TCAACG	0.29318179539829675
TCAAGC	1.7590907723897804
TCAAGG	1.2551149772620755
ACTGAC	1.172727181593187
ACTGAG	0.836743318174717
ACTTCC	0.7718053309802554
ACTTCG	0.5506847319357012
ACTTGC	0.8260270979035519
ACTTGG	2.3574883081095463
ACTACC	2.4654317744315666
ACTACG	1.7590907723897804
ACTAGC	0.0
ACTAGG	0.4183716590873585
TCAGAC	0.8795453861948902
TCAGAG	1.2551149772620755
TCATCC	0.7718053309802554
TCATCG	0.5506847319357012
TCATGC	1.9273965617749542
TCATGG	2.3574883081095463
TCACGT	0.27534236596785056
TCACGA	0.8795453861948901
TCACTC	0.7718053309802554
TCACTG	0.8260270979035519
TCACAC	0.6163579436078916
TCACAG	2.0522725677880773
TCAGCT	1.376711829839253
TCAGCA	0.5863635907965935
TCAGGT	0.7858294360365157
TCAGGA	0.41837165908735857
TCAGTC	0.5506847319357012
TCAGTG	1.1787441540547732
CTTCGT	0.25858842427026846
CTTCGA	0.0
CTTCTC	1.087264161183683
CTTCTG	0.7757652728108053
CTTCAC	0.7718053309802555
CTTCAG	0.5506847319357013
TCTAGC	3.0287660256463567
TCTAGG	1.1787441540547732
TCACCT	0.5788539982351915
TCACCA	0.4109052957385944
CTTGCT	0.5171768485405369
CTTGCA	0.5506847319357012
ACACCT	1.6436211829543776
ACACCA	1.5313474616209772
ACACGT	0.8795453861948902
ACACGA	0.3121770413021185
ACACTC	0.4109052957385944
ACACTG	1.4659089769914837
ACACAC	1.0938196154435553
ACACAG	0.9365311239063556
ACAGCT	2.6386361585846707
ACAGCA	1.5608852065105925
ACAGGT	0.4183716590873585
ACAGGA	0.8909559102816582
ACAGTC	1.172727181593187
ACAGTG	1.673486636349434
ACAGAC	0.9365311239063554
ACAGAG	1.3364338654224872
ACATCC	0.4109052957385944
ACATCG	1.172727181593187
ACATGC	0.5863635907965935
ACATGG	1.2551149772620755
TCTTGC	1.2929421213513421
TCTTGG	0.7380135450481418
TCTACC	1.1577079964703831
TCTACG	0.5506847319357013
ACAACC	0.8750556923548443
ACAACG	0.6243540826042371
ACAAGC	0.9365311239063554
ACAAGG	0.0
CATGCT	1.9273965617749542
CATGCA	0.5863635907965935
TCTGCT	0.7757652728108053
TCTGCA	0.0
TCTGGT	0.7380135450481418
TCTGGA	0.0
TCTGTC	1.0343536970810738
TCTGTG	0.7380135450481418
TCTGAC	1.6520541958071038
TCTGAG	1.9645735900912888
TCTTCC	1.087264161183683
TCTTCG	0.7757652728108053
CTGAGT	1.1787441540547734
CTGAGA	1.2551149772620758
CTGATC	0.2753423659678506
CTGATG	1.5716588720730311
TCTCAC	1.1577079964703831
TCTCAG	1.3767118298392533
CATCGT	0.8260270979035518
CATCGA	0.2931817953982967
CATCTC	0.7718053309802554
CATCTG	1.376711829839253
CATCAC	0.4109052957385944
CATCAG	0.5863635907965935
TCGAGT	0.39291471801825784
TCGAGA	1.6734866363494343
TCGATC	0.5506847319357012
TCGATG	0.3929147180182578
TCGAAC	0.5863635907965935
TCGAAG	2.0918582954367926
TCTCCT	1.449685548244911
TCTCCA	1.157707996470383
TCTCGT	0.25858842427026846
TCTCGA	0.2753423659678506
TCTCTC	0.9060534676530693
TCTCTG	0.7757652728108053
CTGAAC	0.8795453861948902
CTGAAG	0.836743318174717
CTTCCT	1.268474854714297
CTTCCA	1.5436106619605108
AGCCTT	2.4780812937106553
AGCCTA	1.172727181593187
AGCCAT	1.172727181593187
AGCCAA	1.248708165208474
CTGTGT	1.1070203175722126
CTGTGA	0.7858294360365157
CTGTTC	1.0343536970810738
CTGTTG	1.1070203175722126
TCGTCT	0.25858842427026846
TCGTCA	0.8260270979035519
TCGTGT	0.7380135450481418
TCGTGA	0.0
TCGTTC	0.0
TCGTTG	0.7380135450481418
TCGTAC	0.0
TCGTAG	0.0
TCGACT	1.376711829839253
TCGACA	0.29318179539829675
TCGGTT	1.845033862620354
TCGGTA	0.0
TCGGAT	1.1787441540547732
TCGGAA	1.2551149772620755
CATGGT	1.964573590091289
CATGGA	1.2551149772620758
CATGTC	0.0
CATGTG	0.7858294360365156
CATGAC	0.5863635907965935
CATGAG	2.0918582954367926
CATTCC	0.9647566637253192
CATTCG	0.5506847319357012
CATACC	1.027263239346486
CATACG	0.5863635907965935
TCGCTT	0.0
TCGCTA	0.0
TCGCAT	0.5506847319357012
TCGCAA	0.8795453861948903
CCGATT	1.1013694638714022
CCGATA	0.0
CCGAAT	1.4659089769914835
CCGAAA	0.6243540826042369
CTGTAC	0.8260270979035519
CTGTAG	0.7858294360365156
CTGACT	1.6520541958071038
CTGACA	0.8795453861948903
AGCGTT	0.0
AGCGTA	0.4183716590873585
AGCGAT	0.0
AGCGAA	0.8909559102816582
AGCTCT	3.3041083916142076
AGCTCA	1.7590907723897806
AGCTGT	1.964573590091289
AGCTGA	0.41837165908735857
CTGGTT	1.4760270900962833
CTGGTA	0.7858294360365156
TCCATC	0.0
TCCATG	0.5506847319357012
TCCAAC	1.027263239346486
TCCAAG	1.4659089769914837
CATTGC	0.5506847319357012
CATTGG	1.5716588720730311
CTGGAT	0.3929147180182578
CTGGAA	0.4183716590873585
CTGTCT	1.0343536970810738
CTGTCA	0.8260270979035519
AGCTTC	1.6520541958071038
AGCTTG	0.7858294360365156
AGCTAC	1.172727181593187
AGCTAG	1.673486636349434
AGCACT	1.7590907723897806
AGCACA	1.5608852065105927
AGCAGT	0.41837165908735857
AGCAGA	0.8909559102816583
CAACCT	1.027263239346486
CAACCA	1.093819615443555
TCCTGT	0.7757652728108052
TCCTGA	1.927396561774954
TCCTTC	0.7248427741224553
TCCTTG	0.7757652728108052
TCCTAC	1.3506593292154467
TCCTAG	3.579450757582057
TCCACT	0.5788539982351915
TCCACA	0.6163579436078916
TCCAGT	0.8260270979035518
TCCAGA	0.2931817953982967
AGCATC	1.7590907723897808
AGCATG	0.8367433181747171
AGCAAC	0.6243540826042371
AGCAAG	1.3364338654224874
CCCTTT	1.087264161183683
CCCTTA	1.157707996470383
CGTAAC	0.29318179539829675
CGTAAG	0.836743318174717
CTGCTT	0.7757652728108053
CTGCTA	0.5506847319357012
TCCGAT	0.27534236596785056
TCCGAA	0.5863635907965934
TCCTCT	0.5436320805918415
TCCTCA	0.964756663725319
CATAGC	1.7590907723897804
CATAGG	1.2551149772620755
CAACAC	0.6562917692661332
CAACAG	0.31217704130211854
CAAGCT	2.0522725677880773
CAAGCA	1.248708165208474
CCTCAT	1.350659329215447
CCTCAA	1.2327158872157835
TCCCTT	0.9060534676530693
TCCCTA	2.122464660195702
TCCCAT	0.5788539982351915
TCCCAA	0.6163579436078918
TCCGTT	0.2585884242702684
TCCGTA	0.8260270979035518
CTGCAT	0.8260270979035519
CTGCAA	0.8795453861948903
CCCTAT	3.0872213239210207
CCCTAA	1.8490738308236747
AGGCTT	0.3929147180182578
AGGCTA	0.4183716590873585
AGGCAT	0.4183716590873585
AGGCAA	0.0
CTCAAC	1.6436211829543776
CTCAAG	1.7590907723897804
CGTACT	0.0
CGTACA	0.2931817953982967
CGTAGT	0.7858294360365156
CGTAGA	0.836743318174717
CCTCTT	1.087264161183683
CCTCTA	1.7365619947055746
CAACGT	0.0
CAACGA	0.3121770413021185
CAACTC	1.2327158872157833
CAACTG	0.29318179539829675
GAAAGC	0.44547795514082916
GAAAGG	1.2713978432795647
CAAGGT	0.4183716590873585
CAAGGA	0.8909559102816582
CAAGTC	0.29318179539829675
CAAGTG	1.2551149772620755
CAAGAC	1.248708165208474
CAAGAG	1.3364338654224872
CAATCC	0.4109052957385944
CAATCG	1.4659089769914837
CGTATC	0.8260270979035517
CGTATG	0.39291471801825767
AGGGTT	1.1213819209601248
AGGGTA	0.5970181227989226
AGGGAT	1.791054368396768
AGGGAA	1.9070967649193469
CTCTAC	0.964756663725319
CTCTAG	1.3767118298392527
CTCACT	1.5436106619605103
CTCACA	0.8218105914771888
CTCAGT	0.8260270979035518
CTCAGA	1.4659089769914835
GAATGC	1.2551149772620758
GAATGG	1.1940362455978453
GAAACC	0.3121770413021185
GAAACG	1.3364338654224872
CTCATC	1.350659329215447
CTCATG	1.376711829839253
AGGTCT	1.1787441540547734
AGGTCA	0.8367433181747171
AGGTGT	1.6820728814401873
AGGTGA	0.5970181227989227
AGGTTC	0.39291471801825784
AGGTTG	0.0
AGGTAC	0.0
AGGTAG	1.791054368396768
GAAGCT	1.673486636349434
GAAGCA	0.4454779551408291
GAAGGT	1.1940362455978453
GAAGGA	2.542795686559129
GAAGTC	0.0
GAAGTG	2.3880724911956905
GAAGAC	1.3364338654224872
GAAGAG	1.2713978432795645
GAATCC	1.172727181593187
GAATCG	0.4183716590873585
GAACCT	0.5863635907965935
GAACCA	0.3121770413021185
GAACGT	0.4183716590873585
GAACGA	0.8909559102816582
GAACTC	0.29318179539829675
GAACTG	2.0918582954367926
GAACAC	0.0
GAACAG	2.2273897757041454
AGGACT	1.2551149772620755
AGGACA	0.4454779551408291
AGGAGT	0.0
AGGAGA	1.2713978432795645
AGGATC	1.2551149772620758
AGGATG	0.0
AGGAAC	0.8909559102816582
AGGAAG	3.1784946081989114
AGTCCT	1.927396561774954
AGTCCA	0.0
AGTCGT	0.7858294360365156
AGTCGA	0.4183716590873585
GATACC	1.7590907723897804
GATACG	0.836743318174717
GATAGC	2.091858295436793
GATAGG	1.1940362455978453
AGTCTC	1.1013694638714022
AGTCTG	0.39291471801825767
AGTCAC	0.5863635907965935
AGTCAG	0.836743318174717
CTCGAT	1.1013694638714022
CTCGAA	0.8795453861948901
CTCTCT	1.8121069353061383
CTCTCA	0.964756663725319
CTCTGT	0.2585884242702684
CTCTGA	1.6520541958071036
CTCTTC	0.7248427741224553
CTCTTG	1.8101189698918787
GATGAC	0.4183716590873585
GATGAG	1.791054368396768
GATTCC	0.5506847319357011
GATTCG	0.7858294360365153
GATTGC	0.0
GATTGG	1.6820728814401869
AGTGCT	1.5716588720730311
AGTGCA	1.673486636349434
AGTGGT	1.6820728814401869
AGTGGA	1.194036245597845
AGTGTC	0.3929147180182578
AGTGTG	1.1213819209601246
AGTGAC	0.4183716590873585
AGTGAG	1.1940362455978453
AGTTCC	1.3767118298392527
AGTTCG	0.0
AGTTGC	0.3929147180182578
AGTTGG	1.1213819209601246
AGTACC	1.172727181593187
AGTACG	0.4183716590873585
GATCTC	0.5506847319357011
GATCTG	0.0
GATCAC	0.8795453861948902
GATCAG	1.2551149772620755
GATGCT	0.7858294360365156
GATGCA	0.0
GATGGT	1.6820728814401869
GATGGA	0.0
GATGTC	0.3929147180182578
GATGTG	1.6820728814401869
AGTAGC	1.6734866363494343
AGTAGG	0.5970181227989226
CTCCTT	1.087264161183683
CTCCTA	2.50836732568583
CAAACC	0.8750556923548443
CAAACG	0.0
GAGATC	0.41837165908735857
GAGATG	2.3880724911956905
GAGAAC	0.8909559102816582
GAGAAG	0.6356989216397823
GATCCT	0.8260270979035518
GATCCA	0.8795453861948901
GATCGT	0.0
GATCGA	0.836743318174717
CTCCAT	0.7718053309802554
CTCCAA	1.2327158872157835
CTCGTT	0.2585884242702684
CTCGTA	0.5506847319357011
AGACCT	1.172727181593187
AGACCA	0.0
AGACGT	0.4183716590873585
AGACGA	0.8909559102816582
AGACTC	0.29318179539829675
AGACTG	1.2551149772620755
AGACAC	0.9365311239063554
AGACAG	0.0
GAGACT	1.2551149772620755
GAGACA	0.4454779551408291
GAGAGT	0.5970181227989226
GAGAGA	1.9070967649193469
CAATGC	0.8795453861948902
CAATGG	0.0
GAGGTT	1.1213819209601248
GAGGTA	0.5970181227989226
GAGGAT	1.1940362455978453
GAGGAA	0.6356989216397823
GAGTCT	0.39291471801825784
GAGTCA	1.2551149772620758
GAGTGT	1.6820728814401873
GAGTGA	1.7910543683967681
GAGTTC	2.7504030261278047
GAGTTG	0.5606909604800625
GAGTAC	0.8367433181747171
GAGTAG	0.5970181227989226
AGAGCT	2.0918582954367926
AGAGCA	1.7819118205633164
AGAGGT	0.5970181227989226
AGAGGA	1.2713978432795645
AGAGTC	0.8367433181747171
AGAGTG	1.791054368396768
AGAGAC	0.8909559102816582
AGAGAG	1.9070967649193469
AGATCC	0.5863635907965935
AGATCG	0.836743318174717
AGATGC	0.41837165908735857
AGATGG	2.3880724911956905
AGAACC	0.3121770413021185
AGAACG	0.8909559102816582
CAAAGC	0.3121770413021185
CAAAGG	1.3364338654224872
GAGCTT	1.9645735900912888
GAGCTA	0.836743318174717
GAGCAT	0.836743318174717
GAGCAA	2.2273897757041454
CGTGTT	0.3690067725240708
CGTGTA	0.0
CGTGAT	0.0
CGTGAA	0.836743318174717
GACACT	0.8795453861948903
GACACA	0.31217704130211854
GACAGT	0.8367433181747171
GACAGA	0.0
GACATC	0.0
GACATG	0.41837165908735857
GACAAC	0.9365311239063556
GACAAG	0.44547795514082916
AGAAGC	1.3364338654224874
AGAAGG	0.6356989216397824
ATCCCT	1.5436106619605103
ATCCCA	0.2054526478692972
ATCCGT	0.5506847319357011
ATCCGA	1.1727271815931868
CGTCTT	0.2585884242702684
CGTCTA	0.5506847319357011
CGTCAT	0.5506847319357011
CGTCAA	0.5863635907965934
GACTCT	0.2753423659678506
GACTCA	0.29318179539829675
GACTGT	0.39291471801825784
GACTGA	1.2551149772620758
GACTTC	1.6520541958071038
GACTTG	1.1787441540547732
GACTAC	1.4659089769914837
GACTAG	0.4183716590873585
GCCATT	1.3767118298392529
GCCATA	0.2931817953982967
GCCAAT	1.7590907723897802
GCCAAA	0.9365311239063553
GCCTTT	1.8101189698918787
GCCTTA	1.927396561774954
GCCTAT	2.2027389277428044
GCCTAA	2.3454543631863736
CGGATT	0.7858294360365156
CGGATA	1.2551149772620755
CCTGAT	1.3767118298392529
CCTGAA	1.1727271815931868
GACGTT	0.3929147180182578
GACGTA	0.4183716590873585
GACGAT	0.836743318174717
GACGAA	0.4454779551408291
GCGTAT	0.3929147180182578
GCGTAA	0.4183716590873585
CGCATT	0.8260270979035518
CGCATA	0.2931817953982967
CGGTTT	0.7380135450481417
CGGTTA	0.7858294360365156
CGGTAT	1.1787441540547732
CGGTAA	0.0
GACCTT	1.1013694638714024
GACCTA	1.172727181593187
GACCAT	0.8795453861948902
GACCAA	0.624354082604237
CCTGTT	1.0343536970810736
CCTGTA	1.3767118298392529
CGGAAT	1.673486636349434
CGGAAA	1.3364338654224872
ATCCTC	1.157707996470383
ATCCTG	0.5506847319357012
ATCCAC	0.6163579436078916
ATCCAG	0.29318179539829675
CGAAGT	0.41837165908735846
CGAAGA	1.3364338654224868
CGAATC	0.87954538619489
CGAATG	0.0
CGAAAC	0.31217704130211843
CGAAAG	0.445477955140829
GCGAAT	0.4183716590873585
GCGAAA	0.8909559102816582
GTAAGC	1.6734866363494343
GTAAGG	0.0
GCGTTT	0.0
GCGTTA	0.0
ATCGCT	0.2753423659678506
ATCGCA	1.465908976991484
ATCGGT	0.7858294360365157
ATCGGA	1.2551149772620758
ATCGTC	0.5506847319357012
ATCGTG	0.3929147180182578
ATCGAC	0.29318179539829675
ATCGAG	1.2551149772620755
ATCTCC	1.157707996470383
ATCTCG	0.2753423659678506
GTAACC	1.172727181593187
GTAACG	0.4183716590873585
CGCAAT	0.8795453861948901
CGCAAA	0.31217704130211843
GCGATT	0.3929147180182578
GCGATA	0.4183716590873585
ATCTGC	0.5506847319357012
ATCTGG	0.3929147180182578
ATCACC	0.4109052957385944
ATCACG	0.29318179539829675
ATCAGC	0.8795453861948902
ATCAGG	0.4183716590873585
ATGCCT	1.927396561774954
ATGCCA	2.052272567788077
GTAGTC	1.5716588720730311
GTAGTG	0.5606909604800623
GTAGAC	0.0
GTAGAG	1.1940362455978453
GTATCC	1.3767118298392527
GTATCG	0.39291471801825767
GTATGC	0.3929147180182578
GTATGG	2.8034548024003114
GCTCAT	0.8260270979035518
GCTCAA	0.8795453861948901
GTACGT	0.0
GTACGA	0.4183716590873585
GTACTC	0.27534236596785056
GTACTG	0.39291471801825767
GTACAC	0.0
GTACAG	1.673486636349434
GTAGCT	0.7858294360365156
GTAGCA	2.510229954524151
GTAGGT	1.1213819209601246
GTAGGA	0.5970181227989225
ATGCGT	0.0
ATGCGA	0.836743318174717
ATGCTC	1.3767118298392527
ATGCTG	1.1787441540547732
ATGCAC	1.172727181593187
ATGCAG	0.4183716590873585
ATGGCT	0.3929147180182578
ATGGCA	1.2551149772620755
ATGGGT	2.8034548024003114
ATGGGA	1.7910543683967677
ATGGTC	1.9645735900912888
ATGGTG	1.6820728814401869
GTTAGC	0.3929147180182578
GTTAGG	0.0
GTACCT	0.8260270979035518
GTACCA	0.2931817953982967
GCTCTT	2.068707394162147
GCTCTA	1.927396561774954
ATGGAC	0.4183716590873585
ATGGAG	2.3880724911956905
ATGTCC	0.0
ATGTCG	1.1787441540547732
ATGTGC	0.3929147180182578
ATGTGG	2.8034548024003114
ATGACC	0.0
ATGACG	0.836743318174717
ATGAGC	1.2551149772620758
ATGAGG	0.5970181227989226
ATTCCC	0.9647566637253192
ATTCCG	0.0
ATTCGC	0.2753423659678506
ATTCGG	0.3929147180182578
GTTTGC	0.7380135450481415
GTTTGG	1.0531484427649007
GTTACC	0.27534236596785056
GTTACG	1.1787441540547732
ATTGCC	0.2753423659678506
ATTGCG	0.3929147180182578
ATTGGC	1.5716588720730313
ATTGGG	5.606909604800625
ATACCC	2.054526478692972
ATACCG	0.0
ATACGC	0.5863635907965933
ATACGG	0.41837165908735846
GCTTGT	1.1070203175722124
GCTTGA	0.0
GTTGGT	0.0
GTTGGA	1.1213819209601246
GTTGTC	0.0
GTTGTG	0.0
GTTGAC	0.0
GTTGAG	3.3641457628803737
GTTTCC	0.5171768485405368
GTTTCG	0.36900677252407077
ATAGCC	2.345454363186374
ATAGCG	0.4183716590873585
ATAGGC	0.8367433181747171
ATAGGG	1.791054368396768
GTTCTC	0.2585884242702684
GTTCTG	0.36900677252407077
GTTCAC	0.0
GTTCAG	0.3929147180182578
GTTGCT	0.3690067725240708
GTTGCA	0.0
GCTGTT	1.845033862620354
GCTGTA	0.3929147180182578
GCTGAT	0.3929147180182578
GCTGAA	1.2551149772620755
GCTTCT	0.5171768485405368
GCTTCA	1.1013694638714022
GCTAGT	0.3929147180182578
GCTAGA	1.2551149772620755
GTGAGT	1.1213819209601246
GTGAGA	0.5970181227989225
GTGATC	0.3929147180182578
GTGATG	1.1213819209601246
GTGAAC	0.836743318174717
GTGAAG	0.5970181227989226
GTTCCT	0.7757652728108052
GTTCCA	0.8260270979035518
GTTCGT	0.0
GTTCGA	1.1787441540547732
CGATGT	0.3929147180182578
CGATGA	0.836743318174717
CGATTC	0.27534236596785056
CGATTG	0.0
CGATAC	0.29318179539829675
CGATAG	0.4183716590873585
GTGTAC	1.1787441540547732
GTGTAG	0.0
GTGACT	0.0
GTGACA	0.0
GCTTTC	0.5171768485405368
GCTTTG	0.36900677252407077
GCTTAC	0.8260270979035519
GCTTAG	2.7504030261278043
GCTACT	0.0
GCTACA	0.2931817953982967
CGCTTT	0.5171768485405368
CGCTTA	0.27534236596785056
GTGGTT	2.1062968855298014
GTGGTA	0.5606909604800623
GTGGAT	0.5606909604800623
GTGGAA	1.194036245597845
GTGTCT	0.36900677252407077
GTGTCA	1.1787441540547732
GTGTGT	0.0
GTGTGA	1.1213819209601246
GTGTTC	0.36900677252407077
GTGTTG	0.5265742213824504
CGAACT	0.2931817953982967
CGAACA	0.0
AACCCT	1.2327158872157833
AACCCA	1.3125835385322662
AACCGT	0.8795453861948902
AACCGA	0.624354082604237
AACCTC	1.6436211829543776
AACCTG	1.4659089769914837
AACCAC	0.21876392308871107
AACCAG	0.9365311239063556
CGAGTT	0.3929147180182578
CGAGTA	0.0
GCACAT	0.8795453861948901
GCACAA	0.6243540826042369
CCTTAC	0.964756663725319
CCTTAG	2.7534236596785053
GTGCTT	0.0
GTGCTA	1.5716588720730311
GTGCAT	0.7858294360365156
GTGCAA	0.836743318174717
GCTATC	1.3767118298392527
GCTATG	1.1787441540547732
GCTAAC	0.5863635907965935
GCTAAG	0.836743318174717
GTCAAC	1.172727181593187
GTCAAG	2.510229954524151
CCTTCT	0.7248427741224553
CCTTCA	0.964756663725319
CCTTGT	1.292942121351342
CCTTGA	0.8260270979035518
CCTTTC	1.087264161183683
CCTTTG	0.7757652728108052
CGCTAT	0.27534236596785056
CGCTAA	1.1727271815931868
GCACTT	0.8260270979035518
GCACTA	1.7590907723897802
GCAGTT	0.3929147180182578
GCAGTA	1.673486636349434
GCAGAT	0.4183716590873585
GCAGAA	0.8909559102816582
GTCTAC	0.2753423659678506
GTCTAG	0.3929147180182578
GTCACT	1.1013694638714022
GTCACA	0.2931817953982967
GTCAGT	0.7858294360365156
GTCAGA	0.4183716590873585
GTCATC	1.3767118298392527
GTCATG	0.7858294360365153
CGAGAT	2.0918582954367926
CGAGAA	0.8909559102816582
CGATCT	1.1013694638714022
CGATCA	0.5863635907965934
AACGCT	0.5863635907965935
AACGCA	0.0
AACGGT	0.0
AACGGA	0.8909559102816582
AACGTC	0.8795453861948902
AACGTG	0.0
AACGAC	0.3121770413021185
AACGAG	0.0
GCATAC	0.5863635907965935
GCATAG	0.4183716590873585
GTCGAT	0.3929147180182578
GTCGAA	1.2551149772620755
GTCTCT	0.5171768485405368
GTCTCA	1.1013694638714022
GTCTGT	0.7380135450481417
GTCTGA	1.1787441540547732
GTCTTC	0.2585884242702684
GTCTTG	0.36900677252407077
AACTCC	1.2327158872157833
AACTCG	0.8795453861948902
AACTGC	0.8795453861948902
AACTGG	1.2551149772620755
GCAAAC	0.31217704130211843
GCAAAG	0.445477955140829
GTCCTT	1.5515305456216104
GTCCTA	1.927396561774954
GTCCAT	0.0
GTCCAA	0.2931817953982967
GTCGTT	0.0
GTCGTA	0.7858294360365156
GCATCT	0.27534236596785056
GCATCA	1.4659089769914835
GCATGT	1.1787441540547732
GCATGA	0.836743318174717
GCATTC	1.9273965617749538
GCATTG	0.39291471801825767
AACACC	1.0938196154435553
AACACG	0.6243540826042371
AACAGC	1.8730622478127108
AACAGG	2.6728677308449744
GGAATC	2.0918582954367926
GGAATG	0.0
GGAAAC	0.890955910281658
GGAAAG	0.0
GCAACT	0.8795453861948901
GCAACA	0.31217704130211843
GCAAGT	0.41837165908735846
GCAAGA	1.7819118205633155
GCAATC	0.87954538619489
GCAATG	0.0
CCAAGT	0.8795453861948901
CCAAGA	0.31217704130211843
GGATGT	0.5606909604800623
GGATGA	0.5970181227989225
GGATTC	1.1787441540547732
GGATTG	1.1213819209601246
GGATAC	0.0
GGATAG	0.5970181227989226
GGAACT	1.6734866363494338
GGAACA	0.8909559102816578
GGAAGT	2.38807249119569
GGAAGA	1.2713978432795645
AAGCCT	2.052272567788077
AAGCCA	0.6243540826042369
AAGCGT	0.8367433181747169
AAGCGA	0.4454779551408289
AAGCTC	1.1727271815931866
AAGCTG	0.8367433181747169
AAGCAC	1.2487081652084737
AAGCAG	0.445477955140829
CCAATC	1.8490738308236745
CCAATG	0.5863635907965933
CCAAAC	0.218763923088711
CCAAAG	0.31217704130211843
GGAGTT	2.2427638419202496
GGAGTA	1.791054368396768
GGAGAT	0.5970181227989226
GGAGAA	0.6356989216397823
GGATCT	0.7858294360365156
GGATCA	0.836743318174717
CCAACT	0.8218105914771888
CCAACA	1.3125835385322662
GGCTTT	0.3690067725240708
GGCTTA	1.9645735900912888
GGCTAT	2.3574883081095463
GGCTAA	0.836743318174717
GGCATT	0.7858294360365156
GGCATA	1.2551149772620755
CCTAAC	1.6436211829543776
CCTAAG	0.5863635907965935
GGACTT	0.7858294360365156
GGACTA	1.2551149772620755
GGACAT	0.4183716590873585
GGACAA	0.8909559102816582
CCTACT	2.315415992940766
CCTACA	1.4381685350850804
CCTAGT	1.6520541958071036
CCTAGA	1.4659089769914835
CCTATC	0.9647566637253192
CCTATG	1.1013694638714024
GGCAAT	0.836743318174717
GGCAAA	0.4454779551408291
CCATCT	1.7365619947055742
CCATCA	0.4109052957385944
CCATGT	0.5506847319357011
CCATGA	0.5863635907965934
CCATTC	1.7365619947055746
CCATTG	0.5506847319357012
CGACTT	0.27534236596785056
CGACTA	0.5863635907965934
CGACAT	0.2931817953982967
CGACAA	0.31217704130211843
AAGGCT	0.41837165908735846
AAGGCA	0.4454779551408289
AAGGGT	0.0
AAGGGA	1.2713978432795645
AAGGTC	0.4183716590873585
AAGGTG	0.5970181227989226
AAGGAC	1.781911820563316
AAGGAG	1.2713978432795645
GGTTAC	1.9645735900912884
GGTTAG	1.6820728814401866
GGTACT	0.7858294360365156
GGTACA	0.4183716590873585
GGTAGT	0.5606909604800623
GGTAGA	0.5970181227989225
GGTATC	1.1787441540547732
GGTATG	0.5606909604800623
GGTAAC	0.0
GGTAAG	1.1940362455978453
AAGTCC	0.0
AAGTCG	0.8367433181747169
AAGTGC	0.836743318174717
AAGTGG	1.791054368396768
CCATAC	0.4109052957385944
CCATAG	1.172727181593187
CCAGTT	0.0
CCAGTA	0.5863635907965934
GGTGAT	1.6820728814401869
GGTGAA	0.0
GGTTCT	1.1070203175722122
GGTTCA	1.5716588720730307
GGTTGT	0.0
GGTTGA	2.242763841920249
GGTTTC	0.7380135450481415
GGTTTG	3.1594453282947024
CCACAT	1.4381685350850804
CCACAA	0.437527846177422
GGGTTT	2.632871106912252
GGGTTA	2.8034548024003114
GGGTAT	2.242763841920249
GGGTAA	2.9850906139946125
CCAGAT	0.5863635907965934
CCAGAA	1.5608852065105923
CCACTT	0.7718053309802552
CCACTA	0.6163579436078916
GGTCTT	0.0
GGTCTA	3.1433177441460622
GGTCAT	1.1787441540547732
GGTCAA	1.673486636349434
GGTGTT	1.5797226641473512
GGTGTA	2.8034548024003114
AAGACC	1.248708165208474
AAGACG	0.445477955140829
AAGAGC	2.672867730844974
AAGAGG	0.6356989216397823
AATCCC	1.4381685350850804
AATCCG	0.8795453861948902
AATCGC	1.75909077238978
AATCGG	0.41837165908735846
AATGCC	1.172727181593187
AATGCG	1.2551149772620755
AATGGC	0.0
AATGGG	1.791054368396768
GGGATT	0.5606909604800623
GGGATA	1.7910543683967677
GGGAAT	2.38807249119569
GGGAAA	1.2713978432795645
AAACCC	1.5313474616209772
AAACCG	0.6243540826042369
AAACGC	0.624354082604237
AAACGG	0.445477955140829
CCCCTT	2.0429335668052166
CCCCTA	2.447207116134466
CCCCAT	2.1752952143417477
CCCCAA	2.0267035003594
GGGACT	2.37041967857597
GGGACA	0.8413330494558441
GGGAGT	2.2550659220658034
GGGAGA	1.200585811501968
GGGATC	1.5802797857173132
GGGATG	3.382598883098705
GGGAAC	1.6826660989116882
GGGAAG	1.2005858115019683
GGTCCT	2.0800547342989018
GGTCCA	0.0
GGTCGT	0.0
GGTCGA	1.5802797857173132
CCACAC	0.8685872144397431
CCACAG	0.4131592066434897
GGGTCT	2.9682468824467874
GGGTCA	4.74083935715194
GGGTGT	2.1178504127500077
GGGTGA	2.2550659220658034
GGGTTC	4.452370323670181
GGGTTG	3.1767756191250105
GGGTAC	0.7901398928586566
GGGTAG	1.1275329610329017
CCAGAC	0.8263184132869794
CCAGAG	0.5895799311680516
GGGGTT	5.294626031875018
GGGGTA	9.020263688263213
GGGGAT	3.3825988830987046
GGGGAA	2.401171623003936
CCACCT	2.1752952143417486
CCACCA	1.1581162859196577
CCACGT	0.38801943116581195
CCACGA	0.4131592066434897
CCACTC	0.8157357053781557
CCACTG	1.5520777246632476
GGTCTC	0.5200136835747255
GGTCTG	0.7420617206116968
GGTCAC	1.1074107309728067
GGTCAG	1.5802797857173136
GGTGCT	0.7420617206116968
GGTGCA	2.37041967857597
GGTGGT	1.0589252063750039
GGTGGA	1.1275329610329017
GGTGTC	1.4841234412233937
GGTGTG	1.0589252063750036
GGGCTT	3.710308603058484
GGGCTA	6.321119142869253
GGGCAT	3.950699464293283
GGGCAA	1.6826660989116882
CCAGCT	1.9400971558290596
CCAGCA	0.4131592066434897
CCAGGT	1.1074107309728067
CCAGGA	0.0
CCAGTC	1.5520777246632476
CCAGTG	1.1074107309728067
GGTGAC	0.0
GGTGAG	1.1275329610329017
GGTTCC	2.0800547342989018
GGTTCG	0.7420617206116968
GGTTGC	0.7420617206116968
GGTTGG	2.1178504127500073
GGTACC	0.0
GGTACG	0.0
GGTAGC	1.5802797857173132
GGTAGG	3.382598883098705
CCTACC	1.6314714107563113
CCTACG	0.7760388623316238
CCTAGC	2.328116586994871
CCTAGG	1.6611160964592102
GGCAAC	0.5895799311680516
GGCAAG	1.6826660989116884
CCATCC	0.0
CCATCG	0.7760388623316238
CCATGC	1.5520777246632476
CCATGG	2.768526827432017
GGCTTC	1.040027367149451
GGCTTG	1.4841234412233937
GGCTAC	1.1074107309728067
GGCTAG	0.7901398928586568
GGCACT	1.1074107309728067
GGCACA	1.179159862336103
GGCAGT	1.5802797857173132
GGCAGA	2.523999148367532
GGCATC	1.6611160964592102
GGCATG	2.37041967857597
GGACCT	1.66111609645921
GGACCA	0.5895799311680515
GGACGT	0.7901398928586566
GGACGA	0.8413330494558441
GGACTC	0.0
GGACTG	0.7901398928586568
GGACAC	0.5895799311680516
GGACAG	0.8413330494558442
GGCGTT	0.0
GGCGTA	0.0
GGCGAT	1.5802797857173139
GGCGAA	1.6826660989116886
GGCTCT	0.5200136835747254
GGCTCA	0.0
GGCTGT	0.7420617206116968
GGCTGA	3.950699464293283
GGAGCT	2.3704196785759706
GGAGCA	2.5239991483675333
GGAGGT	1.127532961032902
GGAGGA	3.601757434505906
GGAGTC	0.0
GGAGTG	0.0
GGAGAC	0.8413330494558442
GGAGAG	2.401171623003937
GGATCC	1.1074107309728067
GGATCG	0.7901398928586568
CGCCTT	0.7288187049509753
CGCCTA	1.1640582934974357
CGCCAT	0.0
CGCCAA	0.4131592066434897
GGCCTT	2.0800547342989018
GGCCTA	2.2148214619456135
GGCCAT	1.6611160964592102
GGCCAA	0.0
CCAACC	0.8685872144397431
CCAACG	0.0
CCAAGC	0.8263184132869794
CCAAGG	0.5895799311680516
GGATGC	1.5802797857173132
GGATGG	1.1275329610329017
GGAACC	0.5895799311680515
GGAACG	0.0
GGAAGC	2.523999148367532
GGAAGG	1.2005858115019683
GTCCCT	0.7288187049509753
GTCCCA	0.38801943116581195
GTCCGT	0.0
GTCCGA	0.5537053654864035
GCAACC	0.4131592066434897
GCAACG	0.0
GCAAGC	0.5895799311680515
GCAAGG	1.6826660989116882
GTCCTC	0.0
GTCCTG	0.5200136835747254
GTCCAC	1.1640582934974355
GTCCAG	0.0
GTCGCT	1.0400273671494509
GTCGCA	0.5537053654864034
GTCGGT	0.7420617206116968
GTCGGA	0.0
GTCGTC	1.040027367149451
GTCGTG	1.4841234412233937
GCATCC	1.5520777246632476
GCATCG	0.5537053654864034
GCATGC	0.0
GCATGG	0.7901398928586568
GTCGAC	1.6611160964592102
GTCGAG	0.7901398928586568
GTCTCC	1.0932280574264628
GTCTCG	0.0
GTCTGC	0.5200136835747255
GTCTGG	0.0
CGCGTT	0.0
CGCGTA	1.1074107309728067
CGCGAT	0.5537053654864034
CGCGAA	0.0
GCAGCT	2.2148214619456135
GCAGCA	0.5895799311680515
GCAGGT	0.7901398928586566
GCAGGA	0.0
GCAGTC	1.1074107309728067
GCAGTG	0.7901398928586568
GCAGAC	0.5895799311680516
GCAGAG	3.365332197823377
GTCACC	0.7760388623316238
GTCACG	0.0
GTCAGC	0.5537053654864034
GTCAGG	2.37041967857597
CCTTCC	1.5322001751039127
CCTTCG	0.3644093524754876
CCTTGC	0.3644093524754876
CCTTGG	1.5600410507241762
CGCTAC	0.3880194311658119
CGCTAG	1.1074107309728067
GCACCT	1.1640582934974357
GCACCA	0.8263184132869794
GCACGT	0.0
GCACGA	1.1791598623361033
GCACTC	1.1640582934974355
GCACTG	1.1074107309728067
GCACAC	2.0657960332174485
GCACAG	0.5895799311680516
GTGCCT	1.5600410507241762
GTGCCA	1.1074107309728067
GTGCGT	1.4841234412233937
GTGCGA	1.5802797857173132
GTGCTC	0.5200136835747255
GTGCTG	0.7420617206116968
GTGCAC	2.768526827432017
GTGCAG	0.7901398928586568
CGCTCT	1.093228057426463
CGCTCA	1.1640582934974357
CGCTGT	1.040027367149451
CGCTGA	0.5537053654864035
CGCTTC	0.0
CGCTTG	0.0
GTGGCT	0.7420617206116968
GTGGCA	0.7901398928586566
GTGGGT	6.353551238250023
GTGGGA	1.1275329610329017
GTGGTC	1.4841234412233937
GTGGTG	3.1767756191250105
GTGGAC	0.7901398928586566
GTGGAG	1.1275329610329017
GTGTCC	0.5200136835747254
GTGTCG	0.0
GTGTGC	1.4841234412233937
GTGTGG	2.1178504127500073
GTGACC	0.5537053654864034
GTGACG	0.0
GCTACC	2.7161360181606833
GCTACG	0.0
GCTAGC	0.0
GCTAGG	2.37041967857597
GTGAGC	0.0
GTGAGG	2.2550659220658034
GTTCCC	1.822046762377438
GTTCCG	0.5200136835747254
GTTCGC	0.5200136835747255
GTTCGG	0.7420617206116968
GTTGCC	0.5200136835747255
GTTGCG	0.0
GCTGTC	0.5200136835747255
GCTGTG	2.2261851618350903
GCTGAC	1.6611160964592102
GCTGAG	1.5802797857173136
GCTTCC	1.0932280574264628
GCTTCG	1.0400273671494509
GCTTGC	0.0
GCTTGG	0.7420617206116968
GTTGGC	2.9682468824467874
GTTGGG	3.1767756191250114
GTACCC	2.328116586994871
GTACCG	0.5537053654864034
GCTCCT	1.8220467623774383
GCTCCA	0.7760388623316239
GCTCGT	0.5200136835747255
GCTCGA	0.5537053654864035
GCTCTC	2.1864561148529256
GCTCTG	0.5200136835747254
GCTCAC	1.5520777246632476
GCTCAG	0.5537053654864034
GCTGCT	1.5600410507241762
GCTGCA	2.2148214619456135
GCTGGT	2.2261851618350903
GCTGGA	0.0
GTACGC	0.0
GTACGG	0.0
GTAGCC	0.5537053654864034
GTAGCG	1.5802797857173136
GTAGGC	0.0
GTAGGG	1.1275329610329017
CGCAAC	0.4131592066434897
CGCAAG	0.5895799311680516
GCGACT	0.5537053654864034
GCGACA	1.179159862336103
GCGAGT	0.7901398928586566
GCGAGA	4.20666524727922
GCGATC	0.5537053654864034
GCGATG	0.7901398928586568
GCGAAC	0.0
GCGAAG	0.8413330494558442
GACCCT	2.3281165869948715
GACCCA	0.4131592066434897
GACCGT	0.0
GACCGA	1.7687397935041551
GCGTTC	0.0
GCGTTG	0.0
GCGTAC	0.5537053654864034
GCGTAG	0.7901398928586568
CGCACT	0.0
CGCACA	0.4131592066434897
CGCAGT	1.1074107309728067
CGCAGA	0.0
CGCATC	0.3880194311658119
CGCATG	0.5537053654864034
CGGGTT	2.2261851618350907
CGGGTA	0.0
CGGGAT	0.0
CGGGAA	0.8413330494558443
CGGCTT	1.0400273671494509
CGGCTA	0.5537053654864034
CGGCAT	1.1074107309728067
CGGCAA	0.5895799311680516
GCGGTT	1.484123441223394
GCGGTA	2.3704196785759706
GCGGAT	0.0
GCGGAA	0.0
GCGTCT	0.0
GCGTCA	1.1074107309728067
GCGTGT	0.0
GCGTGA	0.7901398928586566
CGGTCT	0.5200136835747254
CGGTCA	0.5537053654864034
CGGTGT	1.4841234412233937
CGGTGA	0.0
CGGTTC	0.5200136835747255
CGGTTG	1.4841234412233937
CGGTAC	0.0
CGGTAG	0.0
GCGCTT	0.5200136835747254
GCGCTA	1.1074107309728067
GCGCAT	0.0
GCGCAA	0.0
GACCTC	0.7760388623316239
GACCTG	1.107410730972807
GACCAC	0.0
GACCAG	0.5895799311680516
CCTGCT	0.36440935247548767
CCTGCA	0.38801943116581195
CCTGGT	1.040027367149451
CCTGGA	0.5537053654864035
CCTGTC	1.822046762377438
CCTGTG	0.0
CGGAAC	1.1791598623361033
CGGAAG	1.6826660989116884
GCCACT	1.1640582934974357
GCCACA	0.4131592066434897
GCCAGT	0.5537053654864034
GCCAGA	1.768739793504155
GCCATC	1.1640582934974355
GCCATG	1.1074107309728067
GCCAAC	0.0
GCCAAG	0.5895799311680516
GCCTTC	1.0932280574264628
GCCTTG	1.5600410507241762
GCCTAC	1.1640582934974355
GCCTAG	0.0
CGGACT	0.0
CGGACA	0.5895799311680515
CGGAGT	1.5802797857173132
CGGAGA	0.8413330494558441
CGGATC	1.1074107309728067
CGGATG	0.7901398928586568
CCTGAC	1.1640582934974355
CCTGAG	2.2148214619456135
GACGCT	1.1074107309728067
GACGCA	1.1791598623361033
GACGGT	0.7901398928586569
GACGGA	0.8413330494558443
GACGTC	0.5537053654864034
GACGTG	0.7901398928586568
GACGAC	0.0
GACGAG	0.8413330494558442
CGTCTC	0.0
CGTCTG	0.5200136835747254
CGTCAC	1.1640582934974355
CGTCAG	1.1074107309728067
GCCGTT	1.0400273671494509
GCCGTA	2.2148214619456135
GCCGAT	0.5537053654864034
GCCGAA	0.0
GCCTCT	1.4576374099019507
GCCTCA	1.9400971558290596
GCCTGT	0.5200136835747255
GCCTGA	1.6611160964592104
GACTCC	1.1640582934974357
GACTCG	0.5537053654864035
GACTGC	0.0
GACTGG	0.7901398928586569
CGTGTC	1.040027367149451
CGTGTG	0.0
CGTGAC	0.0
CGTGAG	0.0
GCCCTT	0.36440935247548767
GCCCTA	2.3281165869948715
GCCCAT	3.1041554493264956
GCCCAA	0.0
CGTCCT	0.36440935247548767
CGTCCA	0.7760388623316239
CGTCGT	1.040027367149451
CGTCGA	1.107410730972807
GACACC	1.2394776199304693
GACACG	0.0
GACAGC	0.0
GACAGG	1.682666098911689
CGTGCT	0.5200136835747254
CGTGCA	0.5537053654864034
CGTGGT	0.0
CGTGGA	0.0
GAGCCT	3.3222321929184204
GAGCCA	1.768739793504155
GAGCGT	0.0
GAGCGA	1.6826660989116886
GAGCTC	1.1074107309728067
GAGCTG	4.74083935715194
GAGCAC	1.1791598623361033
GAGCAG	0.8413330494558442
GAGGCT	0.7901398928586569
GAGGCA	0.0
GAGGGT	0.0
GAGGGA	1.2005858115019685
GAGGTC	1.5802797857173136
GAGGTG	2.255065922065804
GAGGAC	1.6826660989116884
GAGGAG	1.2005858115019685
GAGTCC	1.1074107309728072
GAGTCG	0.0
GAGTGC	0.0
GAGTGG	0.0
GAGACC	1.768739793504155
GAGACG	1.6826660989116884
GAGAGC	3.365332197823377
GAGAGG	1.2005858115019685
GATCCC	0.3880194311658119
GATCCG	0.0
GATCGC	0.0
GATCGG	1.5802797857173136
GATGCC	2.2148214619456135
GATGCG	0.0
GATGGC	3.1605595714346264
GATGGG	1.1275329610329017
GAACCC	0.4131592066434897
GAACCG	0.5895799311680516
GAACGC	0.0
GAACGG	0.8413330494558442
GAAGCC	2.3583197246722065
GAAGCG	0.0
GAAGGC	0.0
GAAGGG	1.2005858115019685
CAAGGC	1.1791598623361033
CAAGGG	0.8413330494558442
CCTCCT	2.2983002626558693
CCTCCA	1.0876476071708743
CCTCGT	0.36440935247548767
CCTCGA	1.1640582934974357
CCTCTC	1.0214667834026088
CCTCTG	1.4576374099019507
CAACGC	0.0
CAACGG	1.1791598623361033
CAAGCC	0.4131592066434897
CAAGCG	0.0
CCTCAC	1.359559508963593
CCTCAG	2.328116586994872
TCCCCT	0.5107333917013044
TCCCCA	1.3595595089635928
TCCCGT	1.093228057426463
TCCCGA	0.38801943116581195
TCCCTC	1.2768334792532607
TCCCTG	1.093228057426463
TCCCAC	1.359559508963593
TCCCAG	0.388019431165812
TCCGCT	0.36440935247548767
TCCGCA	0.38801943116581195
TCCGGT	0.0
TCCGGA	1.107410730972807
TCCGTC	0.0
TCCGTG	0.0
TCCGAC	0.7760388623316238
TCCGAG	0.5537053654864034
TCCTCC	2.8090336543571732
TCCTCG	1.0932280574264628
CAACCC	1.7371744288794861
CAACCG	0.4131592066434897
TCCTGC	0.3644093524754876
TCCTGG	1.0400273671494509
TCCACC	2.447207116134467
TCCACG	0.3880194311658119
TCCAGC	0.3880194311658119
TCCAGG	0.5537053654864034
TCGCCT	1.0932280574264632
TCGCCA	0.776038862331624
TCGCGT	0.5200136835747255
TCGCGA	0.0
TCGCTC	1.093228057426463
TCGCTG	2.080054734298902
TCGCAC	0.0
TCGCAG	2.768526827432017
CCGACT	0.38801943116581195
CCGACA	0.4131592066434897
CCGAGT	0.5537053654864034
CCGAGA	0.5895799311680516
CCGATC	0.7760388623316238
CCGATG	0.5537053654864034
CCGAAC	0.4131592066434897
CCGAAG	0.5895799311680516
TCGGCT	0.5200136835747255
TCGGCA	0.5537053654864035
TCGGGT	0.742061720611697
TCGGGA	0.7901398928586569
TCGGTC	1.040027367149451
TCGGTG	0.7420617206116968
TCGGAC	0.0
TCGGAG	0.7901398928586568
CATGGC	0.5537053654864036
CATGGG	4.740839357151941
TCGTCC	0.36440935247548767
TCGTCG	1.040027367149451
TCGTGC	1.040027367149451
TCGTGG	0.0
TCGACC	0.7760388623316239
TCGACG	0.5537053654864035
TCGAGC	1.6611160964592107
TCGAGG	0.0
TCTCCC	1.532200175103913
TCTCCG	1.093228057426463
TCTCGC	1.4576374099019507
TCTCGG	1.040027367149451
CATCGC	0.3880194311658119
CATCGG	2.2148214619456135
CATGCC	1.1640582934974357
CATGCG	0.5537053654864035
TCTGCC	1.4576374099019507
TCTGCG	0.5200136835747255
TCTGGC	1.040027367149451
TCTGGG	2.2261851618350907
TCACCC	1.3595595089635928
TCACCG	0.3880194311658119
TCACGC	0.7760388623316238
TCACGG	0.5537053654864034
TCAGCC	1.9400971558290596
TCAGCG	0.0
TCAGGC	0.5537053654864036
TCAGGG	0.7901398928586569
CAGAGC	0.5895799311680515
CAGAGG	2.523999148367532
CATCCC	0.5438238035854371
CATCCG	0.7760388623316238
TGCCCT	0.7288187049509753
TGCCCA	1.1640582934974357
TGCCGT	3.120082101448353
TGCCGA	0.0
TGCCTC	1.0932280574264628
TGCCTG	1.0400273671494509
TGCCAC	0.3880194311658119
TGCCAG	1.1074107309728067
TGCGCT	1.5600410507241762
TGCGCA	0.5537053654864034
TGCGGT	1.4841234412233937
TGCGGA	0.0
CAGTGC	1.1074107309728067
CAGTGG	1.5802797857173136
CAGACC	1.2394776199304691
CAGACG	1.1791598623361033
CAGGCT	1.1074107309728067
CAGGCA	0.5895799311680515
CAGGGT	1.5802797857173132
CAGGGA	2.523999148367532
CAGGTC	0.5537053654864034
CAGGTG	1.5802797857173136
CAGGAC	0.0
CAGGAG	0.0
CAGTCC	0.7760388623316238
CAGTCG	1.6611160964592102
TGCGTC	1.040027367149451
TGCGTG	0.0
TGCGAC	1.1074107309728067
TGCGAG	0.7901398928586568
TGCTCC	0.7288187049509752
TGCTCG	0.0
TGCTGC	1.5600410507241764
TGCTGG	2.2261851618350903
TGCACC	1.5520777246632476
TGCACG	0.5537053654864034
TGCAGC	0.5537053654864034
TGCAGG	0.0
CAGCCT	1.1640582934974357
CAGCCA	2.0657960332174485
CAGCGT	0.0
CAGCGA	0.5895799311680516
CAGCTC	3.104155449326495
CAGCTG	2.2148214619456135
CAGCAC	0.4131592066434897
CAGCAG	1.1791598623361033
CCGTCT	0.36440935247548767
CCGTCA	0.7760388623316239
CCGTGT	0.0
CCGTGA	0.0
CCGTTC	0.7288187049509752
CCGTTG	0.5200136835747254
CGTTCC	0.0
CGTTCG	1.0400273671494509
CGTTGC	0.0
CGTTGG	1.4841234412233937
CCGTAC	0.0
CCGTAG	1.1074107309728067
TGGCCT	1.0400273671494509
TGGCCA	1.1074107309728067
TGGCGT	0.0
TGGCGA	1.5802797857173132
TGGCTC	1.040027367149451
TGGCTG	2.2261851618350903
TGGCAC	0.5537053654864034
TGGCAG	3.1605595714346273
CACACC	1.4476453573995718
CACACG	0.8263184132869794
CACAGC	2.0657960332174485
CACAGG	0.5895799311680516
CCGGTT	0.0
CCGGTA	0.0
CCGGAT	0.5537053654864034
CCGGAA	2.947899655840258
TGGGCT	3.710308603058484
TGGGCA	3.950699464293283
TGGGGT	3.1767756191250114
TGGGGA	3.382598883098705
TGGGTC	2.2261851618350903
TGGGTG	2.1178504127500073
TGGGAC	1.5802797857173132
TGGGAG	5.637664805164508
TGGTCC	1.5600410507241762
TGGTCG	1.4841234412233937
TGGTGC	1.4841234412233937
TGGTGG	2.1178504127500073
TGGACC	0.5537053654864034
TGGACG	1.5802797857173136
TGGAGC	2.37041967857597
TGGAGG	2.2550659220658034
CACGAC	1.2394776199304691
CACGAG	1.1791598623361033
CACTCC	0.27191190179271857
CACTCG	0.0
CACTGC	1.5520777246632476
CACTGG	1.1074107309728067
TGTCCC	0.3644093524754876
TGTCCG	0.0
TGTCGC	0.0
TGTCGG	0.7420617206116968
CACCTC	1.359559508963593
CACCTG	0.388019431165812
CACCAC	2.026703500359401
CACCAG	0.8263184132869795
CACGCT	1.1640582934974357
CACGCA	0.0
CACGGT	0.0
CACGGA	1.7687397935041551
CACGTC	0.38801943116581195
CACGTG	0.0
TGTGCC	0.5200136835747255
TGTGCG	1.4841234412233937
TGTGGC	1.4841234412233937
TGTGGG	5.294626031875019
TGACCC	1.5520777246632476
TGACCG	0.5537053654864034
TGACGC	1.1074107309728067
TGACGG	0.7901398928586568
TGAGCC	2.2148214619456135
TGAGCG	0.7901398928586568
TGAGGC	2.37041967857597
TGAGGG	1.1275329610329017
CACCCT	1.9033833125490303
CACCCA	0.8685872144397433
CACCGT	0.7760388623316239
CACCGA	0.8263184132869794
TTCCCC	1.532200175103913
TTCCCG	0.36440935247548767
TTCCGC	0.36440935247548767
TTCCGG	1.040027367149451
TTCGCC	0.36440935247548767
TTCGCG	0.0
TTCGGC	1.040027367149451
TTCGGG	0.742061720611697
TTGCCC	1.4576374099019507
TTGCCG	0.5200136835747255
TTGCGC	1.040027367149451
TTGCGG	0.742061720611697
TTGGCC	1.040027367149451
TTGGCG	1.484123441223394
TTGGGC	2.226185161835091
TTGGGG	13.766027682875054
TACCCC	4.350590428683497
TACCCG	1.1640582934974355
TACCGC	0.3880194311658119
TACCGG	1.1074107309728067
TACGCC	0.0
TACGCG	0.0
TACGGC	1.1074107309728072
TACGGG	0.7901398928586569
TAGCCC	1.5520777246632476
TAGCCG	2.768526827432017
TAGCGC	0.5537053654864034
TAGCGG	0.7901398928586568
TAGGCC	1.1074107309728067
TAGGCG	0.0
TAGGGC	0.7901398928586566
TAGGGG	6.76519776619741
CTAGGC	0.0
CTAGGG	3.9506994642932844
CCGCTT	0.7288187049509753
CCGCTA	0.7760388623316239
CCGCAT	0.7760388623316239
CCGCAA	0.4131592066434897
ACCCCT	2.175295214341749
ACCCCA	1.1581162859196577
ACCCGT	1.5520777246632478
ACCCGA	0.8263184132869794
ACCCTC	1.359559508963593
ACCCTG	1.94009715582906
ACCCAC	1.4476453573995722
ACCCAG	0.8263184132869795
CTACGC	0.0
CTACGG	2.2148214619456135
CTAGCC	1.9400971558290596
CTAGCG	0.0
ACCGCT	0.38801943116581195
ACCGCA	0.4131592066434897
ACCGGT	0.0
ACCGGA	0.5895799311680517
ACCGTC	0.0
ACCGTG	0.5537053654864035
ACCGAC	1.6526368265739588
ACCGAG	0.0
ACCTCC	0.5438238035854371
ACCTCG	0.7760388623316238
ACCTGC	0.7760388623316238
ACCTGG	0.5537053654864034
ACCACC	1.1581162859196574
ACCACG	0.4131592066434897
CTACCC	3.534854723305341
CTACCG	0.7760388623316238
ACCAGC	0.8263184132869794
ACCAGG	1.768739793504155
ACGCCT	0.7760388623316239
ACGCCA	0.0
ACGCGT	0.0
ACGCGA	0.0
ACGCTC	1.1640582934974355
ACGCTG	0.5537053654864034
ACGCAC	0.0
ACGCAG	0.0
CCCACT	1.0876476071708738
CCCACA	1.4476453573995716
CCCAGT	0.7760388623316238
CCCAGA	1.2394776199304691
CCCATC	1.0876476071708743
CCCATG	1.5520777246632476
CCCAAC	0.8685872144397431
CCCAAG	0.0
ACGGCT	1.1074107309728067
ACGGCA	0.5895799311680515
ACGGGT	0.7901398928586566
ACGGGA	0.8413330494558441
ACGGTC	0.5537053654864034
ACGGTG	0.0
ACGGAC	1.1791598623361033
ACGGAG	0.8413330494558442
ACGTCC	0.3880194311658119
ACGTCG	0.5537053654864034
ACGTGC	0.0
ACGTGG	0.0
CTTGGC	1.5600410507241764
CTTGGG	4.4523703236701815
ACGACC	1.2394776199304691
ACGACG	0.5895799311680516
ACGAGC	0.0
ACGAGG	1.6826660989116882
ACTCCC	1.3595595089635928
ACTCCG	0.3880194311658119
ACTCGC	0.0
ACTCGG	1.1074107309728067
ACTGCC	0.7760388623316239
ACTGCG	0.5537053654864035
ACTGGC	0.0
ACTGGG	3.9506994642932844
CTTCGC	1.4576374099019507
CTTCGG	1.5600410507241764
CTTGCC	1.4576374099019507
CTTGCG	0.5200136835747255
ACACCC	1.1581162859196574
ACACCG	0.0
ACACGC	0.0
ACACGG	1.1791598623361033
ACAGCC	1.6526368265739588
ACAGCG	1.1791598623361033
ACAGGC	2.3583197246722065
ACAGGG	3.365332197823377
CTGAGC	2.7685268274320176
CTGAGG	1.5802797857173139
CTTCCC	0.7661000875519565
CTTCCG	0.36440935247548767
AGCCCT	2.3281165869948715
AGCCCA	2.0657960332174485
AGCCGT	0.5537053654864036
AGCCGA	0.5895799311680517
AGCCTC	2.7161360181606837
AGCCTG	1.107410730972807
AGCCAC	0.8263184132869794
AGCCAG	1.768739793504155
AGCGCT	0.0
AGCGCA	0.0
AGCGGT	1.5802797857173139
AGCGGA	0.8413330494558443
CTGTGC	0.5200136835747255
CTGTGG	1.484123441223394
CTGACC	1.9400971558290596
CTGACG	1.107410730972807
AGCGTC	1.6611160964592102
AGCGTG	0.0
AGCGAC	0.5895799311680516
AGCGAG	0.8413330494558442
AGCTCC	0.7760388623316239
AGCTCG	0.0
AGCTGC	4.429642923891229
AGCTGG	3.1605595714346277
CTGGCT	1.040027367149451
CTGGCA	1.107410730972807
CTGGGT	0.742061720611697
CTGGGA	3.9506994642932844
CTGGTC	0.0
CTGGTG	2.2261851618350903
CTGGAC	1.1074107309728067
CTGGAG	0.0
CTGTCC	1.4576374099019507
CTGTCG	1.040027367149451
AGCACC	0.41315920664348976
AGCACG	0.0
AGCAGC	1.7687397935041553
AGCAGG	1.682666098911689
CCCTCT	2.0429335668052166
CCCTCA	1.0876476071708738
CCCTGT	2.5508654673284137
CCCTGA	1.5520777246632478
CCCTTC	1.5322001751039127
CCCTTG	0.7288187049509752
CTGCCT	2.1864561148529265
CTGCCA	0.388019431165812
CTGCGT	0.0
CTGCGA	0.0
CTGCTC	0.7288187049509753
CTGCTG	1.5600410507241764
CTGCAC	1.1640582934974357
CTGCAG	0.5537053654864035
CCCTAC	2.447207116134467
CCCTAG	2.328116586994871
AGGCCT	1.6611160964592102
AGGCCA	0.5895799311680516
AGGCGT	0.0
AGGCGA	2.5239991483675333
AGGCTC	1.1074107309728067
AGGCTG	0.7901398928586568
AGGCAC	0.5895799311680516
AGGCAG	0.0
CGTACC	1.1640582934974355
CGTACG	0.0
CGTAGC	0.0
CGTAGG	0.0
CCCGTT	2.186456114852926
CCCGTA	0.38801943116581195
CCCGAT	0.7760388623316239
CCCGAA	2.0657960332174485
AGGGCT	3.1605595714346277
AGGGCA	1.6826660989116886
AGGGGT	4.510131844131608
AGGGGA	2.401171623003937
AGGGTC	3.1605595714346273
AGGGTG	1.127532961032902
AGGGAC	0.8413330494558442
AGGGAG	3.6017574345059056
CTCACC	1.6314714107563113
CTCACG	0.0
CTCAGC	1.9400971558290594
CTCAGG	0.5537053654864034
AGGTCC	0.0
AGGTCG	0.0
AGGTGC	1.5802797857173139
AGGTGG	3.382598883098706
AGGACC	1.1791598623361033
AGGACG	0.8413330494558442
AGGAGC	0.8413330494558442
AGGAGG	1.2005858115019685
AGTCCC	1.1640582934974355
AGTCCG	0.0
AGTCGC	2.2148214619456135
AGTCGG	1.5802797857173136
CTCGAC	0.3880194311658119
CTCGAG	0.5537053654864034
CTCTCC	1.0214667834026083
CTCTCG	0.7288187049509752
CTCTGC	0.7288187049509752
CTCTGG	1.5600410507241762
AGTGCC	1.1074107309728067
AGTGCG	0.7901398928586568
AGTGGC	0.0
AGTGGG	2.2550659220658034
CTCCTC	1.7875668709545651
CTCCTG	1.8220467623774383
CTCCAC	0.5438238035854372
CTCCAG	0.388019431165812
CTCGCT	0.36440935247548767
CTCGCA	0.38801943116581195
CTCGGT	0.5200136835747255
CTCGGA	0.5537053654864035
CTCGTC	0.0
CTCGTG	0.0
AGACCC	2.0657960332174485
AGACCG	1.1791598623361033
AGACGC	0.5895799311680516
AGACGG	1.6826660989116884
AGAGCC	2.3583197246722065
AGAGCG	0.8413330494558442
AGAGGC	0.0
AGAGGG	3.6017574345059056
ATCCCC	1.0876476071708743
ATCCCG	1.5520777246632476
ATCCGC	0.3880194311658119
ATCCGG	0.5537053654864034
CGAAGC	1.179159862336103
CGAAGG	1.6826660989116882
CTCCCT	1.7875668709545651
CTCCCA	1.6314714107563113
CTCCGT	0.0
CTCCGA	0.38801943116581195
ATCGCC	0.7760388623316239
ATCGCG	1.6611160964592104
ATCGGC	0.5537053654864036
ATCGGG	2.3704196785759706
ATGCCC	0.7760388623316238
ATGCCG	1.1074107309728067
ATGCGC	1.1074107309728067
ATGCGG	0.7901398928586568
ATGGCC	2.2148214619456135
ATGGCG	0.7901398928586568
ATGGGC	5.5309792500105965
ATGGGG	2.2550659220658034
CGATGC	0.0
CGATGG	0.0
CGAACC	1.2394776199304691
CGAACG	0.0
AACCCC	2.0267035003594005
AACCCG	0.8263184132869794
AACCGC	0.4131592066434897
AACCGG	0.0
CGAGCT	0.5537053654864034
CGAGCA	1.179159862336103
CGAGGT	2.37041967857597
CGAGGA	0.0
CGAGTC	1.1074107309728067
CGAGTG	0.7901398928586568
CGAGAC	1.1791598623361033
CGAGAG	2.5239991483675324
CGATCC	0.3880194311658119
CGATCG	0.0
AACGCC	0.4131592066434897
AACGCG	0.0
AACGGC	1.1791598623361033
AACGGG	1.6826660989116884
AAGCCC	1.6526368265739588
AAGCCG	1.7687397935041547
AAGCGC	0.0
AAGCGG	0.8413330494558441
CGACCT	1.1640582934974357
CGACCA	1.2394776199304691
CGACGT	0.5537053654864034
CGACGA	0.5895799311680516
CGACTC	1.5520777246632476
CGACTG	0.5537053654864034
CGACAC	0.4131592066434897
CGACAG	1.7687397935041547
AAGGCC	1.179159862336103
AAGGCG	1.6826660989116882
AAGGGC	1.6826660989116882
AAGGGG	1.2005858115019683
CTGCGG	1.045732158614828
CTGCGC	1.4656328893655481
CTGCCG	3.664082223413871
CTGCCC	1.0270697657588257
CTCGGG	2.0914643172296556
CTCGGC	1.465632889365548
CTCGCG	0.0
CTCGCC	2.054139531517651
CTCCGG	0.732816444682774
CTCCGC	1.5406046486382383
CTCCCG	0.5135348828794127
CTCCCC	1.079607633729339
CGAGGG	0.0
CGAGGC	0.0
CGAGCG	0.0
CGAGCC	0.7802956155849196
AGGGGG	2.2674354819758697
AGGGGC	7.944739935367845
AGGGCG	1.588947987073569
AGGGCC	1.1134851358262443
CCCGAG	0.0
CCCGAC	0.5468068033519397
CCCGTG	0.732816444682774
CCCGTC	1.5406046486382383
CCCGGA	0.0
CCCGGT	0.0
ACGGGG	4.766843961220706
ACGGGC	1.1134851358262443
CCCGCA	1.093613606703879
CCCGCT	0.5135348828794127
ACGGCG	0.0
ACGGCC	1.560591231169839
CAGCGG	0.0
CAGCGC	0.7802956155849198
CAGCCG	0.0
CAGCCC	2.1872272134077586
CACGGG	2.2269702716524886
CACGGC	0.0
CACGCG	0.0
CACGCC	1.0936136067038793
CACCGG	0.0
CACCGC	0.5468068033519397
CACCCG	1.0936136067038793
CACCCC	0.76637026844713
CTGGGG	4.47679260814601
CTGGGC	4.182928634459311
CTGGCG	2.0914643172296556
CTGGCC	1.465632889365548
GCCCGA	0.7802956155849198
GCCCGT	1.465632889365548
CCCAGG	0.7802956155849196
CCCAGC	0.5468068033519395
GCCCCA	2.734034016759698
GCCCCT	2.054139531517651
CCCACG	2.187227213407758
CCCACC	1.9159256711178247
CGTGGG	1.4922642027153363
CGTGGC	0.0
CGTGCG	1.0457321586148274
CGTGCC	1.4656328893655477
CAGGGG	4.766843961220706
CAGGGC	3.3404554074787325
CAGGCG	1.1134851358262443
CAGGCC	0.7802956155849196
GCCGGA	6.680910814957466
GCCGGT	0.0
ACGCGG	0.0
ACGCGC	0.0
GCCGCA	1.5605912311698396
GCCGCT	2.931265778731096
ACGCCG	0.7802956155849198
ACGCCC	0.5468068033519397
CGTCGG	0.0
CGTCGC	0.732816444682774
CGTCCG	0.732816444682774
CGTCCC	0.0
GCCCAG	1.5605912311698396
GCCCAC	1.6404204100558188
GCCCTG	1.465632889365548
GCCCTC	1.5406046486382383
GCCAGG	1.1134851358262443
GCCAGC	1.5605912311698396
GCCACG	0.0
GCCACC	0.5468068033519397
CGGAGG	0.0
CGGAGC	2.2269702716524886
CGGACG	0.0
CGGACC	1.560591231169839
GCCTGG	1.0457321586148278
GCCTGC	0.0
GCCTCG	0.0
GCCTCC	1.5406046486382383
GCCGAG	2.2269702716524886
GCCGAC	0.0
GCCGTG	1.0457321586148274
GCCGTC	0.7328164446827738
GCGCAG	0.0
GCGCAC	0.7802956155849198
GCGCTG	1.0457321586148274
GCGCTC	1.4656328893655477
GCGCGA	0.0
GCGCGT	1.0457321586148278
ACCGGG	2.2269702716524886
ACCGGC	0.7802956155849199
GCGCCA	0.0
GCGCCT	0.732816444682774
ACCGCG	0.7802956155849198
ACCGCC	0.5468068033519397
CGGTGG	0.0
CGGTGC	1.0457321586148274
CGGTCG	0.0
CGGTCC	0.7328164446827738
CGGCCA	0.0
CGGCCT	0.732816444682774
AGGCGG	0.0
AGGCGC	0.0
CGGGAG	1.588947987073569
CGGGAC	0.0
CGGGTG	0.0
CGGGTC	3.1371964758444832
CGGGGA	0.0
CGGGGT	2.9845284054306727
AGGCCG	0.0
AGGCCC	2.340886846754759
CGGGCA	2.2269702716524886
CGGGCT	1.0457321586148278
CCCTGG	1.465632889365548
CCCTGC	0.5135348828794127
GCGGGA	0.0
GCGGGT	1.4922642027153363
CCCTCG	1.540604648638238
CCCTCC	1.0796076337293388
GCGGCA	1.1134851358262443
GCGGCT	0.0
AGCGGG	0.0
AGCGGC	0.0
CGGCAG	0.0
CGGCAC	0.7802956155849198
CGGCTG	1.0457321586148274
CGGCTC	0.0
CGGCGA	2.2269702716524886
CGGCGT	1.0457321586148278
AGCGCG	1.1134851358262443
AGCGCC	0.7802956155849198
GCGAGG	0.0
GCGAGC	1.1134851358262443
GCGACG	0.0
GCGACC	1.560591231169839
CGCAGG	1.1134851358262443
CGCAGC	1.5605912311698396
CGCACG	0.7802956155849198
CGCACC	0.5468068033519397
GCGTGG	1.4922642027153363
GCGTGC	0.0
GCGTCG	1.0457321586148274
GCGTCC	1.4656328893655477
GCGGAG	1.588947987073569
GCGGAC	0.0
GCGGTG	2.984528405430673
GCGGTC	0.0
GCACGG	1.1134851358262443
GCACGC	0.0
GCACCG	1.5605912311698396
GCACCC	0.0
CGCTGG	2.0914643172296556
CGCTGC	2.198449334048322
CGCTCG	0.732816444682774
CGCTCC	1.0270697657588255
GCTGGG	2.9845284054306727
GCTGGC	6.274392951688965
GCTGCG	0.0
GCTGCC	5.129715112779417
GCTCGG	0.0
GCTCGC	0.0
GCTCCG	0.0
GCTCCC	0.5135348828794127
GCAGGG	3.1778959741471375
GCAGGC	0.0
GCAGCG	0.0
GCAGCC	2.340886846754759
CGCGAG	0.0
CGCGAC	0.0
CGCGTG	1.0457321586148274
CGCGTC	0.0
CGCGGA	0.0
CGCGGT	2.0914643172296556
AGCCGG	3.340455407478733
AGCCGC	3.901478077924599
CGCGCA	0.0
CGCGCT	0.732816444682774
AGCCCG	0.0
AGCCCC	1.6404204100558188
GGCCCA	0.7802956155849198
GGCCCT	1.465632889365548
CGACGG	0.0
CGACGC	0.7802956155849198
CGCCAG	0.0
CGCCAC	1.0936136067038793
CGCCTG	0.0
CGCCTC	0.5135348828794127
CGCCGA	0.7802956155849198
CGCCGT	0.732816444682774
CGACCG	2.340886846754759
CGACCC	1.0936136067038793
CGCCCA	2.187227213407758
CGCCCT	1.0270697657588255
CCCCAG	1.093613606703879
CCCCAC	1.9159256711178247
GGCGGA	0.0
GGCGGT	1.4922642027153363
CCCCTG	2.0541395315176505
CCCCTC	1.7993460562155648
GGCGCA	0.0
GGCGCT	2.0914643172296556
CCCCGA	2.187227213407758
CCCCGT	1.0270697657588252
GGCCAG	2.2269702716524886
GGCCAC	0.0
GGCCTG	1.0457321586148274
GGCCTC	0.7328164446827738
GGCCGA	1.1134851358262443
GGCCGT	0.0
CCCCCA	3.0654810737885194
CCCCCT	4.318430534917355
GGGCCA	2.2269702716524886
GGGCCT	4.1829286344593095
GGCAGG	0.0
GGCAGC	2.2269702716524886
GGCACG	1.1134851358262443
GGCACC	0.7802956155849196
GGCTGG	2.9845284054306727
GGCTGC	0.0
GGCTCG	1.0457321586148274
GGCTCC	1.4656328893655477
GGCGAG	7.944739935367845
GGCGAC	2.2269702716524886
GGCGTG	1.4922642027153366
GGCGTC	0.0
GGGGCA	6.355791948294275
GGGGCT	8.953585216292018
CCAGGG	4.453940543304977
CCAGGC	0.0
CCAGCG	0.0
CCAGCC	0.0
GGGCAG	4.766843961220706
GGGCAC	3.3404554074787325
GGGCTG	4.47679260814601
GGGCTC	0.0
GGGCGA	6.355791948294275
GGGCGT	0.0
GGGTGG	0.0
GGGTGC	1.4922642027153363
GGGTCG	1.4922642027153363
GGGTCC	1.0457321586148274
CCACGG	0.7802956155849198
CCACGC	1.6404204100558188
CCACCG	1.0936136067038793
CCACCC	1.915925671117825
GGGGAG	2.2674354819758693
GGGGAC	3.177895974147137
GGGGTG	4.258934627496428
GGGGTC	2.984528405430672
GGGGGA	6.802306445927608
GGGGGT	17.035738509985716
GGACGG	1.5889479870735688
GGACGC	1.1134851358262443
GGACCG	0.0
GGACCC	0.7802956155849196
GGTGGG	4.258934627496429
GGTGGC	1.4922642027153363
GGTGCG	1.4922642027153363
GGTGCC	1.0457321586148274
GGTCGG	1.4922642027153363
GGTCGC	0.0
GGTCCG	0.0
GGTCCC	0.7328164446827738
GGGAGG	4.534870963951739
GGGAGC	7.944739935367842
GGGACG	1.5889479870735688
GGGACC	0.0
GTGCGG	0.0
GTGCGC	1.0457321586148274
GTGCCG	1.0457321586148274
GTGCCC	0.0
GTCGGG	2.9845284054306727
GTCGGC	1.0457321586148274
GTCGCG	1.0457321586148274
GTCGCC	0.7328164446827738
GTCCGG	0.0
GTCCGC	0.0
GTCCCG	0.0
GTCCCC	1.0270697657588255
GGAGGG	2.2674354819758697
GGAGGC	0.0
GGAGCG	1.588947987073569
GGAGCC	4.453940543304977
GACGGG	1.588947987073569
GACGGC	1.1134851358262443
GACGCG	0.0
GACGCC	0.7802956155849198
CCTGGG	3.1371964758444832
CCTGGC	0.0
CCTGCG	0.732816444682774
CCTGCC	0.5135348828794127
GACCGG	2.2269702716524886
GACCGC	0.7802956155849199
GACCCG	0.7802956155849198
GACCCC	2.1872272134077586
GTGGGG	2.1294673137482145
GTGGGC	2.9845284054306727
GTGGCG	0.0
GTGGCC	1.0457321586148274
TCCCGG	0.0
TCCCGC	1.0270697657588255
TCCCCG	0.5135348828794127
TCCCCC	2.519084478701791
CCTCGG	1.465632889365548
CCTCGC	1.0270697657588255
CCTCCG	0.5135348828794127
CCTCCC	1.799346056215565
GAGGGG	4.5348709639517395
GAGGGC	3.177895974147138
GAGGCG	0.0
GAGGCC	2.2269702716524886
GAGCGG	1.588947987073569
GAGCGC	0.0
GAGCCG	2.2269702716524886
GAGCCC	1.5605912311698396
TCGGGG	7.461321013576684
TCGGGC	1.0457321586148278
TCGGCG	4.182928634459311
TCGGCC	0.0
CCGAGG	1.1134851358262443
CCGAGC	0.0
CCGACG	0.7802956155849198
CCGACC	2.1872272134077586
TCGCGG	2.091464317229656
TCGCGC	0.7328164446827741
TCGCCG	0.0
TCGCCC	1.5406046486382385
TCCGGG	2.0914643172296556
TCCGGC	0.0
TCCGCG	0.0
TCCGCC	1.5406046486382383
TGGCGG	2.9845284054306727
TGGCGC	1.0457321586148274
TGGCCG	1.0457321586148274
TGGCCC	2.9312657787310954
CCGTGG	0.0
CCGTGC	2.198449334048322
CCGTCG	0.732816444682774
CCGTCC	0.0
TGCGGG	1.4922642027153363
TGCGGC	0.0
TGCGCG	1.0457321586148274
TGCGCC	1.4656328893655477
TGCCGG	1.0457321586148278
TGCCGC	1.465632889365548
TGCCCG	0.0
TGCCCC	1.5406046486382383
TGGGGG	17.035738509985716
TGGGGC	7.461321013576682
TGGGCG	2.9845284054306727
TGGGCC	3.1371964758444824
CCGGAG	2.2269702716524886
CCGGAC	0.7802956155849198
CCGGTG	0.0
CCGGTC	0.0
CCGGGA	0.0
CCGGGT	3.1371964758444832
CCGGCA	0.7802956155849198
CCGGCT	0.732816444682774
ACCCGG	1.5605912311698396
ACCCGC	0.0
ACCCCG	2.7340340167596984
ACCCCC	4.5982216106827805
CCGCAG	0.0
CCGCAC	1.6404204100558188
CCGCTG	1.465632889365548
CCGCTC	0.5135348828794127
CCGCGA	0.7802956155849198
CCGCGT	0.732816444682774
CCGCCA	0.5468068033519395
CCGCCT	0.0
CCCGGG	1.4736722258894939
CCCGGC	1.0327034817735365
CCCGCG	1.0327034817735365
CCCGCC	0.0
GCCCGG	0.0
GCCCGC	0.0
GCCCCG	0.0
GCCCCC	2.1710590642844005
GCCGGG	2.1029364843705776
GCCGGC	0.0
GCCGCG	4.421016677668481
GCCGCC	2.065406963547073
GCGCGG	0.0
GCGCGC	1.473672225889494
GCGCCG	5.8946889035579755
GCGCCC	2.065406963547073
CGGCCG	1.4736722258894939
CGGCCC	0.0
CGGGGG	15.004496181732689
CGGGGC	6.308809453111733
CGGGCG	4.205872968741155
CGGGCC	1.473672225889494
GCGGGG	3.000899236346538
GCGGGC	4.205872968741155
GCGGCG	0.0
GCGGCC	0.0
CGGCGG	2.1029364843705776
CGGCGC	0.0
CGCGGG	4.205872968741155
CGCGGC	0.0
CGCGCG	0.0
CGCGCC	2.065406963547073
GGCCCG	2.9473444517789877
GGCCCC	4.130813927094146
CGCCGG	4.421016677668481
CGCCGC	2.065406963547073
CGCCCG	1.0327034817735365
CGCCCC	1.4473727095229336
GGCGGG	3.000899236346538
GGCGGC	2.1029364843705776
GGCGCG	0.0
GGCGCC	2.947344451778988
GGCCGG	0.0
GGCCGC	2.947344451778988
CCGGCG	0.0
CCGGCC	0.0
CCGCCG	2.065406963547073
CCGCCC	2.1710590642844005
GGGGCG	6.001798472693075
GGGGCC	8.411745937482308
GGGGGG	68.51673395661766
GGGGGC	9.002697709039612
GGGCCG	2.102936484370577
GGGCCC	2.9473444517789877
CCGGGG	2.1029364843705776
CCGGGC	2.947344451778988
GGGCGG	0.0
GGGCGC	6.308809453111732
CCCCGG	0.0
CCCCGC	1.4473727095229334
CCGCGG	2.9473444517789877
CCGCGC	1.0327034817735365
CCCCCG	1.4473727095229336
CCCCCC	2.028547203766619
