	Mytilus_edulis 6-mer OE values GC sorted
AATTAA	0.6195471676835694
AATTAT	0.9219516068850054
AATTTA	1.4893064418911628
AATTTT	1.3638432304872217
ATTTAA	1.6311451506427022
ATTTAT	1.1365360254060182
ATTTTA	1.1365360254060182
ATTTTT	1.3205037716447423
TAAAAA	2.871846653935608
TAAAAT	1.6816280265696888
ATTAAA	0.7965606441645893
ATTAAT	0.8510322525092358
ATTATA	0.6382741893819269
ATTATT	0.9660556215951154
TAAATA	1.062080858886119
TAAATT	0.7801128981334661
TAATAA	1.8586415030507082
TAATAT	0.7801128981334661
TAATTA	1.5602257962669324
TAATTT	1.4206700317575227
ATATTA	0.8510322525092359
ATATTT	0.7387484165139118
TATAAA	1.5931212883291785
TATAAT	1.0637903156365447
ATATAA	0.8850673824050992
ATATAT	0.7801128981334661
TATTAA	1.063790315636545
TATTAT	1.0797092241357171
ATAAAA	1.9882015296477287
ATAAAT	1.150587597126629
ATAATA	0.7965606441645893
ATAATT	1.418387087515393
TTTTTA	1.0472960947527268
TTTTTT	2.0432340269390696
TATTTA	1.3070164292169208
TATTTT	1.3660383844600783
TATATA	1.063790315636545
TATATT	0.9660556215951154
AAAAAA	5.651754877865909
AAAAAT	1.5463789675037884
TTAAAA	1.8586415030507082
TTAAAT	0.7801128981334661
TTATAA	1.5602257962669324
TTATAT	1.0797092241357171
TTATTA	1.0797092241357171
TTATTT	1.3660383844600783
TTAATA	0.9928709612607752
TTAATT	1.6479772368387262
TTTATA	1.4774968330278235
TTTATT	1.0928307075680626
TTTTAA	0.9660556215951154
TTTTAT	1.2294345460140705
TTTAAA	1.7020645050184717
TTTAAT	0.5682680127030091
AAATTA	0.7965606441645893
AAATTT	1.0637903156365447
AATAAA	1.8777458891117438
AATAAT	1.327601073607649
AATATA	1.062080858886119
AATATT	0.7801128981334661
AAATAA	2.0986571701837136
AAATAT	0.9735741206456092
AAAATA	2.098657170183713
AAAATT	1.4161078118481585
AAAACT	1.69337736052671
AAAACA	1.8491552072917756
AAAAGT	1.792367265380052
AAAAGA	2.8759612864046047
AAAATC	0.6350165101975161
AAAATG	1.0242098659314582
AAATCT	0.8480514556752979
AAATCA	1.0583608503291937
AAATAC	0.8466886802633551
AAATAG	0.8961836326900261
AAACTT	1.0176617468103575
AAACTA	2.328393870724226
TTGAAT	0.739806856809407
TTGAAA	1.2310300415732645
AATATC	0.33922058227011914
AATATG	0.30775751039331606
AATAAC	1.2700330203950327
AATAAG	1.5363147988971877
AAATGT	0.30775751039331606
AAATGA	1.0242098659314585
AAATTC	0.6784411645402383
AAATTG	0.6155150207866321
TTAGAT	0.9042083805448308
TTAGAA	1.0258583679777202
TTATCT	1.4157038943181703
TTATCA	1.2231596513124319
TTTAAC	1.6308795350832423
TTTAAG	1.6440152373542378
TTACTT	1.7424047930069793
TTACTA	1.7667861630068462
TTACAT	0.6795331396180178
TTACAA	0.33922058227011925
AAGTTT	0.6576060949416949
AAGTTA	1.2310300415732642
AAGTAT	1.0258583679777202
AAGTAA	1.280262332414323
TTTTAC	1.306803594755234
TTTTAG	1.3831955239980995
TTTACT	1.4157038943181703
TTTACA	1.494972907159639
TTTAGT	1.1197297099032233
TTTAGA	1.233011428015678
TTTATC	1.5246041938811066
TTTATG	1.4490619775218185
AAGATT	1.3336158783710361
AAGATA	1.1522360991728906
AAGAAT	1.0242098659314585
AAGAAA	1.7575318972472587
TTATGT	0.9879968028557853
TTATGA	0.8220076186771187
TTATTC	1.1979032951922979
TTATTG	0.9879968028557854
TTATAC	1.494972907159639
TTATAG	0.739806856809407
TTAACT	1.6308795350832421
TTAACA	0.848051455675298
TTAGTT	0.26346581409487607
TTAGTA	1.3974129517511018
TTAAAC	1.0176617468103575
TTAAAG	1.6413733887643522
CTATTT	1.0890029956293619
CTATTA	1.766786163006846
CTATAT	1.7667861630068458
CTATAA	1.3568823290804768
AAAAAC	2.9058153257442183
AAAAAG	2.5564100323596484
TTAAGT	1.3152121898833904
TTAAGA	1.0258583679777202
TTAATC	0.8154397675416212
TTAATG	0.9042083805448308
TACTTT	1.4157038943181703
TACTTA	1.9026927909304494
TACTAT	1.4949729071596387
TACTAA	2.0353234936207154
TTCTTT	1.9197301807414415
TTCTTA	1.6335044934440426
TTCATT	0.653401797377617
TTCATA	0.6795331396180176
TTCAAT	0.8154397675416211
TTCAAA	0.6784411645402384
AACATT	1.0176617468103577
AACATA	1.058360850329194
AACAAT	0.8466886802633551
AACAAA	2.3774852665179975
TTGTTT	1.0027815122773263
TTGTTA	0.7245309887609092
TAGTTT	0.6586645352371902
TAGTTA	0.5754053330739831
TAGTAT	0.49320457120627137
TAGTAA	1.3336158783710363
CTAAAT	1.0176617468103577
CTAAAA	2.3283938707242267
TTCTAT	1.851305092569915
TTCTAA	1.3590662792360353
TACATT	0.8154397675416211
TACATA	0.6784411645402384
TACAAT	0.5088308734051789
TACAAA	1.2700330203950327
AACTTT	1.0872530233888282
AACTTA	1.1872720379454174
AACTAT	1.8657132024856558
AACTAA	2.116721700658388
CTAATT	1.6308795350832421
CTAATA	2.544154367025894
TATCAT	0.8154397675416213
TATCAA	1.0176617468103577
TATGTT	0.7903974422846282
TATGTA	0.9864091424125424
TATCTT	1.089002995629362
TATCTA	0.9513463954652248
TGAATT	0.49320457120627137
TGAATA	0.5129291839888601
TGAAAT	0.8206866943821762
TGAAAA	1.0242098659314585
TAGATT	0.9042083805448308
TAGATA	0.9232725311799482
TAGAAT	0.4103433471910881
TAGAAA	1.1522360991728908
TATAAC	0.8480514556752979
TATAAG	0.9232725311799481
TATGAT	0.5754053330739832
TATGAA	0.7181008575844042
TATTCT	1.0890029956293619
TATTCA	1.0872530233888282
TATTGT	0.5269316281897521
TATTGA	0.5754053330739831
TATTTC	0.5445014978146809
TATTTG	0.8562638958083473
TATTAC	0.27181325584720706
TATTAG	1.479613713618814
TTTGAT	1.3831955239980993
TTTGAA	0.8220076186771187
TTTTCT	2.3560324945463145
TTTTCA	0.7623020969405533
TTTTGT	0.9500035379469409
TTTTGA	1.1197297099032233
TTTTTC	1.7452092552194922
TTTTTG	1.3722273325900258
AATCTT	0.8154397675416211
AATCTA	1.0176617468103577
AATCAT	0.5088308734051789
AATCAA	1.905049530592549
TTGATT	0.6586645352371902
TTGATA	0.5754053330739831
TAACAT	0.6784411645402384
TAACAA	1.4817051904608713
ATAAAC	1.905049530592549
ATAAAG	1.280262332414323
TATACT	1.9026927909304492
TATACA	0.848051455675298
TATAGT	0.8220076186771189
TATAGA	0.4103433471910881
TATATC	0.8154397675416212
TATATG	0.8220076186771189
TAATCT	1.0872530233888282
TAATCA	0.6784411645402384
ATATAC	0.6784411645402383
ATATAG	1.1284442047754921
ATAACT	1.1872720379454171
ATAACA	1.0583608503291937
ATAAGT	0.9232725311799481
ATAAGA	1.6643410321386198
ATAATC	1.0176617468103575
ATAATG	1.2310300415732642
TAACTT	1.2231596513124317
TAACTA	1.696102911350596
TAAACT	2.2049337847557746
TAAACA	1.4817051904608711
ATAGAT	0.6155150207866321
ATAGAA	0.8961836326900261
ATATCT	0.27181325584720706
ATATCA	0.848051455675298
ATATGT	0.739806856809407
ATATGA	0.0
ATATTC	0.9513463954652247
ATATTG	0.5754053330739832
TAAGTT	0.9864091424125423
TAAGTA	1.4362017151688082
TAAGAT	1.1284442047754921
TAAGAA	1.4082885656557553
ATACTT	1.6308795350832421
ATACTA	2.0353234936207154
ATACAT	0.5088308734051789
ATACAA	1.2700330203950327
ATAGTT	0.4110038093385593
ATAGTA	0.5129291839888601
TAATGT	1.0686099042802546
TAATGA	0.8206866943821762
TAATTC	1.0872530233888282
TAATTG	1.2330114280156783
TAATAC	1.0176617468103575
TAATAG	1.1284442047754921
TTTCAT	0.5445014978146809
TTTCAA	1.3590662792360353
TTTGTT	0.8972255636165551
TTTGTA	0.9879968028557852
TTTCTT	2.3560324945463145
TTTCTA	1.851305092569915
TTGTAT	0.7903974422846282
TTGTAA	0.9864091424125424
AATGTT	0.8220076186771186
AATGTA	0.30775751039331606
AATGAT	0.41034334719108806
AATGAA	0.7681573994485938
AATTCT	0.9513463954652246
AATTCA	1.0176617468103577
AATTGT	0.9042083805448308
AATTGA	0.6155150207866322
TAAAGT	1.0258583679777202
TAAAGA	1.5363147988971877
TAAATC	1.0176617468103575
TAAATG	0.8206866943821761
TGATTT	0.8562638958083473
TGATTA	0.4932045712062712
TGATAT	0.41100380933855946
TGATAA	1.0258583679777202
ATTAAC	0.6784411645402383
ATTAAG	0.7181008575844041
TAAAAC	1.058360850329194
TAAAAG	1.9203934986214846
ATTTAC	0.6795331396180176
ATTTAG	1.1508106661479665
ATTACT	0.27181325584720706
ATTACA	0.3392205822701192
ATTAGT	1.3974129517511023
ATTAGA	0.7181008575844042
ATTATC	0.6795331396180176
ATTATG	1.0686099042802546
TGTTTT	0.8972255636165554
TGTTTA	1.1855961634269425
TGTATT	0.9879968028557854
TGTATA	0.41100380933855946
TGTAAT	0.49320457120627137
TGTAAA	1.1284442047754923
ATTGTT	0.26346581409487607
ATTGTA	0.5754053330739831
ATTGAT	0.5754053330739832
ATTGAA	0.5129291839888601
ATTTCT	0.7623020969405533
ATTTCA	0.27181325584720706
ATTTGT	0.9879968028557853
ATTTGA	0.5754053330739831
ATTTTC	1.1979032951922979
ATTTTG	1.0538632563795043
CTTTTT	1.7452092552194922
CTTTTA	2.2869062908216597
CTTTAT	1.6335044934440426
CTTTAA	1.9026927909304494
TGTTAT	1.0538632563795043
TGTTAA	0.9042083805448308
GTTTAT	1.5807948845692565
GTTTAA	0.9864091424125427
ATTCTT	0.9801026960664257
ATTCTA	0.9513463954652248
ATTCAT	0.5436265116944142
ATTCAA	0.5088308734051789
CTTATT	2.0691056916957873
CTTATA	1.6308795350832423
CTTAAT	1.9026927909304492
CTTAAA	1.696102911350596
ACTTAT	1.6308795350832421
ACTTAA	1.3568823290804768
ACTTTT	1.0890029956293619
ACTTTA	1.2231596513124319
TCATTT	0.653401797377617
TCATTA	0.6795331396180176
TCATAT	0.40771988377081053
TCATAA	0.5088308734051789
TCAATT	1.0872530233888282
TCAATA	0.3392205822701192
TCAAAT	0.1696102911350596
TCAAAA	1.4817051904608713
ATGAAT	0.7181008575844042
ATGAAA	0.5121049329657292
GTTTTT	1.055559486607712
GTTTTA	0.8562638958083473
TCTTTT	1.3961674041755938
TCTTTA	1.4157038943181703
TCTATT	0.9801026960664256
TCTATA	1.6308795350832423
TCTAAT	1.2231596513124317
TCTAAA	1.1872720379454174
ACTATT	1.2231596513124317
ACTATA	1.8657132024856558
ACTAAT	2.0353234936207154
ACTAAA	2.116721700658388
ATGTTT	0.7245309887609092
ATGTTA	0.657606094941695
ATGTAT	0.3288030474708476
ATGTAA	0.7181008575844042
ATGATT	0.5754053330739832
ATGATA	0.8206866943821762
CATTAT	0.5436265116944141
CATTAA	0.5088308734051789
ACAATT	0.3392205822701192
ACAATA	0.6350165101975164
ACAAAT	1.2700330203950327
ACAAAA	2.113320236904887
TCTTAT	1.4157038943181703
TCTTAA	1.494972907159639
ACATTT	1.7667861630068462
ACATTA	0.5088308734051789
ACATAT	0.1696102911350596
ACATAA	1.058360850329194
GTTATT	0.9879968028557854
GTTATA	1.1508106661479665
GTTAAT	1.9728182848250855
GTTAAA	1.1284442047754923
GATAAT	1.1284442047754923
GATAAA	1.1522360991728908
GAATTT	0.8220076186771189
GAATTA	0.3077575103933161
GAATAT	0.3077575103933161
GAATAA	0.3840786997242969
GAAAAT	0.7681573994485941
GAAAAA	1.1184293891573467
CATAAT	1.0176617468103577
CATAAA	1.2700330203950327
GAAATT	0.6155150207866322
GAAATA	0.6401311662071617
CATATT	0.6795331396180175
CATATA	0.6784411645402384
CATTTT	1.0890029956293619
CATTTA	1.494972907159639
AGTAAT	1.5387875519665806
AGTAAA	1.5363147988971877
AGTTTT	0.9879968028557853
AGTTTA	0.9042083805448305
AGTTAT	0.9864091424125427
AGTTAA	1.0258583679777202
GATTTT	0.7903974422846282
GATTTA	0.5754053330739831
GATTAT	0.5754053330739832
GATTAA	0.7181008575844042
GATATT	0.49320457120627137
GATATA	0.5129291839888601
ATCATT	0.27181325584720706
ATCATA	0.848051455675298
ATCAAT	0.848051455675298
ATCAAA	1.058360850329194
AGATAT	0.8206866943821762
AGATAA	1.4082885656557556
CAAATT	0.1696102911350596
CAAATA	1.058360850329194
CAATAT	0.5088308734051789
CAATAA	1.4817051904608713
CAATTT	1.0872530233888285
CAATTA	0.33922058227011925
GTATAT	0.41100380933855946
GTATAA	0.7181008575844042
ATCTTT	0.8712023965034894
ATCTTA	1.2231596513124319
ATCTAT	1.0872530233888282
ATCTAA	1.1872720379454174
AGTATT	0.9864091424125427
AGTATA	0.8206866943821762
AAACAT	1.4817051904608711
AAACAA	1.320825148065554
GTAATT	0.739806856809407
GTAATA	1.1284442047754923
CAAAAT	1.4817051904608713
CAAAAA	2.113320236904887
AGAATT	1.0258583679777202
AGAATA	0.25605246648286467
AGAAAT	1.152236099172891
AGAAAA	1.7575318972472591
GTAAAT	0.7181008575844042
GTAAAA	1.9203934986214848
GTATTT	1.1855961634269423
GTATTA	0.8220076186771187
AGATTT	0.9864091424125427
AGATTA	0.9232725311799482
AATTTC	0.8154397675416212
AATTTG	0.5754053330739832
AATTAC	0.5088308734051787
AATTAG	1.3336158783710361
AATACT	1.3568823290804766
AATACA	0.4233443401316775
AATAGT	0.5129291839888601
AATAGA	0.7681573994485938
AAAGTT	0.9232725311799481
AAAGTA	1.5363147988971877
AAAGAT	1.1522360991728906
AAAGAA	2.0770831512922148
AAAACC	2.0249354329893885
AAAACG	1.2247470036429653
AAAAGC	0.918560252732224
AAAAGG	2.4074925526555875
AAATCC	1.6225557106170407
AAATCG	0.9813746218506795
AAACCT	1.2169167829627807
AAACCA	3.0374031494840827
AAACGT	0.24534365546266987
AAACGA	0.30618675091074127
AAACTC	1.2169167829627805
AAACTG	0.7360309663880096
AAACAC	0.5062338582473471
AAACAG	0.918560252732224
GACTTT	0.9451548274676981
GACTTA	0.7863633432438454
GACTAT	1.3761358506767294
GACTAA	0.7360309663880096
ATCCTT	1.0417811428850507
ATCCTA	1.3001338171900947
ATCCAT	1.300133817190095
ATCCAA	0.4056389276542604
CGAATT	0.5897725074328841
CGAATA	0.7360309663880098
GTAAGT	0.9512364026252006
GTAAGA	1.1871347678364879
GTAATC	1.1795450148657682
GTAATG	0.7134273019689005
GACATT	0.9829541790548069
GACATA	0.24534365546266992
GACAAT	0.49068731092533985
GACAAA	0.6123735018214826
AGAAGT	1.187134767836488
AGAAGA	2.9630677571145703
AGAATC	0.0
AGAATG	0.593567383918244
AGAAAC	0.30618675091074143
AGAAAG	1.8519173481966062
GTAAAC	1.7174055882386894
GTAAAG	1.187134767836488
CGAAAT	0.0
CGAAAA	0.918560252732224
ATCGTT	0.0
ATCGTA	0.9829541790548069
ATCGAT	0.19659083581096137
ATCGAA	0.9813746218506797
GTATTC	0.6301032183117989
GTATTG	0.38110698051931857
GTATAC	0.19659083581096137
GTATAG	0.5945227516407504
AGATAC	1.4720619327760196
AGATAG	0.296783691959122
AGAACT	0.49068731092533985
AGAACA	0.30618675091074143
CAAAGT	0.7360309663880098
CAAAGA	1.5309337545537072
CAAATC	1.622555710617041
CAAATG	0.24534365546266992
CAAAAC	0.5062338582473473
CAAAAG	2.1433072563751896
GAGTTT	0.7622139610386371
GAGTTA	1.783568254922251
GAGTAT	0.7134273019689005
GAGTAA	1.3355266138160489
AGAGTT	1.664663704594101
AGAGTA	0.5935673839182439
AGAGAT	0.890351075877366
AGAGAA	1.4815338785572845
AGATCT	0.39318167162192275
AGATCA	0.9813746218506797
AGATGT	0.5945227516407504
AGATGA	0.29678369195912196
AGATTC	0.9829541790548069
AGATTG	0.8323318522970505
GAGATT	0.7134273019689005
GAGATA	0.890351075877366
GAGAAT	0.14839184597956098
GAGAAA	1.666725613376945
AGACTT	0.5897725074328841
AGACTA	1.2267182773133496
AGACAT	0.9813746218506797
AGACAA	0.3061867509107413
CAATGT	0.3931816716219228
CAATGA	0.24534365546266992
CAATTC	1.3001338171900951
CAATTG	1.5727266864876912
CAATAC	0.40563892765426024
CAATAG	0.24534365546266992
GTAACT	0.19659083581096137
GTAACA	1.4720619327760196
ATCTCT	0.2604452857212627
ATCTCA	0.32503345429752367
ATCTGT	0.31505160915589936
ATCTGA	0.19659083581096135
ATCTTC	0.5208905714425254
ATCTTG	0.6301032183117989
ATCTAC	0.6500669085950473
ATCTAG	0.39318167162192275
GATGTT	0.7622139610386371
GATGTA	0.47561820131260024
AGTACT	0.7863633432438455
AGTACA	0.7360309663880098
AGTAGT	1.426854603937801
AGTAGA	0.7419592298978049
AGTATC	0.19659083581096137
AGTATG	0.35671365098445024
AGTAAC	0.49068731092533985
AGTAAG	1.187134767836488
CAAACT	0.4056389276542604
CAAACA	1.0124677164946947
AGTTCT	1.7327838503574473
AGTTCA	0.7863633432438455
AGTTGT	0.38110698051931857
AGTTGA	0.3567136509844502
AGTTTC	0.31505160915589947
AGTTTG	0.5716604707789779
AGTTAC	0.7863633432438455
AGTTAG	1.3079500536096509
GATCTT	0.7876290228897488
GATCTA	0.19659083581096137
GATCAT	0.39318167162192275
GATCAA	1.2267182773133496
GATGAT	0.5945227516407504
GATGAA	0.5935673839182439
GATTCT	1.1026806320456484
GATTCA	0.19659083581096137
GATTGT	0.38110698051931857
GATTGA	0.5945227516407503
GATTTC	0.6301032183117989
GATTTG	0.8574907061684668
CTCTTT	1.46084109713327
CTCTTA	1.0417811428850507
AGTGTT	1.619704667207104
AGTGTA	0.9512364026252005
AGTGAT	0.9512364026252006
AGTGAA	0.14839184597956098
GATTAC	0.19659083581096137
GATTAG	0.7134273019689005
GATACT	1.7693175222986524
GATACA	0.9813746218506797
GATAGT	0.23780910065630015
GATAGA	0.5935673839182439
GATATC	0.7863633432438455
GATATG	0.35671365098445024
AGTCTT	1.4177322412015478
AGTCTA	0.7863633432438455
AGTCAT	1.1795450148657682
AGTCAA	0.9813746218506797
ATCACT	0.6500669085950473
ATCACA	1.2169167829627807
ATCAGT	0.9829541790548069
ATCAGA	0.9813746218506797
ATCATC	1.6251672714876184
ATCATG	0.5897725074328841
ATCAAC	0.40563892765426024
ATCAAG	2.208092899164029
GTAGTT	1.0480441964281262
GTAGTA	0.9512364026252005
GTAGAT	0.4756182013126003
GTAGAA	1.3355266138160489
GAAGAT	0.5935673839182439
GAAGAA	2.0371090830162664
GAATCT	0.19659083581096137
GAATCA	1.2267182773133496
GATAAC	0.7360309663880098
GATAAG	1.335526613816049
GAACTT	0.7863633432438455
GAACTA	0.24534365546266992
GAACAT	0.24534365546266992
GAACAA	0.918560252732224
AGGATT	0.23780910065630015
AGGATA	1.3355266138160489
AGGAAT	0.445175537938683
AGGAAA	0.7407669392786422
GAATAC	0.9813746218506797
GAATAG	0.741959229897805
GAAACT	0.24534365546266992
GAAACA	0.0
CTCATT	1.0417811428850507
CTCATA	0.9751003628925711
AGGTTT	1.4291511769474448
AGGTTA	1.3079500536096507
AGGTAT	0.5945227516407504
AGGTAA	0.5935673839182439
GAAGTT	1.1890455032815008
GAAGTA	1.038742921856927
GAAAGT	0.593567383918244
GAAAGA	0.9259586740983031
CAAGTT	0.3931816716219228
CAAGTA	0.9813746218506797
CAAGAT	1.2267182773133496
CAAGAA	0.9185602527322243
CGTATT	0.47257741373384926
CGTATA	0.39318167162192275
CTCTAT	1.0417811428850507
CTCTAA	0.6500669085950473
GAATGT	0.7134273019689005
GAATGA	0.14839184597956098
GAATTC	0.5897725074328841
GAATTG	0.9512364026252006
CAACTT	0.9751003628925712
CAACTA	1.6225557106170416
CAACAT	1.2169167829627812
CAACAA	1.518701574742042
CTCAAT	0.0
CTCAAA	1.2169167829627812
CAATCT	0.3250334542975237
CAATCA	0.8112778553085208
GAAATC	1.2267182773133498
GAAATG	0.8903510758773661
GAAAAC	1.8371205054644486
GAAAAG	1.8519173481966062
TCCTAT	1.0417811428850507
TCCTAA	2.9253010886777133
AGCATT	0.9829541790548069
AGCATA	0.24534365546266992
AGCAAT	1.7174055882386894
AGCAAA	1.2247470036429653
CGTAAT	1.1795450148657682
CGTAAA	0.7360309663880098
CATAGT	0.7863633432438455
CATAGA	0.7360309663880098
CATATC	0.0
CATATG	0.19659083581096137
CATAAC	0.40563892765426024
CATAAG	0.7360309663880098
TCCATT	0.7813358571637881
TCCATA	1.3001338171900947
TCCAAT	0.3250334542975237
TCCAAA	0.4056389276542604
CATTGT	0.47257741373384904
CATTGA	0.7863633432438454
CATTTC	0.7813358571637881
CATTTG	1.732783850357447
AGCTTT	2.520412873247195
AGCTTA	1.9659083581096135
AGCTAT	1.3761358506767294
AGCTAA	2.4534365546266987
TCCTTT	2.2956074383522815
TCCTTA	1.5626717143275761
GTATCT	0.3150516091558995
GTATCA	0.7863633432438455
GTATGT	0.28583023538948893
GTATGA	0.7134273019689004
GTACTT	1.260206436623598
GTACTA	1.1795450148657682
GTACAT	0.5897725074328841
GTACAA	1.4720619327760196
ATGCTT	0.9451548274676985
ATGCTA	0.39318167162192275
ATGCAT	0.7863633432438455
ATGCAA	0.9813746218506797
GTTAGT	0.8574907061684669
GTTAGA	0.7134273019689005
GTTATC	1.7327838503574473
GTTATG	0.7622139610386373
TCGTTT	0.7573408701041849
TCGTTA	0.3150516091558995
TCGTAT	0.47257741373384926
TCGTAA	0.5897725074328841
CATGTT	0.630103218311799
CATGTA	0.39318167162192275
CATGAT	0.9829541790548069
CATGAA	0.9813746218506797
CATTAC	0.32503345429752367
CATTAG	0.5897725074328841
CATACT	0.9751003628925711
CATACA	1.622555710617041
CTGTAT	0.9451548274676985
CTGTAA	1.572726686487691
TCTCAT	1.0417811428850505
TCTCAA	0.0
CATCTT	0.5208905714425254
CATCTA	1.6251672714876184
CATCAT	1.300133817190095
CATCAA	0.0
TCGATT	0.3150516091558995
TCGATA	0.39318167162192275
TCGAAT	0.5897725074328841
TCGAAA	0.24534365546266992
CTGAAT	0.9829541790548069
CTGAAA	0.7360309663880098
CTGTTT	1.8933521752604625
CTGTTA	0.7876290228897488
CATTCT	0.7813358571637881
CATTCA	0.32503345429752367
TCTGAT	0.31505160915589936
TCTGAA	0.589772507432884
ACAAGT	0.49068731092533985
ACAAGA	0.6123735018214829
ACAATC	2.028194638271301
ACAATG	0.0
ACAAAC	0.5062338582473473
ACAAAG	1.2247470036429655
CTGATT	0.47257741373384926
CTGATA	0.5897725074328841
TCTCTT	0.6260747559142584
TCTCTA	0.7813358571637878
ACATGT	0.1965908358109614
ACATGA	0.9813746218506797
ACATTC	0.6500669085950476
ACATTG	0.5897725074328842
ACATAC	0.8112778553085205
ACATAG	0.7360309663880098
ACAACT	0.8112778553085208
ACAACA	1.0124677164946947
TCTGTT	1.136011305156277
TCTGTA	0.6301032183117987
GTTAAC	0.7863633432438455
GTTAAG	1.3079500536096509
ATGGTT	1.5244279220772743
ATGGTA	1.0701409529533505
ATGGAT	0.23780910065630015
ATGGAA	0.14839184597956098
ATGTCT	0.7876290228897488
ATGTCA	0.19659083581096137
ATGTGT	0.9527674512982964
ATGTGA	0.3567136509844502
ATGTTC	0.6301032183117989
ATGTTG	1.0480441964281262
ACAGTT	0.5897725074328842
ACAGTA	0.49068731092533985
ACAGAT	0.49068731092533985
ACAGAA	1.5309337545537072
ACATCT	0.3250334542975237
ACATCA	0.4056389276542604
TCTTCT	1.252149511828517
TCTTCA	1.3022264286063132
TCTTGT	1.3884582618576724
TCTTGA	0.6301032183117989
TCTTTC	1.6695326824380228
TCTTTG	1.0097878268055798
TCTTAC	1.5626717143275761
TCTTAG	0.9451548274676984
TCTACT	1.0417811428850507
TCTACA	0.6500669085950473
TCTAGT	0.6301032183117987
TCTAGA	0.7863633432438454
TCTATC	1.0417811428850507
TCTATG	1.2602064366235979
TCTAAC	1.9502007257851421
TCTAAG	0.39318167162192275
ACACTT	1.6251672714876186
ACACTA	0.4056389276542604
ACACAT	0.8112778553085208
ACACAA	1.518701574742042
TCATTC	0.5208905714425254
TCATTG	0.6301032183117989
TCACTT	0.5208905714425254
TCACTA	0.32503345429752367
TCACAT	0.9751003628925712
TCACAA	0.8112778553085208
ACTAAC	1.2169167829627807
ACTAAG	0.9813746218506797
CTTCTT	1.4608410971332697
CTTCTA	2.3440075714913635
CTTCAT	1.5626717143275757
CTTCAA	0.975100362892571
ATGTAC	0.5897725074328841
ATGTAG	0.8323318522970505
ATGACT	0.19659083581096137
ATGACA	0.24534365546266992
ATGAGT	0.9512364026252006
ATGAGA	1.038742921856927
ATGATC	0.9829541790548069
ATGATG	0.11890455032815007
ATGAAC	0.7360309663880098
ATGAAG	1.038742921856927
ACTACT	0.32503345429752367
ACTACA	0.8112778553085205
ACTAGT	1.1795450148657682
ACTAGA	1.2267182773133496
ACTATC	0.9751003628925711
ACTATG	1.3761358506767296
TCAGTT	1.4177322412015478
TCAGTA	0.39318167162192275
TCAGAT	0.5897725074328841
TCAGAA	0.9813746218506797
TCATCT	1.0417811428850507
TCATCA	1.3001338171900947
TCATGT	0.31505160915589936
TCATGA	1.3761358506767294
TCAATC	0.6500669085950473
TCAATG	0.39318167162192275
ACTGTT	0.47257741373384926
ACTGTA	0.5897725074328841
ACTGAT	0.19659083581096137
ACTGAA	0.49068731092533985
ACTTCT	1.0417811428850507
ACTTCA	0.32503345429752367
ACTTGT	0.6301032183117987
ACTTGA	0.9829541790548068
ACTTTC	0.7813358571637881
ACTTTG	1.5752580457794974
ACTTAC	1.3001338171900947
ACTTAG	0.7863633432438455
CAGAAT	0.7360309663880098
CAGAAA	0.6123735018214826
ACTCTT	1.0417811428850507
ACTCTA	1.3001338171900947
ACTCAT	0.9751003628925712
ACTCAA	0.4056389276542604
TCATAC	1.3001338171900947
TCATAG	0.7863633432438455
TCAACT	0.6500669085950473
TCAACA	2.4338335659255614
TCAAGT	1.1795450148657682
TCAAGA	1.4720619327760196
CAGTAT	0.3931816716219227
CAGTAA	1.2267182773133494
CTTTCT	2.0869158530475285
CTTTCA	1.562671714327576
ACGATT	0.5897725074328841
ACGATA	0.24534365546266992
ACGAAT	0.7360309663880098
ACGAAA	0.3061867509107413
TCAAAC	0.40563892765426024
TCAAAG	0.9813746218506797
CAGATT	0.5897725074328841
CAGATA	0.7360309663880098
TGCAAT	0.9829541790548069
TGCAAA	0.9813746218506797
TGCTTT	1.767128696909765
TGCTTA	0.9451548274676985
TGCTAT	0.7876290228897488
TGCTAA	2.752271701353459
CGTTAT	0.15752580457794976
CGTTAA	1.1795450148657682
ACGTAT	0.3931816716219227
ACGTAA	0.24534365546266987
CTTGTT	1.640905218559067
CTTGTA	0.7876290228897485
CTTGAT	0.15752580457794968
CTTGAA	1.9659083581096135
CAGTTT	1.2602064366235974
CAGTTA	0.589772507432884
TGGTAT	0.571660470778978
TGGTAA	1.426854603937801
CACTAT	0.32503345429752367
CACTAA	1.622555710617041
CACATT	1.3001338171900947
CACATA	0.40563892765426024
CACAAT	0.40563892765426024
CACAAA	1.0124677164946945
CGTTTT	1.00978782680558
CGTTTA	0.15752580457794976
CTTACT	2.8648981429338893
CTTACA	0.6500669085950473
ACGTTT	0.15752580457794968
ACGTTA	0.3931816716219227
TGCATT	0.9451548274676985
TGCATA	1.7693175222986524
ATTCCT	1.8231170000488393
ATTCCA	0.6500669085950476
ATTCGT	0.7876290228897488
ATTCGA	0.19659083581096137
ATTCTC	1.041781142885051
ATTCTG	1.1026806320456484
GTTTGT	1.1451611570981355
GTTTGA	1.6197046672071043
GTTTTC	1.1360113051562777
GTTTTG	1.1451611570981355
GTTTAC	0.7876290228897488
GTTTAG	0.571660470778978
TGGATT	0.4763837256491482
TGGATA	0.23780910065630012
TGGAAT	0.35671365098445024
TGGAAA	0.5935673839182439
CTTTGT	1.3884582618576724
CTTTGA	0.9451548274676984
CTTTTC	1.252149511828517
CTTTTG	1.262234783506975
CTTTAC	1.8231170000488388
CTTTAG	1.4177322412015476
TGGTTT	0.992473002818384
TGGTTA	1.9055349025965933
TGTGTT	0.6870966942588812
TGTGTA	1.143320941557956
TGTGAT	0.9527674512982967
TGTGAA	0.4756182013126003
CACTTT	1.3022264286063134
CACTTA	0.9751003628925711
TGTCTT	1.00978782680558
TGTCTA	0.15752580457794976
TGTCAT	0.0
TGTCAA	0.5897725074328841
ACCATT	0.32503345429752367
ACCATA	1.622555710617041
ACCAAT	1.622555710617041
ACCAAA	2.531169291236736
GTTACT	1.4177322412015478
GTTACA	0.7863633432438455
ATTCAC	0.9751003628925713
ATTCAG	1.1795450148657685
ATTGCT	1.4177322412015478
ATTGCA	1.1795450148657682
ATTGGT	0.9527674512982964
ATTGGA	1.4268546039378007
ATTGTC	0.7876290228897487
ATTGTG	0.9527674512982964
CTTAAC	1.9502007257851421
CTTAAG	0.7863633432438455
TGTTCT	0.8835643484548825
TGTTCA	0.15752580457794976
TGTTGT	0.5344085399791298
TGTTGA	1.143320941557956
TGTTTC	0.757340870104185
TGTTTG	1.2978493113778868
TGTTAC	0.7876290228897488
TGTTAG	0.571660470778978
TGTATC	0.7876290228897488
TGTATG	0.7622139610386373
TGTAAC	0.5897725074328841
TGTAAG	1.664663704594101
ACCTTT	1.3022264286063134
ACCTTA	1.6251672714876184
ACCTAT	1.6251672714876184
ACCTAA	2.4338335659255614
CTTAGT	1.1026806320456477
CTTAGA	1.3761358506767294
CTTATC	0.7813358571637881
CTTATG	1.5752580457794974
TGATGT	0.7622139610386371
TGATGA	1.3079500536096507
TGACTT	0.630103218311799
TGACTA	0.5897725074328841
TGACAT	0.7863633432438455
TGACAA	0.9813746218506797
CTATCT	1.0417811428850507
CTATCA	0.6500669085950473
CTACTT	0.2604452857212627
CTACTA	1.6251672714876184
CTACAT	0.9751003628925712
CTACAA	0.8112778553085208
TGTACT	0.7876290228897488
TGTACA	0.9829541790548069
TGTAGT	0.9527674512982967
TGTAGA	0.5945227516407504
ATTGAC	0.7863633432438455
ATTGAG	0.7134273019689005
ATTTCC	0.7813358571637881
ATTTCG	0.9451548274676984
ATTTGC	1.1026806320456481
ATTTGG	1.0480441964281262
TGAAGT	0.9512364026252006
TGAAGA	0.890351075877366
CTAGTT	0.9451548274676985
CTAGTA	1.1795450148657682
CTAGAT	1.1795450148657682
CTAGAA	0.49068731092533985
TGAGTT	0.8574907061684668
TGAGTA	0.9512364026252005
TGAGAT	1.0701409529533508
TGAGAA	0.7419592298978049
TGATCT	0.630103218311799
TGATCA	0.7863633432438455
ATTACC	0.32503345429752367
ATTACG	0.39318167162192275
ATTAGC	1.1795450148657682
ATTAGG	1.1890455032815008
TGATTC	0.4725774137338492
TGATTG	0.5716604707789779
TGATAC	0.9829541790548069
TGATAG	0.8323318522970505
TGAACT	0.7863633432438455
TGAACA	0.7360309663880098
ATACCT	0.6500669085950473
ATACCA	1.2169167829627807
ATACGT	0.19659083581096137
ATACGA	0.49068731092533985
ATACTC	1.9502007257851421
ATACTG	0.7863633432438455
GTTGTT	0.6870966942588812
GTTGTA	0.8574907061684669
GTTGAT	0.8574907061684669
GTTGAA	0.9512364026252006
GTTTCT	1.00978782680558
GTTTCA	0.7876290228897488
ATACAC	1.2169167829627807
ATACAG	0.7360309663880098
ATAGCT	0.589772507432884
ATAGCA	0.9813746218506795
ATAGGT	1.6646637045941008
ATAGGA	1.0387429218569268
ATAGTC	0.3931816716219227
ATAGTG	1.0701409529533505
TAAACC	1.2169167829627805
TAAACG	0.49068731092533974
TAAAGC	3.925498487402719
TAAAGG	1.1871347678364879
ATAGAC	0.7360309663880098
ATAGAG	0.14839184597956098
ATATCC	1.3001338171900947
ATATCG	0.19659083581096137
ATATGC	0.19659083581096137
ATATGG	0.8323318522970505
TAAGGT	1.5457591542659508
TAAGGA	0.7419592298978048
TAAGTC	1.3761358506767294
TAAGTG	0.47561820131260024
TAAGAC	0.49068731092533985
TAAGAG	1.6323103057751709
TAATCC	1.3001338171900947
TAATCG	1.3761358506767296
TAATGC	1.9659083581096137
TAATGG	0.5945227516407504
ATAACC	0.8112778553085204
ATAACG	0.24534365546266987
ATAAGC	0.9813746218506797
ATAAGG	1.038742921856927
GTTCTT	1.767128696909765
GTTCTA	0.9451548274676985
TAACCT	1.6251672714876184
TAACCA	0.40563892765426024
TAACGT	0.7863633432438455
TAACGA	0.7360309663880098
TAACTC	0.9751003628925711
TAACTG	0.7863633432438455
TAACAC	2.028194638271301
TAACAG	0.7360309663880098
TAAGCT	1.7693175222986521
TAAGCA	1.4720619327760192
GTTCAT	0.15752580457794976
GTTCAA	0.5897725074328841
GTGATT	0.7622139610386371
GTGATA	1.0701409529533505
GTGAAT	0.23780910065630015
GTGAAA	0.7419592298978049
CGATTT	0.6301032183117987
CGATTA	0.19659083581096135
CGATAT	0.3931816716219227
CGATAA	0.49068731092533974
TATACC	0.9751003628925711
TATACG	0.39318167162192275
TATAGC	1.3761358506767296
TATAGG	1.664663704594101
TATTCC	1.5626717143275761
TATTCG	0.6301032183117989
TATTGC	1.2602064366235979
TATTGG	0.9527674512982964
GTGTAT	1.0480441964281262
GTGTAA	0.8323318522970505
GCTTTT	1.6409052185590676
GCTTTA	2.677938677825146
GCTTAT	1.890309654935397
GCTTAA	2.162499193920575
GCTAAT	1.9659083581096137
GCTAAA	2.208092899164029
GTGTTT	0.992473002818384
GTGTTA	1.3338744318176152
AACCTT	1.3001338171900947
AACCTA	1.2169167829627807
AACCAT	0.8112778553085205
AACCAA	2.024935432989389
CCTTAT	1.8231170000488384
CCTTAA	1.3001338171900945
TATCAC	0.9751003628925713
TATCAG	0.9829541790548071
TATGCT	1.260206436623598
TATGCA	0.7863633432438455
TATGGT	1.0480441964281262
TATGGA	0.23780910065630012
TATGTC	0.31505160915589947
TATGTG	0.7622139610386371
TATGAC	0.39318167162192275
TATGAG	1.0701409529533508
TATCTC	0.26044528572126274
TATCTG	0.47257741373384926
TGAATC	0.7863633432438455
TGAATG	0.9512364026252006
TGAAAC	0.49068731092533985
TGAAAG	0.8903510758773661
CTAAGT	0.7863633432438455
CTAAGA	0.9813746218506797
CTAATC	1.6251672714876184
CTAATG	1.3761358506767296
TAGACT	0.39318167162192275
TAGACA	0.49068731092533985
TAGAGT	1.1890455032815008
TAGAGA	0.7419592298978049
TAGATC	0.0
TAGATG	0.8323318522970505
TAGAAC	0.7360309663880098
TAGAAG	1.7807021517547321
TATCCT	1.5626717143275763
TATCCA	1.9502007257851426
TATCGT	0.47257741373384926
TATCGA	0.39318167162192275
GCTATT	2.047835459513347
GCTATA	1.1795450148657682
GTCAAT	0.5897725074328841
GTCAAA	0.24534365546266992
CCTTTT	3.5477569501807977
CCTTTA	1.5626717143275757
GTCTAT	0.630103218311799
GTCTAA	0.9829541790548069
GTCATT	0.7876290228897488
GTCATA	0.19659083581096137
AACGTT	0.7863633432438455
AACGTA	0.0
AACGAT	0.49068731092533985
AACGAA	0.918560252732224
GCATTT	1.575258045779497
GCATTA	0.3931816716219227
TTCCAT	1.302226428606313
TTCCAA	0.3250334542975236
TAGGAT	0.4756182013126003
TAGGAA	0.7419592298978049
TAGTCT	1.4177322412015478
TAGTCA	0.19659083581096137
TAGTGT	1.0480441964281262
TAGTGA	1.3079500536096507
TAGTTC	0.9451548274676984
TAGTTG	0.28583023538948893
TAGTAC	1.1795450148657682
TAGTAG	1.3079500536096509
TTCGAT	0.47257741373384904
TTCGAA	0.3931816716219227
TTCTCT	0.6260747559142585
TTCTCA	0.5208905714425253
TAGCTT	0.9451548274676985
TAGCTA	0.9829541790548069
TAGCAT	0.39318167162192275
TAGCAA	1.4720619327760196
TAGGTT	0.8574907061684668
TAGGTA	0.7134273019689004
CTAAAC	1.2169167829627807
CTAAAG	2.944123865552039
TTCCTT	2.086915853047528
TTCCTA	1.302226428606313
TTCACT	0.2604452857212627
TTCACA	0.6500669085950473
TACAGT	0.7863633432438455
TACAGA	0.7360309663880098
TACATC	0.32503345429752367
TACATG	0.5897725074328841
TACAAC	1.622555710617041
TACAAG	0.7360309663880098
TTCGTT	0.5048939134027898
TTCGTA	0.7876290228897485
GCATAT	0.7863633432438454
GCATAA	1.2267182773133494
GTCTTT	1.00978782680558
GTCTTA	1.260206436623598
AACTCT	0.32503345429752367
AACTCA	1.2169167829627807
AACTGT	0.5897725074328841
AACTGA	0.0
AACTTC	1.3001338171900947
AACTTG	0.5897725074328841
AACTAC	0.40563892765426024
AACTAG	0.9813746218506797
TACTAC	0.6500669085950473
TACTAG	2.162499193920575
TACACT	1.3001338171900947
TACACA	1.622555710617041
TTCTGT	0.6311173917534875
TTCTGA	0.4725774137338492
TTCTTC	0.8347663412190114
TTCTTG	2.0195756536111595
TTCTAC	1.5626717143275761
TTCTAG	0.9451548274676984
TTCAAC	1.3001338171900947
TTCAAG	0.9829541790548069
TACGTT	0.47257741373384926
TACGTA	0.39318167162192275
TACGAT	0.39318167162192275
TACGAA	0.24534365546266992
TACTCT	1.8231170000488388
TACTCA	0.0
TACTGT	0.9451548274676981
TACTGA	0.7863633432438454
TACTTC	1.3022264286063134
TACTTG	0.7876290228897487
TTGCTT	1.5146817402083699
TTGCTA	1.5752580457794976
TTGCAT	1.7327838503574473
TTGCAA	0.39318167162192275
TTGGTT	1.0688170799582595
TTGGTA	1.4291511769474448
CTAACT	1.9502007257851421
CTAACA	1.2169167829627807
TACCTT	2.0835622857701015
TACCTA	0.9751003628925711
TACCAT	0.0
TACCAA	2.4338335659255623
TTCAGT	0.9451548274676981
TTCAGA	0.3931816716219227
TTCATC	0.5208905714425254
TTCATG	0.4725774137338492
GCAAAT	0.49068731092533985
GCAAAA	1.837120505464448
AACACT	1.2169167829627807
AACACA	2.024935432989389
AACAGT	0.24534365546266992
AACAGA	0.6123735018214826
AACATC	0.40563892765426024
AACATG	0.7360309663880098
AACAAC	0.0
AACAAG	1.530933754553707
GGAATT	0.5945227516407504
GGAATA	0.7419592298978049
CTATGT	1.1026806320456477
CTATGA	1.7693175222986521
CTATTC	1.5626717143275761
CTATTG	1.1026806320456481
CTATAC	2.6002676343801894
CTATAG	1.9659083581096137
GGAAAT	0.7419592298978049
GGAAAA	1.296342143737624
GCAATT	1.9659083581096137
GCAATA	1.2267182773133496
GGATTT	0.28583023538948893
GGATTA	0.5945227516407503
GGATAT	0.35671365098445024
GGATAA	1.3355266138160489
AAGCTT	2.94886253716442
AAGCTA	1.962749243701359
AAGCAT	0.9813746218506795
AAGCAA	3.061867509107413
TTAAGC	1.572726686487691
TTAAGG	0.9512364026252006
TTGGAT	0.28583023538948893
TTGGAA	0.9512364026252005
TTGTCT	0.7573408701041849
TTGTCA	0.6301032183117989
TTGTGT	0.916128925678508
TTGTGA	1.0480441964281262
TTGTTC	0.7573408701041849
TTGTTG	0.5344085399791297
TTATGC	1.8903096549353968
TTATGG	1.5244279220772743
TTAACC	1.9502007257851421
TTAACG	0.5897725074328841
CCAATT	0.6500669085950473
CCAATA	0.8112778553085205
CCAAAT	0.8112778553085205
CCAAAA	1.0124677164946945
CCATTT	1.5626717143275761
CCATTA	0.32503345429752367
CCTAAT	2.6002676343801894
CCTAAA	2.4338335659255614
CCTATT	1.3022264286063134
CCTATA	3.250334542975237
AAGGTT	2.4969955568911506
AAGGTA	1.0387429218569266
AAGGAT	1.1871347678364876
AAGGAA	0.9259586740983027
GGTTAT	1.8102581574667636
GGTTAA	2.734804657547452
TTAGCT	1.1026806320456484
TTAGCA	0.9829541790548069
TTAGGT	0.5716604707789779
TTAGGA	0.9512364026252005
TTAGTC	0.4725774137338492
TTAGTG	2.477195373375571
TTAGAC	0.19659083581096137
TTAGAG	1.545759154265951
TTATCC	1.8231170000488388
TTATCG	0.6301032183117989
TTACCT	1.8231170000488393
TTACCA	0.6500669085950476
TTACGT	0.15752580457794976
TTACGA	0.39318167162192275
TTACTC	0.5208905714425255
TTACTG	0.630103218311799
TTACAC	1.6251672714876189
TTACAG	1.3761358506767298
GGTATT	0.5716604707789779
GGTATA	0.3567136509844502
GGTAAT	0.5945227516407504
GGTAAA	1.6323103057751709
AAGTCT	1.179545014865768
AAGTCA	1.4720619327760192
AAGTGT	0.8323318522970504
AAGTGA	0.29678369195912196
AAGTTC	1.5727266864876908
AAGTTG	0.5945227516407503
AAGTAC	1.2267182773133496
AAGTAG	1.780702151754732
TTTACC	1.3022264286063134
TTTACG	0.0
TTTAGC	0.6301032183117989
TTTAGG	1.333874431817615
CCATAT	0.6500669085950473
CCATAA	1.2169167829627807
GGTTTT	1.2978493113778868
GGTTTA	1.6197046672071043
AAGACT	1.4720619327760196
AAGACA	0.6123735018214826
AAGAGT	1.3355266138160489
AAGAGA	1.8519173481966058
AAGATC	0.7360309663880098
AAGATG	0.5935673839182439
AAGAAC	1.530933754553707
AAGAAG	2.5926842874752483
TTTGAC	0.6301032183117989
TTTGAG	1.1433209415579557
TTTTCC	1.252149511828517
TTTTCG	0.7573408701041849
TTTTGC	1.5146817402083699
TTTTGG	1.5268815427975138
AATCCT	1.9502007257851421
AATCCA	0.0
AATCGT	0.9829541790548069
AATCGA	0.49068731092533985
AATCTC	0.32503345429752367
AATCTG	0.39318167162192275
AATCAC	0.8112778553085205
AATCAG	0.49068731092533985
AATGCT	1.3761358506767294
AATGCA	0.49068731092533974
AATGGT	0.9512364026252005
AATGGA	0.14839184597956098
TTGATC	0.6301032183117989
TTGATG	1.619704667207104
TTTCAC	1.0417811428850507
TTTCAG	0.15752580457794974
TTTGCT	1.5146817402083699
TTTGCA	1.5752580457794974
TTTGGT	1.2978493113778864
TTTGGA	1.2385976866877855
TTTGTC	0.5048939134027899
TTTGTG	1.7559137742171405
TTTCCT	1.252149511828517
TTTCCA	0.781335857163788
TTTCGT	0.6311173917534875
TTTCGA	0.6301032183117989
TTTCTC	1.252149511828517
TTTCTG	0.25244695670139494
TTGTAC	0.7876290228897487
TTGTAG	0.6669372159088075
TTGACT	1.260206436623598
TTGACA	0.7863633432438455
TTGAGT	0.9527674512982964
TTGAGA	0.47561820131260024
AATGTC	0.589772507432884
AATGTG	0.9512364026252005
AATGAC	0.0
AATGAG	1.1871347678364879
AATTCC	1.3001338171900947
AATTCG	0.39318167162192275
AATTGC	0.9829541790548069
AATTGG	1.7835682549222511
AATACC	1.6225557106170407
AATACG	0.24534365546266987
AATAGC	0.49068731092533985
AATAGG	1.6323103057751709
AAAGCT	2.453436554626699
AAAGCA	2.755680758196672
AAAGGT	1.4839184597956099
AAAGGA	1.4815338785572845
AAAGTC	1.2267182773133496
AAAGTG	0.7419592298978049
AAAGAC	2.7556807581966725
AAAGAG	1.6667256133769455
TTGAAC	1.1795450148657682
TTGAAG	0.7134273019689005
AAATGC	1.2267182773133496
AAATGG	1.038742921856927
AAAGCC	2.347049501363236
AAAGCG	2.4842511743286555
AAAGGC	1.4195720996163745
AAAGGG	2.5758105376628353
TTTCCC	0.9982110201801203
TTTCCG	0.0
TTTCGC	0.603750586834339
TTTCGG	0.9129201234350095
TTGACC	0.0
TTGACG	0.45572655369216075
TTGAGC	1.1393163842304015
TTGAGG	0.964733999453289
TTTGCC	1.5093764670858476
TTTGCG	0.5477520740610057
TTTGGC	1.4606721974960153
TTTGGG	1.214760514611508
TTACCC	0.6228793412568028
TTACCG	0.7534754880644838
TTACGC	0.0
TTACGG	0.22786327684608038
TTAGCC	1.1302132320967253
TTAGCG	0.9114531073843215
TTAGGC	0.45572655369216064
TTAGGG	2.2051062844646605
TTGGAC	0.683589830538241
TTGGAG	2.2051062844646605
TTGTCC	1.5093764670858476
TTGTCG	0.3651680493740038
TTGTGC	0.9129201234350095
TTGTGG	1.8773571589450577
CTATGC	1.506950976128967
CTATGG	1.367179661076482
TTGCTC	0.9056258802515087
TTGCTG	1.6432562221830174
TTGCAC	0.7534754880644836
TTGCAG	2.0507694916147234
TTGGCT	1.4606721974960153
TTGGCA	0.683589830538241
TTGGGT	1.4356260627226913
TTGGGA	0.41345742833712384
TTGGTC	0.5477520740610057
TTGGTG	1.1043277405559164
CTAACC	2.332044022281983
CTAACG	2.8209925927730213
TACCCT	1.2457586825136053
TACCCA	0.7773480074273278
TACCGT	1.1302132320967253
TACCGA	0.9403308642576738
TACCTC	0.6228793412568027
TACCTG	0.7534754880644836
TACCAC	1.554696014854656
TACCAG	0.9403308642576739
TTCAGC	0.37673774403224175
TTCAGG	0.683589830538241
TTGCCT	1.8112517605030176
TTGCCA	0.0
TTGCGT	0.3651680493740039
TTGCGA	0.6835898305382411
TACGCT	0.7534754880644836
TACGCA	0.0
TACGGT	0.6835898305382411
TACGGA	0.0
TACGTC	0.0
TACGTG	0.0
TACGAC	0.4701654321288369
TACGAG	0.2843713902354883
TACTCC	1.2457586825136053
TACTCG	1.5069509761289672
TACTGC	1.1302132320967253
TACTGG	0.683589830538241
TACACC	2.332044022281983
TACACG	0.4701654321288369
TTCTGC	0.3018752934171695
TTCTGG	0.7303360987480076
TTCACC	1.8686380237704079
TTCACG	0.7534754880644836
TACAGC	0.4701654321288369
TACAGG	1.70622834141293
TAGCCT	1.883688720161209
TAGCCA	0.9403308642576738
TAGCGT	0.22786327684608038
TAGCGA	0.2843713902354883
TTCGCT	0.603750586834339
TTCGCA	0.3767377440322417
TTCGGT	0.36516804937400377
TTCGGA	0.45572655369216064
TTCGTC	0.603750586834339
TTCGTG	0.9129201234350094
TTCGAC	0.37673774403224175
TTCGAG	0.45572655369216064
TTCTCC	1.9964220403602406
TTCTCG	1.5093764670858476
TAGCTC	0.3767377440322418
TAGCTG	1.5950429379225626
TAGCAC	0.9403308642576738
TAGCAG	1.1374855609419532
TAGGCT	1.3671796610764821
TAGGCA	0.0
TAGGGT	2.2051062844646605
TAGGGA	1.0319825583728341
TAGGTC	0.45572655369216064
TAGGTG	1.3781914277904128
TTCCCT	0.9982110201801201
TTCCCA	0.6228793412568024
TTCCGT	0.603750586834339
TTCCGA	0.7534754880644835
TTCCTC	2.4955275504503
TTCCTG	0.9056258802515086
TTCCAC	1.2457586825136049
TTCCAG	0.37673774403224175
TAGGAC	0.2843713902354883
TAGGAG	1.5479738375592516
TAGTCC	1.1302132320967253
TAGTCG	0.22786327684608038
TAGTGC	1.5950429379225621
TAGTGG	2.067287141685619
TAGACC	1.4104962963865106
TAGACG	0.0
TAGAGC	1.4218569511774415
TAGAGG	0.5159912791864172
TATCCC	0.6228793412568028
TATCCG	0.0
TATCGC	0.7534754880644836
TATCGG	0.6835898305382411
CTAAGC	1.8806617285153475
CTAAGG	2.2749711218839064
TATGCC	1.5069509761289672
TATGCG	1.3671796610764821
TATGGC	1.1393163842304015
TATGGG	2.067287141685619
TAACCC	4.664088044563966
TAACCG	0.0
TAACGC	0.4701654321288369
TAACGG	0.853114170706465
TAAGCC	2.8209925927730204
TAAGCG	0.5687427804709766
TAAGGC	1.4218569511774415
TAAGGG	1.2039796514349732
TGAACC	1.4104962963865106
TGAACG	0.0
TGAAGC	1.70622834141293
TGAAGG	1.3759767444971125
CTAGGT	0.45572655369216075
CTAGGA	0.2843713902354883
CTAGTC	0.7534754880644836
CTAGTG	0.9114531073843215
CTAGAC	0.4701654321288369
CTAGAG	1.4218569511774415
CTATCC	0.6228793412568027
CTATCG	0.3767377440322418
TGAGTC	0.9114531073843213
TGAGTG	0.8269148566742477
TGAGAC	1.1374855609419532
TGAGAG	0.8599854653106953
TGATCC	1.883688720161209
TGATCG	0.45572655369216075
TGATGC	0.683589830538241
TGATGG	0.8269148566742477
TGACCT	0.0
TGACCA	0.0
TGACGT	0.45572655369216075
TGACGA	0.5687427804709766
TGACTC	1.1302132320967253
TGACTG	0.45572655369216075
TGACAC	0.0
TGACAG	0.2843713902354883
TGAGCT	2.506496045306884
TGAGCA	1.4218569511774415
TGAGGT	0.27563828555808256
TGAGGA	1.0319825583728341
ACCCTT	1.245758682513605
ACCCTA	2.332044022281983
ACCCAT	1.5546960148546554
ACCCAA	0.0
CTACGT	0.0
CTACGA	0.0
CTACTC	1.8686380237704079
CTACTG	1.1302132320967253
CTACAC	1.554696014854656
CTACAG	0.9403308642576739
TGTACC	0.3767377440322418
TGTACG	0.45572655369216075
TGTAGC	0.6835898305382411
TGTAGG	0.6890957138952065
CTAGCT	1.883688720161209
CTAGCA	0.4701654321288369
ACCGTT	0.7534754880644836
ACCGTA	0.4701654321288369
ACCGAT	0.4701654321288369
ACCGAA	0.586762375340809
ACCTCT	1.245758682513605
ACCTCA	0.7773480074273277
ACCTGT	1.8836887201612087
ACCTGA	0.47016543212883677
ACCTTC	1.2457586825136053
ACCTTG	0.7534754880644836
ACCTAC	0.7773480074273277
ACCTAG	0.9403308642576738
ACCACT	0.7773480074273278
ACCACA	1.9402471221215427
CTTAGC	0.7534754880644835
CTTAGG	0.22786327684608032
TGTTCC	0.6037505868343391
TGTTCG	1.0955041481220116
TGTTGC	0.3651680493740039
TGTTGG	0.7730294183891416
CACCAT	0.7773480074273277
CACCAA	0.0
CACGTT	1.1302132320967253
CACGTA	0.0
TGTGCT	1.0955041481220116
TGTGCA	0.45572655369216075
TGTGGT	2.2086554811118333
TGTGGA	0.8269148566742478
TGTGTC	1.2780881728090134
TGTGTG	1.2147605146115081
TGTGAC	0.6835898305382411
TGTGAG	1.1025531422323305
TGTCCT	1.509376467085848
TGTCCA	0.7534754880644836
TGTCGT	0.3651680493740039
TGTCGA	0.0
TGTCTC	0.9056258802515087
TGTCTG	2.191008296244023
TGTCAC	0.3767377440322418
TGTCAG	0.6835898305382411
CACCTT	1.245758682513605
CACCTA	2.332044022281983
CTACCT	1.2457586825136053
CTACCA	0.7773480074273278
ACCAGT	0.9403308642576738
ACCAGA	0.586762375340809
ACCATC	0.0
ACCATG	0.0
ACCAAC	1.9402471221215427
ACCAAG	0.586762375340809
ACGCTT	1.1302132320967253
ACGCTA	0.9403308642576738
ACGCAT	0.0
ACGCAA	0.0
TGGATC	0.22786327684608032
TGGATG	0.5512765711161651
TGGAAC	0.2843713902354883
TGGAAG	1.0319825583728344
CACGAT	0.0
CACGAA	0.586762375340809
CACTCT	1.245758682513605
CACTCA	0.0
CACTGT	0.37673774403224175
CACTGA	0.47016543212883677
CACTTC	1.8686380237704079
CACTTG	0.0
CCCATT	0.6228793412568026
CCCATA	1.5546960148546554
CTTTGC	1.5093764670858476
CTTTGG	1.825840246870019
CTTACC	2.4915173650272107
CTTACG	0.7534754880644836
TGGTCT	0.18258402468700194
TGGTCA	0.6835898305382411
TGGTGT	0.9938949665003249
TGGTGA	1.9294679989065782
TGGTTC	0.18258402468700194
TGGTTG	1.3251932886670998
TGGTAC	2.7343593221529643
TGGTAG	0.8269148566742478
TGGACT	1.139316384230402
TGGACA	0.2843713902354883
TGGAGT	0.964733999453289
TGGAGA	0.6879883722485561
CACTAC	0.7773480074273277
CACTAG	0.4701654321288369
CACACT	1.5546960148546556
CACACA	0.9701235610607714
CACAGT	0.9403308642576738
CACAGA	0.586762375340809
CACATC	0.0
CACATG	0.4701654321288369
TGGGTT	1.4356260627226916
TGGGTA	0.5512765711161652
TGGGAT	1.1025531422323305
TGGGAA	0.6879883722485562
CGTTCT	0.6037505868343392
CGTTCA	1.1302132320967253
CGTTGT	0.3651680493740039
CGTTGA	0.9114531073843215
CGTTTC	0.6037505868343391
CGTTTG	1.0955041481220116
CCGTAT	0.7534754880644835
CCGTAA	0.47016543212883677
TGGCTT	1.4606721974960155
TGGCTA	1.139316384230402
TGGCAT	1.3671796610764821
TGGCAA	0.853114170706465
CCCAAT	0.0
CCCAAA	1.9402471221215427
ACGGTT	0.22786327684608032
ACGGTA	0.5687427804709766
ACGGAT	0.5687427804709766
ACGGAA	1.064679074712281
ACGTCT	0.0
ACGTCA	0.0
ACGTGT	0.45572655369216064
ACGTGA	0.8531141707064649
ACGTTC	0.7534754880644835
ACGTTG	1.367179661076482
CAGCTT	1.883688720161209
CAGCTA	3.291158024901858
CAGCAT	0.4701654321288369
CAGCAA	0.0
TGCATC	1.1302132320967253
TGCATG	0.22786327684608038
TGCAAC	1.4104962963865106
TGCAAG	0.0
CCGTTT	1.207501173668678
CCGTTA	1.1302132320967253
CACAAC	0.9701235610607714
CACAAG	1.173524750681618
TGCTTC	0.9056258802515087
TGCTTG	0.5477520740610058
TGCTAC	0.7534754880644836
TGCTAG	0.9114531073843215
TGCACT	1.5069509761289672
TGCACA	0.0
TGCAGT	2.0507694916147234
TGCAGA	0.853114170706465
CGTTAC	0.3767377440322418
CGTTAG	0.6835898305382411
CAGACT	0.0
CAGACA	0.586762375340809
CAGGTT	0.9114531073843213
CAGGTA	0.5687427804709766
CAGGAT	0.5687427804709766
CAGGAA	1.064679074712281
CAGTCT	0.37673774403224175
CAGTCA	0.9403308642576735
TGCGTT	0.18258402468700194
TGCGTA	1.139316384230402
TGCGAT	0.45572655369216075
TGCGAA	0.5687427804709766
TGCTCT	0.6037505868343392
TGCTCA	2.2604264641934506
TGCTGT	1.4606721974960155
TGCTGA	0.9114531073843215
ACGTAC	0.0
ACGTAG	0.5687427804709766
CTTGGT	1.643256222183017
CTTGGA	0.22786327684608032
CTTGTC	0.9056258802515085
CTTGTG	1.0955041481220111
CTTGAC	0.7534754880644835
CTTGAG	0.683589830538241
CTTTCC	0.49910551009006016
CTTTCG	0.9056258802515086
CATCCT	1.8686380237704079
CATCCA	0.0
TGCCTT	2.7168776407545265
TGCCTA	1.5069509761289672
TGCCAT	0.7534754880644836
TGCCAA	0.47016543212883694
CAGTGT	1.367179661076482
CAGTGA	0.0
CAGTTC	1.506950976128967
CAGTTG	0.9114531073843213
CAGTAC	0.47016543212883677
CAGTAG	0.5687427804709766
ACGACT	0.0
ACGACA	1.173524750681618
ACGAGT	0.2843713902354883
ACGAGA	0.35489302490409363
ACGATC	0.0
ACGATG	0.0
ACGAAC	0.0
ACGAAG	0.7097860498081873
ACTCCT	1.8686380237704079
ACTCCA	0.7773480074273278
CAGAGT	0.8531141707064649
CAGAGA	0.35489302490409363
CAGATC	0.0
CAGATG	1.1374855609419532
CAGAAC	0.586762375340809
CAGAAG	1.7744651245204683
ACTCGT	1.1302132320967253
ACTCGA	1.4104962963865106
ACTCTC	0.6228793412568027
ACTCTG	1.5069509761289672
ACTCAC	0.0
ACTCAG	0.47016543212883694
ACTGCT	0.7534754880644836
ACTGCA	1.8806617285153475
ACTGGT	0.6835898305382411
ACTGGA	0.2843713902354883
ACTGTC	0.7534754880644836
ACTGTG	1.5950429379225626
TCAACC	0.7773480074273277
TCAACG	0.4701654321288369
TCAAGC	0.9403308642576738
TCAAGG	1.70622834141293
ACTGAC	0.4701654321288369
ACTGAG	0.5687427804709766
ACTTCC	1.8686380237704079
ACTTCG	1.883688720161209
ACTTGC	0.37673774403224175
ACTTGG	0.22786327684608032
ACTACC	0.7773480074273277
ACTACG	0.0
ACTAGC	1.4104962963865106
ACTAGG	0.853114170706465
TCAGAC	0.0
TCAGAG	0.853114170706465
TCATCC	1.2457586825136053
TCATCG	0.3767377440322418
TCATGC	1.1302132320967253
TCATGG	0.22786327684608032
TCACGT	0.7534754880644836
TCACGA	0.0
TCACTC	0.6228793412568027
TCACTG	0.3767377440322418
TCACAC	1.554696014854656
TCACAG	0.9403308642576739
TCAGCT	1.5069509761289672
TCAGCA	0.0
TCAGGT	0.45572655369216075
TCAGGA	0.2843713902354883
TCAGTC	0.3767377440322418
TCAGTG	0.9114531073843215
CTTCGT	0.603750586834339
CTTCGA	0.37673774403224175
CTTCTC	1.49731653027018
CTTCTG	0.3018752934171695
CTTCAC	0.6228793412568024
CTTCAG	0.0
TCTAGC	1.1302132320967253
TCTAGG	0.683589830538241
TCACCT	0.6228793412568027
TCACCA	0.7773480074273278
CTTGCT	1.5093764670858474
CTTGCA	1.5069509761289668
ACACCT	3.88674003713664
ACACCA	0.0
ACACGT	0.9403308642576739
ACACGA	0.0
ACACTC	1.554696014854656
ACACTG	1.4104962963865109
ACACAC	2.9103706831823146
ACACAG	0.5867623753408091
ACAGCT	2.350827160644185
ACAGCA	0.0
ACAGGT	1.1374855609419534
ACAGGA	1.7744651245204686
ACAGTC	0.47016543212883694
ACAGTG	0.5687427804709767
ACAGAC	0.0
ACAGAG	0.3548930249040937
ACATCC	0.0
ACATCG	0.0
ACATGC	0.47016543212883694
ACATGG	0.8531141707064651
TCTTGC	1.5093764670858476
TCTTGG	0.9129201234350095
TCTACC	1.2457586825136053
TCTACG	0.7534754880644836
ACAACC	0.9701235610607716
ACAACG	0.0
ACAAGC	2.347049501363236
ACAAGG	1.7744651245204686
CATGCT	0.7534754880644836
CATGCA	1.8806617285153475
TCTGCT	0.0
TCTGCA	0.3767377440322417
TCTGGT	0.7303360987480075
TCTGGA	0.45572655369216064
TCTGTC	0.9056258802515085
TCTGTG	1.0955041481220111
TCTGAC	0.37673774403224175
TCTGAG	0.683589830538241
TCTTCC	0.49910551009006016
TCTTCG	0.3018752934171695
CTGAGT	0.45572655369216075
CTGAGA	1.1374855609419532
CTGATC	0.7534754880644836
CTGATG	0.22786327684608038
TCTCAC	0.0
TCTCAG	0.7534754880644835
CATCGT	0.0
CATCGA	0.4701654321288369
CATCTC	0.6228793412568027
CATCTG	0.7534754880644836
CATCAC	0.0
CATCAG	1.4104962963865109
TCGAGT	0.22786327684608038
TCGAGA	0.5687427804709766
TCGATC	0.3767377440322418
TCGATG	0.6835898305382411
TCGAAC	0.4701654321288369
TCGAAG	0.5687427804709766
TCTCCT	0.9982110201801201
TCTCCA	0.6228793412568024
TCTCGT	0.603750586834339
TCTCGA	1.1302132320967253
TCTCTC	0.0
TCTCTG	0.0
CTGAAC	0.0
CTGAAG	2.843713902354883
CTTCCT	1.49731653027018
CTTCCA	1.2457586825136049
AGCCTT	1.1302132320967253
AGCCTA	3.761323457030695
AGCCAT	0.4701654321288369
AGCCAA	0.586762375340809
CTGTGT	1.0955041481220116
CTGTGA	1.139316384230402
CTGTTC	0.6037505868343391
CTGTTG	0.3651680493740039
TCGTCT	0.9056258802515088
TCGTCA	0.3767377440322418
TCGTGT	0.7303360987480078
TCGTGA	0.45572655369216075
TCGTTC	0.6037505868343391
TCGTTG	0.0
TCGTAC	1.1302132320967253
TCGTAG	1.139316384230402
TCGACT	1.1302132320967253
TCGACA	0.0
TCGGTT	0.5477520740610058
TCGGTA	0.45572655369216075
TCGGAT	0.22786327684608038
TCGGAA	0.5687427804709766
CATGGT	0.0
CATGGA	0.2843713902354883
CATGTC	0.0
CATGTG	0.45572655369216075
CATGAC	0.4701654321288369
CATGAG	0.5687427804709766
CATTCC	0.0
CATTCG	0.7534754880644836
CATACC	1.5546960148546554
CATACG	0.4701654321288369
TCGCTT	0.6037505868343392
TCGCTA	0.7534754880644836
TCGCAT	0.0
TCGCAA	0.9403308642576739
CCGATT	0.3767377440322418
CCGATA	0.4701654321288369
CCGAAT	0.9403308642576738
CCGAAA	1.173524750681618
CTGTAC	0.7534754880644836
CTGTAG	0.9114531073843215
CTGACT	0.0
CTGACA	0.9403308642576738
AGCGTT	0.683589830538241
AGCGTA	1.1374855609419532
AGCGAT	0.2843713902354883
AGCGAA	0.35489302490409363
AGCTCT	0.7534754880644835
AGCTCA	0.9403308642576735
AGCTGT	0.9114531073843213
AGCTGA	1.990599731648418
CTGGTT	0.7303360987480078
CTGGTA	0.6835898305382411
TCCATC	1.2457586825136053
TCCATG	1.1302132320967253
TCCAAC	0.777348007427328
TCCAAG	1.4104962963865109
CATTGC	0.37673774403224175
CATTGG	1.1393163842304015
CTGGAT	1.3671796610764821
CTGGAA	0.5687427804709766
CTGTCT	1.8112517605030176
CTGTCA	0.0
AGCTTC	1.506950976128967
AGCTTG	0.45572655369216064
AGCTAC	1.4104962963865102
AGCTAG	2.843713902354883
AGCACT	0.9403308642576738
AGCACA	1.7602871260224269
AGCAGT	1.1374855609419532
AGCAGA	0.7097860498081873
CAACCT	0.777348007427328
CAACCA	1.9402471221215432
TCCTGT	1.207501173668678
TCCTGA	1.506950976128967
TCCTTC	1.4973165302701807
TCCTTG	0.9056258802515087
TCCTAC	1.2457586825136053
TCCTAG	0.7534754880644836
TCCACT	0.6228793412568027
TCCACA	0.7773480074273278
TCCAGT	0.7534754880644836
TCCAGA	0.4701654321288369
AGCATC	0.4701654321288369
AGCATG	0.853114170706465
AGCAAC	2.933811876704045
AGCAAG	0.7097860498081873
CCCTTT	3.9928440807204812
CCCTTA	0.0
CGTAAC	0.4701654321288369
CGTAAG	0.5687427804709766
CTGCTT	1.2075011736686785
CTGCTA	1.1302132320967253
TCCGAT	0.3767377440322418
TCCGAA	0.9403308642576738
TCCTCT	1.9964220403602406
TCCTCA	1.2457586825136053
CATAGC	0.9403308642576738
CATAGG	1.1374855609419532
CAACAC	3.8804942442430863
CAACAG	0.5867623753408091
CAAGCT	1.4104962963865109
CAAGCA	1.173524750681618
CCTCAT	0.6228793412568027
CCTCAA	2.3320440222819836
TCCCTT	0.9982110201801203
TCCCTA	2.4915173650272107
TCCCAT	0.0
TCCCAA	0.7773480074273278
TCCGTT	1.207501173668678
TCCGTA	0.37673774403224175
CTGCAT	0.7534754880644836
CTGCAA	1.8806617285153477
CCCTAT	3.114396706284013
CCCTAA	2.3320440222819836
AGGCTT	3.190085875845125
AGGCTA	0.853114170706465
AGGCAT	0.0
AGGCAA	0.0
CTCAAC	0.777348007427328
CTCAAG	0.9403308642576739
CGTACT	1.1302132320967253
CGTACA	0.4701654321288369
CGTAGT	0.22786327684608038
CGTAGA	0.853114170706465
CCTCTT	1.9964220403602406
CCTCTA	1.2457586825136053
CAACGT	0.47016543212883694
CAACGA	1.760287126022427
CAACTC	0.0
CAACTG	0.47016543212883694
GAAAGC	2.484251174328656
GAAAGG	2.1465087813856965
CAAGGT	1.7062283414129302
CAAGGA	0.3548930249040937
CAAGTC	1.4104962963865109
CAAGTG	0.8531141707064651
CAAGAC	0.586762375340809
CAAGAG	0.3548930249040937
CAATCC	1.554696014854656
CAATCG	1.4104962963865109
CGTATC	0.3767377440322418
CGTATG	0.45572655369216075
AGGGTT	3.5832977122550735
AGGGTA	1.0319825583728341
AGGGAT	0.6879883722485561
AGGGAA	0.8586035125542785
CTCTAC	0.6228793412568027
CTCTAG	1.5069509761289672
CTCACT	0.6228793412568027
CTCACA	2.3320440222819836
CTCAGT	0.7534754880644836
CTCAGA	0.0
GAATGC	0.2843713902354883
GAATGG	0.6879883722485562
GAAACC	1.760287126022427
GAAACG	0.0
CTCATC	0.6228793412568027
CTCATG	1.883688720161209
AGGTCT	0.9114531073843215
AGGTCA	0.853114170706465
AGGTGT	0.6890957138952064
AGGTGA	0.8599854653106952
AGGTTC	0.683589830538241
AGGTTG	1.3781914277904128
AGGTAC	0.2843713902354883
AGGTAG	1.2039796514349734
GAAGCT	2.5593425121193945
GAAGCA	0.7097860498081873
GAAGGT	1.3759767444971123
GAAGGA	2.3611596595242657
GAAGTC	0.5687427804709766
GAAGTG	0.5159912791864172
GAAGAC	1.7744651245204683
GAAGAG	2.3611596595242657
GAATCC	0.0
GAATCG	0.2843713902354883
GAACCT	0.9403308642576738
GAACCA	1.173524750681618
GAACGT	0.2843713902354883
GAACGA	0.7097860498081873
GAACTC	0.9403308642576738
GAACTG	0.5687427804709766
GAACAC	0.0
GAACAG	0.7097860498081873
AGGACT	0.8531141707064649
AGGACA	0.35489302490409363
AGGAGT	0.8599854653106952
AGGAGA	1.5025561469699873
AGGATC	0.853114170706465
AGGATG	1.0319825583728344
AGGAAC	1.064679074712281
AGGAAG	1.2879052688314176
AGTCCT	1.5069509761289672
AGTCCA	0.4701654321288369
AGTCGT	0.6835898305382411
AGTCGA	0.2843713902354883
GATACC	1.4104962963865106
GATACG	0.5687427804709766
GATAGC	0.2843713902354883
GATAGG	0.8599854653106953
AGTCTC	0.3767377440322418
AGTCTG	1.139316384230402
AGTCAC	0.4701654321288369
AGTCAG	0.853114170706465
CTCGAT	0.7534754880644836
CTCGAA	0.4701654321288369
CTCTCT	0.0
CTCTCA	0.6228793412568027
CTCTGT	0.9056258802515086
CTCTGA	0.7534754880644835
CTCTTC	1.4973165302701807
CTCTTG	0.0
GATGAC	0.0
GATGAG	1.3759767444971125
GATTCC	1.1302132320967253
GATTCG	0.0
GATTGC	1.1393163842304015
GATTGG	0.5512765711161651
AGTGCT	0.9114531073843215
AGTGCA	1.1374855609419532
AGTGGT	1.1025531422323303
AGTGGA	0.17199709306213903
AGTGTC	0.683589830538241
AGTGTG	0.6890957138952064
AGTGAC	0.0
AGTGAG	0.8599854653106953
AGTTCC	1.883688720161209
AGTTCG	0.45572655369216075
AGTTGC	1.367179661076482
AGTTGG	0.41345742833712384
AGTACC	3.291158024901858
AGTACG	0.2843713902354883
GATCTC	0.0
GATCTG	0.22786327684608038
GATCAC	0.4701654321288369
GATCAG	1.1374855609419532
GATGCT	0.45572655369216075
GATGCA	0.853114170706465
GATGGT	1.6538297133484954
GATGGA	0.5159912791864171
GATGTC	0.45572655369216064
GATGTG	0.6890957138952064
AGTAGC	0.853114170706465
AGTAGG	1.0319825583728344
CTCCTT	2.495527550450301
CTCCTA	1.2457586825136053
CAAACC	2.9103706831823146
CAAACG	0.5867623753408091
GAGATC	0.853114170706465
GAGATG	1.0319825583728344
GAGAAC	0.7097860498081873
GAGAAG	1.5025561469699873
GATCCT	0.7534754880644836
GATCCA	0.9403308642576738
GATCGT	0.22786327684608038
GATCGA	0.0
CTCCAT	1.2457586825136053
CTCCAA	0.7773480074273278
CTCGTT	1.8112517605030172
CTCGTA	0.0
AGACCT	2.8209925927730213
AGACCA	1.173524750681618
AGACGT	0.5687427804709766
AGACGA	0.0
AGACTC	0.4701654321288369
AGACTG	0.5687427804709766
AGACAC	0.586762375340809
AGACAG	0.7097860498081873
GAGACT	0.8531141707064649
GAGACA	1.064679074712281
GAGAGT	0.8599854653106952
GAGAGA	0.6439526344157088
CAATGC	0.9403308642576739
CAATGG	0.0
GAGGTT	0.6890957138952064
GAGGTA	0.34399418612427807
GAGGAT	1.0319825583728341
GAGGAA	0.6439526344157088
GAGTCT	0.6835898305382411
GAGTCA	1.4218569511774415
GAGTGT	1.2403722850113716
GAGTGA	0.17199709306213903
GAGTTC	0.9114531073843213
GAGTTG	0.5512765711161651
GAGTAC	0.853114170706465
GAGTAG	0.17199709306213906
AGAGCT	1.990599731648418
AGAGCA	1.7744651245204683
AGAGGT	0.34399418612427807
AGAGGA	0.42930175627713923
AGAGTC	1.1374855609419532
AGAGTG	0.8599854653106953
AGAGAC	0.0
AGAGAG	1.073254390692848
AGATCC	0.0
AGATCG	0.0
AGATGC	1.1374855609419532
AGATGG	1.7199709306213906
AGAACC	1.173524750681618
AGAACG	2.1293581494245624
CAAAGC	2.347049501363236
CAAAGG	1.0646790747122812
GAGCTT	1.3671796610764821
GAGCTA	2.843713902354883
GAGCAT	0.8531141707064651
GAGCAA	0.7097860498081874
CGTGTT	0.7303360987480078
CGTGTA	0.22786327684608038
CGTGAT	0.6835898305382411
CGTGAA	0.853114170706465
GACACT	0.9403308642576738
GACACA	0.0
GACAGT	0.2843713902354883
GACAGA	0.7097860498081873
GACATC	0.0
GACATG	0.5687427804709766
GACAAC	0.0
GACAAG	1.064679074712281
AGAAGC	1.0646790747122812
AGAAGG	2.361159659524266
ATCCCT	1.8686380237704079
ATCCCA	0.0
ATCCGT	0.0
ATCCGA	0.4701654321288369
CGTCTT	0.9056258802515088
CGTCTA	0.7534754880644836
CGTCAT	0.7534754880644836
CGTCAA	0.0
GACTCT	1.1302132320967253
GACTCA	0.9403308642576735
GACTGT	1.1393163842304015
GACTGA	0.2843713902354883
GACTTC	0.37673774403224175
GACTTG	0.683589830538241
GACTAC	0.0
GACTAG	0.2843713902354883
GCCATT	2.2604264641934506
GCCATA	0.9403308642576739
GCCAAT	0.0
GCCAAA	1.760287126022427
GCCTTT	3.3206282275888657
GCCTTA	1.1302132320967253
GCCTAT	3.0139019522579344
GCCTAA	2.350827160644185
CGGATT	0.22786327684608038
CGGATA	0.853114170706465
CCTGAT	1.1302132320967253
CCTGAA	2.8209925927730204
GACGTT	0.22786327684608032
GACGTA	0.8531141707064649
GACGAT	0.0
GACGAA	0.35489302490409363
GCGTAT	0.22786327684608038
GCGTAA	1.9905997316484183
CGCATT	0.0
CGCATA	0.47016543212883694
CGGTTT	1.0955041481220116
CGGTTA	0.22786327684608038
CGGTAT	0.45572655369216075
CGGTAA	0.2843713902354883
GACCTT	0.0
GACCTA	2.3508271606441844
GACCAT	0.9403308642576738
GACCAA	1.173524750681618
CCTGTT	1.5093764670858476
CCTGTA	2.2604264641934506
CGGAAT	0.5687427804709767
CGGAAA	1.4195720996163748
ATCCTC	2.4915173650272107
ATCCTG	1.883688720161209
ATCCAC	0.777348007427328
ATCCAG	0.9403308642576739
CGAAGT	0.5687427804709766
CGAAGA	0.7097860498081873
CGAATC	0.9403308642576738
CGAATG	0.0
CGAAAC	0.0
CGAAAG	1.064679074712281
GCGAAT	0.0
GCGAAA	0.7097860498081874
GTAAGC	1.9905997316484183
GTAAGG	1.2039796514349734
GCGTTT	1.0955041481220116
GCGTTA	0.9114531073843215
ATCGCT	0.7534754880644836
ATCGCA	0.4701654321288369
ATCGGT	0.45572655369216075
ATCGGA	1.1374855609419532
ATCGTC	0.0
ATCGTG	0.9114531073843215
ATCGAC	0.0
ATCGAG	0.0
ATCTCC	0.6228793412568027
ATCTCG	0.0
GTAACC	0.4701654321288369
GTAACG	0.2843713902354883
CGCAAT	2.350827160644185
CGCAAA	0.586762375340809
GCGATT	0.6835898305382411
GCGATA	0.5687427804709766
ATCTGC	0.37673774403224175
ATCTGG	0.9114531073843213
ATCACC	0.7773480074273277
ATCACG	0.0
ATCAGC	1.8806617285153475
ATCAGG	0.2843713902354883
ATGCCT	1.5069509761289672
ATGCCA	1.4104962963865106
GTAGTC	1.5950429379225621
GTAGTG	0.6890957138952064
GTAGAC	0.5687427804709766
GTAGAG	0.6879883722485562
GTATCC	0.3767377440322418
GTATCG	0.9114531073843215
GTATGC	1.1393163842304015
GTATGG	0.5512765711161651
GCTCAT	1.883688720161209
GCTCAA	0.9403308642576739
GTACGT	0.6835898305382411
GTACGA	0.2843713902354883
GTACTC	0.7534754880644836
GTACTG	1.139316384230402
GTACAC	0.9403308642576738
GTACAG	0.5687427804709766
GTAGCT	0.9114531073843215
GTAGCA	1.1374855609419532
GTAGGT	0.6890957138952064
GTAGGA	0.5159912791864171
ATGCGT	0.22786327684608038
ATGCGA	0.853114170706465
ATGCTC	2.2604264641934506
ATGCTG	1.139316384230402
ATGCAC	0.0
ATGCAG	1.4218569511774415
ATGGCT	0.9114531073843215
ATGGCA	0.853114170706465
ATGGGT	0.6890957138952064
ATGGGA	1.2039796514349732
ATGGTC	0.0
ATGGTG	0.8269148566742477
GTTAGC	1.5950429379225626
GTTAGG	0.9647339994532891
GTACCT	1.1302132320967253
GTACCA	1.8806617285153475
GCTCTT	0.9056258802515088
GCTCTA	0.7534754880644836
ATGGAC	0.853114170706465
ATGGAG	0.17199709306213906
ATGTCC	0.3767377440322418
ATGTCG	0.0
ATGTGC	0.45572655369216064
ATGTGG	1.1025531422323303
ATGACC	0.0
ATGACG	0.2843713902354883
ATGAGC	1.70622834141293
ATGAGG	1.0319825583728344
ATTCCC	0.6228793412568028
ATTCCG	1.1302132320967258
ATTCGC	0.3767377440322418
ATTCGG	0.22786327684608038
GTTTGC	1.0955041481220116
GTTTGG	0.8834621924447332
GTTACC	0.7534754880644836
GTTACG	0.0
ATTGCC	0.3767377440322418
ATTGCG	0.6835898305382411
ATTGGC	0.683589830538241
ATTGGG	1.2403722850113716
ATACCC	3.8867400371366387
ATACCG	0.9403308642576738
ATACGC	0.0
ATACGG	0.853114170706465
GCTTGT	0.7303360987480078
GCTTGA	1.3671796610764821
GTTGGT	0.6625966443335499
GTTGGA	0.5512765711161652
GTTGTC	0.9129201234350096
GTTGTG	0.6625966443335499
GTTGAC	0.9114531073843215
GTTGAG	0.6890957138952065
GTTTCC	0.30187529341716957
GTTTCG	0.18258402468700194
ATAGCC	1.4104962963865102
ATAGCG	0.5687427804709766
ATAGGC	0.8531141707064649
ATAGGG	1.7199709306213904
GTTCTC	0.30187529341716957
GTTCTG	0.5477520740610058
GTTCAC	0.0
GTTCAG	1.139316384230402
GTTGCT	1.4606721974960155
GTTGCA	0.9114531073843215
GCTGTT	1.2780881728090134
GCTGTA	1.5950429379225626
GCTGAT	0.6835898305382411
GCTGAA	1.9905997316484183
GCTTCT	2.1131270539201874
GCTTCA	1.5069509761289672
GCTAGT	1.822906214768643
GCTAGA	0.853114170706465
GTGAGT	0.964733999453289
GTGAGA	1.3759767444971123
GTGATC	0.9114531073843213
GTGATG	1.2403722850113716
GTGAAC	0.2843713902354883
GTGAAG	0.8599854653106953
GTTCCT	2.1131270539201874
GTTCCA	0.7534754880644836
GTTCGT	0.7303360987480078
GTTCGA	0.45572655369216075
CGATGT	0.683589830538241
CGATGA	0.2843713902354883
CGATTC	0.7534754880644835
CGATTG	0.45572655369216064
CGATAC	0.0
CGATAG	0.5687427804709766
GTGTAC	0.6835898305382411
GTGTAG	0.6890957138952065
GTGACT	0.6835898305382411
GTGACA	0.5687427804709766
GCTTTC	0.6037505868343391
GCTTTG	1.6432562221830174
GCTTAC	3.0139019522579344
GCTTAG	1.139316384230402
GCTACT	1.5069509761289672
GCTACA	0.9403308642576738
CGCTTT	0.6037505868343392
CGCTTA	1.5069509761289672
GTGGTT	1.3251932886670998
GTGGTA	1.2403722850113716
GTGGAT	0.1378191427790413
GTGGAA	0.5159912791864172
GTGTCT	1.2780881728090134
GTGTCA	0.45572655369216075
GTGTGT	1.2147605146115081
GTGTGA	0.8269148566742478
GTGTTC	0.7303360987480078
GTGTTG	0.8834621924447332
CGAACT	0.0
CGAACA	0.0
AACCCT	2.3320440222819836
AACCCA	3.8804942442430854
AACCGT	0.0
AACCGA	0.0
AACCTC	0.7773480074273277
AACCTG	1.4104962963865106
AACCAC	1.9402471221215427
AACCAG	1.760287126022427
CGAGTT	0.0
CGAGTA	0.2843713902354883
GCACAT	0.0
GCACAA	0.0
CCTTAC	0.6228793412568024
CCTTAG	0.7534754880644835
GTGCTT	0.7303360987480078
GTGCTA	2.278632768460804
GTGCAT	0.45572655369216075
GTGCAA	0.5687427804709766
GCTATC	0.0
GCTATG	1.139316384230402
GCTAAC	2.3508271606441844
GCTAAG	2.559342512119395
GTCAAC	1.8806617285153475
GTCAAG	1.1374855609419532
CCTTCT	1.49731653027018
CCTTCA	0.0
CCTTGT	2.415002347337356
CCTTGA	0.37673774403224175
CCTTTC	3.4937385706304203
CCTTTG	1.5093764670858476
CGCTAT	1.5069509761289672
CGCTAA	0.9403308642576739
GCACTT	0.7534754880644836
GCACTA	1.4104962963865106
GCAGTT	1.1393163842304015
GCAGTA	1.1374855609419532
GCAGAT	0.8531141707064649
GCAGAA	0.35489302490409363
GTCTAC	0.3767377440322418
GTCTAG	0.45572655369216075
GTCACT	0.3767377440322418
GTCACA	0.4701654321288369
GTCAGT	0.6835898305382411
GTCAGA	1.1374855609419532
GTCATC	1.1302132320967253
GTCATG	0.45572655369216075
CGAGAT	0.5687427804709766
CGAGAA	0.0
CGATCT	0.0
CGATCA	0.0
AACGCT	0.0
AACGCA	0.0
AACGGT	0.2843713902354883
AACGGA	1.4195720996163745
AACGTC	0.0
AACGTG	0.853114170706465
AACGAC	0.586762375340809
AACGAG	1.064679074712281
GCATAC	1.4104962963865102
GCATAG	0.0
GTCGAT	0.45572655369216075
GTCGAA	0.0
GTCTCT	0.6037505868343392
GTCTCA	0.7534754880644836
GTCTGT	2.191008296244023
GTCTGA	0.6835898305382411
GTCTTC	1.2075011736686783
GTCTTG	0.9129201234350096
AACTCC	1.5546960148546554
AACTCG	0.9403308642576738
AACTGC	1.4104962963865106
AACTGG	1.1374855609419532
GCAAAC	1.173524750681618
GCAAAG	1.064679074712281
GTCCTT	1.2075011736686785
GTCCTA	2.2604264641934506
GTCCAT	0.3767377440322418
GTCCAA	1.4104962963865109
GTCGTT	0.0
GTCGTA	0.9114531073843215
GCATCT	1.1302132320967253
GCATCA	0.47016543212883677
GCATGT	0.683589830538241
GCATGA	0.2843713902354883
GCATTC	0.0
GCATTG	0.9114531073843213
AACACC	0.9701235610607714
AACACG	1.173524750681618
AACAGC	1.173524750681618
AACAGG	1.4195720996163745
GGAATC	0.2843713902354883
GGAATG	0.0
GGAAAC	0.35489302490409363
GGAAAG	1.5025561469699873
GCAACT	1.4104962963865106
GCAACA	0.586762375340809
GCAAGT	0.5687427804709766
GCAAGA	0.7097860498081873
GCAATC	0.0
GCAATG	0.853114170706465
CCAAGT	0.9403308642576738
CCAAGA	0.0
GGATGT	0.41345742833712384
GGATGA	0.5159912791864171
GGATTC	0.22786327684608032
GGATTG	0.41345742833712384
GGATAC	1.9905997316484183
GGATAG	0.17199709306213906
GGAACT	0.8531141707064649
GGAACA	0.7097860498081873
GGAAGT	0.6879883722485561
GGAAGA	1.5025561469699873
AAGCCT	3.2911580249018573
AAGCCA	0.5867623753408089
AAGCGT	1.4218569511774413
AAGCGA	0.7097860498081872
AAGCTC	0.9403308642576735
AAGCTG	1.7062283414129298
AAGCAC	0.5867623753408089
AAGCAG	1.4195720996163743
CCAATC	0.7773480074273277
CCAATG	0.0
CCAAAC	2.910370683182314
CCAAAG	2.347049501363236
GGAGTT	1.1025531422323303
GGAGTA	1.0319825583728341
GGAGAT	0.6879883722485561
GGAGAA	1.2879052688314176
GGATCT	0.22786327684608038
GGATCA	1.1374855609419532
CCAACT	0.7773480074273278
CCAACA	1.9402471221215427
GGCTTT	1.6432562221830174
GGCTTA	3.4179491526912056
GGCTAT	1.822906214768643
GGCTAA	1.9905997316484183
GGCATT	1.139316384230402
GGCATA	0.2843713902354883
CCTAAC	3.1093920297093107
CCTAAG	2.3508271606441844
GGACTT	1.3671796610764821
GGACTA	0.5687427804709766
GGACAT	0.0
GGACAA	0.3548930249040937
CCTACT	1.8686380237704077
CCTACA	2.332044022281983
CCTAGT	0.0
CCTAGA	0.9403308642576735
CCTATC	0.6228793412568027
CCTATG	2.2604264641934506
GGCAAT	0.28437139023548835
GGCAAA	1.4195720996163748
CCATCT	1.245758682513605
CCATCA	0.7773480074273277
CCATGT	0.7534754880644835
CCATGA	0.0
CCATTC	1.2457586825136053
CCATTG	0.7534754880644836
CGACTT	0.3767377440322418
CGACTA	0.4701654321288369
CGACAT	0.0
CGACAA	0.586762375340809
AAGGCT	1.137485560941953
AAGGCA	0.0
AAGGGT	2.407959302869946
AAGGGA	0.6439526344157087
AAGGTC	0.8531141707064648
AAGGTG	1.031982558372834
AAGGAC	1.774465124520468
AAGGAG	1.502556146969987
GGTTAC	1.139316384230402
GGTTAG	1.2403722850113716
GGTACT	2.0507694916147234
GGTACA	1.1374855609419532
GGTAGT	1.1025531422323303
GGTAGA	1.0319825583728341
GGTATC	0.9114531073843213
GGTATG	0.6890957138952064
GGTAAC	0.853114170706465
GGTAAG	1.0319825583728344
AAGTCC	1.4104962963865102
AAGTCG	0.5687427804709766
AAGTGC	0.2843713902354883
AAGTGG	0.8599854653106952
CCATAC	0.7773480074273277
CCATAG	2.8209925927730213
CCAGTT	0.7534754880644836
CCAGTA	0.9403308642576738
GGTGAT	1.2403722850113716
GGTGAA	0.8599854653106953
GGTTCT	0.7303360987480078
GGTTCA	0.22786327684608038
GGTTGT	1.7669243848894665
GGTTGA	0.9647339994532891
GGTTTC	0.9129201234350096
GGTTTG	1.8773571589450582
CCACAT	0.7773480074273277
CCACAA	0.9701235610607714
GGGTTT	2.429521029223016
GGGTTA	3.3076594266969903
GGGTAT	0.6890957138952064
GGGTAA	1.3759767444971123
CCAGAT	0.9403308642576738
CCAGAA	0.586762375340809
CCACTT	1.245758682513605
CCACTA	1.5546960148546554
GGTCTT	0.9129201234350096
GGTCTA	1.139316384230402
GGTCAT	0.6835898305382411
GGTCAA	1.4218569511774415
GGTGTT	0.9938949665003249
GGTGTA	0.6890957138952065
AAGACC	4.694099002726472
AAGACG	0.35489302490409363
AAGAGC	2.4842511743286555
AAGAGG	1.2879052688314176
AATCCC	1.5546960148546554
AATCCG	0.9403308642576738
AATCGC	2.3508271606441844
AATCGG	0.853114170706465
AATGCC	1.4104962963865102
AATGCG	1.7062283414129298
AATGGC	0.8531141707064649
AATGGG	0.6879883722485561
GGGATT	0.551276571116165
GGGATA	1.031982558372834
GGGAAT	0.5159912791864171
GGGAAA	1.717207025108557
AAACCC	2.910370683182314
AAACCG	0.586762375340809
AAACGC	1.1735247506816178
AAACGG	1.0646790747122807
CCCCTT	3.5809729918696327
CCCCTA	2.979348792511731
CCCCAT	0.0
CCCCAA	1.8591007069017282
GGGACT	0.6592148260933419
GGGACA	0.4113471884428269
GGGAGT	1.5948585221266554
GGGAGA	0.4975923955842503
GGGATC	0.6592148260933418
GGGATG	1.1961438915949916
GGGAAC	0.4113471884428269
GGGAAG	1.4927771867527508
GGTCCT	0.43666682891227626
GGTCCA	1.6348692285073954
GGTCGT	0.0
GGTCGA	0.659214826093342
CCACAC	0.0
CCACAG	1.1244447517454952
GGGTCT	2.1128827382354896
GGGTCA	1.6480370652333547
GGGTGT	1.4376829530524458
GGGTGA	1.1961438915949918
GGGTTC	1.0564413691177446
GGGTTG	1.7571680537307668
GGGTAC	1.6480370652333547
GGGTAG	1.3955012068608237
CCAGAC	0.0
CCAGAG	0.6801008654529136
GGGGTT	3.035108456444052
GGGGTA	2.5916450984558153
GGGGAT	0.9967865763291596
GGGGAA	2.239165780129126
CCACCT	2.979348792511731
CCACCA	0.0
CCACGT	1.802007336623632
CCACGA	0.0
CCACTC	0.0
CCACTG	0.0
GGTCTC	0.0
GGTCTG	0.7923310268383086
GGTCAC	0.0
GGTCAG	0.9888222391400129
GGTGCT	2.6411034227943624
GGTGCA	1.318429652186684
GGTGGT	0.958455302034964
GGTGGA	0.7974292610633279
GGTGTC	1.0564413691177448
GGTGTG	1.2779404027132852
GGGCTT	2.3769930805149255
GGGCTA	2.6368593043733677
GGGCAT	0.9888222391400129
GGGCAA	0.8226943768856538
CCAGCT	3.604014673247264
CCAGCA	2.248889503490991
CCAGGT	1.08991281900493
CCAGGA	0.6801008654529136
CCAGTC	0.0
CCAGTG	1.08991281900493
GGTGAC	1.977644478280026
GGTGAG	1.196143891594992
GGTTCC	0.8733336578245526
GGTTCG	0.26411034227943625
GGTTGC	1.5846620536766172
GGTTGG	1.1181978523741247
GGTACC	1.0899128190049303
GGTACG	1.3184296521866838
GGTAGC	1.3184296521866838
GGTAGG	0.9967865763291598
CCTACC	0.0
CCTACG	0.9010036683118158
CCTAGC	0.901003668311816
CCTAGG	0.544956409502465
GGCAAC	0.0
GGCAAG	0.8226943768856539
CCATCC	0.0
CCATCG	0.0
CCATGC	0.901003668311816
CCATGG	0.544956409502465
GGCTTC	1.3100004867368287
GGCTTG	2.1128827382354896
GGCTAC	1.0899128190049303
GGCTAG	1.9776444782800258
GGCACT	0.5449564095024652
GGCACA	0.0
GGCAGT	1.977644478280026
GGCAGA	1.234041565328481
GGCATC	1.0899128190049303
GGCATG	0.32960741304667096
GGACCT	1.0899128190049303
GGACCA	1.3602017309058274
GGACGT	0.659214826093342
GGACGA	0.41134718844282697
GGACTC	0.5449564095024652
GGACTG	1.3184296521866838
GGACAC	0.0
GGACAG	0.8226943768856539
GGCGTT	1.8487723959560536
GGCGTA	0.329607413046671
GGCGAT	0.6592148260933419
GGCGAA	0.0
GGCTCT	1.3100004867368287
GGCTCA	2.1798256380098606
GGCTGT	1.5846620536766174
GGCTGA	1.6480370652333551
GGAGCT	1.3184296521866838
GGAGCA	0.8226943768856538
GGAGGT	1.7942158373924875
GGAGGA	1.492777186752751
GGAGTC	0.9888222391400129
GGAGTG	0.9967865763291598
GGAGAC	1.6453887537713077
GGAGAG	0.4975923955842503
GGATCC	0.5449564095024652
GGATCG	0.0
CGCCTT	1.4439261849924874
CGCCTA	1.8020073366236322
CGCCAT	0.901003668311816
CGCCAA	2.248889503490991
GGCCTT	3.49333463129821
GGCCTA	1.0899128190049303
GGCCAT	2.7247820475123254
GGCCAA	0.6801008654529137
CCAACC	0.0
CCAACG	2.248889503490991
CCAAGC	2.2488895034909904
CCAAGG	1.3602017309058272
GGATGC	0.9888222391400129
GGATGG	1.7942158373924875
GGAACC	0.0
GGAACG	0.0
GGAAGC	0.4113471884428269
GGAAGG	1.9903695823370011
GTCCCT	2.8878523699849747
GTCCCA	0.0
GTCCGT	2.1833341445613814
GTCCGA	0.0
GCAACC	2.2488895034909904
GCAACG	1.3602017309058272
GCAAGC	0.0
GCAAGG	0.8226943768856538
GTCCTC	0.0
GTCCTG	0.8733336578245526
GTCCAC	2.7030110049354485
GTCCAG	1.0899128190049303
GTCGCT	0.8733336578245525
GTCGCA	0.5449564095024652
GTCGGT	0.26411034227943625
GTCGGA	0.329607413046671
GTCGTC	0.0
GTCGTG	0.2641103422794362
GCATCC	0.901003668311816
GCATCG	0.544956409502465
GCATGC	1.08991281900493
GCATGG	0.0
GTCGAC	0.0
GTCGAG	0.6592148260933419
GTCTCC	0.7219630924962437
GTCTCG	0.0
GTCTGC	0.43666682891227626
GTCTGG	1.320551711397181
CGCGTT	0.43666682891227626
CGCGTA	1.6348692285073954
CGCGAT	1.0899128190049303
CGCGAA	0.6801008654529137
GCAGCT	1.6348692285073951
GCAGCA	0.6801008654529136
GCAGGT	0.6592148260933419
GCAGGA	2.0567359422141345
GCAGTC	1.6348692285073951
GCAGTG	2.6368593043733672
GCAGAC	0.6801008654529136
GCAGAG	1.2340415653284806
GTCACC	0.0
GTCACG	0.0
GTCAGC	0.5449564095024652
GTCAGG	0.6592148260933419
CCTTCC	4.774630655826177
CCTTCG	0.7219630924962436
CCTTGC	1.4439261849924871
CCTTGG	1.3100004867368287
CGCTAC	0.0
CGCTAG	0.0
GCACCT	0.0
GCACCA	0.0
GCACGT	1.08991281900493
GCACGA	0.6801008654529136
GCACTC	1.802007336623632
GCACTG	0.0
GCACAC	0.0
GCACAG	2.0403025963587407
GTGCCT	2.183334144561381
GTGCCA	1.0899128190049303
GTGCGT	1.3205517113971812
GTGCGA	0.329607413046671
GTGCTC	1.746667315649105
GTGCTG	1.320551711397181
GTGCAC	1.0899128190049303
GTGCAG	1.6480370652333547
CGCTCT	0.0
CGCTCA	0.0
CGCTGT	0.0
CGCTGA	1.0899128190049303
CGCTTC	2.165889277488731
CGCTTG	1.310000486736829
GTGGCT	2.11288273823549
GTGGCA	2.307251891326697
GTGGGT	1.5974255033916067
GTGGGA	0.7974292610633279
GTGGTC	0.5282206845588724
GTGGTG	2.0766531544090885
GTGGAC	0.988822239140013
GTGGAG	0.9967865763291599
GTGTCC	1.310000486736829
GTGTCG	0.5282206845588725
GTGTGC	0.7923310268383086
GTGTGG	1.2779404027132852
GTGACC	0.5449564095024652
GTGACG	1.6480370652333547
GCTACC	0.901003668311816
GCTACG	0.0
GCTAGC	1.6348692285073954
GCTAGG	1.9776444782800258
GTGAGC	1.3184296521866838
GTGAGG	0.5980719457974959
GTTCCC	0.0
GTTCCG	0.4366668289122763
GTTCGC	0.8733336578245525
GTTCGG	0.5282206845588724
GTTGCC	0.8733336578245526
GTTGCG	0.26411034227943625
GCTGTC	0.43666682891227626
GCTGTG	0.7923310268383086
GCTGAC	1.0899128190049303
GCTGAG	1.9776444782800258
GCTTCC	1.4439261849924874
GCTTCG	0.0
GCTTGC	1.3100004867368287
GCTTGG	0.7923310268383086
GTTGGC	0.7923310268383086
GTTGGG	0.7987127516958034
GTACCC	0.901003668311816
GTACCG	1.08991281900493
GCTCCT	2.8878523699849747
GCTCCA	0.9010036683118161
GCTCGT	2.1833341445613814
GCTCGA	0.5449564095024652
GCTCTC	0.7219630924962437
GCTCTG	0.4366668289122763
GCTCAC	4.50501834155908
GCTCAG	0.0
GCTGCT	2.6200009734736573
GCTGCA	1.0899128190049303
GCTGGT	1.056441369117745
GCTGGA	1.977644478280026
GTACGC	1.0899128190049303
GTACGG	0.9888222391400129
GTAGCC	1.0899128190049303
GTAGCG	0.32960741304667096
GTAGGC	0.6592148260933419
GTAGGG	2.5916450984558153
CGCAAC	0.0
CGCAAG	1.3602017309058274
GCGACT	0.0
GCGACA	0.6801008654529137
GCGAGT	0.329607413046671
GCGAGA	0.0
GCGATC	0.0
GCGATG	0.6592148260933419
GCGAAC	0.0
GCGAAG	0.8226943768856539
GACCCT	2.703011004935448
GACCCA	1.1244447517454954
GACCGT	0.544956409502465
GACCGA	0.6801008654529136
GCGTTC	0.43666682891227626
GCGTTG	0.2641103422794362
GCGTAC	1.0899128190049303
GCGTAG	0.9888222391400129
CGCACT	0.0
CGCACA	0.0
CGCAGT	0.5449564095024652
CGCAGA	0.0
CGCATC	0.0
CGCATG	0.5449564095024652
CGGGTT	0.7923310268383087
CGGGTA	0.659214826093342
CGGGAT	0.32960741304667096
CGGGAA	0.4113471884428269
CGGCTT	1.746667315649105
CGGCTA	3.814694866517256
CGGCAT	0.0
CGGCAA	1.3602017309058274
GCGGTT	1.056441369117745
GCGGTA	0.659214826093342
GCGGAT	0.32960741304667096
GCGGAA	0.4113471884428269
GCGTCT	1.3100004867368287
GCGTCA	0.0
GCGTGT	0.5282206845588725
GCGTGA	1.318429652186684
CGGTCT	0.0
CGGTCA	0.0
CGGTGT	0.7923310268383087
CGGTGA	0.329607413046671
CGGTTC	0.0
CGGTTG	0.7923310268383086
CGGTAC	0.5449564095024652
CGGTAG	0.9888222391400129
GCGCTT	2.6200009734736573
GCGCTA	1.0899128190049303
GCGCAT	0.5449564095024652
GCGCAA	2.720403461811655
GACCTC	2.703011004935448
GACCTG	1.08991281900493
GACCAC	0.0
GACCAG	0.0
CCTGCT	3.609815462481218
CCTGCA	1.802007336623632
CCTGGT	0.8733336578245525
CCTGGA	1.08991281900493
CCTGTC	1.4439261849924871
CCTGTG	1.746667315649105
CGGAAC	0.0
CGGAAG	0.8226943768856539
GCCACT	0.0
GCCACA	0.0
GCCAGT	0.0
GCCAGA	0.0
GCCATC	0.9010036683118161
GCCATG	0.0
GCCAAC	2.248889503490991
GCCAAG	0.0
GCCTTC	0.7219630924962437
GCCTTG	3.056667802385934
GCCTAC	2.7030110049354485
GCCTAG	0.0
CGGACT	1.6348692285073954
CGGACA	0.0
CGGAGT	0.659214826093342
CGGAGA	1.234041565328481
CGGATC	0.0
CGGATG	0.6592148260933419
CCTGAC	0.0
CCTGAG	2.7247820475123254
GACGCT	0.544956409502465
GACGCA	0.0
GACGGT	0.6592148260933419
GACGGA	0.8226943768856538
GACGTC	0.544956409502465
GACGTG	0.6592148260933418
GACGAC	1.3602017309058272
GACGAG	0.4113471884428269
CGTCTC	0.7219630924962437
CGTCTG	0.4366668289122763
CGTCAC	0.0
CGTCAG	0.5449564095024652
GCCGTT	0.8733336578245525
GCCGTA	1.0899128190049303
GCCGAT	0.5449564095024652
GCCGAA	1.3602017309058274
GCCTCT	0.0
GCCTCA	2.7030110049354485
GCCTGT	1.310000486736829
GCCTGA	2.1798256380098606
GACTCC	0.0
GACTCG	0.0
GACTGC	1.08991281900493
GACTGG	0.3296074130466709
CGTGTC	0.0
CGTGTG	1.0564413691177448
CGTGAC	1.0899128190049303
CGTGAG	0.9888222391400129
GCCCTT	2.8878523699849747
GCCCTA	0.0
GCCCAT	1.802007336623632
GCCCAA	2.248889503490991
CGTCCT	1.4439261849924874
CGTCCA	2.7030110049354485
CGTCGT	0.0
CGTCGA	0.5449564095024652
GACACC	1.1244447517454952
GACACG	0.0
GACAGC	0.6801008654529136
GACAGG	1.2340415653284806
CGTGCT	1.3100004867368287
CGTGCA	0.5449564095024652
CGTGGT	0.7923310268383087
CGTGGA	0.329607413046671
GAGCCT	2.7247820475123254
GAGCCA	0.0
GAGCGT	1.6480370652333551
GAGCGA	0.0
GAGCTC	1.6348692285073954
GAGCTG	1.6480370652333547
GAGCAC	2.040302596358741
GAGCAG	2.056735942214135
GAGGCT	2.307251891326697
GAGGCA	0.4113471884428269
GAGGGT	0.9967865763291598
GAGGGA	0.4975923955842504
GAGGTC	0.6592148260933419
GAGGTG	0.9967865763291598
GAGGAC	0.4113471884428269
GAGGAG	1.741573384544876
GAGTCC	0.5449564095024652
GAGTCG	1.3184296521866838
GAGTGC	0.32960741304667096
GAGTGG	0.9967865763291598
GAGACC	0.0
GAGACG	0.8226943768856538
GAGAGC	0.8226943768856538
GAGAGG	1.2439809889606257
GATCCC	0.901003668311816
GATCCG	0.544956409502465
GATCGC	0.0
GATCGG	0.6592148260933419
GATGCC	1.6348692285073954
GATGCG	0.6592148260933419
GATGGC	0.9888222391400129
GATGGG	1.7942158373924875
GAACCC	2.2488895034909904
GAACCG	0.0
GAACGC	0.0
GAACGG	1.2340415653284806
GAAGCC	1.3602017309058272
GAAGCG	0.8226943768856538
GAAGGC	0.4113471884428269
GAAGGG	1.741573384544876
CAAGGC	2.040302596358741
CAAGGG	2.056735942214135
CCTCCT	4.774630655826177
CCTCCA	0.0
CCTCGT	2.165889277488731
CCTCGA	1.802007336623632
CCTCTC	0.0
CCTCTG	0.7219630924962437
CAACGC	0.0
CAACGG	0.6801008654529137
CAAGCC	1.1244447517454954
CAAGCG	1.3602017309058274
CCTCAC	1.4896743962558654
CCTCAG	0.901003668311816
TCCCCT	0.0
TCCCCA	0.0
TCCCGT	0.0
TCCCGA	2.703011004935448
TCCCTC	0.0
TCCCTG	2.165889277488731
TCCCAC	0.0
TCCCAG	0.0
TCCGCT	0.0
TCCGCA	0.901003668311816
TCCGGT	0.43666682891227626
TCCGGA	1.0899128190049303
TCCGTC	0.7219630924962436
TCCGTG	1.3100004867368287
TCCGAC	0.0
TCCGAG	0.0
TCCTCC	3.5809729918696327
TCCTCG	0.7219630924962437
CAACCC	0.0
CAACCG	1.1244447517454956
TCCTGC	1.4439261849924871
TCCTGG	2.183334144561381
TCCACC	0.0
TCCACG	3.604014673247264
TCCAGC	0.901003668311816
TCCAGG	0.544956409502465
TCGCCT	0.0
TCGCCA	0.9010036683118161
TCGCGT	0.8733336578245526
TCGCGA	0.5449564095024652
TCGCTC	0.7219630924962437
TCGCTG	0.4366668289122763
TCGCAC	0.0
TCGCAG	0.5449564095024652
CCGACT	0.0
CCGACA	2.248889503490991
CCGAGT	0.0
CCGAGA	1.3602017309058272
CCGATC	0.0
CCGATG	0.544956409502465
CCGAAC	0.0
CCGAAG	2.0403025963587407
TCGGCT	2.183334144561381
TCGGCA	0.5449564095024652
TCGGGT	0.7923310268383087
TCGGGA	0.0
TCGGTC	0.0
TCGGTG	0.0
TCGGAC	0.0
TCGGAG	1.3184296521866838
CATGGC	1.0899128190049303
CATGGG	0.6592148260933419
TCGTCC	1.4439261849924874
TCGTCG	0.0
TCGTGC	0.8733336578245525
TCGTGG	1.320551711397181
TCGACC	0.0
TCGACG	1.08991281900493
TCGAGC	1.0899128190049303
TCGAGG	0.32960741304667096
TCTCCC	2.3873153279130883
TCTCCG	0.7219630924962436
TCTCGC	0.0
TCTCGG	0.43666682891227626
CATCGC	0.0
CATCGG	0.544956409502465
CATGCC	0.901003668311816
CATGCG	0.0
TCTGCC	1.443926184992487
TCTGCG	0.43666682891227615
TCTGGC	1.3100004867368285
TCTGGG	0.7923310268383085
TCACCC	2.979348792511731
TCACCG	0.901003668311816
TCACGC	0.901003668311816
TCACGG	0.0
TCAGCC	1.802007336623632
TCAGCG	0.0
TCAGGC	2.1798256380098606
TCAGGG	0.32960741304667096
CAGAGC	1.3602017309058272
CAGAGG	0.8226943768856538
CATCCC	0.0
CATCCG	0.0
TGCCCT	2.165889277488731
TGCCCA	3.6040146732472644
TGCCGT	1.310000486736829
TGCCGA	0.5449564095024652
TGCCTC	1.4439261849924874
TGCCTG	0.4366668289122763
TGCCAC	0.9010036683118161
TGCCAG	1.6348692285073954
TGCGCT	2.183334144561381
TGCGCA	1.6348692285073954
TGCGGT	0.26411034227943625
TGCGGA	0.329607413046671
CAGTGC	3.2697384570147903
CAGTGG	1.3184296521866836
CAGACC	0.0
CAGACG	0.0
CAGGCT	2.17982563800986
CAGGCA	0.6801008654529136
CAGGGT	1.3184296521866838
CAGGGA	1.2340415653284806
CAGGTC	1.6348692285073951
CAGGTG	0.3296074130466709
CAGGAC	0.0
CAGGAG	2.8794303190997885
CAGTCC	1.802007336623632
CAGTCG	0.0
TGCGTC	0.0
TGCGTG	0.7923310268383086
TGCGAC	1.0899128190049303
TGCGAG	0.32960741304667096
TGCTCC	1.4439261849924874
TGCTCG	1.7466673156491053
TGCTGC	0.8733336578245525
TGCTGG	2.641103422794362
TGCACC	0.0
TGCACG	0.544956409502465
TGCAGC	2.1798256380098606
TGCAGG	1.6480370652333547
CAGCCT	1.802007336623632
CAGCCA	0.0
CAGCGT	0.0
CAGCGA	0.0
CAGCTC	0.0
CAGCTG	2.17982563800986
CAGCAC	0.0
CAGCAG	1.3602017309058272
CCGTCT	0.7219630924962436
CCGTCA	1.802007336623632
CCGTGT	0.43666682891227626
CCGTGA	1.08991281900493
CCGTTC	1.4439261849924871
CCGTTG	0.43666682891227626
CGTTCC	0.7219630924962437
CGTTCG	0.4366668289122763
CGTTGC	0.43666682891227626
CGTTGG	0.2641103422794362
CCGTAC	0.0
CCGTAG	1.08991281900493
TGGCCT	2.6200009734736573
TGGCCA	2.1798256380098606
TGGCGT	0.7923310268383087
TGGCGA	0.0
TGGCTC	1.746667315649105
TGGCTG	1.320551711397181
TGGCAC	0.5449564095024652
TGGCAG	2.307251891326697
CACACC	0.0
CACACG	2.248889503490991
CACAGC	3.373334255236486
CACAGG	0.6801008654529136
CCGGTT	0.8733336578245525
CCGGTA	0.544956409502465
CCGGAT	1.08991281900493
CCGGAA	1.360201730905827
TGGGCT	1.3205517113971812
TGGGCA	1.6480370652333551
TGGGGT	2.2363957047482494
TGGGGA	1.196143891594992
TGGGTC	1.8487723959560536
TGGGTG	1.5974255033916067
TGGGAC	0.329607413046671
TGGGAG	0.9967865763291599
TGGTCC	0.8733336578245526
TGGTCG	0.0
TGGTGC	1.320551711397181
TGGTGG	0.958455302034964
TGGACC	2.1798256380098606
TGGACG	0.32960741304667096
TGGAGC	1.9776444782800258
TGGAGG	1.1961438915949918
CACGAC	0.0
CACGAG	0.0
CACTCC	0.0
CACTCG	2.703011004935447
CACTGC	0.901003668311816
CACTGG	0.544956409502465
TGTCCC	0.7219630924962437
TGTCCG	0.8733336578245526
TGTCGC	0.8733336578245525
TGTCGG	0.2641103422794362
CACCTC	0.0
CACCTG	2.703011004935447
CACCAC	0.0
CACCAG	0.0
CACGCT	1.802007336623632
CACGCA	0.0
CACGGT	0.0
CACGGA	1.3602017309058272
CACGTC	0.0
CACGTG	2.7247820475123254
TGTGCC	1.310000486736829
TGTGCG	0.5282206845588725
TGTGGC	1.8487723959560536
TGTGGG	0.958455302034964
TGACCC	0.901003668311816
TGACCG	0.544956409502465
TGACGC	1.0899128190049303
TGACGG	0.9888222391400129
TGAGCC	1.6348692285073954
TGAGCG	0.32960741304667096
TGAGGC	1.9776444782800258
TGAGGG	1.3955012068608237
CACCCT	1.4896743962558654
CACCCA	1.8591007069017282
CACCGT	1.802007336623632
CACCGA	1.1244447517454952
TTCCCC	0.0
TTCCCG	0.7219630924962436
TTCCGC	0.7219630924962436
TTCCGG	1.3100004867368287
TTCGCC	1.443926184992487
TTCGCG	0.8733336578245523
TTCGGC	0.8733336578245523
TTCGGG	1.0564413691177446
TTGCCC	0.7219630924962437
TTGCCG	0.4366668289122763
TTGCGC	1.3100004867368287
TTGCGG	0.2641103422794362
TTGGCC	0.8733336578245525
TTGGCG	0.5282206845588724
TTGGGC	0.5282206845588724
TTGGGG	1.277940402713285
TACCCC	2.979348792511731
TACCCG	2.703011004935448
TACCGC	0.901003668311816
TACCGG	0.0
TACGCC	1.802007336623632
TACGCG	0.0
TACGGC	1.0899128190049303
TACGGG	0.9888222391400129
TAGCCC	0.901003668311816
TAGCCG	1.08991281900493
TAGCGC	1.0899128190049303
TAGCGG	1.6480370652333547
TAGGCC	2.1798256380098606
TAGGCG	0.32960741304667096
TAGGGC	4.9441111957000645
TAGGGG	1.5948585221266556
CTAGGC	2.1798256380098606
CTAGGG	1.9776444782800258
CCGCTT	0.7219630924962436
CCGCTA	0.0
CCGCAT	0.901003668311816
CCGCAA	2.2488895034909904
ACCCCT	1.4896743962558654
ACCCCA	1.8591007069017282
ACCCGT	1.802007336623632
ACCCGA	0.0
ACCCTC	0.0
ACCCTG	3.604014673247263
ACCCAC	1.8591007069017282
ACCCAG	4.497779006981981
CTACGC	1.802007336623632
CTACGG	0.544956409502465
CTAGCC	1.802007336623632
CTAGCG	1.08991281900493
ACCGCT	0.901003668311816
ACCGCA	0.0
ACCGGT	0.544956409502465
ACCGGA	0.6801008654529136
ACCGTC	0.901003668311816
ACCGTG	1.08991281900493
ACCGAC	1.1244447517454952
ACCGAG	0.6801008654529136
ACCTCC	0.0
ACCTCG	1.8020073366236316
ACCTGC	1.802007336623632
ACCTGG	1.08991281900493
ACCACC	0.0
ACCACG	1.1244447517454954
CTACCC	1.4896743962558654
CTACCG	0.0
ACCAGC	0.0
ACCAGG	1.3602017309058272
ACGCCT	2.703011004935448
ACGCCA	1.1244447517454954
ACGCGT	1.6348692285073951
ACGCGA	0.6801008654529136
ACGCTC	0.0
ACGCTG	0.0
ACGCAC	0.0
ACGCAG	0.0
CCCACT	2.979348792511731
CCCACA	0.0
CCCAGT	1.802007336623632
CCCAGA	2.2488895034909904
CCCATC	0.0
CCCATG	0.9010036683118158
CCCAAC	0.0
CCCAAG	2.2488895034909904
ACGGCT	1.08991281900493
ACGGCA	0.6801008654529136
ACGGGT	0.6592148260933419
ACGGGA	0.4113471884428269
ACGGTC	0.0
ACGGTG	0.9888222391400128
ACGGAC	0.6801008654529136
ACGGAG	0.8226943768856538
ACGTCC	0.0
ACGTCG	0.544956409502465
ACGTGC	1.08991281900493
ACGTGG	0.9888222391400128
CTTGGC	0.43666682891227615
CTTGGG	0.26411034227943614
ACGACC	1.1244447517454952
ACGACG	0.6801008654529136
ACGAGC	0.6801008654529136
ACGAGG	0.8226943768856538
ACTCCC	0.0
ACTCCG	0.0
ACTCGC	0.901003668311816
ACTCGG	1.08991281900493
ACTGCC	1.802007336623632
ACTGCG	0.544956409502465
ACTGGC	1.6348692285073954
ACTGGG	0.6592148260933419
CTTCGC	1.4439261849924871
CTTCGG	0.8733336578245525
CTTGCC	0.0
CTTGCG	0.8733336578245523
ACACCC	0.0
ACACCG	0.0
ACACGC	2.248889503490991
ACACGG	0.6801008654529137
ACAGCC	0.0
ACAGCG	1.3602017309058274
ACAGGC	0.6801008654529137
ACAGGG	1.6453887537713079
CTGAGC	2.7247820475123254
CTGAGG	1.6480370652333547
CTTCCC	1.1936576639565442
CTTCCG	2.8878523699849743
AGCCCT	2.703011004935448
AGCCCA	3.373334255236486
AGCCGT	0.544956409502465
AGCCGA	0.0
AGCCTC	0.901003668311816
AGCCTG	3.8146948665172555
AGCCAC	0.0
AGCCAG	0.6801008654529136
AGCGCT	0.544956409502465
AGCGCA	0.6801008654529136
AGCGGT	1.9776444782800258
AGCGGA	0.8226943768856538
CTGTGC	1.3100004867368287
CTGTGG	1.5846620536766172
CTGACC	0.901003668311816
CTGACG	0.544956409502465
AGCGTC	2.17982563800986
AGCGTG	0.0
AGCGAC	0.0
AGCGAG	0.4113471884428269
AGCTCC	0.0
AGCTCG	1.08991281900493
AGCTGC	1.6348692285073951
AGCTGG	2.6368593043733672
CTGGCT	0.8733336578245525
CTGGCA	2.1798256380098606
CTGGGT	1.8487723959560536
CTGGGA	1.318429652186684
CTGGTC	0.43666682891227626
CTGGTG	1.320551711397181
CTGGAC	1.0899128190049303
CTGGAG	0.32960741304667096
CTGTCC	0.7219630924962437
CTGTCG	0.4366668289122763
AGCACC	0.0
AGCACG	0.6801008654529136
AGCAGC	1.3602017309058272
AGCAGG	2.8794303190997885
CCCTCT	1.1936576639565442
CCCTCA	0.0
CCCTGT	3.6098154624812184
CCCTGA	4.505018341559079
CCCTTC	1.1936576639565442
CCCTTG	1.4439261849924874
CTGCCT	0.7219630924962437
CTGCCA	1.8020073366236322
CTGCGT	0.4366668289122763
CTGCGA	0.0
CTGCTC	0.7219630924962437
CTGCTG	2.1833341445613814
CTGCAC	0.9010036683118161
CTGCAG	1.0899128190049303
CCCTAC	1.4896743962558654
CCCTAG	0.0
AGGCCT	2.7247820475123254
AGGCCA	1.3602017309058274
AGGCGT	1.6480370652333551
AGGCGA	0.41134718844282697
AGGCTC	0.5449564095024652
AGGCTG	0.9888222391400129
AGGCAC	0.0
AGGCAG	0.8226943768856539
CGTACC	0.0
CGTACG	0.544956409502465
CGTAGC	0.5449564095024652
CGTAGG	2.307251891326697
CCCGTT	1.4439261849924871
CCCGTA	0.901003668311816
CCCGAT	0.0
CCCGAA	2.2488895034909904
AGGGCT	5.273718608746735
AGGGCA	1.2340415653284806
AGGGGT	3.189717044253311
AGGGGA	0.9951847911685008
AGGGTC	1.3184296521866838
AGGGTG	0.5980719457974959
AGGGAC	0.8226943768856538
AGGGAG	0.9951847911685006
CTCACC	1.4896743962558654
CTCACG	0.901003668311816
CTCAGC	0.0
CTCAGG	1.08991281900493
AGGTCC	1.6348692285073954
AGGTCG	0.0
AGGTGC	2.307251891326697
AGGTGG	0.9967865763291598
AGGACC	1.3602017309058272
AGGACG	0.4113471884428269
AGGAGC	0.8226943768856538
AGGAGG	3.9807391646740022
AGTCCC	1.802007336623632
AGTCCG	1.08991281900493
AGTCGC	0.5449564095024652
AGTCGG	0.6592148260933419
CTCGAC	3.604014673247264
CTCGAG	1.08991281900493
CTCTCC	0.0
CTCTCG	0.7219630924962437
CTCTGC	0.7219630924962436
CTCTGG	0.0
AGTGCC	2.1798256380098606
AGTGCG	0.9888222391400129
AGTGGC	2.9664667174200385
AGTGGG	2.1929304679241515
CTCCTC	1.1936576639565442
CTCCTG	3.6098154624812184
CTCCAC	0.0
CTCCAG	0.0
CTCGCT	0.0
CTCGCA	0.0
CTCGGT	0.0
CTCGGA	0.0
CTCGTC	2.8878523699849743
CTCGTG	1.3100004867368287
AGACCC	2.2488895034909904
AGACCG	0.6801008654529136
AGACGC	0.6801008654529136
AGACGG	0.0
AGAGCC	0.6801008654529136
AGAGCG	1.2340415653284806
AGAGGC	1.6453887537713077
AGAGGG	1.9903695823370011
ATCCCC	0.0
ATCCCG	0.901003668311816
ATCCGC	0.0
ATCCGG	1.08991281900493
CGAAGC	3.4005043272645676
CGAAGG	0.0
CTCCCT	0.0
CTCCCA	0.0
CTCCGT	1.4439261849924874
CTCCGA	0.0
ATCGCC	1.802007336623632
ATCGCG	1.08991281900493
ATCGGC	1.0899128190049303
ATCGGG	0.32960741304667096
ATGCCC	2.703011004935448
ATGCCG	0.544956409502465
ATGCGC	2.1798256380098606
ATGCGG	1.9776444782800258
ATGGCC	2.1798256380098606
ATGGCG	0.6592148260933419
ATGGGC	1.9776444782800258
ATGGGG	2.3922877831899836
CGATGC	0.0
CGATGG	0.6592148260933418
CGAACC	1.1244447517454952
CGAACG	0.0
AACCCC	5.577302120705185
AACCCG	1.1244447517454954
AACCGC	1.1244447517454952
AACCGG	0.6801008654529136
CGAGCT	1.08991281900493
CGAGCA	0.6801008654529136
CGAGGT	0.32960741304667096
CGAGGA	1.2340415653284806
CGAGTC	1.08991281900493
CGAGTG	0.0
CGAGAC	0.0
CGAGAG	1.2340415653284806
CGATCC	0.0
CGATCG	0.544956409502465
AACGCC	2.2488895034909904
AACGCG	0.6801008654529136
AACGGC	2.0403025963587407
AACGGG	0.8226943768856538
AAGCCC	3.3733342552364856
AAGCCG	1.360201730905827
AAGCGC	1.360201730905827
AAGCGG	1.6453887537713074
CGACCT	1.802007336623632
CGACCA	0.0
CGACGT	0.544956409502465
CGACGA	0.6801008654529136
CGACTC	0.0
CGACTG	0.544956409502465
CGACAC	2.2488895034909904
CGACAG	1.3602017309058272
AAGGCC	4.0806051927174805
AAGGCG	1.2340415653284804
AAGGGC	2.056735942214134
AAGGGG	2.2391657801291256
CTGCGG	1.2632893358967292
CTGCGC	0.0
CTGCCG	2.0886593972191863
CTGCCC	1.726642485466464
CTCGGG	0.6316446679483645
CTCGGC	2.088659397219186
CTCGCG	2.088659397219186
CTCGCC	0.0
CTCCGG	0.0
CTCCGC	0.0
CTCCCG	3.4532849709329274
CTCCCC	0.0
CGAGGG	0.47678172735444707
CGAGGC	0.0
CGAGCG	0.0
CGAGCC	1.3033143925970316
AGGGGG	4.6139702626035195
AGGGGC	2.3839086367722357
AGGGCG	0.47678172735444707
AGGGCC	1.576574118001846
CCCGAG	0.0
CCCGAC	2.1548348238818167
CCCGTG	0.0
CCCGTC	5.179927456399391
CCCGGA	2.6066287851940633
CCCGGT	0.0
ACGGGG	1.9071269094177883
ACGGGC	0.0
CCCGCA	0.0
CCCGCT	0.0
ACGGCG	1.576574118001846
ACGGCC	1.3033143925970316
CAGCGG	0.0
CAGCGC	1.3033143925970316
CAGCCG	1.3033143925970316
CAGCCC	4.309669647763634
CACGGG	1.576574118001846
CACGGC	0.0
CACGCG	3.909943177791095
CACGCC	4.309669647763634
CACCGG	0.0
CACCGC	0.0
CACCCG	0.0
CACCCC	3.5626961112286555
CTGGGG	1.910196497709439
CTGGGC	0.6316446679483646
CTGGCG	0.6316446679483645
CTGGCC	5.221648493047965
GCCCGA	0.0
GCCCGT	3.13298909582878
CCCAGG	1.3033143925970314
CCCAGC	4.309669647763633
GCCCCA	2.1548348238818176
GCCCCT	3.453284970932928
CCCACG	2.1548348238818167
CCCACC	7.125392222457311
CGTGGG	1.528157198167551
CGTGGC	0.6316446679483646
CGTGCG	0.6316446679483645
CGTGCC	1.044329698609593
CAGGGG	3.3374720914811293
CAGGGC	0.0
CAGGCG	1.576574118001846
CAGGCC	0.0
GCCGGA	0.7882870590009231
GCCGGT	1.263289335896729
ACGCGG	0.788287059000923
ACGCGC	1.3033143925970316
GCCGCA	3.909943177791095
GCCGCT	1.044329698609593
ACGCCG	2.6066287851940633
ACGCCC	0.0
CGTCGG	0.6316446679483646
CGTCGC	1.0443296986095931
CGTCCG	1.0443296986095931
CGTCCC	0.0
GCCCAG	2.6066287851940633
GCCCAC	6.464504471645451
GCCCTG	5.221648493047965
GCCCTC	3.453284970932928
GCCAGG	1.5765741180018462
GCCAGC	3.9099431777910953
GCCACG	3.9099431777910953
GCCACC	0.0
CGGAGG	2.3839086367722357
CGGAGC	0.7882870590009231
CGGACG	0.0
CGGACC	0.0
GCCTGG	1.8949340038450937
GCCTGC	2.0886593972191863
GCCTCG	1.0443296986095931
GCCTCC	3.453284970932928
GCCGAG	2.364861177002769
GCCGAC	0.0
GCCGTG	0.0
GCCGTC	1.044329698609593
GCGCAG	0.0
GCGCAC	0.0
GCGCTG	0.6316446679483645
GCGCTC	0.0
GCGCGA	0.7882870590009231
GCGCGT	0.0
ACCGGG	0.0
ACCGGC	0.0
GCGCCA	1.3033143925970316
GCGCCT	2.088659397219186
ACCGCG	0.0
ACCGCC	2.154834823881817
CGGTGG	0.38203929954188776
CGGTGC	1.2632893358967292
CGGTCG	0.6316446679483645
CGGTCC	0.0
CGGCCA	0.0
CGGCCT	1.044329698609593
AGGCGG	1.4303451820633415
AGGCGC	0.7882870590009231
CGGGAG	0.47678172735444707
CGGGAC	0.788287059000923
CGGGTG	0.38203929954188776
CGGGTC	0.6316446679483646
CGGGGA	1.9071269094177883
CGGGGT	1.5281571981675508
AGGCCG	0.7882870590009231
AGGCCC	6.516571962985159
CGGGCA	0.7882870590009231
CGGGCT	0.0
CCCTGG	0.0
CCCTGC	5.179927456399391
GCGGGA	0.9535634547088941
GCGGGT	0.3820392995418877
CCCTCG	1.7266424854664637
CCCTCC	0.0
GCGGCA	0.0
GCGGCT	3.1582233397418227
AGCGGG	0.47678172735444707
AGCGGC	0.788287059000923
CGGCAG	0.0
CGGCAC	0.0
CGGCTG	0.6316446679483645
CGGCTC	1.044329698609593
CGGCGA	1.5765741180018462
CGGCGT	1.263289335896729
AGCGCG	1.576574118001846
AGCGCC	1.3033143925970316
GCGAGG	0.0
GCGAGC	0.7882870590009231
GCGACG	0.7882870590009231
GCGACC	1.3033143925970319
CGCAGG	0.0
CGCAGC	0.0
CGCACG	0.0
CGCACC	2.1548348238818176
GCGTGG	0.0
GCGTGC	0.6316446679483646
GCGTCG	0.6316446679483645
GCGTCC	2.088659397219186
GCGGAG	1.9071269094177883
GCGGAC	0.788287059000923
GCGGTG	1.528157198167551
GCGGTC	0.0
GCACGG	0.0
GCACGC	0.0
GCACCG	2.6066287851940633
GCACCC	2.154834823881817
CGCTGG	0.0
CGCTGC	0.0
CGCTCG	1.0443296986095931
CGCTCC	1.726642485466464
GCTGGG	2.6742750967932145
GCTGGC	3.158223339741823
GCTGCG	0.0
GCTGCC	1.044329698609593
GCTCGG	0.0
GCTCGC	1.0443296986095931
GCTCCG	0.0
GCTCCC	0.0
GCAGGG	2.8606903641266825
GCAGGC	1.576574118001846
GCAGCG	0.0
GCAGCC	3.909943177791095
CGCGAG	0.0
CGCGAC	0.0
CGCGTG	0.6316446679483645
CGCGTC	0.0
CGCGGA	1.5765741180018462
CGCGGT	0.6316446679483645
AGCCGG	1.576574118001846
AGCCGC	5.2132575703881265
CGCGCA	0.0
CGCGCT	2.088659397219186
AGCCCG	0.0
AGCCCC	2.154834823881817
GGCCCA	2.6066287851940633
GGCCCT	2.088659397219186
CGACGG	1.576574118001846
CGACGC	0.0
CGCCAG	0.0
CGCCAC	2.154834823881817
CGCCTG	1.0443296986095931
CGCCTC	0.0
CGCCGA	2.6066287851940637
CGCCGT	0.0
CGACCG	0.0
CGACCC	0.0
CGCCCA	0.0
CGCCCT	5.179927456399392
CCCCAG	2.1548348238818167
CCCCAC	3.5626961112286555
GGCGGA	0.9535634547088941
GGCGGT	0.7640785990837754
CCCCTG	1.7266424854664637
CCCCTC	0.0
GGCGCA	0.7882870590009231
GGCGCT	0.6316446679483645
CCCCGA	0.0
CCCCGT	1.7266424854664637
GGCCAG	0.7882870590009231
GGCCAC	1.3033143925970319
GGCCTG	1.8949340038450935
GGCCTC	3.132989095828779
GGCCGA	2.364861177002769
GGCCGT	0.6316446679483645
CCCCCA	3.5626961112286555
CCCCCT	8.564232952257504
GGGCCA	1.5765741180018462
GGGCCT	2.526578671793458
GGCAGG	1.4303451820633415
GGCAGC	0.7882870590009231
GGCACG	0.7882870590009231
GGCACC	2.6066287851940637
GGCTGG	1.528157198167551
GGCTGC	2.5265786717934584
GGCTCG	0.0
GGCTCC	2.088659397219186
GGCGAG	0.0
GGCGAC	0.788287059000923
GGCGTG	1.1461178986256633
GGCGTC	1.2632893358967292
GGGGCA	1.4303451820633413
GGGGCT	3.4383536958769887
CCAGGG	2.3648611770027688
CCAGGC	0.0
CCAGCG	0.0
CCAGCC	0.0
GGGCAG	1.9071269094177883
GGGCAC	2.3648611770027688
GGGCTG	3.820392995418877
GGGCTC	1.8949340038450933
GGGCGA	0.0
GGGCGT	1.146117898625663
GGGTGG	1.1553491527802116
GGGTGC	2.292235797251326
GGGTCG	0.3820392995418877
GGGTCC	1.2632893358967288
CCACGG	3.909943177791094
CCACGC	8.619339295527267
CCACCG	0.0
CCACCC	0.0
GGGGAG	1.4418657070635996
GGGGAC	0.0
GGGGTG	2.7728379666725074
GGGGTC	1.9101964977094386
GGGGGA	1.4418657070635996
GGGGGT	3.4660474583406344
GGACGG	0.0
GGACGC	0.0
GGACCG	0.7882870590009231
GGACCC	1.3033143925970319
GGTGGG	0.6932094916681272
GGTGGC	1.528157198167551
GGTGCG	0.7640785990837755
GGTGCC	2.5265786717934584
GGTCGG	0.0
GGTCGC	0.0
GGTCCG	0.6316446679483645
GGTCCC	2.088659397219186
GGGAGG	0.8651194242381598
GGGAGC	0.9535634547088941
GGGACG	0.47678172735444707
GGGACC	0.0
GTGCGG	0.38203929954188776
GTGCGC	0.6316446679483646
GTGCCG	1.263289335896729
GTGCCC	3.132989095828779
GTCGGG	0.38203929954188776
GTCGGC	0.0
GTCGCG	0.6316446679483645
GTCGCC	0.0
GTCCGG	0.6316446679483646
GTCCGC	0.0
GTCCCG	1.0443296986095931
GTCCCC	0.0
GGAGGG	2.8837314141271997
GGAGGC	2.3839086367722357
GGAGCG	0.9535634547088941
GGAGCC	2.3648611770027688
GACGGG	0.0
GACGGC	0.788287059000923
GACGCG	1.576574118001846
GACGCC	0.0
CCTGGG	3.1582233397418222
CCTGGC	1.044329698609593
CCTGCG	1.044329698609593
CCTGCC	1.7266424854664637
GACCGG	0.788287059000923
GACCGC	0.0
GACCCG	0.0
GACCCC	0.0
GTGGGG	1.6174888138922967
GTGGGC	1.1461178986256633
GTGGCG	0.7640785990837755
GTGGCC	2.5265786717934584
TCCCGG	2.088659397219186
TCCCGC	0.0
TCCCCG	0.0
TCCCCC	0.0
CCTCGG	0.0
CCTCGC	0.0
CCTCCG	1.7266424854664637
CCTCCC	0.0
GAGGGG	4.902343404016239
GAGGGC	0.9535634547088944
GAGGCG	1.9071269094177883
GAGGCC	2.3648611770027688
GAGCGG	0.4767817273544472
GAGCGC	0.0
GAGCCG	1.5765741180018462
GAGCCC	1.3033143925970319
TCGGGG	1.1461178986256633
TCGGGC	0.6316446679483646
TCGGCG	0.0
TCGGCC	0.0
CCGAGG	1.576574118001846
CCGAGC	0.0
CCGACG	0.0
CCGACC	0.0
TCGCGG	1.2632893358967292
TCGCGC	2.0886593972191863
TCGCCG	0.0
TCGCCC	5.179927456399392
TCCGGG	1.263289335896729
TCCGGC	1.044329698609593
TCCGCG	0.0
TCCGCC	0.0
TGGCGG	1.1461178986256633
TGGCGC	0.6316446679483646
TGGCCG	1.263289335896729
TGGCCC	3.132989095828779
CCGTGG	0.6316446679483644
CCGTGC	1.044329698609593
CCGTCG	1.044329698609593
CCGTCC	3.4532849709329274
TGCGGG	1.528157198167551
TGCGGC	2.5265786717934584
TGCGCG	0.0
TGCGCC	0.0
TGCCGG	0.6316446679483646
TGCCGC	1.0443296986095931
TGCCCG	0.0
TGCCCC	1.726642485466464
TGGGGG	2.0796284750043816
TGGGGC	1.1461178986256633
TGGGCG	0.0
TGGGCC	1.2632893358967292
CCGGAG	0.7882870590009228
CCGGAC	1.3033143925970314
CCGGTG	0.0
CCGGTC	1.044329698609593
CCGGGA	0.7882870590009228
CCGGGT	0.6316446679483643
CCGGCA	0.0
CCGGCT	1.044329698609593
ACCCGG	1.3033143925970314
ACCCGC	2.1548348238818167
ACCCCG	2.1548348238818167
ACCCCC	10.688088333685966
CCGCAG	0.0
CCGCAC	2.1548348238818167
CCGCTG	0.0
CCGCTC	1.7266424854664637
CCGCGA	0.0
CCGCGT	0.0
CCGCCA	2.1548348238818167
CCGCCT	0.0
CCCGGG	1.5106374975860388
CCCGGC	0.0
CCCGCG	0.0
CCCGCC	4.129427533905854
GCCCGG	0.0
GCCCGC	0.0
GCCCCG	0.0
GCCCCC	4.129427533905855
GCCGGG	1.8273656716331492
GCCGGC	0.0
GCCGCG	1.5106374975860388
GCCGCC	0.0
GCGCGG	0.9136828358165746
GCGCGC	0.0
GCGCCG	1.5106374975860388
GCGCCC	0.0
CGGCCG	0.0
CGGCCC	0.0
CGGGGG	1.6578755508184464
CGGGGC	0.9136828358165746
CGGGCG	0.9136828358165746
CGGGCC	3.0212749951720776
GCGGGG	1.6578755508184464
GCGGGC	1.8273656716331492
GCGGCG	2.7410485074497237
GCGGCC	0.0
CGGCGG	0.9136828358165746
CGGCGC	0.0
CGCGGG	1.8273656716331492
CGCGGC	0.0
CGCGCG	0.0
CGCGCC	2.4976124752015525
GGCCCG	3.0212749951720776
GGCCCC	4.995224950403105
CGCCGG	1.510637497586039
CGCCGC	0.0
CGCCCG	2.497612475201553
CGCCCC	0.0
GGCGGG	0.5526251836061488
GGCGGC	2.7410485074497237
GGCGCG	0.0
GGCGCC	3.0212749951720776
GGCCGG	0.9136828358165746
GGCCGC	0.0
CCGGCG	0.0
CCGGCC	0.0
CCGCCG	0.0
CCGCCC	4.129427533905854
GGGGCG	2.2105007344245946
GGGGCC	0.9136828358165746
GGGGGG	5.682177542284114
GGGGGC	4.42100146884919
GGGCCG	1.8273656716331492
GGGCCC	0.0
CCGGGG	1.8273656716331488
CCGGGC	1.5106374975860384
GGGCGG	0.5526251836061488
GGGCGC	1.8273656716331492
CCCCGG	0.0
CCCCGC	0.0
CCGCGG	1.5106374975860388
CCGCGC	0.0
CCCCCG	0.0
CCCCCC	6.827388927260907
