	Ophiopholis_aculeata 6-mer OE values GC sorted
AATTAA	0.9595201035303795
AATTAT	0.7934653131816565
AATTTA	1.03760848646832
AATTTT	2.7177728083953743
ATTTAA	1.2207158664333178
ATTTAT	1.2424104266950282
ATTTTA	2.018916943379421
ATTTTT	2.7660730620339575
TAAAAA	1.5838456714049844
TAAAAT	0.9115440983538605
ATTAAA	1.0074961087068985
ATTAAT	0.9765726931466541
ATTATA	0.9765726931466541
ATTATT	0.7765065166843926
TAAATA	0.7676160828243037
TAAATT	0.610357933216659
TAATAA	1.2953521397660124
TAATAT	1.4648590397199812
TAATTA	0.48828634657332703
TAATTT	1.5530130333687853
ATATTA	0.9765726931466541
ATATTT	1.3977117300319069
TATAAA	1.1034481190599363
TATAAT	0.9765726931466541
ATATAA	1.0074961087068985
ATATAT	0.8545011065033223
TATTAA	1.1596800731116517
TATTAT	0.7765065166843926
ATAAAA	1.6215562826289127
ATAAAT	0.8635680931773415
ATAATA	0.7676160828243037
ATAATT	0.8545011065033226
TTTTTA	1.9757664728813988
TTTTTT	6.535359321438213
TATTTA	1.397711730031907
TATTTT	2.173343120169538
TATATA	0.8545011065033223
TATATT	1.0094584716897106
AAAAAA	2.1934855628369934
AAAAAT	1.5838456714049844
TTAAAA	1.2473761345894936
TTAAAT	0.610357933216659
TTATAA	1.4038232463983156
TTATAT	0.776506516684393
TTATTA	1.2424104266950287
TTATTT	1.876978149237329
TTAATA	1.7090022130066451
TTAATT	1.3200610783634676
TTTATA	1.4753623817003465
TTTATT	2.4697080911017486
TTTTAA	1.4753623817003465
TTTTAT	2.6672847383898883
TTTAAA	0.9765726931466543
TTTAAT	1.3977117300319075
AAATTA	0.8155920880008227
AAATTT	1.098644279789986
AATAAA	1.8101093387485536
AATAAT	0.9115440983538605
AATATA	0.6716640724712658
AATATT	1.098644279789986
AAATAA	1.3575820040614153
AAATAT	0.6716640724712657
AAAATA	1.4330032265092716
AAAATT	1.4392801552955692
AAAACT	1.1348627689889645
AAAACA	1.6354010498939777
AAAAGT	1.340500330345934
AAAAGA	2.388328561310037
AAAATC	0.8196231109364743
AAAATG	1.1617669529664763
AAATCT	0.8021052417720491
AAATCA	0.6304793161049803
AAATAC	0.7565751793259763
AAATAG	1.519233707725392
AAACTT	1.042736814303664
AAACTA	1.0718148373784664
TTGAAT	0.8678565364509783
TTGAAA	0.9095491332617407
AATATC	0.8823157659492541
AATATG	0.6821618499463055
AATAAC	1.0087669057679682
AATAAG	1.8767004624843076
AAATGT	0.45477456663087035
AAATGA	1.1617669529664763
AAATTC	0.8021052417720491
AAATTG	0.45477456663087035
TTAGAT	0.8678565364509783
TTAGAA	1.0232427749194584
TTATCT	0.7789393197842301
TTATCA	0.4081801273690446
TTTAAC	1.7347655413184395
TTTAAG	1.0124992925261416
TTACTT	0.9087625397482685
TTACTA	1.1224953502648727
TTACAT	0.4081801273690445
TTACAA	0.8021052417720491
AAGTTT	1.3017848046764673
AAGTTA	1.0232427749194581
AAGTAT	0.7958554916040229
AAGTAA	0.8936668868972893
TTTTAC	1.947348299460575
TTTTAG	1.6561501524600921
TTTACT	1.2982321996403836
TTTACA	1.0204503184226115
TTTAGT	1.2881167852467386
TTTAGA	0.7232137803758154
TTTATC	0.9087625397482684
TTTATG	1.6561501524600921
AAGATT	1.0232427749194581
AAGATA	1.251133641656205
AAGAAT	1.5192337077253917
AAGAAA	2.5990634343668044
TTATGT	0.36803336721335383
TTATGA	1.4464275607516308
TTATTC	1.4280554196044217
TTATTG	1.1041001016400613
TTATAC	1.428630445791656
TTATAG	0.8678565364509784
TTAACT	1.4286304457916559
TTAACA	1.2031578626580737
TTAGTT	1.6561501524600923
TTAGTA	0.7232137803758154
TTAAAC	1.1229473384808688
TTAAAG	1.5917109832080463
CTATTT	1.2982321996403834
CTATTA	1.4286304457916559
CTATAT	0.8163602547380889
CTATAA	0.6416841934176392
AAAAAC	1.2884977968861644
AAAAAG	2.4585735189956264
TTAAGT	0.43392826822548913
TTAAGA	1.2506300582348935
TTAATC	0.816360254738089
TTAATG	1.3017848046764675
TACTTT	1.168408979676345
TACTTA	1.4286304457916559
TACTAT	0.91840528658035
TACTAA	1.1229473384808686
TTCTTT	2.312282665072534
TTCTTA	2.7262876192448053
TTCATT	0.9087625397482685
TTCATA	0.714315222895828
TTCAAT	0.7143152228958279
TTCAAA	0.8021052417720491
AACATT	0.9625262901264588
AACATA	0.5043834528839841
AACAAT	1.1348627689889643
AACAAA	1.4371706196037985
TTGTTT	2.8093054168301523
TTGTTA	0.9200834180333844
TAGTTT	1.1041001016400611
TAGTTA	1.3017848046764673
TAGTAT	1.0124992925261413
TAGTAA	1.1369364165771756
CTAAAT	0.40105262088602456
CTAAAA	1.5761982902624507
TTCTAT	0.38946965989211507
TTCTAA	0.6122701910535668
TACATT	0.6122701910535666
TACATA	0.3208420967088196
TACAAT	0.16042104835440982
TACAAA	0.9457189741574704
AACTTT	1.6327205094761779
AACTTA	0.6416841934176392
AACTAT	0.9625262901264588
AACTAA	1.3240065638204583
CTAATT	1.4286304457916557
CTAATA	1.7646315318985077
TATCAT	0.3061350955267833
TATCAA	0.6416841934176392
TATGTT	0.7360667344267074
TATGTA	0.5785710243006521
TATCTT	1.4280554196044217
TATCTA	0.5102251592113056
TGAATT	0.7232137803758153
TGAATA	0.5684682082885879
TGAAAT	0.45477456663087035
TGAAAA	0.8936668868972895
TAGATT	0.5785710243006522
TAGATA	0.45477456663087035
TAGAAT	0.9095491332617407
TAGAAA	1.0724002642767474
TATAAC	0.6416841934176392
TATAAG	1.0232427749194581
TATGAT	1.1571420486013042
TATGAA	1.1369364165771756
TATTCT	1.5578786395684598
TATTCA	0.40818012736904447
TATTGT	1.1041001016400611
TATTGA	0.7232137803758151
TATTTC	0.9087625397482681
TATTTG	1.1041001016400611
TATTAC	0.8163602547380889
TATTAG	2.1696413411274453
TTTGAT	1.2881167852467386
TTTGAA	0.7232137803758154
TTTTCT	2.3122826650725337
TTTTCA	1.6877018595324984
TTTTGT	1.1705439236792299
TTTTGA	1.6561501524600921
TTTTTC	2.6426087600828962
TTTTTG	3.043414201565998
AATCTT	0.40818012736904447
AATCTA	0.5614736692404343
AATCAT	0.16042104835440982
AATCAA	0.6304793161049803
TTGATT	1.2881167852467386
TTGATA	0.28928551215032616
TAACAT	0.5614736692404344
TAACAA	1.1979107005994625
ATAAAC	1.1979107005994625
ATAAAG	1.6086003964151208
TATACT	1.2245403821071332
TATACA	0.4010526208860245
TATAGT	0.7232137803758151
TATAGA	0.5684682082885878
TATATC	0.7143152228958278
TATATG	0.867856536450978
TAATCT	0.6122701910535666
TAATCA	0.8823157659492539
ATATAC	0.3208420967088196
ATATAG	0.7958554916040229
ATAACT	0.962526290126459
ATAACA	0.8826710425469724
ATAAGT	0.7958554916040231
ATAAGA	1.7873337737945787
ATAATC	0.7218947175948442
ATAATG	1.1369364165771758
TAACTT	1.020450318422611
TAACTA	1.0427368143036637
TAAACT	0.8021052417720491
TAAACA	0.8826710425469724
ATAGAT	0.3410809249731527
ATAGAA	1.519233707725392
ATATCT	1.020450318422611
ATATCA	0.4812631450632294
ATATGT	0.433928268225489
ATATGA	1.1369364165771756
ATATTC	0.20409006368452223
ATATTG	0.867856536450978
TAAGTT	0.8678565364509782
TAAGTA	0.45477456663087024
TAAGAT	0.6821618499463054
TAAGAA	2.1448005285534943
ATACTT	1.020450318422611
ATACTA	1.0427368143036637
ATACAT	0.32084209670881964
ATACAA	0.6935272477154784
ATAGTT	0.7232137803758152
ATAGTA	1.5917109832080458
TAATGT	0.7232137803758151
TAATGA	0.9095491332617405
TAATTC	1.020450318422611
TAATTG	1.1571420486013042
TAATAC	0.8823157659492539
TAATAG	1.5917109832080458
TTTCAT	1.428055419604422
TTTCAA	1.3265854139493949
TTTGTT	2.8093054168301523
TTTGTA	0.5520500508200307
TTTCTT	1.3213043800414481
TTTCTA	0.9087625397482685
TTGTAT	0.36803336721335383
TTGTAA	0.5785710243006523
AATGTT	0.8678565364509782
AATGTA	0.3410809249731527
AATGAT	1.0232427749194581
AATGAA	0.8043001982075604
AATTCT	1.020450318422611
AATTCA	0.6416841934176392
AATTGT	0.14464275607516303
AATTGA	0.7958554916040229
TAAAGT	1.0232427749194584
TAAAGA	2.234167217243223
TAAATC	0.5614736692404344
TAAATG	0.6821618499463055
TGATTT	0.7360667344267074
TGATTA	0.8678565364509782
TGATAT	0.7232137803758152
TGATAA	0.9095491332617405
ATTAAC	1.0427368143036637
ATTAAG	1.1369364165771756
TAAAAC	1.8283900167044427
TAAAAG	1.251133641656205
ATTTAC	0.91840528658035
ATTTAG	1.735713072901956
ATTACT	0.8163602547380889
ATTACA	0.4812631450632294
ATTAGT	0.867856536450978
ATTAGA	0.6821618499463054
ATTATC	0.7143152228958278
ATTATG	0.5785710243006521
TGTTTT	3.277522986301844
TGTTTA	1.1041001016400613
TGTATT	0.3680333672133537
TGTATA	0.28928551215032605
TGTAAT	0.8678565364509782
TGTAAA	0.3410809249731527
ATTGTT	1.2881167852467381
ATTGTA	0.5785710243006521
ATTGAT	0.7232137803758152
ATTGAA	1.0232427749194581
ATTTCT	0.5192928798561534
ATTTCA	1.3265854139493944
ATTTGT	0.5520500508200306
ATTTGA	0.5785710243006521
ATTTTC	1.5578786395684598
ATTTTG	1.656150152460092
CTTTTT	2.4774457125777145
CTTTTA	1.4280554196044215
CTTTAT	1.6877018595324982
CTTTAA	1.5306754776339166
TGTTAT	0.7360667344267074
TGTTAA	0.8678565364509782
GTTTAT	0.7360667344267074
GTTTAA	0.5785710243006521
ATTCTT	2.33681795935269
ATTCTA	0.30613509552678336
ATTCAT	0.5102251592113055
ATTCAA	0.6416841934176392
CTTATT	1.8175250794965367
CTTATA	1.3265854139493947
CTTAAT	2.040900636845222
CTTAAA	1.6844210077213029
ACTTAT	0.7143152228958279
ACTTAA	2.005263104430123
ACTTTT	1.5578786395684603
ACTTTA	1.3265854139493949
TCATTT	0.5192928798561534
TCATTA	0.6122701910535667
TCATAT	0.5102251592113055
TCATAA	0.5614736692404343
TCAATT	0.6122701910535666
TCAATA	0.8823157659492539
TCAAAT	0.16042104835440982
TCAAAA	0.9457189741574704
ATGAAT	0.45477456663087035
ATGAAA	0.6255668208281027
GTTTTT	1.404652708415076
GTTTTA	2.3922168868868
TCTTTT	1.6516304750518096
TCTTTA	0.7789393197842299
TCTATT	0.9087625397482684
TCTATA	0.6122701910535667
TCTAAT	0.8163602547380889
TCTAAA	0.1604210483544098
ACTATT	1.2245403821071335
ACTATA	0.5614736692404344
ACTAAT	1.4437894351896885
ACTAAA	1.2609586322099606
ATGTTT	0.9200834180333843
ATGTTA	1.1571420486013042
ATGTAT	0.14464275607516303
ATGTAA	0.45477456663087024
ATGATT	0.8678565364509783
ATGATA	1.0232427749194584
CATTAT	1.0204503184226112
CATTAA	0.7218947175948442
ACAATT	0.8021052417720491
ACAATA	0.5043834528839842
ACAAAT	0.6304793161049803
ACAAAA	1.6849586574665225
TCTTAT	1.8175250794965365
TCTTAA	1.6327205094761779
ACATTT	1.3265854139493947
ACATTA	0.8021052417720491
ACATAT	0.4812631450632295
ACATAA	0.6935272477154784
GTTATT	0.5520500508200306
GTTATA	0.7232137803758152
GTTAAT	1.1571420486013042
GTTAAA	0.6821618499463054
GATAAT	0.9095491332617407
GATAAA	1.1617669529664763
GAATTT	1.8803558289771196
GAATTA	0.9095491332617407
GAATAT	0.7958554916040231
GAATAA	1.5192337077253921
GAAAAT	0.8936668868972897
GAAAAA	1.7561239421397332
CATAAT	0.4812631450632295
CATAAA	0.8826710425469724
GAAATT	0.34108092497315273
GAAATA	1.4298670190356633
CATATT	0.6122701910535667
CATATA	0.5614736692404344
CATTTT	1.2982321996403836
CATTTA	0.9184052865803504
AGTAAT	0.7958554916040231
AGTAAA	1.1617669529664763
AGTTTT	1.2881167852467381
AGTTTA	0.5785710243006521
AGTTAT	0.7232137803758152
AGTTAA	1.4780173415503284
GATTTT	1.472133468853415
GATTTA	1.8803558289771194
GATTAT	0.5785710243006521
GATTAA	1.3643236998926107
GATATT	0.7232137803758153
GATATA	1.2506300582348935
ATCATT	0.10204503184226112
ATCATA	0.2406315725316147
ATCAAT	0.4812631450632295
ATCAAA	0.5674313844944823
AGATAT	0.9095491332617407
AGATAA	0.9830335755870184
CAAATT	0.4812631450632295
CAAATA	0.5674313844944823
CAATAT	0.32084209670881964
CAATAA	1.5131503586519528
CAATTT	1.0204503184226112
CAATTA	0.962526290126459
GTATAT	1.1571420486013042
GTATAA	0.45477456663087024
ATCTTT	0.6491160998201917
ATCTTA	1.0204503184226112
ATCTAT	0.8163602547380889
ATCTAA	0.1604210483544098
AGTATT	1.4464275607516306
AGTATA	0.5684682082885879
AAACAT	1.2609586322099606
AAACAA	1.2389401893136196
GTAATT	0.14464275607516305
GTAATA	1.1369364165771758
CAAAAT	1.4501024270414546
CAAAAA	1.784073872611612
AGAATT	1.1369364165771758
AGAATA	1.69796708510485
AGAAAT	1.5192337077253923
AGAAAA	2.10734873056768
GTAAAT	0.6821618499463055
GTAAAA	0.8936668868972895
GTATTT	1.1041001016400611
GTATTA	0.8678565364509782
AGATTT	1.3017848046764675
AGATTA	1.1369364165771758
AATTTC	0.5102251592113055
AATTTG	0.5785710243006521
AATTAC	0.5614736692404343
AATTAG	0.5684682082885878
AATACT	1.1229473384808688
AATACA	0.6304793161049803
AATAGT	0.9095491332617407
AATAGA	1.429867019035663
AAAGTT	0.7958554916040229
AAAGTA	0.9830335755870183
AAAGAT	1.5192337077253917
AAAGAA	2.2478386459388577
AAAACC	1.4085313755808155
AAAACG	0.9395338117104169
AAAAGC	1.7616258969570318
AAAAGG	2.1640665001967383
AAATCC	0.7378637168542763
AAATCG	0.5976445031144505
AAACCT	1.6865456385240598
AAACCA	1.2428218019830723
AAACGT	0.4482333773358379
AAACGA	0.5872086323190107
AAACTC	0.6324546144465225
AAACTG	0.8964667546716758
AAACAC	0.9942574415864581
AAACAG	0.5872086323190107
GACTTT	0.4836530778474549
GACTTA	1.9008307505861644
GACTAT	0.5702492251758494
GACTAA	2.091755760900577
ATCCTT	1.0236474000240492
ATCCTA	1.3410304099122554
ATCCAT	0.0
ATCCAA	0.6324546144465225
CGAATT	0.1900830750586164
CGAATA	0.7470556288930631
GTAAGT	0.26943143985902396
GTAAGA	1.270688242088112
GTAATC	0.3801661501172329
GTAATG	1.3471571992951197
GACATT	0.5702492251758494
GACATA	0.4482333773358379
GACAAT	0.4482333773358379
GACAAA	0.5872086323190107
AGAAGT	1.4824696157694641
AGAAGA	1.664666538612876
AGAATC	0.0
AGAATG	0.423562747362704
AGAAAC	0.822092085246615
AGAAAG	1.6646665386128763
GTAAAC	0.5976445031144505
GTAAAG	1.4824696157694641
CGAAAT	0.5976445031144504
CGAAAA	1.0569755381742192
ATCGTT	0.0
ATCGTA	0.7603323002344657
ATCGAT	0.0
ATCGAA	0.29882225155722525
GTATTC	0.24182653892372746
GTATTG	1.3710988747052195
GTATAC	0.38016615011723287
GTATAG	0.2694314398590239
AGATAC	0.4482333773358379
AGATAG	1.270688242088112
AGAACT	1.6435223835647392
AGAACA	1.1744172646380215
CAAAGT	0.14941112577861262
CAAAGA	0.5872086323190107
CAAATC	0.5270455120387688
CAAATG	0.4482333773358379
CAAAAC	0.7456930811898436
CAAAAG	1.4093007175656256
GAGTTT	0.0
GAGTTA	0.8082943195770719
GAGTAT	0.8082943195770719
GAGTAA	1.270688242088112
AGAGTT	1.0777257594360956
AGAGTA	1.05890686840676
AGAGAT	1.05890686840676
AGAGAA	0.832333269306438
AGATCT	0.3801661501172329
AGATCA	0.5976445031144505
AGATGT	0.26943143985902396
AGATGA	0.635344121044056
AGATTC	0.5702492251758494
AGATTG	1.0777257594360958
GAGATT	1.3471571992951197
GAGATA	1.270688242088112
GAGAAT	0.635344121044056
GAGAAA	1.1652665770290132
AGACTT	1.7107476755275481
AGACTA	1.4941112577861264
AGACAT	0.0
AGACAA	0.9395338117104169
CAATGT	0.5702492251758494
CAATGA	1.0458778804502884
CAATTC	0.40230912297367666
CAATTG	0.19008307505861644
CAATAC	0.421636409631015
CAATAG	0.7470556288930632
GTAACT	0.7603323002344659
GTAACA	0.4482333773358379
ATCTCT	0.853039500020041
ATCTCA	0.5364121639649021
ATCTGT	0.7254796167711823
ATCTGA	0.7603323002344657
ATCTTC	0.853039500020041
ATCTTG	0.24182653892372746
ATCTAC	0.40230912297367655
ATCTAG	0.3801661501172328
GATGTT	0.3427747186763049
GATGTA	1.6165886391541435
AGTACT	0.3801661501172329
AGTACA	0.29882225155722525
AGTAGT	0.5388628797180479
AGTAGA	0.847125494725408
AGTATC	0.5702492251758494
AGTATG	1.0777257594360958
AGTAAC	0.29882225155722525
AGTAAG	1.270688242088112
CAAACT	0.8432728192620299
CAAACA	0.662838294390972
AGTTCT	1.2091326946186374
AGTTCA	0.5702492251758493
AGTTGT	0.3427747186763049
AGTTGA	1.3471571992951197
AGTTTC	0.7254796167711823
AGTTTG	1.0283241560289147
AGTTAC	0.5702492251758493
AGTTAG	1.6165886391541435
GATCTT	0.0
GATCTA	0.38016615011723287
GATCAT	0.3801661501172329
GATCAA	0.5976445031144505
GATGAT	0.5388628797180478
GATGAA	1.05890686840676
GATTCT	0.7254796167711823
GATTCA	0.38016615011723287
GATTGT	0.6855494373526098
GATTGA	1.0777257594360956
GATTTC	0.7254796167711823
GATTTG	1.3710988747052195
CTCTTT	1.953449362204542
CTCTTA	2.0472948000480984
AGTGTT	0.6855494373526098
AGTGTA	0.5388628797180478
AGTGAT	0.8082943195770718
AGTGAA	0.211781373681352
GATTAC	0.7603323002344657
GATTAG	1.3471571992951197
GATACT	1.1404984503516988
GATACA	0.4482333773358379
GATAGT	0.5388628797180479
GATAGA	0.847125494725408
GATATC	0.19008307505861646
GATATG	0.8082943195770719
AGTCTT	1.9346123113898197
AGTCTA	0.19008307505861644
AGTCAT	0.3801661501172329
AGTCAA	0.4482333773358379
ATCACT	0.6705152049561277
ATCACA	0.7378637168542763
ATCAGT	0.1900830750586164
ATCAGA	1.0458778804502884
ATCATC	0.40230912297367655
ATCATG	0.3801661501172328
ATCAAC	0.7378637168542763
ATCAAG	0.5976445031144505
GTAGTT	0.6855494373526098
GTAGTA	1.0777257594360956
GTAGAT	0.8082943195770718
GTAGAA	0.635344121044056
GAAGAT	0.847125494725408
GAAGAA	1.8311331924741636
GAATCT	0.19008307505861646
GAATCA	0.0
GATAAC	0.4482333773358379
GATAAG	0.635344121044056
GAACTT	0.5702492251758494
GAACTA	1.3447001320075138
GAACAT	0.4482333773358379
GAACAA	1.5267424440294277
AGGATT	3.7720401580263347
AGGATA	1.694250989450816
AGGAAT	3.17672060522028
AGGAAA	1.4981998847515885
GAATAC	1.195289006228901
GAATAG	2.11781373681352
GAAACT	0.8964667546716759
GAAACA	0.822092085246615
CTCATT	1.1942553000280574
CTCATA	0.5364121639649021
AGGTTT	0.6855494373526099
AGGTTA	1.6165886391541437
AGGTAT	1.6165886391541437
AGGTAA	1.05890686840676
GAAGTT	2.155451518872191
GAAGTA	0.423562747362704
GAAAGT	0.635344121044056
GAAAGA	1.664666538612876
CAAGTT	1.3305815254103153
CAAGTA	0.4482333773358379
CAAGAT	1.195289006228901
CAAGAA	1.4093007175656256
CGTATT	0.4836530778474549
CGTATA	0.5702492251758493
CTCTAT	1.0236474000240492
CTCTAA	1.3410304099122554
GAATGT	0.8082943195770719
GAATGA	0.635344121044056
GAATTC	0.3801661501172329
GAATTG	0.8082943195770719
CAACTT	1.2069273689210296
CAACTA	0.9486819216697836
CAACAT	0.3162273072232612
CAACAA	1.491386162379687
CTCAAT	0.6705152049561277
CTCAAA	0.9486819216697838
CAATCT	0.13410304099122553
CAATCA	0.5270455120387688
GAAATC	0.8964667546716758
GAAATG	0.635344121044056
GAAAAC	1.4093007175656258
GAAAAG	2.663466461780602
TCCTAT	1.3648632000320655
TCCTAA	1.6092364918947064
AGCATT	0.9504153752930823
AGCATA	0.7470556288930632
AGCAAT	1.4941112577861264
AGCAAA	0.46976690585520847
CGTAAT	0.5702492251758494
CGTAAA	0.7470556288930632
CATAGT	1.5206646004689317
CATAGA	0.7470556288930632
CATATC	0.40230912297367666
CATATG	1.1404984503516986
CATAAC	1.0540910240775376
CATAAG	0.8964667546716758
TCCATT	0.6824316000160328
TCCATA	0.13410304099122553
TCCAAT	0.5364121639649021
TCCAAA	0.9486819216697838
CATTGT	0.7254796167711826
CATTGA	0.5702492251758494
CATTTC	0.8530395000200411
CATTTG	0.48365307784745504
AGCTTT	2.4182653892372747
AGCTTA	1.5206646004689315
AGCTAT	1.3305815254103153
AGCTAA	1.643522383564739
TCCTTT	1.5193495039368659
TCCTTA	1.1942553000280574
GTATCT	0.7254796167711823
GTATCA	0.7603323002344657
GTATGT	0.3427747186763049
GTATGA	1.3471571992951197
GTACTT	0.24182653892372746
GTACTA	0.7603323002344657
GTACAT	0.19008307505861646
GTACAA	0.4482333773358379
ATGCTT	1.2091326946186374
ATGCTA	1.330581525410315
ATGCAT	1.1404984503516988
ATGCAA	0.8964667546716758
GTTAGT	0.6855494373526098
GTTAGA	1.3471571992951197
GTTATC	1.2091326946186374
GTTATG	0.3427747186763049
TCGTTT	0.6153106993854704
TCGTTA	0.0
TCGTAT	0.4836530778474549
TCGTAA	0.7603323002344657
CATGTT	1.6927857724660922
CATGTA	0.5702492251758493
CATGAT	0.7603323002344659
CATGAA	0.5976445031144505
CATTAC	0.2682060819824511
CATTAG	0.5702492251758493
CATACT	0.9387212869385787
CATACA	0.5270455120387688
CTGTAT	0.7254796167711823
CTGTAA	0.7603323002344657
TCTCAT	0.6824316000160328
TCTCAA	0.6705152049561277
CATCTT	1.0236474000240492
CATCTA	0.13410304099122553
CATCAT	0.26820608198245105
CATCAA	0.421636409631015
TCGATT	0.4836530778474549
TCGATA	0.19008307505861644
TCGAAT	0.3801661501172329
TCGAAA	0.7470556288930632
CTGAAT	0.5702492251758494
CTGAAA	0.7470556288930632
CTGTTT	1.8459320981564113
CTGTTA	0.9673061556949099
CATTCT	0.34121580000801643
CATTCA	0.5364121639649022
TCTGAT	0.4836530778474549
TCTGAA	0.7603323002344657
ACAAGT	0.0
ACAAGA	1.2918589911018235
ACAATC	0.421636409631015
ACAATG	1.4941112577861264
ACAAAC	0.9942574415864581
ACAAAG	0.23488345292760424
CTGATT	0.7254796167711823
CTGATA	0.9504153752930822
TCTCTT	1.08524964566919
TCTCTA	1.0236474000240492
ACATGT	0.3801661501172329
ACATGA	0.8964667546716758
ACATTC	0.40230912297367666
ACATTG	0.0
ACATAC	0.31622730722326126
ACATAG	0.29882225155722525
ACAACT	1.159500126485291
ACAACA	1.2428218019830723
TCTGTT	1.2306213987709407
TCTGTA	0.4836530778474549
GTTAAC	1.1404984503516986
GTTAAG	0.8082943195770718
ATGGTT	2.742197749410439
ATGGTA	1.0777257594360956
ATGGAT	2.155451518872191
ATGGAA	0.423562747362704
ATGTCT	0.7254796167711823
ATGTCA	0.5702492251758493
ATGTGT	1.0283241560289147
ATGTGA	0.5388628797180478
ATGTTC	0.4836530778474549
ATGTTG	1.0283241560289147
ACAGTT	0.5702492251758494
ACAGTA	0.8964667546716758
ACAGAT	0.5976445031144505
ACAGAA	0.8220920852466149
ACATCT	0.4023091229736766
ACATCA	0.31622730722326126
TCTTCT	0.8681997165353519
TCTTCA	1.3648632000320655
TCTTGT	0.9229660490782056
TCTTGA	0.9673061556949099
TCTTTC	1.5193495039368656
TCTTTG	2.7688981472346166
TCTTAC	1.706079000040082
TCTTAG	1.6927857724660917
TCTACT	0.853039500020041
TCTACA	0.4023091229736766
TCTAGT	0.7254796167711823
TCTAGA	0.7603323002344657
TCTATC	0.3412158000080164
TCTATG	1.2091326946186374
TCTAAC	0.9387212869385786
TCTAAG	0.3801661501172328
ACACTT	0.8046182459473531
ACACTA	1.3703183313007985
ACACAT	0.6324546144465224
ACACAA	0.662838294390972
TCATTC	0.3412158000080164
TCATTG	1.2091326946186374
TCACTT	1.3648632000320655
TCACTA	0.5364121639649021
TCACAT	0.8046182459473532
TCACAA	0.5270455120387688
ACTAAC	1.7919547409318137
ACTAAG	0.8964667546716758
CTTCTT	2.17049929133838
CTTCTA	1.0236474000240492
CTTCAT	0.5118237000120246
CTTCAA	1.2069273689210298
ATGTAC	0.9504153752930822
ATGTAG	1.6165886391541435
ATGACT	1.5206646004689317
ATGACA	0.8964667546716758
ATGAGT	0.8082943195770719
ATGAGA	1.05890686840676
ATGATC	0.7603323002344659
ATGATG	1.0777257594360958
ATGAAC	1.3447001320075138
ATGAAG	1.694250989450816
ACTACT	0.6705152049561277
ACTACA	1.1595001264852913
ACTAGT	1.1404984503516988
ACTAGA	0.8964667546716758
ACTATC	0.6705152049561277
ACTATG	1.330581525410315
TCAGTT	0.7254796167711823
TCAGTA	0.19008307505861644
TCAGAT	0.950415375293082
TCAGAA	0.5976445031144505
TCATCT	0.3412158000080164
TCATCA	0.8046182459473532
TCATGT	0.9673061556949099
TCATGA	0.5702492251758493
TCAATC	0.8046182459473531
TCAATG	0.0
ACTGTT	0.24182653892372746
ACTGTA	0.19008307505861644
ACTGAT	0.9504153752930823
ACTGAA	1.0458778804502884
ACTTCT	1.1942553000280576
ACTTCA	0.5364121639649022
ACTTGT	0.0
ACTTGA	0.7603323002344659
ACTTTC	0.8530395000200411
ACTTTG	0.9673061556949101
ACTTAC	0.8046182459473533
ACTTAG	1.330581525410315
CAGAAT	0.4482333773358379
CAGAAA	0.9395338117104169
ACTCTT	0.853039500020041
ACTCTA	1.0728243279298042
ACTCAT	0.8046182459473532
ACTCAA	1.0540910240775376
TCATAC	0.13410304099122553
TCATAG	0.1900830750586164
TCAACT	0.8046182459473532
TCAACA	0.6324546144465225
TCAAGT	0.7603323002344656
TCAAGA	1.0458778804502884
CAGTAT	0.9504153752930823
CAGTAA	0.29882225155722525
CTTTCT	1.302299574803028
CTTTCA	0.5118237000120246
ACGATT	0.19008307505861646
ACGATA	0.5976445031144505
ACGAAT	0.5976445031144505
ACGAAA	0.5872086323190107
TCAAAC	0.5270455120387688
TCAAAG	1.195289006228901
CAGATT	1.5206646004689317
CAGATA	0.5976445031144505
TGCAAT	0.7603323002344659
TGCAAA	0.8964667546716758
TGCTTT	1.5382767484636761
TGCTTA	0.9673061556949099
TGCTAT	0.7254796167711823
TGCTAA	0.9504153752930822
CGTTAT	0.4836530778474549
CGTTAA	0.19008307505861644
ACGTAT	0.19008307505861646
ACGTAA	0.7470556288930632
CTTGTT	1.2306213987709407
CTTGTA	0.0
CTTGAT	0.4836530778474549
CTTGAA	0.7603323002344657
CAGTTT	0.4836530778474549
CAGTTA	1.1404984503516986
TGGTAT	0.34277471867630493
TGGTAA	1.0777257594360958
CACTAT	0.9387212869385787
CACTAA	1.264909228893045
CACATT	0.6705152049561276
CACATA	0.7378637168542761
CACAAT	0.9486819216697836
CACAAA	0.7456930811898435
CGTTTT	0.6153106993854704
CGTTTA	0.24182653892372746
CTTACT	1.706079000040082
CTTACA	0.26820608198245105
ACGTTT	0.0
ACGTTA	0.5702492251758493
TGCATT	0.4836530778474549
TGCATA	1.5206646004689315
ATTCCT	0.6824316000160328
ATTCCA	0.5364121639649021
ATTCGT	0.7254796167711823
ATTCGA	0.19008307505861644
ATTCTC	0.853039500020041
ATTCTG	0.24182653892372746
GTTTGT	1.7443325519114954
GTTTGA	1.0283241560289147
GTTTTC	1.538276748463676
GTTTTG	1.7443325519114954
GTTTAC	1.4509592335423647
GTTTAG	0.3427747186763049
TGGATT	1.7138735933815243
TGGATA	0.5388628797180478
TGGAAT	1.0777257594360956
TGGAAA	1.270688242088112
CTTTGT	2.4612427975418814
CTTTGA	1.6927857724660922
CTTTTC	2.3875492204722173
CTTTTG	0.9229660490782055
CTTTAC	0.6824316000160328
CTTTAG	0.7254796167711822
TGGTTT	3.052581965845117
TGGTTA	0.3427747186763049
TGTGTT	0.8721662759557477
TGTGTA	1.0283241560289147
TGTGAT	0.34277471867630493
TGTGAA	0.8082943195770719
CACTTT	1.1942553000280574
CACTTA	1.743339532885932
TGTCTT	1.2306213987709407
TGTCTA	0.0
TGTCAT	0.4836530778474549
TGTCAA	0.38016615011723287
ACCATT	0.6705152049561276
ACCATA	1.5811365361163061
ACCAAT	0.7378637168542761
ACCAAA	1.5742409491785585
GTTACT	0.24182653892372746
GTTACA	0.5702492251758493
ATTCAC	0.40230912297367655
ATTCAG	0.3801661501172328
ATTGCT	0.7254796167711823
ATTGCA	0.38016615011723287
ATTGGT	0.3427747186763049
ATTGGA	1.6165886391541435
ATTGTC	0.0
ATTGTG	0.3427747186763049
CTTAAC	1.3410304099122552
CTTAAG	1.5206646004689313
TGTTCT	1.538276748463676
TGTTCA	0.4836530778474549
TGTTGT	0.0
TGTTGA	1.7138735933815243
TGTTTC	0.6153106993854703
TGTTTG	1.3082494139336216
TGTTAC	0.7254796167711823
TGTTAG	2.0566483120578294
TGTATC	0.4836530778474549
TGTATG	0.6855494373526098
TGTAAC	0.7603323002344657
TGTAAG	0.8082943195770718
ACCTTT	1.706079000040082
ACCTTA	1.6092364918947064
ACCTAT	0.26820608198245105
ACCTAA	1.264909228893045
CTTAGT	0.7254796167711823
CTTAGA	1.710747675527548
CTTATC	0.3412158000080164
CTTATG	1.6927857724660922
TGATGT	2.0566483120578294
TGATGA	0.8082943195770718
TGACTT	1.6927857724660922
TGACTA	1.1404984503516986
TGACAT	0.9504153752930823
TGACAA	0.5976445031144505
CTATCT	1.3648632000320655
CTATCA	0.4023091229736766
CTACTT	1.706079000040082
CTACTA	1.2069273689210298
CTACAT	0.6705152049561277
CTACAA	1.0540910240775376
TGTACT	0.7254796167711823
TGTACA	0.19008307505861644
TGTAGT	1.3710988747052195
TGTAGA	0.5388628797180478
ATTGAC	0.38016615011723287
ATTGAG	0.8082943195770718
ATTTCC	0.3412158000080164
ATTTCG	0.2418265389237274
ATTTGC	1.4509592335423644
ATTTGG	1.0283241560289142
TGAAGT	0.26943143985902396
TGAAGA	1.4824696157694641
CTAGTT	1.6927857724660922
CTAGTA	0.38016615011723287
CTAGAT	0.3801661501172328
CTAGAA	1.3447001320075136
TGAGTT	0.0
TGAGTA	0.8082943195770718
TGAGAT	1.0777257594360956
TGAGAA	0.423562747362704
TGATCT	0.4836530778474549
TGATCA	0.5702492251758493
ATTACC	0.6705152049561276
ATTACG	0.3801661501172328
ATTAGC	1.7107476755275477
ATTAGG	1.886020079013167
TGATTC	0.9673061556949099
TGATTG	1.0283241560289147
TGATAC	0.7603323002344657
TGATAG	0.8082943195770718
TGAACT	0.5702492251758494
TGAACA	1.195289006228901
ATACCT	0.8046182459473532
ATACCA	0.421636409631015
ATACGT	0.3801661501172328
ATACGA	0.5976445031144505
ATACTC	1.6092364918947062
ATACTG	0.7603323002344656
GTTGTT	0.8721662759557477
GTTGTA	0.3427747186763049
GTTGAT	2.3994230307341344
GTTGAA	1.8860200790131676
GTTTCT	0.0
GTTTCA	0.9673061556949099
ATACAC	0.6324546144465225
ATACAG	0.29882225155722525
ATAGCT	0.7603323002344656
ATAGCA	0.44823337733583785
ATAGGT	0.8082943195770718
ATAGGA	3.17672060522028
ATAGTC	0.19008307505861644
ATAGTG	0.8082943195770718
TAAACC	2.002772945747321
TAAACG	0.5976445031144505
TAAAGC	1.0458778804502884
TAAAGG	2.11781373681352
ATAGAC	0.8964667546716757
ATAGAG	0.8471254947254079
ATATCC	0.6705152049561276
ATATCG	0.1900830750586164
ATATGC	0.3801661501172328
ATATGG	1.616588639154143
TAAGGT	0.8082943195770718
TAAGGA	1.4824696157694641
TAAGTC	0.7603323002344657
TAAGTG	0.8082943195770718
TAAGAC	1.3447001320075136
TAAGAG	1.4824696157694637
TAATCC	0.8046182459473531
TAATCG	0.1900830750586164
TAATGC	1.7107476755275477
TAATGG	1.616588639154143
ATAACC	0.9486819216697838
ATAACG	0.29882225155722525
ATAAGC	1.0458778804502884
ATAAGG	1.05890686840676
GTTCTT	2.1535874478491466
GTTCTA	0.4836530778474549
TAACCT	0.6705152049561277
TAACCA	1.5811365361163063
TAACGT	0.0
TAACGA	0.44823337733583785
TAACTC	1.0728243279298042
TAACTG	1.3305815254103148
TAACAC	2.002772945747321
TAACAG	0.5976445031144505
TAAGCT	1.1404984503516984
TAAGCA	0.5976445031144505
GTTCAT	0.0
GTTCAA	0.7603323002344657
GTGATT	0.3427747186763049
GTGATA	1.0777257594360956
GTGAAT	0.0
GTGAAA	0.847125494725408
CGATTT	0.7254796167711823
CGATTA	0.5702492251758493
CGATAT	0.3801661501172328
CGATAA	0.29882225155722525
TATACC	0.5364121639649021
TATACG	0.5702492251758492
TATAGC	0.5702492251758492
TATAGG	1.3471571992951192
TATTCC	0.1706079000040082
TATTCG	0.7254796167711822
TATTGC	0.2418265389237274
TATTGG	2.0566483120578285
GTGTAT	0.6855494373526099
GTGTAA	1.0777257594360958
GCTTTT	1.5382767484636761
GCTTTA	2.1764388503135472
GCTTAT	1.2091326946186374
GCTTAA	1.1404984503516986
GCTAAT	0.7603323002344659
GCTAAA	1.3447001320075138
GTGTTT	0.8721662759557477
GTGTTA	0.6855494373526098
AACCTT	1.0728243279298042
AACCTA	1.0540910240775374
AACCAT	2.002772945747321
AACCAA	1.6570957359774299
CCTTAT	1.7060790000400823
CCTTAA	1.6092364918947066
TATCAC	0.6705152049561276
TATCAG	0.1900830750586164
TATGCT	0.7254796167711823
TATGCA	0.7603323002344657
TATGGT	1.3710988747052195
TATGGA	1.0777257594360956
TATGTC	0.7254796167711823
TATGTG	0.3427747186763049
TATGAC	1.1404984503516986
TATGAG	1.6165886391541435
TATCTC	1.1942553000280574
TATCTG	0.9673061556949099
TGAATC	0.0
TGAATG	0.8082943195770719
TGAAAC	1.0458778804502884
TGAAAG	0.635344121044056
CTAAGT	1.1404984503516984
CTAAGA	1.3447001320075136
CTAATC	0.6705152049561276
CTAATG	0.7603323002344656
TAGACT	1.1404984503516988
TAGACA	0.7470556288930632
TAGAGT	0.8082943195770719
TAGAGA	0.635344121044056
TAGATC	1.1404984503516988
TAGATG	0.0
TAGAAC	1.195289006228901
TAGAAG	2.11781373681352
TATCCT	1.706079000040082
TATCCA	0.13410304099122553
TATCGT	0.24182653892372746
TATCGA	0.19008307505861644
GCTATT	1.4509592335423647
GCTATA	0.38016615011723287
GTCAAT	0.9504153752930823
GTCAAA	0.29882225155722525
CCTTTT	2.8216490787398945
CCTTTA	1.1942553000280578
GTCTAT	0.7254796167711823
GTCTAA	0.19008307505861644
GTCATT	0.4836530778474549
GTCATA	0.0
AACGTT	0.1900830750586164
AACGTA	0.44823337733583785
AACGAT	0.2988222515572252
AACGAA	0.7046503587828128
GCATTT	0.9673061556949099
GCATTA	0.7603323002344657
TTCCAT	0.6824316000160329
TTCCAA	0.8046182459473533
TAGGAT	2.155451518872191
TAGGAA	2.9649392315389282
TAGTCT	1.2091326946186374
TAGTCA	0.0
TAGTGT	1.3710988747052195
TAGTGA	1.0777257594360956
TAGTTC	0.7254796167711823
TAGTTG	1.7138735933815243
TAGTAC	0.38016615011723287
TAGTAG	1.6165886391541435
TTCGAT	0.9673061556949099
TTCGAA	0.7603323002344657
TTCTCT	1.08524964566919
TTCTCA	0.8530395000200413
TAGCTT	2.1764388503135472
TAGCTA	0.7603323002344657
TAGCAT	0.9504153752930823
TAGCAA	0.8964667546716758
TAGGTT	1.3710988747052195
TAGGTA	0.5388628797180478
CTAAAC	1.0540910240775376
CTAAAG	1.7929335093433516
TTCCTT	1.08524964566919
TTCCTA	0.8530395000200413
TTCACT	0.6824316000160329
TTCACA	0.6705152049561277
TACAGT	0.5702492251758492
TACAGA	0.5976445031144505
TACATC	0.26820608198245105
TACATG	0.3801661501172328
TACAAC	0.7378637168542763
TACAAG	1.4941112577861264
TTCGTT	0.3076553496927352
TTCGTA	1.2091326946186374
GCATAT	0.5702492251758492
GCATAA	0.8964667546716757
GTCTTT	1.230621398770941
GTCTTA	0.9673061556949099
AACTCT	1.2069273689210296
AACTCA	0.8432728192620299
AACTGT	0.1900830750586164
AACTGA	1.3447001320075136
AACTTC	0.8046182459473531
AACTTG	0.950415375293082
AACTAC	1.0540910240775374
AACTAG	0.747055628893063
TACTAC	0.8046182459473531
TACTAG	1.5206646004689313
TACACT	0.5364121639649021
TACACA	0.5270455120387688
TTCTGT	0.6153106993854704
TTCTGA	0.0
TTCTTC	1.3022995748030282
TTCTTG	0.6153106993854706
TTCTAC	0.8530395000200411
TTCTAG	0.9673061556949101
TTCAAC	0.9387212869385788
TTCAAG	1.9008307505861644
TACGTT	0.4836530778474549
TACGTA	0.38016615011723287
TACGAT	0.1900830750586164
TACGAA	0.7470556288930631
TACTCT	1.0236474000240492
TACTCA	1.3410304099122554
TACTGT	0.24182653892372746
TACTGA	0.7603323002344657
TACTTC	0.3412158000080164
TACTTG	0.7254796167711823
TTGCTT	1.230621398770941
TTGCTA	1.6927857724660922
TTGCAT	1.6927857724660922
TTGCAA	0.38016615011723287
TTGGTT	2.1804156898893696
TTGGTA	0.6855494373526099
CTAACT	1.0728243279298042
CTAACA	1.7919547409318137
TACCTT	1.3648632000320655
TACCTA	0.4023091229736766
TACCAT	0.26820608198245105
TACCAA	0.421636409631015
TTCAGT	0.24182653892372752
TTCAGA	0.3801661501172329
TTCATC	0.17060790000400822
TTCATG	0.9673061556949101
GCAAAT	0.5976445031144504
GCAAAA	0.5872086323190107
AACACT	1.1595001264852909
AACACA	1.1599670151842008
AACAGT	0.5976445031144504
AACAGA	0.23488345292760424
AACATC	0.7378637168542761
AACATG	0.8964667546716756
AACAAC	1.8228053095751728
AACAAG	0.7046503587828128
GGAATT	2.6943143985902394
GGAATA	2.753157857857576
CTATGT	1.4509592335423647
CTATGA	0.9504153752930822
CTATTC	1.0236474000240492
CTATTG	0.4836530778474549
CTATAC	0.5364121639649021
CTATAG	0.7603323002344656
GGAAAT	0.635344121044056
GGAAAA	2.3305331540580263
GCAATT	0.7603323002344656
GCAATA	1.3447001320075136
GGATTT	4.11329662411566
GGATTA	1.6165886391541437
GGATAT	1.3471571992951197
GGATAA	1.270688242088112
AAGCTT	1.5206646004689313
AAGCTA	1.4941112577861262
AAGCAT	0.2988222515572252
AAGCAA	1.0569755381742192
TTAAGC	1.5206646004689317
TTAAGG	1.6165886391541437
TTGGAT	0.6855494373526099
TTGGAA	1.8860200790131676
TTGTCT	0.3076553496927352
TTGTCA	0.24182653892372746
TTGTGT	0.43608313797787385
TTGTGA	0.6855494373526098
TTGTTC	0.9229660490782057
TTGTTG	2.180415689889369
TTATGC	1.2091326946186376
TTATGG	1.3710988747052197
TTAACC	1.7433395328859322
TTAACG	0.7603323002344657
CCAATT	0.8046182459473534
CCAATA	0.9486819216697839
CCAAAT	0.7378637168542764
CCAAAA	2.1542244567706597
CCATTT	0.8530395000200411
CCATTA	0.5364121639649022
CCTAAT	2.0115456148683832
CCTAAA	2.213591150562829
CCTATT	1.1942553000280576
CCTATA	1.20692736892103
AAGGTT	1.3471571992951195
AAGGTA	1.2706882420881118
AAGGAT	1.6942509894508158
AAGGAA	2.1640665001967383
GGTTAT	1.028324156028915
GGTTAA	0.8082943195770719
TTAGCT	1.9346123113898201
TTAGCA	1.3305815254103153
TTAGGT	1.028324156028915
TTAGGA	3.2331772783082875
TTAGTC	0.24182653892372752
TTAGTG	1.028324156028915
TTAGAC	1.1404984503516988
TTAGAG	1.0777257594360958
TTATCC	1.3648632000320657
TTATCG	0.7254796167711826
TTACCT	1.8766869000440904
TTACCA	0.5364121639649022
TTACGT	0.7254796167711826
TTACGA	0.5702492251758494
TTACTC	1.3648632000320657
TTACTG	0.7254796167711826
TTACAC	0.2682060819824511
TTACAG	0.9504153752930822
GGTATT	1.0283241560289147
GGTATA	1.3471571992951197
GGTAAT	0.5388628797180478
GGTAAA	1.270688242088112
AAGTCT	0.5702492251758492
AAGTCA	0.8964667546716757
AAGTGT	0.2694314398590239
AAGTGA	0.211781373681352
AAGTTC	1.1404984503516986
AAGTTG	1.0777257594360956
AAGTAC	0.44823337733583785
AAGTAG	0.0
TTTACC	2.047294800048099
TTTACG	0.48365307784745504
TTTAGC	1.4509592335423651
TTTAGG	2.3994230307341344
CCATAT	1.0728243279298044
CCATAA	1.264909228893045
GGTTTT	2.180415689889369
GGTTTA	1.3710988747052195
AAGACT	1.494111257786126
AAGACA	0.5872086323190107
AAGAGT	1.9060323631321676
AAGAGA	1.498199884751588
AAGATC	0.44823337733583785
AAGATG	1.9060323631321676
AAGAAC	1.8790676234208337
AAGAAG	1.498199884751588
TTTGAC	0.9673061556949101
TTTGAG	2.3994230307341344
TTTTCC	1.953449362204542
TTTTCG	2.4612427975418814
TTTTGC	1.538276748463676
TTTTGG	4.360831379778738
AATCCT	0.6705152049561277
AATCCA	0.421636409631015
AATCGT	0.0
AATCGA	0.29882225155722525
AATCTC	0.26820608198245105
AATCTG	0.950415375293082
AATCAC	0.84327281926203
AATCAG	0.8964667546716758
AATGCT	1.3305815254103148
AATGCA	0.7470556288930631
AATGGT	1.3471571992951197
AATGGA	1.270688242088112
TTGATC	1.6927857724660926
TTGATG	1.7138735933815248
TTTCAC	1.1942553000280576
TTTCAG	0.48365307784745504
TTTGCT	1.5382767484636761
TTTGCA	1.4509592335423647
TTTGGT	2.180415689889369
TTTGGA	1.3710988747052195
TTTGTC	1.230621398770941
TTTGTG	0.43608313797787385
TTTCCT	0.8681997165353521
TTTCCA	1.1942553000280578
TTTCGT	1.230621398770941
TTTCGA	1.4509592335423647
TTTCTC	1.08524964566919
TTTCTG	1.2306213987709411
TTGTAC	0.24182653892372752
TTGTAG	0.34277471867630493
TTGACT	1.2091326946186376
TTGACA	0.3801661501172329
TTGAGT	0.6855494373526099
TTGAGA	1.6165886391541437
AATGTC	0.7603323002344657
AATGTG	0.5388628797180478
AATGAC	1.195289006228901
AATGAG	1.0589068684067597
AATTCC	0.6705152049561276
AATTCG	0.3801661501172328
AATTGC	0.7603323002344656
AATTGG	1.0777257594360954
AATACC	0.84327281926203
AATACG	0.4482333773358379
AATAGC	1.3447001320075136
AATAGG	2.753157857857576
AAAGCT	1.3447001320075134
AAAGCA	1.1744172646380213
AAAGGT	1.6942509894508158
AAAGGA	2.330533154058026
AAAGTC	0.8964667546716757
AAAGTG	0.8471254947254079
AAAGAC	1.056975538174219
AAAGAG	2.663466461780601
TTGAAC	1.5206646004689317
TTGAAG	0.8082943195770719
AAATGC	0.44823337733583785
AAATGG	1.05890686840676
AAAGCC	1.3744461806885873
AAAGCG	0.5566273188070395
AAAGGC	1.6698819564211187
AAAGGG	2.7614512745903537
TTTCCC	1.996661524114127
TTTCCG	0.40430697336436355
TTTCGC	1.617227893457454
TTTCGG	0.5730810591369724
TTGACC	1.9067860733592914
TTGACG	0.0
TTGAGC	2.7027557139945384
TTGAGG	0.0
TTTGCC	2.4258418401861808
TTTGCG	0.5730810591369724
TTTGGC	2.8654052956848615
TTTGGG	3.249233102349471
TTACCC	2.2420531205311707
TTACCG	1.588988394466076
TTACGC	1.271190715572861
TTACGG	0.0
TTAGCC	2.2245837522525065
TTAGCG	0.0
TTAGGC	2.7027557139945384
TTAGGG	0.6384992135536821
TTGGAC	1.3513778569972692
TTGGAG	1.9154976406610464
TTGTCC	2.0215348668218174
TTGTCG	1.1461621182739448
TTGTGC	0.0
TTGTGG	0.0
CTATGC	0.9533930366796455
CTATGG	1.3513778569972688
TTGCTC	0.808613946728727
TTGCTG	1.719243177410917
TTGCAC	0.9533930366796456
TTGCAG	0.4504592856657564
TTGGCT	2.865405295684862
TTGGCA	0.4504592856657564
TTGGGT	0.8123082755873681
TTGGGA	1.2769984271073644
TTGGTC	1.1461621182739448
TTGGTG	1.624616551174736
CTAACC	2.1147870047286172
CTAACG	0.49959744136739165
TACCCT	1.7936424964249362
TACCCA	0.7049290015762057
TACCGT	1.2711907155728608
TACCGA	0.49959744136739165
TACCTC	2.017847808478053
TACCTG	1.2711907155728606
TACCAC	1.4098580031524115
TACCAG	0.49959744136739165
TTCAGC	0.9533930366796457
TTCAGG	0.900918571331513
TTGCCT	1.617227893457454
TTGCCA	0.9533930366796456
TTGCGT	1.1461621182739448
TTGCGA	0.9009185713315128
TACGCT	0.9533930366796455
TACGCA	0.24979872068369582
TACGGT	0.0
TACGGA	0.0
TACGTC	0.0
TACGTG	1.801837142663025
TACGAC	0.49959744136739165
TACGAG	0.35407481159485515
TACTCC	2.2420531205311702
TACTCG	0.6355953577864303
TACTGC	0.6355953577864303
TACTGG	0.9009185713315125
TACACC	1.0573935023643086
TACACG	0.49959744136739165
TTCTGC	0.4043069733643635
TTCTGG	1.719243177410917
TTCACC	0.6726159361593512
TTCACG	0.31779767889321525
TACAGC	0.49959744136739165
TACAGG	1.0622244347845653
TAGCCT	2.5423814311457216
TAGCCA	0.49959744136739165
TAGCGT	0.0
TAGCGA	0.3540748115948552
TTCGCT	0.808613946728727
TTCGCA	0.9533930366796456
TTCGGT	0.5730810591369724
TTCGGA	0.4504592856657564
TTCGTC	0.4043069733643635
TTCGTG	1.1461621182739448
TTCGAC	1.2711907155728608
TTCGAG	0.4504592856657564
TTCTCC	1.1409494423509297
TTCTCG	0.8086139467287271
TAGCTC	0.9533930366796456
TAGCTG	1.3513778569972692
TAGCAC	0.49959744136739176
TAGCAG	2.124448869569131
TAGGCT	2.2522964283287816
TAGGCA	0.35407481159485515
TAGGGT	2.5539968542147284
TAGGGA	1.003759922090865
TAGGTC	0.0
TAGGTG	0.6384992135536821
TTCCCT	1.1409494423509297
TTCCCA	0.8968212482124682
TTCCGT	0.0
TTCCGA	0.0
TTCCTC	1.1409494423509297
TTCCTG	0.40430697336436355
TTCCAC	0.8968212482124682
TTCCAG	0.9533930366796457
TAGGAC	1.0622244347845653
TAGGAG	5.520679571499758
TAGTCC	0.6355953577864303
TAGTCG	0.0
TAGTGC	0.4504592856657564
TAGTGG	0.6384992135536821
TAGACC	0.9991948827347835
TAGACG	0.0
TAGAGC	1.0622244347845655
TAGAGG	1.0037599220908653
TATCCC	1.1210265602655851
TATCCG	0.31779767889321514
TATCGC	0.31779767889321514
TATCGG	0.45045928566575627
CTAAGC	0.49959744136739165
CTAAGG	0.35407481159485515
TATGCC	0.9533930366796455
TATGCG	0.9009185713315125
TATGGC	1.3513778569972692
TATGGG	1.2769984271073642
TAACCC	1.7623225039405142
TAACCG	1.9983897654695666
TAACGC	0.49959744136739165
TAACGG	1.4162992463794206
TAAGCC	2.2481884861532624
TAAGCG	0.0
TAAGGC	0.35407481159485515
TAAGGG	0.5018799610454325
TGAACC	1.4987923241021752
TGAACG	0.3540748115948552
TGAAGC	1.0622244347845655
TGAAGG	2.509399805227163
CTAGGT	0.45045928566575627
CTAGGA	1.0622244347845653
CTAGTC	1.2711907155728606
CTAGTG	0.9009185713315125
CTAGAC	0.7493961620510875
CTAGAG	1.0622244347845653
CTATCC	0.44841062410623406
CTATCG	0.0
TGAGTC	0.9009185713315128
TGAGTG	0.6384992135536821
TGAGAC	1.4162992463794206
TGAGAG	0.5018799610454325
TGATCC	0.9533930366796455
TGATCG	2.2522964283287816
TGATGC	1.3513778569972692
TGATGG	0.6384992135536821
TGACCT	0.9533930366796456
TGACCA	0.24979872068369582
TGACGT	0.9009185713315128
TGACGA	0.0
TGACTC	1.5889883944660759
TGACTG	0.0
TGACAC	0.49959744136739176
TGACAG	1.0622244347845655
TGAGCT	4.054133570991807
TGAGCA	0.35407481159485515
TGAGGT	0.0
TGAGGA	2.00751984418173
ACCCTT	2.2420531205311702
ACCCTA	2.6434837559107716
ACCCAT	2.1147870047286172
ACCCAA	1.6622874343812333
CTACGT	0.3177976788932152
CTACGA	0.0
CTACTC	1.1210265602655851
CTACTG	0.6355953577864303
CTACAC	1.23362575275836
CTACAG	0.9991948827347833
TGTACC	0.31779767889321514
TGTACG	0.9009185713315125
TGTAGC	0.9009185713315128
TGTAGG	1.9154976406610462
CTAGCT	1.5889883944660756
CTAGCA	1.498792324102175
ACCGTT	0.3177976788932152
ACCGTA	1.498792324102175
ACCGAT	0.24979872068369582
ACCGAA	0.7853978175363355
ACCTCT	1.5694371843718191
ACCTCA	1.23362575275836
ACCTGT	1.2711907155728608
ACCTGA	0.24979872068369582
ACCTTC	0.6726159361593511
ACCTTG	0.31779767889321514
ACCTAC	1.5860902535464627
ACCTAG	0.7493961620510875
ACCACT	1.5860902535464627
ACCACA	0.8311437171906166
CTTAGC	0.9533930366796455
CTTAGG	2.2522964283287816
TGTTCC	0.4043069733643635
TGTTCG	0.0
TGTTGC	2.8654052956848615
TGTTGG	0.8123082755873677
CACCAT	1.4098580031524115
CACCAA	1.9393353401114388
CACGTT	0.3177976788932152
CACGTA	0.49959744136739165
TGTGCT	0.5730810591369723
TGTGCA	0.0
TGTGGT	0.812308275587368
TGTGGA	1.2769984271073642
TGTGTC	0.0
TGTGTG	0.0
TGTGAC	0.4504592856657564
TGTGAG	0.0
TGTCCT	2.021534866821817
TGTCCA	0.0
TGTCGT	0.5730810591369723
TGTCGA	0.0
TGTCTC	1.2129209200930904
TGTCTG	0.5730810591369723
TGTCAC	0.6355953577864303
TGTCAG	0.0
CACCTT	1.5694371843718191
CACCTA	1.5860902535464627
CTACCT	1.3452318723187022
CTACCA	1.0573935023643086
ACCAGT	0.7493961620510875
ACCAGA	0.5890483631522516
ACCATC	0.5286967511821542
ACCATG	1.9983897654695666
ACCAAC	1.800811387246336
ACCAAG	0.9817472719204196
ACGCTT	0.0
ACGCTA	0.7493961620510876
ACGCAT	0.24979872068369588
ACGCAA	0.19634945438408394
TGGATC	0.9009185713315128
TGGATG	3.19249606776841
TGGAAC	1.4162992463794206
TGGAAG	1.5056398831362976
CACGAT	0.49959744136739165
CACGAA	0.5890483631522516
CACTCT	0.8968212482124681
CACTCA	0.7049290015762057
CACTGT	0.3177976788932152
CACTGA	0.7493961620510875
CACTTC	0.6726159361593511
CACTTG	0.6355953577864303
CCCATT	1.1210265602655853
CCCATA	2.1147870047286172
CTTTGC	2.0215348668218174
CTTTGG	1.7192431774109167
CTTACC	2.4662584325842873
CTTACG	1.2711907155728606
TGGTCT	1.7192431774109167
TGGTCA	0.4504592856657564
TGGTGT	1.624616551174736
TGGTGA	0.0
TGGTTC	0.0
TGGTTG	5.686157929111574
TGGTAC	0.4504592856657564
TGGTAG	0.0
TGGACT	1.3513778569972688
TGGACA	0.7081496231897103
TGGAGT	2.5539968542147284
TGGAGA	0.5018799610454325
CACTAC	0.7049290015762057
CACTAG	0.7493961620510875
CACACT	0.7049290015762057
CACACA	0.5540958114604111
CACAGT	0.9991948827347833
CACAGA	1.1780967263045032
CACATC	0.3524645007881028
CACATG	1.2489936034184792
TGGGTT	0.812308275587368
TGGGTA	0.0
TGGGAT	0.0
TGGGAA	2.00751984418173
CGTTCT	0.0
CGTTCA	0.0
CGTTGT	0.5730810591369724
CGTTGA	1.3513778569972692
CGTTTC	0.4043069733643635
CGTTTG	1.1461621182739448
CCGTAT	0.9533930366796456
CCGTAA	0.7493961620510875
TGGCTT	2.8654052956848615
TGGCTA	1.3513778569972692
TGGCAT	0.4504592856657564
TGGCAA	0.3540748115948552
CCCAAT	0.8811612519702573
CCCAAA	2.9090030101671585
ACGGTT	0.4504592856657565
ACGGTA	0.3540748115948552
ACGGAT	0.0
ACGGAA	0.5566273188070398
ACGTCT	0.0
ACGTCA	0.0
ACGTGT	0.9009185713315128
ACGTGA	1.0622244347845655
ACGTTC	0.3177976788932152
ACGTTG	0.4504592856657564
CAGCTT	1.271190715572861
CAGCTA	1.2489936034184794
CAGCAT	0.7493961620510876
CAGCAA	0.9817472719204198
TGCATC	0.6355953577864304
TGCATG	2.252296428328782
TGCAAC	0.7493961620510876
TGCAAG	1.0622244347845655
CCGTTT	0.808613946728727
CCGTTA	0.3177976788932152
CACAAC	0.8311437171906166
CACAAG	0.3926989087681678
TGCTTC	0.808613946728727
TGCTTG	1.719243177410917
TGCTAC	2.2245837522525065
TGCTAG	1.8018371426630255
TGCACT	1.5889883944660759
TGCACA	0.9991948827347833
TGCAGT	0.0
TGCAGA	0.3540748115948552
CGTTAC	0.3177976788932152
CGTTAG	0.0
CAGACT	0.49959744136739176
CAGACA	0.3926989087681678
CAGGTT	0.4504592856657565
CAGGTA	0.7081496231897104
CAGGAT	1.770374057974276
CAGGAA	1.3915682970175993
CAGTCT	0.9533930366796456
CAGTCA	0.24979872068369582
TGCGTT	0.0
TGCGTA	1.3513778569972692
TGCGAT	0.0
TGCGAA	0.0
TGCTCT	1.617227893457454
TGCTCA	1.2711907155728608
TGCTGT	1.7192431774109171
TGCTGA	0.4504592856657564
ACGTAC	0.0
ACGTAG	0.3540748115948552
CTTGGT	2.292324236547889
CTTGGA	1.3513778569972692
CTTGTC	1.2129209200930904
CTTGTG	0.5730810591369723
CTTGAC	1.5889883944660756
CTTGAG	0.45045928566575627
CTTTCC	1.711424163526394
CTTTCG	1.617227893457454
CATCCT	0.44841062410623406
CATCCA	0.17623225039405144
TGCCTT	1.617227893457454
TGCCTA	0.6355953577864304
TGCCAT	0.9533930366796456
TGCCAA	0.9991948827347833
CAGTGT	0.0
CAGTGA	0.3540748115948552
CAGTTC	0.3177976788932152
CAGTTG	1.3513778569972692
CAGTAC	0.0
CAGTAG	1.0622244347845655
ACGACT	0.9991948827347835
ACGACA	0.3926989087681678
ACGAGT	0.0
ACGAGA	0.5566273188070398
ACGATC	0.24979872068369588
ACGATG	0.3540748115948552
ACGAAC	0.5890483631522517
ACGAAG	0.5566273188070396
ACTCCT	3.5872849928498725
ACTCCA	0.8811612519702571
CAGAGT	0.0
CAGAGA	0.5566273188070398
CAGATC	0.49959744136739176
CAGATG	1.0622244347845655
CAGAAC	0.9817472719204196
CAGAAG	1.391568297017599
ACTCGT	0.9533930366796456
ACTCGA	0.0
ACTCTC	1.5694371843718191
ACTCTG	0.9533930366796455
ACTCAC	1.4098580031524115
ACTCAG	0.49959744136739165
ACTGCT	0.6355953577864304
ACTGCA	0.49959744136739165
ACTGGT	1.8018371426630255
ACTGGA	2.124448869569131
ACTGTC	0.3177976788932152
ACTGTG	0.0
TCAACC	1.23362575275836
TCAACG	0.49959744136739165
TCAAGC	1.2489936034184792
TCAAGG	1.4162992463794206
ACTGAC	0.9991948827347835
ACTGAG	0.7081496231897104
ACTTCC	2.0178478084780536
ACTTCG	0.6355953577864305
ACTTGC	0.9533930366796457
ACTTGG	2.702755713994539
ACTACC	1.4098580031524115
ACTACG	0.0
ACTAGC	1.4987923241021752
ACTAGG	1.0622244347845655
TCAGAC	0.7493961620510875
TCAGAG	0.7081496231897103
TCATCC	0.22420531205311703
TCATCG	0.0
TCATGC	0.9533930366796455
TCATGG	1.3513778569972688
TCACGT	0.0
TCACGA	0.7493961620510875
TCACTC	1.3452318723187022
TCACTG	0.6355953577864303
TCACAC	0.8811612519702571
TCACAG	0.24979872068369582
TCAGCT	0.9533930366796455
TCAGCA	0.7493961620510875
TCAGGT	0.9009185713315125
TCAGGA	1.4162992463794206
TCAGTC	0.0
TCAGTG	0.0
CTTCGT	0.4043069733643634
CTTCGA	1.2711907155728606
CTTCTC	1.711424163526394
CTTCTG	0.0
CTTCAC	0.6726159361593511
CTTCAG	0.9533930366796455
TCTAGC	0.9533930366796455
TCTAGG	0.45045928566575627
TCACCT	0.6726159361593511
TCACCA	1.4098580031524115
CTTGCT	0.8086139467287268
CTTGCA	0.6355953577864303
ACACCT	1.5860902535464627
ACACCA	1.6622874343812333
ACACGT	0.49959744136739165
ACACGA	0.39269890876816776
ACACTC	0.5286967511821542
ACACTG	0.0
ACACAC	0.4155718585953083
ACACAG	1.3744461806885875
ACAGCT	1.4987923241021752
ACAGCA	1.1780967263045035
ACAGGT	0.3540748115948552
ACAGGA	2.226509275228159
ACAGTC	0.7493961620510876
ACAGTG	0.3540748115948552
ACAGAC	0.3926989087681678
ACAGAG	0.5566273188070396
ACATCC	0.7049290015762057
ACATCG	0.24979872068369582
ACATGC	0.24979872068369588
ACATGG	1.770374057974276
TCTTGC	0.4043069733643635
TCTTGG	1.1461621182739445
TCTACC	1.1210265602655851
TCTACG	0.0
ACAACC	1.5237634815161305
ACAACG	0.3926989087681678
ACAAGC	0.7853978175363356
ACAAGG	1.391568297017599
CATGCT	1.2711907155728608
CATGCA	1.498792324102175
TCTGCT	0.8086139467287268
TCTGCA	1.2711907155728606
TCTGGT	0.0
TCTGGA	0.9009185713315128
TCTGTC	0.4043069733643635
TCTGTG	0.5730810591369723
TCTGAC	1.2711907155728606
TCTGAG	0.45045928566575627
TCTTCC	0.855712081763197
TCTTCG	0.808613946728727
CTGAGT	0.4504592856657564
CTGAGA	0.0
CTGATC	0.6355953577864304
CTGATG	0.0
TCTCAC	0.6726159361593511
TCTCAG	1.5889883944660756
CATCGT	0.0
CATCGA	0.24979872068369582
CATCTC	1.3452318723187022
CATCTG	0.31779767889321514
CATCAC	0.5286967511821543
CATCAG	1.2489936034184792
TCGAGT	0.0
TCGAGA	0.3540748115948552
TCGATC	0.3177976788932152
TCGATG	0.0
TCGAAC	0.24979872068369588
TCGAAG	0.7081496231897104
TCTCCT	1.4261868029386617
TCTCCA	1.3452318723187022
TCTCGT	0.4043069733643634
TCTCGA	0.31779767889321514
TCTCTC	1.9966615241141266
TCTCTG	1.2129209200930904
CTGAAC	0.24979872068369588
CTGAAG	1.4162992463794208
CTTCCT	1.4261868029386617
CTTCCA	1.1210265602655851
AGCCTT	1.271190715572861
AGCCTA	2.497987206836959
AGCCAT	1.2489936034184794
AGCCAA	0.9817472719204198
CTGTGT	0.5730810591369724
CTGTGA	0.4504592856657564
CTGTTC	0.4043069733643635
CTGTTG	1.1461621182739448
TCGTCT	0.4043069733643635
TCGTCA	0.3177976788932152
TCGTGT	1.1461621182739448
TCGTGA	0.0
TCGTTC	0.4043069733643635
TCGTTG	0.0
TCGTAC	0.9533930366796456
TCGTAG	0.9009185713315128
TCGACT	0.9533930366796456
TCGACA	0.24979872068369582
TCGGTT	1.7192431774109167
TCGGTA	0.0
TCGGAT	0.4504592856657564
TCGGAA	1.4162992463794208
CATGGT	1.8018371426630255
CATGGA	1.4162992463794208
CATGTC	0.3177976788932152
CATGTG	0.4504592856657564
CATGAC	0.49959744136739176
CATGAG	1.0622244347845655
CATTCC	0.22420531205311706
CATTCG	0.0
CATACC	0.0
CATACG	0.24979872068369582
TCGCTT	0.808613946728727
TCGCTA	0.3177976788932152
TCGCAT	1.5889883944660759
TCGCAA	0.49959744136739165
CCGATT	0.9533930366796456
CCGATA	0.24979872068369582
CCGAAT	0.49959744136739165
CCGAAA	0.7853978175363355
CTGTAC	0.0
CTGTAG	0.9009185713315128
CTGACT	1.5889883944660759
CTGACA	0.9991948827347833
AGCGTT	0.900918571331513
AGCGTA	0.0
AGCGAT	0.3540748115948552
AGCGAA	0.5566273188070398
AGCTCT	1.9067860733592912
AGCTCA	1.498792324102175
AGCTGT	0.9009185713315128
AGCTGA	0.7081496231897104
CTGGTT	0.5730810591369723
CTGGTA	0.0
TCCATC	0.6726159361593511
TCCATG	0.6355953577864303
TCCAAC	1.23362575275836
TCCAAG	0.24979872068369582
CATTGC	1.271190715572861
CATTGG	0.900918571331513
CTGGAT	0.9009185713315128
CTGGAA	1.770374057974276
CTGTCT	1.2129209200930904
CTGTCA	0.3177976788932152
AGCTTC	0.9533930366796456
AGCTTG	0.9009185713315128
AGCTAC	1.4987923241021752
AGCTAG	0.7081496231897104
AGCACT	0.7493961620510876
AGCACA	0.9817472719204196
AGCAGT	1.770374057974276
AGCAGA	0.5566273188070398
CAACCT	1.23362575275836
CAACCA	1.246715575785925
TCCTGT	2.0215348668218174
TCCTGA	0.0
TCCTTC	0.855712081763197
TCCTTG	0.4043069733643635
TCCTAC	0.8968212482124681
TCCTAG	2.224583752252506
TCCACT	0.8968212482124681
TCCACA	0.5286967511821543
TCCAGT	0.6355953577864304
TCCAGA	0.49959744136739165
AGCATC	0.24979872068369588
AGCATG	0.0
AGCAAC	0.5890483631522517
AGCAAG	1.391568297017599
CCCTTT	2.2818988847018593
CCCTTA	2.0178478084780536
CGTAAC	0.9991948827347835
CGTAAG	0.0
CTGCTT	0.4043069733643635
CTGCTA	0.9533930366796456
TCCGAT	0.6355953577864304
TCCGAA	0.7493961620510875
TCCTCT	2.8523736058773235
TCCTCA	0.8968212482124681
CATAGC	0.24979872068369588
CATAGG	1.0622244347845655
CAACAC	1.1081916229208222
CAACAG	0.7853978175363356
CAAGCT	1.7485910447858712
CAAGCA	0.7853978175363356
CCTCAT	1.3452318723187024
CCTCAA	1.0573935023643086
TCCCTT	1.426186802938662
TCCCTA	1.1210265602655853
TCCCAT	0.6726159361593511
TCCCAA	1.4098580031524115
TCCGTT	0.0
TCCGTA	0.0
CTGCAT	1.2711907155728608
CTGCAA	1.7485910447858708
CCCTAT	1.7936424964249362
CCCTAA	3.5246450078810283
AGGCTT	1.3513778569972694
AGGCTA	0.7081496231897104
AGGCAT	1.4162992463794208
AGGCAA	0.8349409782105596
CTCAAC	1.0573935023643086
CTCAAG	1.498792324102175
CGTACT	0.6355953577864304
CGTACA	0.49959744136739165
CGTAGT	0.9009185713315128
CGTAGA	0.0
CCTCTT	3.7080856876405215
CCTCTA	1.3452318723187024
CAACGT	0.7493961620510875
CAACGA	0.19634945438408388
CAACTC	1.2336257527583598
CAACTG	0.0
GAAAGC	0.5566273188070396
GAAAGG	2.366958235363161
CAAGGT	1.0622244347845655
CAAGGA	1.9481956158246392
CAAGTC	0.0
CAAGTG	0.3540748115948552
CAAGAC	0.9817472719204196
CAAGAG	1.1132546376140793
CAATCC	0.5286967511821543
CAATCG	0.7493961620510875
CGTATC	0.6355953577864304
CGTATG	0.4504592856657564
AGGGTT	1.2769984271073642
AGGGTA	0.5018799610454325
AGGGAT	0.5018799610454325
AGGGAA	1.1834791176815804
CTCTAC	1.1210265602655851
CTCTAG	1.2711907155728606
CTCACT	2.2420531205311702
CTCACA	0.3524645007881029
CTCAGT	0.6355953577864304
CTCAGA	0.7493961620510875
GAATGC	1.0622244347845655
GAATGG	2.0075198441817306
GAAACC	0.19634945438408394
GAAACG	0.5566273188070398
CTCATC	1.1210265602655851
CTCATG	1.5889883944660756
AGGTCT	0.0
AGGTCA	0.7081496231897104
AGGTGT	1.2769984271073644
AGGTGA	0.5018799610454326
AGGTTC	0.0
AGGTTG	1.2769984271073642
AGGTAC	0.0
AGGTAG	1.0037599220908653
GAAGCT	1.0622244347845653
GAAGCA	1.391568297017599
GAAGGT	0.5018799610454325
GAAGGA	2.761451274590354
GAAGTC	0.7081496231897103
GAAGTG	0.0
GAAGAC	0.8349409782105596
GAAGAG	1.9724651961359672
GAATCC	0.0
GAATCG	0.0
GAACCT	0.24979872068369588
GAACCA	1.5707956350726713
GAACGT	0.0
GAACGA	0.5566273188070398
GAACTC	1.2489936034184794
GAACTG	0.7081496231897104
GAACAC	1.1780967263045035
GAACAG	1.6698819564211191
AGGACT	3.1866733043536963
AGGACA	0.5566273188070396
AGGAGT	3.011279766272595
AGGAGA	4.339423431499128
AGGATC	0.0
AGGATG	0.5018799610454325
AGGAAC	2.5048229346316786
AGGAAG	2.366958235363161
AGTCCT	0.6355953577864304
AGTCCA	0.7493961620510875
AGTCGT	0.4504592856657564
AGTCGA	0.7081496231897104
GATACC	0.24979872068369588
GATACG	0.3540748115948552
GATAGC	0.0
GATAGG	2.0075198441817306
AGTCTC	0.9533930366796456
AGTCTG	0.4504592856657564
AGTCAC	0.7493961620510876
AGTCAG	1.0622244347845655
CTCGAT	0.0
CTCGAA	0.7493961620510875
CTCTCT	2.281898884701859
CTCTCA	1.3452318723187022
CTCTGT	1.2129209200930904
CTCTGA	1.5889883944660759
CTCTTC	1.4261868029386617
CTCTTG	0.808613946728727
GATGAC	0.7081496231897103
GATGAG	1.5056398831362976
GATTCC	0.9533930366796455
GATTCG	0.9009185713315125
GATTGC	0.9009185713315128
GATTGG	0.0
AGTGCT	1.3513778569972688
AGTGCA	0.0
AGTGGT	0.0
AGTGGA	1.5056398831362976
AGTGTC	0.4504592856657564
AGTGTG	0.6384992135536821
AGTGAC	0.7081496231897103
AGTGAG	0.0
AGTTCC	0.9533930366796455
AGTTCG	0.9009185713315125
AGTTGC	2.7027557139945384
AGTTGG	1.2769984271073642
AGTACC	0.24979872068369588
AGTACG	0.3540748115948552
GATCTC	0.3177976788932152
GATCTG	0.4504592856657564
GATCAC	0.7493961620510876
GATCAG	0.0
GATGCT	1.3513778569972688
GATGCA	1.0622244347845653
GATGGT	1.2769984271073642
GATGGA	0.5018799610454325
GATGTC	0.4504592856657564
GATGTG	1.2769984271073642
AGTAGC	1.0622244347845655
AGTAGG	1.5056398831362978
CTCCTT	1.426186802938662
CTCCTA	2.914669056690522
CAAACC	2.0778592929765414
CAAACG	0.3926989087681678
GAGATC	0.0
GAGATG	1.003759922090865
GAGAAC	0.0
GAGAAG	2.761451274590354
GATCCT	0.9533930366796456
GATCCA	0.49959744136739165
GATCGT	2.252296428328782
GATCGA	0.3540748115948552
CTCCAT	1.1210265602655851
CTCCAA	1.23362575275836
CTCGTT	0.808613946728727
CTCGTA	0.6355953577864304
AGACCT	0.9991948827347835
AGACCA	2.159843998224923
AGACGT	0.0
AGACGA	0.2783136594035199
AGACTC	0.7493961620510876
AGACTG	0.7081496231897104
AGACAC	0.5890483631522517
AGACAG	1.391568297017599
GAGACT	2.1244488695691306
GAGACA	1.1132546376140793
GAGAGT	0.5018799610454325
GAGAGA	1.5779721569087737
CAATGC	0.49959744136739176
CAATGG	1.4162992463794208
GAGGTT	0.0
GAGGTA	1.5056398831362976
GAGGAT	1.003759922090865
GAGGAA	2.761451274590354
GAGTCT	0.900918571331513
GAGTCA	1.4162992463794208
GAGTGT	0.6384992135536822
GAGTGA	0.0
GAGTTC	1.3513778569972692
GAGTTG	1.2769984271073642
GAGTAC	0.3540748115948552
GAGTAG	1.5056398831362978
AGAGCT	2.4785236811639857
AGAGCA	0.8349409782105595
AGAGGT	1.003759922090865
AGAGGA	1.1834791176815804
AGAGTC	1.4162992463794206
AGAGTG	0.0
AGAGAC	1.391568297017599
AGAGAG	1.1834791176815804
AGATCC	0.7493961620510876
AGATCG	0.7081496231897104
AGATGC	2.124448869569131
AGATGG	2.0075198441817306
AGAACC	1.1780967263045037
AGAACG	0.5566273188070398
CAAAGC	0.7853978175363356
CAAAGG	1.6698819564211191
GAGCTT	0.900918571331513
GAGCTA	2.478523681163986
GAGCAT	0.3540748115948552
GAGCAA	0.5566273188070398
CGTGTT	0.5730810591369723
CGTGTA	0.9009185713315128
CGTGAT	1.3513778569972692
CGTGAA	0.3540748115948552
GACACT	0.7493961620510876
GACACA	0.1963494543840839
GACAGT	0.7081496231897104
GACAGA	0.8349409782105596
GACATC	0.0
GACATG	0.3540748115948552
GACAAC	0.7853978175363356
GACAAG	0.5566273188070396
AGAAGC	2.783136594035198
AGAAGG	1.5779721569087737
ATCCCT	0.8968212482124681
ATCCCA	1.23362575275836
ATCCGT	0.0
ATCCGA	0.9991948827347833
CGTCTT	0.4043069733643635
CGTCTA	0.3177976788932152
CGTCAT	0.0
CGTCAA	0.24979872068369582
GACTCT	1.2711907155728608
GACTCA	0.9991948827347833
GACTGT	0.0
GACTGA	0.7081496231897104
GACTTC	3.4957744678253673
GACTTG	1.3513778569972692
GACTAC	0.9991948827347835
GACTAG	1.770374057974276
GCCATT	0.3177976788932152
GCCATA	1.498792324102175
GCCAAT	0.9991948827347833
GCCAAA	0.5890483631522516
GCCTTT	1.617227893457454
GCCTTA	1.9067860733592912
GCCTAT	1.2711907155728608
GCCTAA	2.2481884861532624
CGGATT	0.4504592856657565
CGGATA	1.0622244347845655
CCTGAT	0.3177976788932152
CCTGAA	0.49959744136739165
GACGTT	0.4504592856657565
GACGTA	0.0
GACGAT	0.7081496231897104
GACGAA	0.0
GCGTAT	0.9009185713315128
GCGTAA	0.0
CGCATT	0.9533930366796456
CGCATA	0.49959744136739165
CGGTTT	1.1461621182739445
CGGTTA	0.4504592856657564
CGGTAT	0.9009185713315128
CGGTAA	0.0
GACCTT	0.9533930366796457
GACCTA	0.9991948827347835
GACCAT	0.49959744136739176
GACCAA	1.1780967263045037
CCTGTT	2.0215348668218174
CCTGTA	0.9533930366796456
CGGAAT	2.124448869569131
CGGAAA	1.1132546376140795
ATCCTC	0.8968212482124681
ATCCTG	0.0
ATCCAC	0.17623225039405144
ATCCAG	0.24979872068369582
CGAAGT	0.3540748115948551
CGAAGA	0.5566273188070395
CGAATC	0.0
CGAATG	0.7081496231897103
CGAAAC	0.0
CGAAAG	0.8349409782105593
GCGAAT	0.0
GCGAAA	0.5566273188070398
GTAAGC	0.7081496231897104
GTAAGG	0.0
GCGTTT	1.1461621182739445
GCGTTA	0.0
ATCGCT	0.6355953577864303
ATCGCA	0.24979872068369582
ATCGGT	0.45045928566575627
ATCGGA	0.35407481159485515
ATCGTC	0.31779767889321514
ATCGTG	0.45045928566575627
ATCGAC	0.24979872068369582
ATCGAG	0.7081496231897103
ATCTCC	1.1210265602655851
ATCTCG	0.6355953577864303
GTAACC	0.9991948827347835
GTAACG	0.3540748115948552
CGCAAT	0.24979872068369582
CGCAAA	0.19634945438408388
GCGATT	0.0
GCGATA	0.3540748115948552
ATCTGC	1.2711907155728606
ATCTGG	0.0
ATCACC	1.23362575275836
ATCACG	0.24979872068369582
ATCAGC	0.24979872068369582
ATCAGG	1.0622244347845653
ATGCCT	0.9533930366796456
ATGCCA	0.49959744136739165
GTAGTC	0.4504592856657564
GTAGTG	1.2769984271073642
GTAGAC	0.0
GTAGAG	0.0
GTATCC	0.6355953577864303
GTATCG	0.0
GTATGC	0.9009185713315128
GTATGG	0.0
GCTCAT	1.5889883944660759
GCTCAA	1.2489936034184792
GTACGT	0.9009185713315128
GTACGA	0.7081496231897104
GTACTC	0.9533930366796456
GTACTG	0.0
GTACAC	0.49959744136739176
GTACAG	0.3540748115948552
GTAGCT	0.9009185713315125
GTAGCA	1.0622244347845653
GTAGGT	0.0
GTAGGA	3.011279766272595
ATGCGT	1.3513778569972692
ATGCGA	0.0
ATGCTC	1.2711907155728608
ATGCTG	0.4504592856657564
ATGCAC	0.9991948827347835
ATGCAG	0.7081496231897104
ATGGCT	1.801837142663025
ATGGCA	1.0622244347845653
ATGGGT	0.0
ATGGGA	3.011279766272595
ATGGTC	0.4504592856657564
ATGGTG	1.2769984271073642
GTTAGC	1.8018371426630255
GTTAGG	1.9154976406610462
GTACCT	0.3177976788932152
GTACCA	0.49959744136739165
GCTCTT	2.0215348668218174
GCTCTA	1.5889883944660759
ATGGAC	1.0622244347845653
ATGGAG	1.003759922090865
ATGTCC	0.6355953577864303
ATGTCG	0.45045928566575627
ATGTGC	0.0
ATGTGG	0.6384992135536821
ATGACC	0.7493961620510876
ATGACG	0.3540748115948552
ATGAGC	1.4162992463794208
ATGAGG	2.509399805227163
ATTCCC	0.44841062410623406
ATTCCG	0.0
ATTCGC	0.6355953577864303
ATTCGG	0.45045928566575627
GTTTGC	1.1461621182739448
GTTTGG	1.6246165511747355
GTTACC	0.6355953577864303
GTTACG	0.9009185713315125
ATTGCC	1.5889883944660756
ATTGCG	0.45045928566575627
ATTGGC	0.9009185713315128
ATTGGG	1.9154976406610462
ATACCC	0.5286967511821543
ATACCG	0.0
ATACGC	0.24979872068369582
ATACGG	0.35407481159485515
GCTTGT	1.1461621182739448
GCTTGA	0.4504592856657564
GTTGGT	0.812308275587368
GTTGGA	1.2769984271073642
GTTGTC	1.1461621182739448
GTTGTG	0.0
GTTGAC	0.9009185713315128
GTTGAG	1.9154976406610464
GTTTCC	0.808613946728727
GTTTCG	1.1461621182739445
ATAGCC	1.498792324102175
ATAGCG	0.0
ATAGGC	1.0622244347845653
ATAGGG	2.00751984418173
GTTCTC	0.0
GTTCTG	0.5730810591369723
GTTCAC	0.0
GTTCAG	0.45045928566575627
GTTGCT	3.4384863548218334
GTTGCA	1.3513778569972692
GCTGTT	1.7192431774109167
GCTGTA	1.3513778569972692
GCTGAT	0.9009185713315128
GCTGAA	0.0
GCTTCT	1.617227893457454
GCTTCA	0.6355953577864304
GCTAGT	0.9009185713315128
GCTAGA	1.0622244347845655
GTGAGT	0.0
GTGAGA	0.0
GTGATC	0.0
GTGATG	2.5539968542147284
GTGAAC	0.0
GTGAAG	0.5018799610454325
GTTCCT	0.8086139467287268
GTTCCA	0.31779767889321514
GTTCGT	0.5730810591369723
GTTCGA	0.9009185713315128
CGATGT	0.9009185713315125
CGATGA	0.7081496231897103
CGATTC	0.0
CGATTG	0.0
CGATAC	0.49959744136739165
CGATAG	0.35407481159485515
GTGTAC	0.4504592856657564
GTGTAG	1.2769984271073642
GTGACT	0.0
GTGACA	0.7081496231897103
GCTTTC	1.2129209200930904
GCTTTG	2.8654052956848615
GCTTAC	0.6355953577864304
GCTTAG	1.3513778569972692
GCTACT	2.5423814311457216
GCTACA	1.2489936034184792
CGCTTT	1.2129209200930904
CGCTTA	0.0
GTGGTT	0.812308275587368
GTGGTA	0.0
GTGGAT	1.2769984271073642
GTGGAA	1.5056398831362976
GTGTCT	0.5730810591369723
GTGTCA	0.4504592856657564
GTGTGT	0.0
GTGTGA	0.0
GTGTTC	1.1461621182739448
GTGTTG	0.8123082755873677
CGAACT	0.0
CGAACA	0.7853978175363355
AACCCT	2.46725150551672
AACCCA	2.0778592929765414
AACCGT	0.7493961620510875
AACCGA	0.7853978175363355
AACCTC	1.2336257527583598
AACCTG	0.9991948827347833
AACCAC	0.9696676700557194
AACCAG	0.1963494543840839
CGAGTT	0.45045928566575627
CGAGTA	0.0
GCACAT	0.9991948827347833
GCACAA	1.1780967263045032
CCTTAC	2.0178478084780536
CCTTAG	0.9533930366796457
GTGCTT	2.292324236547889
GTGCTA	0.9009185713315128
GTGCAT	0.0
GTGCAA	0.3540748115948552
GCTATC	1.2711907155728608
GCTATG	0.4504592856657564
GCTAAC	0.7493961620510876
GCTAAG	1.770374057974276
GTCAAC	0.24979872068369588
GTCAAG	0.0
CCTTCT	1.9966615241141268
CCTTCA	0.8968212482124682
CCTTGT	1.2129209200930904
CCTTGA	0.9533930366796456
CCTTTC	1.1409494423509297
CCTTTG	2.021534866821818
CGCTAT	0.3177976788932152
CGCTAA	0.9991948827347833
GCACTT	0.3177976788932152
GCACTA	0.7493961620510875
GCAGTT	0.9009185713315125
GCAGTA	0.7081496231897103
GCAGAT	0.7081496231897103
GCAGAA	1.1132546376140793
GTCTAC	0.0
GTCTAG	0.4504592856657564
GTCACT	0.3177976788932152
GTCACA	0.7493961620510875
GTCAGT	0.0
GTCAGA	0.7081496231897104
GTCATC	0.0
GTCATG	0.9009185713315128
CGAGAT	0.35407481159485515
CGAGAA	1.1132546376140793
CGATCT	0.0
CGATCA	0.24979872068369582
AACGCT	0.7493961620510873
AACGCA	0.39269890876816776
AACGGT	0.0
AACGGA	1.113254637614079
AACGTC	0.24979872068369582
AACGTG	0.35407481159485515
AACGAC	0.39269890876816776
AACGAG	0.27831365940351976
GCATAC	1.2489936034184792
GCATAG	1.4162992463794206
GTCGAT	0.0
GTCGAA	0.3540748115948552
GTCTCT	1.2129209200930904
GTCTCA	0.6355953577864304
GTCTGT	0.0
GTCTGA	0.9009185713315128
GTCTTC	0.4043069733643635
GTCTTG	2.8654052956848615
AACTCC	1.4098580031524113
AACTCG	0.24979872068369582
AACTGC	0.49959744136739165
AACTGG	1.0622244347845653
GCAAAC	0.7853978175363355
GCAAAG	0.0
GTCCTT	0.808613946728727
GTCCTA	0.9533930366796456
GTCCAT	0.3177976788932152
GTCCAA	0.49959744136739165
GTCGTT	0.0
GTCGTA	0.0
GCATCT	1.906786073359291
GCATCA	0.49959744136739165
GCATGT	1.3513778569972688
GCATGA	0.35407481159485515
GCATTC	0.6355953577864303
GCATTG	0.45045928566575627
AACACC	2.493431151571849
AACACG	0.3926989087681677
AACAGC	1.570795635072671
AACAGG	1.3915682970175989
GGAATC	0.35407481159485515
GGAATG	3.011279766272595
GGAAAC	0.5566273188070396
GGAAAG	1.9724651961359672
GCAACT	0.0
GCAACA	0.39269890876816776
GCAAGT	0.3540748115948551
GCAAGA	1.3915682970175989
GCAATC	0.24979872068369582
GCAATG	0.7081496231897103
CCAAGT	1.4987923241021752
CCAAGA	1.1780967263045037
GGATGT	0.6384992135536822
GGATGA	2.0075198441817306
GGATTC	1.3513778569972692
GGATTG	0.6384992135536821
GGATAC	0.7081496231897104
GGATAG	0.0
GGAACT	1.7703740579742757
GGAACA	1.669881956421119
GGAAGT	1.5056398831362976
GGAAGA	1.5779721569087737
AAGCCT	2.4979872068369575
AAGCCA	0.9817472719204194
AAGCGT	0.3540748115948551
AAGCGA	0.5566273188070395
AAGCTC	0.9991948827347833
AAGCTG	1.0622244347845653
AAGCAC	1.1780967263045032
AAGCAG	1.6698819564211187
CCAATC	0.1762322503940515
CCAATG	0.9991948827347835
CCAAAC	1.6622874343812335
CCAAAG	1.3744461806885877
GGAGTT	1.9154976406610464
GGAGTA	2.509399805227163
GGAGAT	1.5056398831362976
GGAGAA	2.366958235363161
GGATCT	0.0
GGATCA	0.3540748115948552
CCAACT	1.4098580031524117
CCAACA	1.385239528651028
GGCTTT	2.292324236547889
GGCTTA	1.8018371426630255
GGCTAT	0.9009185713315128
GGCTAA	0.3540748115948552
GGCATT	0.4504592856657565
GGCATA	1.0622244347845655
CCTAAC	2.1147870047286172
CCTAAG	1.2489936034184794
GGACTT	1.801837142663026
GGACTA	1.770374057974276
GGACAT	0.0
GGACAA	0.2783136594035199
CCTACT	1.7936424964249364
CCTACA	1.23362575275836
CCTAGT	1.271190715572861
CCTAGA	0.9991948827347835
CCTATC	0.4484106241062341
CCTATG	1.271190715572861
GGCAAT	0.3540748115948552
GGCAAA	0.5566273188070398
CCATCT	0.6726159361593512
CCATCA	0.5286967511821543
CCATGT	0.9533930366796457
CCATGA	0.7493961620510876
CCATTC	0.0
CCATTG	1.9067860733592914
CGACTT	1.9067860733592912
CGACTA	1.2489936034184792
CGACAT	0.49959744136739165
CGACAA	0.19634945438408388
AAGGCT	0.7081496231897102
AAGGCA	1.9481956158246383
AAGGGT	0.5018799610454325
AAGGGA	0.7889860784543867
AAGGTC	1.0622244347845653
AAGGTG	0.5018799610454325
AAGGAC	1.113254637614079
AAGGAG	3.944930392271934
GGTTAC	0.4504592856657564
GGTTAG	1.2769984271073642
GGTACT	0.45045928566575627
GGTACA	0.7081496231897103
GGTAGT	0.6384992135536821
GGTAGA	0.0
GGTATC	0.9009185713315128
GGTATG	0.6384992135536821
GGTAAC	0.7081496231897103
GGTAAG	0.0
AAGTCC	0.49959744136739165
AAGTCG	0.35407481159485515
AAGTGC	0.7081496231897103
AAGTGG	2.00751984418173
CCATAC	0.7049290015762059
CCATAG	2.497987206836959
CCAGTT	1.271190715572861
CCAGTA	0.24979872068369588
GGTGAT	1.2769984271073642
GGTGAA	0.0
GGTTCT	0.0
GGTTCA	0.0
GGTTGT	2.4369248267621035
GGTTGA	3.830995281322093
GGTTTC	1.1461621182739448
GGTTTG	2.436924826762103
CCACAT	0.5286967511821543
CCACAA	0.9696676700557195
GGGTTT	2.4369248267621035
GGGTTA	0.6384992135536821
GGGTAT	1.2769984271073642
GGGTAA	0.5018799610454325
CCAGAT	1.4987923241021752
CCAGAA	1.1780967263045037
CCACTT	2.2420531205311707
CCACTA	1.0573935023643086
GGTCTT	0.5730810591369723
GGTCTA	1.3513778569972692
GGTCAT	0.0
GGTCAA	0.7081496231897104
GGTGTT	1.624616551174736
GGTGTA	1.2769984271073642
AAGACC	1.9634945438408389
AAGACG	0.27831365940351976
AAGAGC	2.504822934631678
AAGAGG	1.972465196135967
AATCCC	0.7049290015762057
AATCCG	0.7493961620510875
AATCGC	0.49959744136739165
AATCGG	1.4162992463794206
AATGCC	0.7493961620510875
AATGCG	0.7081496231897103
AATGGC	2.1244488695691306
AATGGG	1.003759922090865
GGGATT	1.2769984271073642
GGGATA	0.0
GGGAAT	2.509399805227163
GGGAAA	1.9724651961359672
AAACCC	2.49343115157185
AAACCG	0.5890483631522517
AAACGC	0.5890483631522517
AAACGG	1.391568297017599
CCCCTT	2.998769995446988
CCCCTA	2.946406464862096
CCCCAT	1.473203232431048
CCCCAA	3.705545329846327
GGGACT	1.678174520841179
GGGACA	0.0
GGGAGT	2.378712451624295
GGGAGA	0.9348704643777255
GGGATC	0.0
GGGATG	0.0
GGGAAC	0.0
GGGAAG	0.9348704643777255
GGTCCT	0.7531176322580435
GGTCCA	0.5919735528515523
GGTCGT	0.0
GGTCGA	0.0
CCACAC	0.6947897493461863
CCACAG	1.313097461959069
GGGTCT	3.202498191592237
GGGTCA	2.517261781261768
GGGTGT	1.5131168282438898
GGGTGA	1.1893562258121477
GGGTTC	0.0
GGGTTG	3.0262336564877796
GGGTAC	0.0
GGGTAG	1.1893562258121477
CCAGAC	0.0
CCAGAG	0.0
GGGGTT	1.5131168282438898
GGGGTA	2.3787124516242955
GGGGAT	1.1893562258121477
GGGGAA	2.804611393133176
CCACCT	2.357125171889677
CCACCA	1.3895794986923726
CCACGT	1.2529067135402692
CCACGA	0.9848230964693017
CCACTC	0.5892812929724193
CCACTG	1.6705422847203588
GGTCTC	0.7531176322580433
GGTCTG	1.0674993971974123
GGTCAC	0.5919735528515522
GGTCAG	2.517261781261768
GGTGCT	3.202498191592237
GGTGCA	0.0
GGTGGT	0.0
GGTGGA	1.1893562258121475
GGTGTC	1.0674993971974125
GGTGTG	1.5131168282438898
GGGCTT	1.0674993971974125
GGGCTA	0.8390872604205895
GGGCAT	1.678174520841179
GGGCAA	0.0
CCAGCT	0.4176355711800897
CCAGCA	0.32827436548976724
CCAGGT	0.0
CCAGGA	1.395928095156931
CCAGTC	0.8352711423601794
CCAGTG	0.5919735528515524
GGTGAC	0.0
GGTGAG	0.0
GGTTCC	0.0
GGTTCG	0.0
GGTTGC	3.202498191592237
GGTTGG	1.5131168282438898
GGTACC	0.0
GGTACG	0.0
GGTAGC	0.8390872604205895
GGTAGG	1.1893562258121477
CCTACC	0.5892812929724193
CCTACG	0.4176355711800897
CCTAGC	2.0881778559004487
CCTAGG	1.1839471057031048
GGCAAC	0.0
GGCAAG	0.6595483167939693
CCATCC	0.5892812929724193
CCATCG	0.4176355711800897
CCATGC	2.5058134270805383
CCATGG	1.7759206585546572
GGCTTC	2.25935289677413
GGCTTG	1.0674993971974123
GGCTAC	2.3678942114062087
GGCTAG	2.517261781261768
GGCACT	1.1839471057031046
GGCACA	1.395928095156931
GGCAGT	0.8390872604205895
GGCAGA	1.9786449503819077
GGCATC	2.367894211406209
GGCATG	0.0
GGACCT	2.367894211406209
GGACCA	0.0
GGACGT	0.0
GGACGA	0.6595483167939693
GGACTC	2.9598677642577615
GGACTG	0.8390872604205896
GGACAC	0.9306187301046207
GGACAG	0.6595483167939693
GGCGTT	3.202498191592237
GGCGTA	0.0
GGCGAT	0.8390872604205895
GGCGAA	0.6595483167939693
GGCTCT	2.2593528967741303
GGCTCA	1.775920658554657
GGCTGT	4.26999758878965
GGCTGA	2.517261781261768
GGAGCT	3.356349041682358
GGAGCA	2.638193267175877
GGAGGT	1.1893562258121475
GGAGGA	8.41383417939953
GGAGTC	3.356349041682358
GGAGTG	2.3787124516242955
GGAGAC	3.9572899007638154
GGAGAG	1.869740928755451
GGATCC	0.0
GGATCG	0.8390872604205896
CGCCTT	2.1252889491349167
CGCCTA	0.8352711423601794
CGCCAT	0.8352711423601793
CGCCAA	0.6565487309795343
GGCCTT	0.7531176322580435
GGCCTA	2.367894211406209
GGCCAT	0.0
GGCCAA	0.9306187301046207
CCAACC	1.8527726649231635
CCAACG	1.6413718274488363
CCAAGC	0.32827436548976724
CCAAGG	1.395928095156931
GGATGC	0.0
GGATGG	2.378712451624296
GGAACC	1.861237460209241
GGAACG	0.6595483167939692
GGAAGC	0.0
GGAAGG	3.739481857510902
GTCCCT	1.5939667118511873
GTCCCA	2.0881778559004482
GTCCGT	0.0
GTCCGA	0.0
GCAACC	0.9848230964693014
GCAACG	0.46530936505231024
GCAAGC	1.8612374602092405
GCAAGG	0.6595483167939691
GTCCTC	1.5939667118511875
GTCCTG	1.5062352645160866
GTCCAC	0.41763557118008965
GTCCAG	0.0
GTCGCT	0.7531176322580435
GTCGCA	1.1839471057031046
GTCGGT	1.0674993971974125
GTCGGA	2.517261781261768
GTCGTC	0.7531176322580433
GTCGTG	1.0674993971974123
GCATCC	0.41763557118008965
GCATCG	0.0
GCATGC	1.1839471057031044
GCATGG	0.0
GTCGAC	0.0
GTCGAG	0.8390872604205895
GTCTCC	1.0626444745674584
GTCTCG	0.0
GTCTGC	0.7531176322580433
GTCTGG	0.0
CGCGTT	0.0
CGCGTA	1.1839471057031046
CGCGAT	0.0
CGCGAA	0.46530936505231035
GCAGCT	1.7759206585546565
GCAGCA	0.9306187301046205
GCAGGT	1.6781745208411787
GCAGGA	3.957289900763815
GCAGTC	1.7759206585546565
GCAGTG	0.8390872604205893
GCAGAC	0.46530936505231024
GCAGAG	0.0
GTCACC	1.252906713540269
GTCACG	0.0
GTCAGC	1.7759206585546565
GTCAGG	0.8390872604205895
CCTTCC	1.1245387482926208
CCTTCG	0.5313222372837292
CCTTGC	0.5313222372837292
CCTTGG	0.0
CGCTAC	0.41763557118008965
CGCTAG	0.0
GCACCT	0.8352711423601793
GCACCA	0.9848230964693014
GCACGT	0.0
GCACGA	0.46530936505231024
GCACTC	2.0881778559004482
GCACTG	1.775920658554657
GCACAC	0.9848230964693014
GCACAG	1.3959280951569306
GTGCCT	0.7531176322580435
GTGCCA	0.5919735528515523
GTGCGT	1.0674993971974125
GTGCGA	1.678174520841179
GTGCTC	1.5062352645160866
GTGCTG	0.0
GTGCAC	0.0
GTGCAG	0.0
CGCTCT	0.5313222372837291
CGCTCA	1.252906713540269
CGCTGT	2.2593528967741294
CGCTGA	0.0
CGCTTC	1.0626444745674584
CGCTTG	0.0
GTGGCT	3.202498191592237
GTGGCA	0.8390872604205895
GTGGGT	1.5131168282438896
GTGGGA	0.0
GTGGTC	0.0
GTGGTG	0.0
GTGGAC	0.0
GTGGAG	1.1893562258121477
GTGTCC	0.7531176322580433
GTGTCG	0.0
GTGTGC	0.0
GTGTGG	3.0262336564877796
GTGACC	0.0
GTGACG	0.8390872604205893
GCTACC	2.0881778559004482
GCTACG	0.0
GCTAGC	1.1839471057031044
GCTAGG	1.678174520841179
GTGAGC	0.0
GTGAGG	0.0
GTTCCC	1.0626444745674581
GTTCCG	0.0
GTTCGC	0.0
GTTCGG	0.0
GTTGCC	2.25935289677413
GTTGCG	3.202498191592237
GCTGTC	3.012470529032173
GCTGTG	2.1349987943948245
GCTGAC	1.1839471057031044
GCTGAG	1.678174520841179
GCTTCC	1.5939667118511875
GCTTCG	0.7531176322580433
GCTTGC	0.0
GCTTGG	3.202498191592237
GTTGGC	0.0
GTTGGG	1.5131168282438898
GTACCC	0.0
GTACCG	0.5919735528515523
GCTCCT	1.5939667118511873
GCTCCA	1.6705422847203586
GCTCGT	0.7531176322580432
GCTCGA	0.0
GCTCTC	1.0626444745674584
GCTCTG	1.5062352645160866
GCTCAC	1.252906713540269
GCTCAG	1.775920658554657
GCTGCT	4.518705793548261
GCTGCA	2.9598677642577615
GCTGGT	0.0
GCTGGA	2.517261781261768
GTACGC	0.0
GTACGG	0.0
GTAGCC	2.3678942114062087
GTAGCG	0.0
GTAGGC	0.8390872604205895
GTAGGG	1.1893562258121477
CGCAAC	0.0
CGCAAG	0.9306187301046205
GCGACT	1.1839471057031046
GCGACA	0.9306187301046207
GCGAGT	0.0
GCGAGA	2.638193267175877
GCGATC	0.0
GCGATG	0.8390872604205896
GCGAAC	0.46530936505231035
GCGAAG	0.6595483167939693
GACCCT	1.6705422847203588
GACCCA	2.2979205584283706
GACCGT	0.0
GACCGA	0.0
GCGTTC	0.0
GCGTTG	3.202498191592237
GCGTAC	1.1839471057031044
GCGTAG	0.8390872604205895
CGCACT	0.8352711423601793
CGCACA	1.3130974619590685
CGCAGT	1.1839471057031044
CGCAGA	0.46530936505231024
CGCATC	0.8352711423601793
CGCATG	0.5919735528515523
CGGGTT	2.134998794394825
CGGGTA	0.8390872604205895
CGGGAT	0.0
CGGGAA	0.6595483167939693
CGGCTT	2.2593528967741303
CGGCTA	2.367894211406209
CGGCAT	0.5919735528515523
CGGCAA	0.0
GCGGTT	0.0
GCGGTA	2.517261781261768
GCGGAT	0.8390872604205895
GCGGAA	1.9786449503819077
GCGTCT	0.7531176322580435
GCGTCA	0.5919735528515523
GCGTGT	0.0
GCGTGA	0.0
CGGTCT	0.0
CGGTCA	0.0
CGGTGT	1.0674993971974125
CGGTGA	0.0
CGGTTC	0.0
CGGTTG	2.1349987943948245
CGGTAC	1.1839471057031044
CGGTAG	0.0
GCGCTT	0.0
GCGCTA	0.0
GCGCAT	0.5919735528515523
GCGCAA	0.46530936505231035
GACCTC	2.0881778559004487
GACCTG	0.5919735528515524
GACCAC	0.6565487309795345
GACCAG	0.9306187301046207
CCTGCT	1.0626444745674584
CCTGCA	2.923448998260628
CCTGGT	0.7531176322580435
CCTGGA	0.5919735528515523
CCTGTC	0.5313222372837292
CCTGTG	0.7531176322580433
CGGAAC	1.395928095156931
CGGAAG	0.6595483167939693
GCCACT	0.8352711423601793
GCCACA	1.3130974619590685
GCCAGT	0.0
GCCAGA	1.3959280951569306
GCCATC	0.8352711423601793
GCCATG	0.5919735528515523
GCCAAC	0.6565487309795343
GCCAAG	1.861237460209241
GCCTTC	1.5939667118511875
GCCTTG	0.0
GCCTAC	0.8352711423601793
GCCTAG	1.775920658554657
CGGACT	0.5919735528515523
CGGACA	0.0
CGGAGT	1.678174520841179
CGGAGA	2.638193267175877
CGGATC	0.0
CGGATG	0.8390872604205896
CCTGAC	0.41763557118008965
CCTGAG	1.1839471057031046
GACGCT	0.5919735528515523
GACGCA	0.46530936505231035
GACGGT	0.0
GACGGA	0.6595483167939693
GACGTC	0.0
GACGTG	0.8390872604205896
GACGAC	0.46530936505231035
GACGAG	0.0
CGTCTC	0.0
CGTCTG	0.0
CGTCAC	0.41763557118008965
CGTCAG	0.0
GCCGTT	2.2593528967741303
GCCGTA	2.367894211406209
GCCGAT	0.0
GCCGAA	0.0
GCCTCT	2.6566111864186457
GCCTCA	1.6705422847203586
GCCTGT	0.0
GCCTGA	0.5919735528515522
GACTCC	2.9234489982606275
GACTCG	0.5919735528515523
GACTGC	0.0
GACTGG	1.678174520841179
CGTGTC	0.7531176322580433
CGTGTG	0.0
CGTGAC	0.0
CGTGAG	0.0
GCCCTT	2.656611186418646
GCCCTA	1.2529067135402692
GCCCAT	0.8352711423601793
GCCCAA	1.6413718274488356
CGTCCT	1.0626444745674581
CGTCCA	0.0
CGTCGT	0.0
CGTCGA	0.0
GACACC	1.6413718274488358
GACACG	0.0
GACAGC	1.8612374602092414
GACAGG	0.6595483167939693
CGTGCT	0.7531176322580435
CGTGCA	0.5919735528515523
CGTGGT	0.0
CGTGGA	0.0
GAGCCT	1.1839471057031046
GAGCCA	2.3265468252615515
GAGCGT	0.8390872604205895
GAGCGA	0.0
GAGCTC	4.143814869960866
GAGCTG	3.3563490416823583
GAGCAC	0.0
GAGCAG	3.297741583969846
GAGGCT	0.8390872604205895
GAGGCA	1.3190966335879386
GAGGGT	1.1893562258121475
GAGGGA	0.9348704643777255
GAGGTC	0.8390872604205895
GAGGTG	0.0
GAGGAC	1.9786449503819077
GAGGAG	5.609222786266352
GAGTCC	1.1839471057031046
GAGTCG	2.517261781261769
GAGTGC	0.8390872604205896
GAGTGG	1.189356225812148
GAGACC	2.7918561903138612
GAGACG	0.0
GAGAGC	1.3190966335879386
GAGAGG	1.869740928755451
GATCCC	0.8352711423601793
GATCCG	0.0
GATCGC	1.1839471057031044
GATCGG	0.0
GATGCC	1.1839471057031044
GATGCG	0.8390872604205893
GATGGC	0.0
GATGGG	4.757424903248591
GAACCC	2.9544692894079048
GAACCG	0.46530936505231035
GAACGC	0.9306187301046207
GAACGG	0.6595483167939693
GAAGCC	2.7918561903138612
GAAGCG	0.6595483167939692
GAAGGC	3.297741583969846
GAAGGG	0.0
CAAGGC	0.9306187301046207
CAAGGG	0.6595483167939693
CCTCCT	2.2490774965852416
CCTCCA	1.1785625859448385
CCTCGT	0.0
CCTCGA	1.2529067135402692
CCTCTC	3.748462494308736
CCTCTG	2.125288949134917
CAACGC	1.3130974619590685
CAACGG	0.9306187301046205
CAAGCC	0.3282743654897672
CAAGCG	0.9306187301046207
CCTCAC	1.4732032324310482
CCTCAG	0.8352711423601794
TCCCCT	2.249077496585241
TCCCCA	0.29464064648620963
TCCCGT	0.0
TCCCGA	0.8352711423601794
TCCCTC	0.7496924988617473
TCCCTG	1.0626444745674584
TCCCAC	2.946406464862096
TCCCAG	0.8352711423601793
TCCGCT	1.0626444745674581
TCCGCA	0.0
TCCGGT	0.7531176322580432
TCCGGA	0.0
TCCGTC	0.0
TCCGTG	0.0
TCCGAC	1.6705422847203586
TCCGAG	1.1839471057031046
TCCTCC	1.1245387482926206
TCCTCG	1.5939667118511873
CAACCC	2.0843692480385583
CAACCG	1.3130974619590687
TCCTGC	0.5313222372837292
TCCTGG	0.0
TCCACC	0.8839219394586288
TCCACG	0.0
TCCAGC	0.41763557118008965
TCCAGG	1.1839471057031046
TCGCCT	0.5313222372837291
TCGCCA	0.8352711423601793
TCGCGT	0.7531176322580432
TCGCGA	1.1839471057031044
TCGCTC	2.656611186418646
TCGCTG	1.5062352645160866
TCGCAC	0.41763557118008965
TCGCAG	0.5919735528515523
CCGACT	2.505813427080538
CCGACA	0.32827436548976713
CCGAGT	1.1839471057031044
CCGAGA	0.9306187301046205
CCGATC	0.0
CCGATG	1.1839471057031046
CCGAAC	0.9848230964693014
CCGAAG	0.0
TCGGCT	0.7531176322580435
TCGGCA	0.5919735528515523
TCGGGT	1.0674993971974125
TCGGGA	0.0
TCGGTC	0.0
TCGGTG	2.1349987943948245
TCGGAC	0.5919735528515522
TCGGAG	1.678174520841179
CATGGC	0.5919735528515522
CATGGG	1.678174520841179
TCGTCC	1.0626444745674584
TCGTCG	0.0
TCGTGC	0.7531176322580433
TCGTGG	1.0674993971974125
TCGACC	0.8352711423601793
TCGACG	0.0
TCGAGC	0.0
TCGAGG	2.517261781261768
TCTCCC	1.8742312471543678
TCTCCG	0.5313222372837291
TCTCGC	2.1252889491349163
TCTCGG	3.0124705290321727
CATCGC	0.41763557118008965
CATCGG	0.0
CATGCC	0.41763557118008965
CATGCG	0.5919735528515523
TCTGCC	1.593966711851187
TCTGCG	0.0
TCTGGC	0.7531176322580433
TCTGGG	1.0674993971974123
TCACCC	0.8839219394586288
TCACCG	1.252906713540269
TCACGC	0.41763557118008965
TCACGG	0.5919735528515523
TCAGCC	1.6705422847203586
TCAGCG	0.5919735528515522
TCAGGC	1.1839471057031044
TCAGGG	0.8390872604205893
CAGAGC	0.9306187301046207
CAGAGG	0.0
CATCCC	0.8839219394586288
CATCCG	0.8352711423601793
TGCCCT	2.1252889491349163
TGCCCA	0.8352711423601793
TGCCGT	0.0
TGCCGA	0.5919735528515522
TGCCTC	1.0626444745674584
TGCCTG	0.0
TGCCAC	0.8352711423601793
TGCCAG	0.0
TGCGCT	0.0
TGCGCA	1.1839471057031046
TGCGGT	0.0
TGCGGA	0.8390872604205895
CAGTGC	1.1839471057031044
CAGTGG	0.0
CAGACC	0.6565487309795344
CAGACG	0.0
CAGGCT	1.775920658554657
CAGGCA	1.395928095156931
CAGGGT	0.8390872604205895
CAGGGA	0.0
CAGGTC	0.0
CAGGTG	1.6781745208411791
CAGGAC	2.791856190313862
CAGGAG	3.297741583969846
CAGTCC	1.252906713540269
CAGTCG	0.5919735528515523
TGCGTC	1.5062352645160866
TGCGTG	1.0674993971974123
TGCGAC	1.7759206585546565
TGCGAG	1.678174520841179
TGCTCC	0.0
TGCTCG	1.5062352645160866
TGCTGC	3.012470529032173
TGCTGG	2.134998794394825
TGCACC	1.252906713540269
TGCACG	0.0
TGCAGC	0.5919735528515522
TGCAGG	2.517261781261768
CAGCCT	0.8352711423601794
CAGCCA	0.9848230964693017
CAGCGT	0.0
CAGCGA	0.0
CAGCTC	1.6705422847203588
CAGCTG	0.0
CAGCAC	0.32827436548976724
CAGCAG	1.395928095156931
CCGTCT	0.0
CCGTCA	0.0
CCGTGT	0.0
CCGTGA	0.5919735528515522
CCGTTC	0.0
CCGTTG	0.7531176322580433
CGTTCC	0.5313222372837292
CGTTCG	0.7531176322580433
CGTTGC	0.7531176322580433
CGTTGG	0.0
CCGTAC	0.8352711423601793
CCGTAG	1.1839471057031046
TGGCCT	0.7531176322580435
TGGCCA	2.367894211406209
TGGCGT	0.0
TGGCGA	0.0
TGGCTC	0.7531176322580433
TGGCTG	6.404996383184474
TGGCAC	1.7759206585546565
TGGCAG	0.8390872604205895
CACACC	1.157982915576977
CACACG	0.3282743654897672
CACAGC	0.32827436548976713
CACAGG	1.861237460209241
CCGGTT	0.7531176322580435
CCGGTA	0.0
CCGGAT	1.775920658554657
CCGGAA	2.3265468252615515
TGGGCT	1.0674993971974123
TGGGCA	0.0
TGGGGT	1.5131168282438896
TGGGGA	1.1893562258121475
TGGGTC	2.134998794394825
TGGGTG	1.5131168282438898
TGGGAC	0.8390872604205895
TGGGAG	3.568068677436443
TGGTCC	1.5062352645160866
TGGTCG	0.0
TGGTGC	2.134998794394825
TGGTGG	1.5131168282438898
TGGACC	0.5919735528515522
TGGACG	0.8390872604205893
TGGAGC	2.517261781261768
TGGAGG	2.3787124516242955
CACGAC	0.9848230964693014
CACGAG	0.46530936505231024
CACTCC	2.0624845254034674
CACTCG	0.41763557118008965
CACTGC	0.41763557118008965
CACTGG	2.367894211406209
TGTCCC	2.1252889491349163
TGTCCG	0.0
TGTCGC	1.5062352645160866
TGTCGG	2.1349987943948245
CACCTC	0.8839219394586288
CACCTG	1.252906713540269
CACCAC	0.9263863324615815
CACCAG	0.9848230964693016
CACGCT	0.41763557118008965
CACGCA	0.32827436548976713
CACGGT	1.1839471057031044
CACGGA	0.0
CACGTC	0.0
CACGTG	1.1839471057031046
TGTGCC	0.0
TGTGCG	0.0
TGTGGC	0.0
TGTGGG	1.5131168282438898
TGACCC	2.0881778559004482
TGACCG	0.5919735528515523
TGACGC	0.5919735528515522
TGACGG	0.0
TGAGCC	2.3678942114062087
TGAGCG	0.8390872604205893
TGAGGC	0.8390872604205895
TGAGGG	1.1893562258121477
CACCCT	3.2410471113483057
CACCCA	1.3895794986923726
CACCGT	0.41763557118008965
CACCGA	0.0
TTCCCC	3.748462494308736
TTCCCG	0.0
TTCCGC	1.0626444745674584
TTCCGG	0.0
TTCGCC	1.0626444745674584
TTCGCG	0.0
TTCGGC	0.0
TTCGGG	0.0
TTGCCC	1.5939667118511875
TTGCCG	3.012470529032173
TTGCGC	0.7531176322580433
TTGCGG	1.0674993971974125
TTGGCC	2.25935289677413
TTGGCG	1.0674993971974125
TTGGGC	3.2024981915922375
TTGGGG	4.539350484731671
TACCCC	1.1785625859448385
TACCCG	1.252906713540269
TACCGC	0.8352711423601793
TACCGG	0.0
TACGCC	0.0
TACGCG	0.5919735528515522
TACGGC	0.5919735528515522
TACGGG	0.0
TAGCCC	2.505813427080538
TAGCCG	2.9598677642577615
TAGCGC	0.0
TAGCGG	0.0
TAGGCC	2.3678942114062087
TAGGCG	0.8390872604205893
TAGGGC	0.8390872604205895
TAGGGG	2.3787124516242955
CTAGGC	0.5919735528515522
CTAGGG	2.5172617812617677
CCGCTT	1.5939667118511875
CCGCTA	0.8352711423601794
CCGCAT	0.41763557118008965
CCGCAA	0.0
ACCCCT	2.6517658183758868
ACCCCA	2.0843692480385587
ACCCGT	0.0
ACCCGA	0.9848230964693014
ACCCTC	2.357125171889677
ACCCTG	1.6705422847203586
ACCCAC	0.6947897493461862
ACCCAG	1.6413718274488358
CTACGC	0.0
CTACGG	0.0
CTAGCC	1.6705422847203586
CTAGCG	0.5919735528515522
ACCGCT	1.252906713540269
ACCGCA	0.9848230964693014
ACCGGT	0.0
ACCGGA	1.861237460209241
ACCGTC	0.0
ACCGTG	0.5919735528515523
ACCGAC	0.32827436548976713
ACCGAG	0.0
ACCTCC	1.7678438789172577
ACCTCG	1.6705422847203586
ACCTGC	1.6705422847203586
ACCTGG	1.775920658554657
ACCACC	0.9263863324615815
ACCACG	0.6565487309795344
CTACCC	1.7678438789172577
CTACCG	0.8352711423601793
ACCAGC	0.32827436548976713
ACCAGG	0.46530936505231024
ACGCCT	1.2529067135402692
ACGCCA	0.32827436548976724
ACGCGT	0.5919735528515523
ACGCGA	0.46530936505231035
ACGCTC	1.2529067135402692
ACGCTG	1.1839471057031048
ACGCAC	0.6565487309795345
ACGCAG	0.46530936505231035
CCCACT	2.062484525403468
CCCACA	0.9263863324615818
CCCAGT	1.2529067135402692
CCCAGA	1.313097461959069
CCCATC	0.29464064648620963
CCCATG	1.6705422847203588
CCCAAC	2.0843692480385587
CCCAAG	1.9696461929386033
ACGGCT	1.775920658554657
ACGGCA	0.9306187301046207
ACGGGT	0.0
ACGGGA	0.0
ACGGTC	0.0
ACGGTG	0.0
ACGGAC	0.9306187301046207
ACGGAG	0.6595483167939693
ACGTCC	0.41763557118008965
ACGTCG	0.0
ACGTGC	1.7759206585546565
ACGTGG	0.0
CTTGGC	2.25935289677413
CTTGGG	1.0674993971974123
ACGACC	0.0
ACGACG	0.9306187301046207
ACGAGC	0.0
ACGAGG	0.6595483167939693
ACTCCC	1.473203232431048
ACTCCG	2.505813427080538
ACTCGC	0.41763557118008965
ACTCGG	0.5919735528515523
ACTGCC	0.41763557118008965
ACTGCG	0.0
ACTGGC	0.5919735528515522
ACTGGG	0.0
CTTCGC	0.5313222372837291
CTTCGG	0.0
CTTGCC	0.0
CTTGCG	0.7531176322580432
ACACCC	3.01075558050014
ACACCG	0.0
ACACGC	0.32827436548976713
ACACGG	0.0
ACAGCC	0.3282743654897672
ACAGCG	0.9306187301046207
ACAGGC	1.395928095156931
ACAGGG	0.6595483167939693
CTGAGC	2.959867764257761
CTGAGG	0.8390872604205895
CTTCCC	2.6239237460161147
CTTCCG	0.5313222372837291
AGCCCT	2.5058134270805383
AGCCCA	1.313097461959069
AGCCGT	2.367894211406209
AGCCGA	0.0
AGCCTC	2.5058134270805383
AGCCTG	1.1839471057031048
AGCCAC	0.9848230964693017
AGCCAG	0.9306187301046207
AGCGCT	0.5919735528515523
AGCGCA	0.0
AGCGGT	1.678174520841179
AGCGGA	2.638193267175877
CTGTGC	0.7531176322580433
CTGTGG	1.0674993971974125
CTGACC	0.41763557118008965
CTGACG	0.5919735528515523
AGCGTC	0.0
AGCGTG	0.0
AGCGAC	0.0
AGCGAG	0.0
AGCTCC	2.0881778559004482
AGCTCG	0.5919735528515523
AGCTGC	2.959867764257761
AGCTGG	0.8390872604205895
CTGGCT	2.2593528967741303
CTGGCA	0.5919735528515523
CTGGGT	2.134998794394825
CTGGGA	0.0
CTGGTC	2.25935289677413
CTGGTG	1.0674993971974123
CTGGAC	0.5919735528515522
CTGGAG	3.356349041682358
CTGTCC	0.5313222372837292
CTGTCG	1.5062352645160866
AGCACC	0.3282743654897672
AGCACG	0.0
AGCAGC	3.2571655553661722
AGCAGG	3.9572899007638154
CCCTCT	4.123308743739609
CCCTCA	1.1785625859448385
CCCTGT	0.5313222372837292
CCCTGA	1.6705422847203588
CCCTTC	2.2490774965852416
CCCTTG	2.656611186418646
CTGCCT	0.0
CTGCCA	1.252906713540269
CTGCGT	0.0
CTGCGA	0.5919735528515522
CTGCTC	1.0626444745674584
CTGCTG	4.51870579354826
CTGCAC	2.0881778559004482
CTGCAG	1.1839471057031046
CCCTAC	0.8839219394586288
CCCTAG	0.8352711423601793
AGGCCT	2.367894211406209
AGGCCA	0.46530936505231035
AGGCGT	0.8390872604205895
AGGCGA	1.3190966335879386
AGGCTC	1.775920658554657
AGGCTG	2.517261781261769
AGGCAC	1.395928095156931
AGGCAG	1.9786449503819077
CGTACC	0.8352711423601793
CGTACG	0.5919735528515523
CGTAGC	1.7759206585546565
CGTAGG	0.8390872604205895
CCCGTT	0.0
CCCGTA	0.0
CCCGAT	1.252906713540269
CCCGAA	0.6565487309795343
AGGGCT	1.678174520841179
AGGGCA	0.0
AGGGGT	0.0
AGGGGA	3.739481857510902
AGGGTC	1.678174520841179
AGGGTG	2.3787124516242955
AGGGAC	0.0
AGGGAG	0.9348704643777255
CTCACC	1.1785625859448385
CTCACG	1.252906713540269
CTCAGC	1.6705422847203586
CTCAGG	1.775920658554657
AGGTCC	0.5919735528515523
AGGTCG	0.8390872604205896
AGGTGC	0.8390872604205896
AGGTGG	0.0
AGGACC	1.861237460209241
AGGACG	0.6595483167939692
AGGAGC	4.616838217557785
AGGAGG	7.478963715021804
AGTCCC	1.252906713540269
AGTCCG	0.5919735528515523
AGTCGC	0.0
AGTCGG	1.678174520841179
CTCGAC	0.41763557118008965
CTCGAG	0.0
CTCTCC	2.249077496585241
CTCTCG	3.1879334237023746
CTCTGC	1.5939667118511875
CTCTGG	0.7531176322580433
AGTGCC	1.1839471057031044
AGTGCG	0.8390872604205893
AGTGGC	2.517261781261768
AGTGGG	0.0
CTCCTC	3.3736162448778626
CTCCTG	1.5939667118511875
CTCCAC	1.1785625859448385
CTCCAG	1.252906713540269
CTCGCT	2.6566111864186457
CTCGCA	1.252906713540269
CTCGGT	1.5062352645160864
CTCGGA	1.7759206585546565
CTCGTC	0.5313222372837292
CTCGTG	0.0
AGACCC	2.29792055842837
AGACCG	0.0
AGACGC	0.0
AGACGG	0.0
AGAGCC	1.861237460209241
AGAGCG	1.3190966335879384
AGAGGC	0.6595483167939693
AGAGGG	2.804611393133176
ATCCCC	0.5892812929724193
ATCCCG	0.41763557118008965
ATCCGC	0.41763557118008965
ATCCGG	0.5919735528515523
CGAAGC	0.9306187301046203
CGAAGG	0.0
CTCCCT	1.1245387482926206
CTCCCA	2.0624845254034674
CTCCGT	0.0
CTCCGA	2.923448998260628
ATCGCC	0.41763557118008965
ATCGCG	1.1839471057031044
ATCGGC	1.1839471057031044
ATCGGG	0.8390872604205893
ATGCCC	1.6705422847203586
ATGCCG	0.0
ATGCGC	1.1839471057031044
ATGCGG	0.8390872604205895
ATGGCC	1.1839471057031044
ATGGCG	0.8390872604205893
ATGGGC	2.517261781261768
ATGGGG	1.1893562258121477
CGATGC	0.0
CGATGG	0.0
CGAACC	0.9848230964693014
CGAACG	0.46530936505231024
AACCCC	3.9371419129617213
AACCCG	0.0
AACCGC	1.3130974619590685
AACCGG	2.326546825261551
CGAGCT	0.0
CGAGCA	0.0
CGAGGT	0.8390872604205893
CGAGGA	1.3190966335879384
CGAGTC	0.5919735528515522
CGAGTG	0.0
CGAGAC	0.46530936505231024
CGAGAG	1.9786449503819075
CGATCC	0.41763557118008965
CGATCG	0.0
AACGCC	1.6413718274488356
AACGCG	0.46530936505231024
AACGGC	3.257165555366171
AACGGG	0.6595483167939691
AAGCCC	1.6413718274488356
AAGCCG	1.3959280951569306
AAGCGC	0.0
AAGCGG	1.3190966335879382
CGACCT	0.8352711423601793
CGACCA	0.0
CGACGT	0.0
CGACGA	0.46530936505231024
CGACTC	1.252906713540269
CGACTG	0.5919735528515523
CGACAC	0.6565487309795343
CGACAG	0.46530936505231024
AAGGCC	1.8612374602092405
AAGGCG	0.6595483167939691
AAGGGC	2.6381932671758768
AAGGGG	1.8697409287554505
CTGCGG	1.4028602160834118
CTGCGC	0.0
CTGCCG	0.0
CTGCCC	2.7929601855051285
CTCGGG	1.4028602160834118
CTCGGC	2.969141061155179
CTCGCG	0.9897136870517264
CTCGCC	1.3964800927525642
CTCCGG	0.9897136870517264
CTCCGC	0.6982400463762821
CTCCCG	1.3964800927525642
CTCCCC	1.4778187936833242
CGAGGG	0.0
CGAGGC	1.10269114770168
CGAGCG	0.0
CGAGCC	0.0
AGGGGG	2.2154580645527853
AGGGGC	7.814995194954784
AGGGCG	3.125998077981914
AGGGCC	1.1026911477016803
CCCGAG	0.7779453069943212
CCCGAC	2.1953523502420205
CCCGTG	0.0
CCCGTC	0.0
CCCGGA	2.3338359209829638
CCCGGT	0.9897136870517264
ACGGGG	0.0
ACGGGC	2.2053822954033606
CCCGCA	1.0976761751210102
CCCGCT	1.3964800927525642
ACGGCG	0.0
ACGGCC	3.111781227977285
CAGCGG	3.308073443105041
CAGCGC	0.7779453069943213
CAGCCG	1.5558906139886426
CAGCCC	1.0976761751210105
CACGGG	0.0
CACGGC	0.0
CACGCG	0.0
CACGCC	0.5488380875605051
CACCGG	0.7779453069943212
CACCGC	0.5488380875605051
CACCCG	1.0976761751210102
CACCCC	2.323221776509321
CTGGGG	0.0
CTGGGC	0.0
CTGGCG	0.0
CTGGCC	0.9897136870517266
GCCCGA	1.5558906139886426
GCCCGT	0.0
CCCAGG	1.5558906139886426
CCCAGC	1.0976761751210105
GCCCCA	2.7441904378025255
GCCCCT	2.0947201391288464
CCCACG	2.744190437802526
CCCACC	2.7104254059275417
CGTGGG	1.9884708190023659
CGTGGC	0.0
CGTGCG	1.4028602160834123
CGTGCC	1.9794273741034532
CAGGGG	3.125998077981914
CAGGGC	0.0
CAGGCG	3.308073443105041
CAGGCC	0.7779453069943213
GCCGGA	5.5134557385084015
GCCGGT	0.0
ACGCGG	0.0
ACGCGC	0.0
GCCGCA	0.0
GCCGCT	1.9794273741034527
ACGCCG	0.0
ACGCCC	1.0976761751210105
CGTCGG	1.4028602160834118
CGTCGC	0.9897136870517264
CGTCCG	0.0
CGTCCC	1.3964800927525642
GCCCAG	1.5558906139886424
GCCCAC	2.7441904378025255
GCCCTG	1.9794273741034527
GCCCTC	0.6982400463762821
GCCAGG	0.0
GCCAGC	0.0
GCCACG	0.0
GCCACC	2.7441904378025255
CGGAGG	4.688997116972871
CGGAGC	1.1026911477016803
CGGACG	0.0
CGGACC	1.5558906139886426
GCCTGG	0.0
GCCTGC	1.9794273741034527
GCCTCG	0.0
GCCTCC	2.0947201391288464
GCCGAG	1.1026911477016803
GCCGAC	0.0
GCCGTG	0.0
GCCGTC	0.0
GCGCAG	0.0
GCGCAC	1.5558906139886426
GCGCTG	1.4028602160834123
GCGCTC	0.0
GCGCGA	0.0
GCGCGT	1.402860216083412
ACCGGG	3.3080734431050405
ACCGGC	0.0
GCGCCA	0.7779453069943213
GCGCCT	0.0
ACCGCG	0.7779453069943212
ACCGCC	1.0976761751210102
CGGTGG	1.9884708190023659
CGGTGC	0.0
CGGTCG	0.0
CGGTCC	0.9897136870517266
CGGCCA	1.5558906139886426
CGGCCT	0.9897136870517264
AGGCGG	1.562999038990957
AGGCGC	2.2053822954033606
CGGGAG	0.0
CGGGAC	1.1026911477016803
CGGGTG	1.9884708190023659
CGGGTC	2.805720432166824
CGGGGA	0.0
CGGGGT	1.9884708190023659
AGGCCG	0.0
AGGCCC	3.8897265349716066
CGGGCA	2.2053822954033606
CGGGCT	1.402860216083412
CCCTGG	0.9897136870517264
CCCTGC	2.0947201391288464
GCGGGA	3.125998077981914
GCGGGT	3.9769416380047318
CCCTCG	0.0
CCCTCC	1.9704250582444325
GCGGCA	0.0
GCGGCT	4.208580648250236
AGCGGG	3.125998077981914
AGCGGC	0.0
CGGCAG	1.1026911477016803
CGGCAC	0.7779453069943213
CGGCTG	1.4028602160834123
CGGCTC	0.0
CGGCGA	1.1026911477016803
CGGCGT	0.0
AGCGCG	0.0
AGCGCC	0.0
GCGAGG	0.0
GCGAGC	0.0
GCGACG	1.1026911477016803
GCGACC	0.7779453069943213
CGCAGG	1.10269114770168
CGCAGC	0.0
CGCACG	0.0
CGCACC	0.5488380875605051
GCGTGG	0.0
GCGTGC	1.402860216083412
GCGTCG	2.8057204321668245
GCGTCC	0.9897136870517266
GCGGAG	4.688997116972871
GCGGAC	0.0
GCGGTG	0.0
GCGGTC	0.0
GCACGG	1.10269114770168
GCACGC	0.0
GCACCG	0.0
GCACCC	2.1953523502420205
CGCTGG	1.4028602160834118
CGCTGC	3.9588547482069054
CGCTCG	2.969141061155179
CGCTCC	1.3964800927525642
GCTGGG	0.0
GCTGGC	2.805720432166824
GCTGCG	1.4028602160834123
GCTGCC	2.9691410611551796
GCTCGG	5.611440864333647
GCTCGC	1.9794273741034527
GCTCCG	0.0
GCTCCC	0.6982400463762821
GCAGGG	0.0
GCAGGC	4.41076459080672
GCAGCG	1.10269114770168
GCAGCC	1.5558906139886424
CGCGAG	1.1026911477016803
CGCGAC	0.7779453069943213
CGCGTG	0.0
CGCGTC	0.9897136870517266
CGCGGA	1.1026911477016803
CGCGGT	1.402860216083412
AGCCGG	2.2053822954033606
AGCCGC	3.8897265349716066
CGCGCA	0.0
CGCGCT	0.0
AGCCCG	0.0
AGCCCC	3.2930285253630314
GGCCCA	3.111781227977285
GGCCCT	0.0
CGACGG	3.3080734431050405
CGACGC	0.0
CGCCAG	0.0
CGCCAC	0.5488380875605051
CGCCTG	0.9897136870517264
CGCCTC	0.0
CGCCGA	0.0
CGCCGT	0.0
CGACCG	0.7779453069943212
CGACCC	0.5488380875605051
CGCCCA	2.1953523502420205
CGCCCT	0.6982400463762821
CCCCAG	1.0976761751210102
CCCCAC	1.9360181470911009
GGCGGA	1.562999038990957
GGCGGT	0.0
CCCCTG	0.6982400463762821
CCCCTC	3.940850116488865
GGCGCA	2.2053822954033606
GGCGCT	0.0
CCCCGA	1.6465142626815155
CCCCGT	0.0
GGCCAG	1.1026911477016803
GGCCAC	3.8897265349716066
GGCCTG	0.0
GGCCTC	3.9588547482069063
GGCCGA	0.0
GGCCGT	4.208580648250236
CCCCCA	5.033647182436863
CCCCCT	4.433456381049974
GGGCCA	1.1026911477016803
GGGCCT	4.208580648250236
GGCAGG	3.125998077981914
GGCAGC	0.0
GGCACG	2.2053822954033606
GGCACC	3.111781227977285
GGCTGG	1.9884708190023659
GGCTGC	2.805720432166824
GGCTCG	1.4028602160834123
GGCTCC	0.9897136870517266
GGCGAG	1.562999038990957
GGCGAC	2.2053822954033606
GGCGTG	0.0
GGCGTC	2.805720432166824
GGGGCA	7.8149951949547845
GGGGCT	3.9769416380047318
CCAGGG	1.1026911477016803
CCAGGC	0.7779453069943213
CCAGCG	0.0
CCAGCC	1.0976761751210105
GGGCAG	1.562999038990957
GGGCAC	4.410764590806721
GGGCTG	0.0
GGGCTC	5.611440864333648
GGGCGA	3.125998077981914
GGGCGT	7.9538832760094635
GGGTGG	0.0
GGGTGC	3.9769416380047318
GGGTCG	0.0
GGGTCC	0.0
CCACGG	0.0
CCACGC	0.5488380875605052
CCACCG	0.0
CCACCC	1.9360181470911013
GGGGAG	2.2154580645527853
GGGGAC	0.0
GGGGTG	0.0
GGGGTC	0.0
GGGGGA	0.0
GGGGGT	2.8185389767934232
GGACGG	0.0
GGACGC	1.1026911477016803
GGACCG	1.1026911477016803
GGACCC	1.5558906139886426
GGTGGG	0.0
GGTGGC	1.9884708190023654
GGTGCG	1.9884708190023654
GGTGCC	1.4028602160834118
GGTCGG	0.0
GGTCGC	1.402860216083412
GGTCCG	0.0
GGTCCC	1.9794273741034532
GGGAGG	2.2154580645527853
GGGAGC	1.5629990389909567
GGGACG	0.0
GGGACC	0.0
GTGCGG	0.0
GTGCGC	0.0
GTGCCG	1.4028602160834123
GTGCCC	1.9794273741034532
GTCGGG	1.9884708190023659
GTCGGC	0.0
GTCGCG	1.4028602160834123
GTCGCC	0.0
GTCCGG	0.0
GTCCGC	0.9897136870517264
GTCCCG	0.0
GTCCCC	2.0947201391288464
GGAGGG	4.4309161291055705
GGAGGC	3.1259980779819134
GGAGCG	1.562999038990957
GGAGCC	3.308073443105041
GACGGG	1.562999038990957
GACGGC	1.1026911477016803
GACGCG	0.0
GACGCC	0.0
CCTGGG	1.4028602160834123
CCTGGC	0.9897136870517266
CCTGCG	0.9897136870517264
CCTGCC	0.0
GACCGG	1.1026911477016803
GACCGC	1.5558906139886426
GACCCG	0.7779453069943213
GACCCC	1.6465142626815157
GTGGGG	2.8185389767934224
GTGGGC	0.0
GTGGCG	0.0
GTGGCC	0.0
TCCCGG	0.0
TCCCGC	0.6982400463762821
TCCCCG	0.0
TCCCCC	5.418668910172189
CCTCGG	0.0
CCTCGC	2.792960185505129
CCTCCG	1.3964800927525645
CCTCCC	1.970425058244433
GAGGGG	8.861832258211141
GAGGGC	0.0
GAGGCG	1.562999038990957
GAGGCC	1.1026911477016803
GAGCGG	4.688997116972871
GAGCGC	0.0
GAGCCG	1.1026911477016803
GAGCCC	2.3338359209829638
TCGGGG	1.9884708190023659
TCGGGC	1.402860216083412
TCGGCG	2.8057204321668245
TCGGCC	0.9897136870517266
CCGAGG	0.0
CCGAGC	0.0
CCGACG	0.7779453069943212
CCGACC	0.5488380875605051
TCGCGG	1.4028602160834118
TCGCGC	0.0
TCGCCG	0.0
TCGCCC	1.3964800927525642
TCCGGG	1.4028602160834118
TCCGGC	0.0
TCCGCG	0.0
TCCGCC	2.0947201391288464
TGGCGG	3.9769416380047318
TGGCGC	0.0
TGGCCG	1.4028602160834123
TGGCCC	0.0
CCGTGG	0.0
CCGTGC	0.0
CCGTCG	0.0
CCGTCC	0.0
TGCGGG	1.9884708190023659
TGCGGC	1.402860216083412
TGCGCG	0.0
TGCGCC	0.9897136870517266
TGCCGG	5.611440864333647
TGCCGC	0.0
TGCCCG	1.9794273741034527
TGCCCC	3.4912002318814106
TGGGGG	0.0
TGGGGC	5.965412457007097
TGGGCG	1.9884708190023654
TGGGCC	5.611440864333647
CCGGAG	4.410764590806721
CCGGAC	0.0
CCGGTG	0.0
CCGGTC	0.9897136870517266
CCGGGA	0.0
CCGGGT	4.208580648250236
CCGGCA	0.0
CCGGCT	0.9897136870517264
ACCCGG	1.5558906139886424
ACCCGC	0.5488380875605051
ACCCCG	1.6465142626815155
ACCCCC	3.4848326647639816
CCGCAG	1.5558906139886424
CCGCAC	1.0976761751210102
CCGCTG	2.969141061155179
CCGCTC	0.6982400463762821
CCGCGA	0.0
CCGCGT	0.0
CCGCCA	0.5488380875605051
CCGCCT	2.0947201391288464
CCCGGG	1.843576484479881
CCCGGC	0.0
CCCGCG	0.0
CCCGCC	1.8351920102421901
GCCCGG	0.0
GCCCGC	3.9019130891968095
GCCCCG	1.3006376963989366
GCCCCC	4.587980025605476
GCCGGG	5.226319771504937
GCCGGC	1.8435764844798814
GCCGCG	1.843576484479881
GCCGCC	2.6012753927978727
GCGCGG	0.0
GCGCGC	0.0
GCGCCG	0.0
GCGCCC	0.0
CGGCCG	1.843576484479881
CGGCCC	1.3006376963989363
CGGGGG	3.7039985300270155
CGGGGC	2.6131598857524687
CGGGCG	2.6131598857524687
CGGGCC	1.8435764844798814
GCGGGG	0.0
GCGGGC	0.0
GCGGCG	0.0
GCGGCC	0.0
CGGCGG	0.0
CGGCGC	1.8435764844798814
CGCGGG	0.0
CGCGGC	1.8435764844798814
CGCGCG	0.0
CGCGCC	0.0
GGCCCG	1.843576484479881
GGCCCC	2.6012753927978727
CGCCGG	1.843576484479881
CGCCGC	0.0
CGCCCG	2.601275392797873
CGCCCC	0.9175960051210951
GGCGGG	3.7039985300270155
GGCGGC	2.6131598857524687
GGCGCG	2.6131598857524687
GGCGCC	0.0
GGCCGG	2.6131598857524687
GGCCGC	0.0
CCGGCG	0.0
CCGGCC	0.0
CCGCCG	1.3006376963989366
CCGCCC	3.6703840204843803
GGGGCG	7.407997060054031
GGGGCC	2.6131598857524687
GGGGGG	42.00157880960793
GGGGGC	3.7039985300270155
GGGCCG	5.226319771504937
GGGCCC	1.8435764844798814
CCGGGG	5.226319771504937
CCGGGC	3.687152968959763
GGGCGG	0.0
GGGCGC	0.0
CCCCGG	3.90191308919681
CCCCGC	0.9175960051210951
CCGCGG	3.687152968959762
CCGCGC	0.0
CCCCCG	2.752788015363286
CCCCCC	11.00514103664033
