	Parastichopus_californicus 6-mer OE values GC sorted
AATTAA	0.33904311352454175
AATTAT	0.7158180066967308
AATTTA	0.5726544053573845
AATTTT	1.2090389647137094
ATTTAA	0.5010726046877116
ATTTAT	1.057909094124496
ATTTTA	1.5868636411867436
ATTTTT	1.834703318876381
TAAAAA	1.991264362921006
TAAAAT	1.2205552086883502
ATTAAA	0.8815120951638086
ATTAAT	0.5010726046877115
ATTATA	1.2168906113844422
ATTATT	1.43573377059753
TAAATA	0.47466035893435843
TAAATT	0.4294908040180384
TAATAA	2.0342586811472505
TAATAT	0.3579090033483654
TAATTA	0.5010726046877114
TAATTT	0.6800844176514615
ATATTA	0.7873998073664037
ATATTT	0.8312142882406752
TATAAA	1.152746585983442
TATAAT	1.1453088107147693
ATATAA	0.8815120951638086
ATATAT	0.21474540200901923
TATTAA	1.0021452093754233
TATTAT	1.8891233823651714
ATAAAA	1.6700926914821341
ATAAAT	0.47466035893435843
ATAATA	1.8986414357374337
ATAATT	0.4294908040180384
TTTTTA	2.3133215759745673
TTTTTT	2.6946706036144485
TATTTA	0.9823441588298889
TATTTT	2.233551866458203
TATATA	0.7873998073664037
TATATT	0.6800844176514615
AAAAAA	2.190544260080006
AAAAAT	1.284686685755488
TTAAAA	1.5595983222128922
TTAAAT	0.5010726046877115
TTATAA	1.0737270100450962
TTATAT	1.5868636411867438
TTATTA	1.9646883176597778
TTATTT	2.1537821569418387
TTAATA	1.2884724120541151
TTAATT	0.6045194823568547
TTTATA	1.8135584470705641
TTTATT	1.9144730283927454
TTTTAA	1.1334740294191026
TTTTAT	1.9942427379091094
TTTAAA	0.5010726046877116
TTTAAT	0.9067792235352823
AAATTA	0.5424689816392667
AAATTT	0.7158180066967307
AATAAA	1.3489210200432622
AATAAT	1.1527465859834418
AATATA	0.47466035893435843
AATATT	0.5010726046877114
AAATAA	1.2204523514677135
AAATAT	0.9493207178687169
AAAATA	1.477389688618811
AAAATT	1.0171293405736253
AAAACT	2.068084145264001
AAAACA	2.425518339140913
AAAAGT	2.582616247191119
AAAAGA	2.659220534485588
AAAATC	0.7878415791481909
AAAATG	1.010588966292177
AAATCT	0.93564072247418
AAATCA	0.39392078957409543
AAATAC	0.29544059218057156
AAATAG	1.459739617977589
AAACTT	1.5594012041236336
AAACTA	1.3787227635093342
TTGAAT	0.8759220805843523
TTGAAA	1.5409661219403141
AATATC	0.7277205619243622
AATATG	0.8297509887370919
AATAAC	1.8711237504769533
AATAAG	1.235164292134883
AAATGT	0.3556075666016108
AAATGA	1.1228766292135302
AAATTC	0.5198004013745444
AAATTG	0.11853585553387026
TTAGAT	0.7507903547865875
TTAGAA	0.9482868442709621
TTATCT	0.6951095385065519
TTATCA	0.5487244429242089
TTTAAC	1.3169386630181015
TTTAAG	1.251317257977646
TTACTT	0.9268127180087361
TTACTA	1.3169386630181015
TTACAT	0.9877039972635759
TTACAA	0.3118802408247267
AAGTTT	1.3764489837754104
AAGTTA	1.8965736885419242
AAGTAT	0.0
AAGTAA	1.6843149438202953
TTTTAC	1.3902190770131035
TTTTAG	2.509797781283186
TTTACT	1.6219222565152878
TTTACA	1.426683551602943
TTTAGT	1.0567569605402891
TTTAGA	1.1261855321798815
TTTATC	1.0426643077598279
TTTATG	1.188851580607825
AAGATT	0.47414342213548105
AAGATA	1.010588966292177
AAGAAT	1.572027280898942
AAGAAA	2.446482891726741
TTATGT	0.13209462006753614
TTATGA	0.5005269031910584
TTATTC	1.0426643077598279
TTATTG	0.7925677204052166
TTATAC	1.5364284401877852
TTATAG	2.1272393385619983
TTAACT	0.9877039972635759
TTAACA	0.6237604816494534
TTAGTT	1.056756960540289
TTAGTA	1.0010538063821166
TTAAAC	0.8316806421992713
TTAAAG	1.3038944108725732
CTATTT	1.2743674872620117
CTATTA	1.6461733287726266
CTATAT	0.7682142200938924
CTATAA	1.039600802749089
AAAAAC	2.7986750067010537
AAAAAG	3.829277569659247
TTAAGT	0.5005269031910583
TTAAGA	0.8297509887370919
TTAATC	0.7682142200938924
TTAATG	0.25026345159552915
TACTTT	0.9268127180087357
TACTTA	0.8779591086787342
TACTAT	1.6461733287726266
TACTAA	1.6633612843985426
TTCTTT	2.568260002260297
TTCTTA	1.3902190770131038
TTCATT	0.46340635900436805
TTCATA	1.2071937744332597
TTCAAT	0.4389795543393671
TTCAAA	0.5198004013745445
AACATT	0.6237604816494534
AACATA	0.9848019739352388
AACAAT	0.5908811843611431
AACAAA	1.5859158371305968
TTGTTT	0.8366697672972605
TTGTTA	0.2641892401350723
TAGTTT	1.9814193010130419
TAGTTA	1.251317257977646
TAGTAT	0.6256586289888231
TAGTAA	1.3038944108725734
CTAAAT	0.41584032109963565
CTAAAA	2.462004934838097
TTCTAT	0.8109611282576439
TTCTAA	1.5364284401877848
TACATT	0.21948977716968354
TACATA	0.7277205619243624
TACAAT	0.41584032109963565
TACAAA	0.5908811843611432
AACTTT	1.426683551602943
AACTTA	0.6237604816494534
AACTAT	0.7277205619243624
AACTAA	1.1817623687222865
CTAATT	0.8779591086787342
CTAATA	1.3514810435738158
TATCAT	0.4389795543393671
TATCAA	0.41584032109963565
TATGTT	1.056756960540289
TATGTA	0.37539517739329376
TATCTT	1.042664307759828
TATCTA	0.7682142200938926
TGAATT	0.12513172579776458
TGAATA	0.7112151332032216
TGAAAT	1.0668226998048322
TGAAAA	3.0317668988765316
TAGATT	0.1251317257977646
TAGATA	0.47414342213548116
TAGAAT	1.185358555338703
TAGAAA	1.3474519550562363
TATAAC	0.41584032109963565
TATAAG	0.7112151332032217
TATGAT	1.251317257977646
TATGAA	1.1853585553387025
TATTCT	1.6219222565152878
TATTCA	0.5487244429242089
TATTGT	0.7925677204052167
TATTGA	0.7507903547865876
TATTTC	0.8109611282576439
TATTTG	1.188851580607825
TATTAC	0.9877039972635762
TATTAG	1.251317257977646
TTTGAT	0.5283784802701446
TTTGAA	1.5015807095731752
TTTTCT	3.913539051063309
TTTTCA	1.5060706667641959
TTTTGT	1.8127844958107309
TTTTGA	1.5851354408104332
TTTTTC	4.035837146409037
TTTTTG	2.3705643406755708
AATCTT	0.6584693315090506
AATCTA	0.6237604816494534
AATCAT	0.20792016054981782
AATCAA	0.2954405921805716
TTGATT	0.7925677204052167
TTGATA	0.7507903547865876
TAACAT	0.6237604816494534
TAACAA	1.2802425661158103
ATAAAC	0.5908811843611431
ATAAAG	1.12287662921353
TATACT	1.86566310594231
TATACA	0.20792016054981782
TATAGT	1.1261855321798813
TATAGA	0.3556075666016108
TATATC	0.4389795543393671
TATATG	1.2513172579776457
TAATCT	0.7682142200938924
TAATCA	0.5198004013745445
ATATAC	0.5198004013745445
ATATAG	0.47414342213548116
ATAACT	0.8316806421992711
ATAACA	1.4772029609028579
ATAAGT	0.5926792776693512
ATAAGA	1.4597396179775892
ATAATC	0.31188024082472665
ATAATG	0.8297509887370919
TAACTT	0.7682142200938924
TAACTA	0.7277205619243624
TAAACT	1.0396008027490888
TAAACA	0.5908811843611431
ATAGAT	0.3556075666016108
ATAGAA	0.7860136404494712
ATATCT	1.2071937744332595
ATATCA	0.0
ATATGT	1.251317257977646
ATATGA	1.5409661219403135
ATATTC	0.7682142200938924
ATATTG	0.6256586289888229
TAAGTT	0.625658628988823
TAAGTA	0.5926792776693512
TAAGAT	0.5926792776693512
TAAGAA	1.5720272808989424
ATACTT	1.3169386630181013
ATACTA	1.3514810435738158
ATACAT	0.10396008027490891
ATACAA	0.3939207895740955
ATAGTT	1.1261855321798813
ATAGTA	0.9482868442709621
TAATGT	0.37539517739329376
TAATGA	0.8297509887370919
TAATTC	0.6584693315090506
TAATTG	0.25026345159552915
TAATAC	1.039600802749089
TAATAG	2.2521812551435354
TTTCAT	0.9268127180087359
TTTCAA	0.9877039972635759
TTTGTT	1.2550046509458908
TTTGTA	1.0567569605402891
TTTCTT	2.4459619069145684
TTTCTA	1.5060706667641959
TTGTAT	0.7925677204052167
TTGTAA	0.7507903547865876
AATGTT	0.8759220805843521
AATGTA	0.5926792776693512
AATGAT	1.1853585553387025
AATGAA	0.7860136404494712
AATTCT	0.8779591086787342
AATTCA	0.10396008027490891
AATTGT	0.5005269031910583
AATTGA	0.23707171106774053
TAAAGT	0.9482868442709621
TAAAGA	1.2351642921348833
TAAATC	0.5198004013745444
TAAATG	0.5926792776693512
TGATTT	1.0567569605402887
TGATTA	0.5005269031910582
TGATAT	0.875922080584352
TGATAA	0.7112151332032216
ATTAAC	0.6237604816494534
ATTAAG	0.47414342213548116
TAAAAC	1.8711237504769533
TAAAAG	2.582616247191119
ATTTAC	0.7682142200938926
ATTTAG	0.7507903547865876
ATTACT	0.7682142200938924
ATTACA	0.6237604816494534
ATTAGT	1.0010538063821166
ATTAGA	0.7112151332032216
ATTATC	0.6584693315090506
ATTATG	0.3753951773932937
TGTTTT	1.6733395345945208
TGTTTA	0.9246623404727528
TGTATT	1.1888515806078248
TGTATA	0.5005269031910582
TGTAAT	0.2502634515955291
TGTAAA	1.1853585553387025
ATTGTT	0.0
ATTGTA	1.0010538063821166
ATTGAT	0.25026345159552915
ATTGAA	0.8297509887370919
ATTTCT	1.0426643077598279
ATTTCA	1.0974488858484177
ATTTGT	0.7925677204052167
ATTTGA	0.7507903547865876
ATTTTC	0.6951095385065519
ATTTTG	0.9246623404727528
CTTTTT	3.9135390510633097
CTTTTA	1.6219222565152878
CTTTAT	1.9694770257685636
CTTTAA	0.8779591086787342
TGTTAT	0.6604731003376806
TGTTAA	0.625658628988823
GTTTAT	1.3209462006753612
GTTTAA	1.3764489837754104
ATTCTT	1.8536254360174722
ATTCTA	0.6584693315090507
ATTCAT	0.5487244429242089
ATTCAA	0.20792016054981782
CTTATT	1.73777384626638
CTTATA	1.9754079945271523
CTTAAT	0.7682142200938924
CTTAAA	0.8316806421992713
ACTTAT	0.9877039972635759
ACTTAA	0.7277205619243624
ACTTTT	1.8536254360174713
ACTTTA	1.0974488858484177
TCATTT	0.8109611282576438
TCATTA	0.3292346657545253
TCATAT	0.9877039972635759
TCATAA	0.6237604816494534
TCAATT	0.3292346657545253
TCAATA	0.41584032109963565
TCAAAT	0.10396008027490891
TCAAAA	1.3787227635093342
ATGAAT	0.7112151332032217
ATGAAA	2.1334655955057076
GTTTTT	3.3466790691890416
GTTTTA	0.9246623404727528
TCTTTT	2.6905580976060253
TCTTTA	0.9268127180087359
TCTATT	0.9268127180087361
TCTATA	0.7682142200938926
TCTAAT	1.426683551602943
TCTAAA	1.143560883023998
ACTATT	1.6461733287726266
ACTATA	1.143560883023998
ACTAAT	1.4554411238487248
ACTAAA	1.477202960902858
ATGTTT	1.4530408207428973
ATGTTA	0.7507903547865876
ATGTAT	0.3753951773932938
ATGTAA	0.7112151332032218
ATGATT	0.7507903547865876
ATGATA	1.659501977474184
CATTAT	0.6584693315090506
CATTAA	0.8316806421992713
ACAATT	0.41584032109963565
ACAATA	0.3939207895740955
ACAAAT	0.29544059218057156
ACAAAA	1.4926266702405617
TCTTAT	1.5060706667641959
TCTTAA	1.2071937744332595
ACATTT	0.7682142200938924
ACATTA	0.6237604816494534
ACATAT	0.8316806421992713
ACATAA	0.4924009869676194
GTTATT	1.3209462006753607
GTTATA	1.0010538063821164
GTTAAT	1.126185532179881
GTTAAA	2.4892529662112755
GATAAT	0.5926792776693515
GATAAA	0.6737259775281181
GAATTT	1.5015807095731752
GAATTA	0.9482868442709623
GAATAT	0.47414342213548116
GAATAA	0.8983013033708241
GAAAAT	1.3474519550562365
GAAAAA	2.871958177244436
CATAAT	0.6237604816494534
CATAAA	0.4924009869676194
GAAATT	0.23707171106774058
GAAATA	1.6843149438202953
CATATT	1.0974488858484177
CATATA	0.41584032109963565
CATTTT	0.6951095385065518
CATTTA	0.7682142200938924
AGTAAT	0.829750988737092
AGTAAA	1.4597396179775892
AGTTTT	1.0567569605402891
AGTTTA	1.3764489837754106
AGTTAT	1.1261855321798815
AGTTAA	1.6595019774741844
GATTTT	0.9246623404727529
GATTTA	0.7507903547865876
GATTAT	0.5005269031910584
GATTAA	0.3556075666016109
GATATT	1.0010538063821168
GATATA	0.35560756660161086
ATCATT	0.4389795543393671
ATCATA	0.3118802408247267
ATCAAT	0.41584032109963565
ATCAAA	1.0832821713287626
AGATAT	0.35560756660161086
AGATAA	1.0105889662921772
CAAATT	0.10396008027490891
CAAATA	0.3939207895740955
CAATAT	0.5198004013745445
CAATAA	1.0832821713287626
CAATTT	0.4389795543393671
CAATTA	0.3118802408247267
GTATAT	0.37539517739329364
GTATAA	0.5926792776693512
ATCTTT	0.5792579487554598
ATCTTA	0.5487244429242089
ATCTAT	0.4389795543393671
ATCTAA	0.6237604816494534
AGTATT	0.2502634515955292
AGTATA	0.35560756660161086
AAACAT	0.9848019739352386
AAACAA	1.2127591695704565
GTAATT	0.25026345159552915
GTAATA	0.5926792776693512
CAAAAT	0.4924009869676193
CAAAAA	2.612096672920983
AGAATT	1.7780378330080542
AGAATA	0.6737259775281181
AGAAAT	0.8983013033708244
AGAAAA	2.2337452489678946
GTAAAT	0.5926792776693512
GTAAAA	1.9088902696630015
GTATTT	1.0567569605402887
GTATTA	0.7507903547865873
AGATTT	0.2502634515955292
AGATTA	0.5926792776693515
AATTTC	0.21948977716968354
AATTTG	1.126185532179881
AATTAC	0.41584032109963565
AATTAG	0.829750988737092
AATACT	1.0396008027490888
AATACA	0.19696039478704772
AATAGT	0.9482868442709621
AATAGA	1.5720272808989424
AAAGTT	2.8448605328128864
AAAGTA	1.4597396179775892
AAAGAT	1.1228766292135302
AAAGAA	2.340114070347318
AAAACC	2.0023543390966956
AAAACG	1.4677042080220108
AAAAGC	1.7938606986935688
AAAAGG	4.276682390111644
AAATCC	1.0568871881901492
AAATCG	0.0
AAACCT	2.1137743763802987
AAACCA	1.4302530993547828
AAACGT	0.3443053106088464
AAACGA	1.9569389440293476
AAACTC	0.754919420135821
AAACTG	0.6886106212176928
AAACAC	1.0011771695483478
AAACAG	1.3046259626862318
GACTTT	1.7265995629990387
GACTTA	1.0903920385214507
GACTAT	1.4538560513619343
GACTAA	0.5164579659132696
ATCCTT	1.1777795920858105
ATCCTA	0.9563118547148887
ATCCAT	0.0
ATCCAA	0.15098388402716417
CGAATT	0.0
CGAATA	0.688610621217693
GTAAGT	0.6216355009137868
GTAAGA	0.9814470239430158
GTAATC	0.0
GTAATG	0.8288473345517159
GACATT	0.7269280256809671
GACATA	0.34430531060884645
GACAAT	0.3443053106088464
GACAAA	1.3046259626862318
AGAAGT	1.1777364287316192
AGAAGA	2.2313125513625978
AGAATC	0.5164579659132696
AGAATG	1.5703152383088255
AGAAAC	1.304625962686232
AGAAAG	1.859427126135498
GTAAAC	1.032915931826539
GTAAAG	0.9814470239430158
CGAAAT	0.6886106212176929
CGAAAA	0.652312981343116
ATCGTT	0.0
ATCGTA	0.18173200642024173
ATCGAT	0.5451960192607253
ATCGAA	0.0
GTATTC	0.3836887917775641
GTATTG	0.21874203574988738
GTATAC	0.5451960192607253
GTATAG	0.20721183363792892
AGATAC	0.34430531060884645
AGATAG	0.7851576191544127
AGAACT	1.2050685871309625
AGAACA	0.815391226678895
CAAAGT	1.7215265530442319
CAAAGA	1.141547717350453
CAAATC	0.6039355361086568
CAAATG	0.5164579659132695
CAAAAC	1.0011771695483478
CAAAAG	1.6307824533577897
GAGTTT	0.21874203574988743
GAGTTA	0.6216355009137869
GAGTAT	1.036059168189645
GAGTAA	0.5888682143658096
AGAGTT	0.414423667275858
AGAGTA	0.981447023943016
AGAGAT	0.39257880957720637
AGAGAA	1.6734844135219482
AGATCT	1.0903920385214507
AGATCA	0.5164579659132696
AGATGT	1.036059168189645
AGATGA	1.1777364287316192
AGATTC	0.3634640128404836
AGATTG	0.0
GAGATT	0.414423667275858
GAGATA	0.19628940478860318
GAGAAT	0.7851576191544127
GAGAAA	1.3015989882948487
AGACTT	1.4538560513619343
AGACTA	1.549373897739809
AGACAT	0.5164579659132696
AGACAA	0.815391226678895
CAATGT	0.3634640128404836
CAATGA	0.6886106212176929
CAATTC	0.3187706182382963
CAATTG	0.1817320064202418
CAATAC	0.6039355361086568
CAATAG	1.3772212424353856
GTAACT	0.5451960192607253
GTAACA	1.5493738977398084
ATCTCT	1.0095253646449804
ATCTCA	0.1593853091191481
ATCTGT	0.5755331876663462
ATCTGA	1.6355880577821762
ATCTTC	1.5142880469674704
ATCTTG	0.5755331876663461
ATCTAC	1.7532384003106292
ATCTAG	0.5451960192607253
GATGTT	1.0937101787494372
GATGTA	0.414423667275858
AGTACT	0.9086600321012089
AGTACA	0.17215265530442322
AGTAGT	1.450482835465503
AGTAGA	0.981447023943016
AGTATC	0.5451960192607254
AGTATG	0.6216355009137869
AGTAAC	1.2050685871309625
AGTAAG	1.3740258335202225
CAAACT	0.1509838840271642
CAAACA	0.28605061987095654
AGTTCT	0.9592219794439105
AGTTCA	0.5451960192607255
AGTTGT	1.3124522144993245
AGTTGA	1.657694669103432
AGTTTC	1.1510663753326926
AGTTTG	1.3124522144993245
AGTTAC	0.36346401284048363
AGTTAG	1.4504828354655033
GATCTT	0.9592219794439105
GATCTA	1.2721240449416928
GATCAT	0.5451960192607254
GATCAA	1.2050685871309625
GATGAT	1.450482835465503
GATGAA	0.981447023943016
GATTCT	0.9592219794439105
GATTCA	0.18173200642024182
GATTGT	0.43748407149977486
GATTGA	0.414423667275858
GATTTC	1.1510663753326926
GATTTG	0.21874203574988743
CTCTTT	2.4866331339714036
CTCTTA	2.019050729289961
AGTGTT	0.6562261072496622
AGTGTA	0.6216355009137869
AGTGAT	0.414423667275858
AGTGAA	0.7851576191544127
GATTAC	1.2721240449416928
GATTAG	1.0360591681896452
GATACT	0.7269280256809671
GATACA	0.5164579659132696
GATAGT	1.450482835465503
GATAGA	0.19628940478860318
GATATC	0.3634640128404836
GATATG	0.414423667275858
AGTCTT	1.726599562999039
AGTCTA	0.18173200642024182
AGTCAT	0.3634640128404836
AGTCAA	0.6886106212176929
ATCACT	0.7969265455957405
ATCACA	0.30196776805432834
ATCAGT	0.5451960192607254
ATCAGA	1.0329159318265393
ATCATC	0.3187706182382963
ATCATG	0.1817320064202418
ATCAAC	0.3019677680543284
ATCAAG	0.6886106212176928
GTAGTT	1.3124522144993243
GTAGTA	0.8288473345517157
GTAGAT	0.41442366727585794
GTAGAA	1.177736428731619
GAAGAT	0.981447023943016
GAAGAA	1.859427126135498
GAATCT	0.0
GAATCA	0.860763276522116
GATAAC	1.0329159318265393
GATAAG	1.7666046430974287
GAACTT	0.9086600321012089
GAACTA	1.0329159318265393
GAACAT	0.34430531060884645
GAACAA	1.141547717350453
AGGATT	2.4865420036551478
AGGATA	1.1777364287316192
AGGAAT	1.5703152383088255
AGGAAA	2.789140689203247
GAATAC	0.6886106212176929
GAATAG	1.5703152383088255
GAAACT	1.0329159318265393
GAAACA	0.652312981343116
CTCATT	0.16825422744083007
CTCATA	0.6375412364765924
AGGTTT	0.8749681429995497
AGGTTA	1.450482835465503
AGGTAT	1.450482835465503
AGGTAA	1.5703152383088255
GAAGTT	1.450482835465503
GAAGTA	0.981447023943016
GAAAGT	1.3740258335202225
GAAAGA	3.3469688270438964
CAAGTT	0.9086600321012089
CAAGTA	0.17215265530442322
CAAGAT	1.032915931826539
CAAGAA	1.9569389440293476
CGTATT	0.1918443958887821
CGTATA	0.0
CTCTAT	1.3460338195266406
CTCTAA	1.4344677820723328
GAATGT	1.2432710018275739
GAATGA	1.3740258335202225
GAATTC	0.1817320064202418
GAATTG	0.828847334551716
CAACTT	0.7969265455957406
CAACTA	0.4529516520814926
CAACAT	0.754919420135821
CAACAA	1.7163037192257393
CTCAAT	0.3187706182382962
CTCAAA	1.0568871881901492
CAATCT	0.47815592735744433
CAATCA	0.6039355361086567
GAAATC	0.5164579659132696
GAAATG	0.7851576191544127
GAAAAC	2.283095434700906
GAAAAG	2.4172552639761475
TCCTAT	1.3460338195266406
TCCTAA	0.7969265455957405
AGCATT	0.7269280256809671
AGCATA	1.2050685871309625
AGCAAT	1.3772212424353856
AGCAAA	1.3046259626862318
CGTAAT	0.0
CGTAAA	0.5164579659132696
CATAGT	0.5451960192607254
CATAGA	0.0
CATATC	0.3187706182382963
CATATG	2.1807840770429014
CATAAC	0.3019677680543284
CATAAG	0.1721526553044232
TCCATT	0.33650845488166015
TCCATA	0.6375412364765924
TCCAAT	0.6375412364765924
TCCAAA	0.4529516520814925
CATTGT	0.0
CATTGA	0.7269280256809671
CATTTC	1.6825422744083005
CATTTG	0.9592219794439102
AGCTTT	2.685821542442949
AGCTTA	2.5442480898833852
AGCTAT	1.8173200642024179
AGCTAA	2.0658318636530786
TCCTTT	2.309016481544875
TCCTTA	0.6730169097633203
GTATCT	0.19184439588878205
GTATCA	0.9086600321012086
GTATGT	0.0
GTATGA	1.0360591681896447
GTACTT	1.1510663753326922
GTACTA	1.0903920385214503
GTACAT	0.0
GTACAA	0.5164579659132695
ATGCTT	0.9592219794439105
ATGCTA	0.5451960192607255
ATGCAT	0.5451960192607254
ATGCAA	0.5164579659132696
GTTAGT	1.3124522144993243
GTTAGA	0.41442366727585794
GTTATC	0.5755331876663461
GTTATG	0.8749681429995495
TCGTTT	0.8100779374839365
TCGTTA	0.0
TCGTAT	0.19184439588878208
TCGTAA	0.1817320064202418
CATGTT	0.5755331876663461
CATGTA	0.36346401284048346
CATGAT	0.9086600321012088
CATGAA	1.7215265530442316
CATTAC	0.0
CATTAG	0.3634640128404835
CATACT	1.1156971638340367
CATACA	0.15098388402716417
CTGTAT	0.9592219794439104
CTGTAA	0.1817320064202418
TCTCAT	0.33650845488166015
TCTCAA	1.115697163834037
CATCTT	0.33650845488166015
CATCTA	0.6375412364765924
CATCAT	0.1593853091191481
CATCAA	1.0568871881901492
TCGATT	0.19184439588878208
TCGATA	0.7269280256809671
TCGAAT	0.1817320064202418
TCGAAA	0.5164579659132696
CTGAAT	0.5451960192607254
CTGAAA	2.237984518957502
CTGTTT	2.2277143280808254
CTGTTA	0.19184439588878208
CATTCT	0.5047626823224902
CATTCA	0.47815592735744433
TCTGAT	1.1510663753326924
TCTGAA	0.9086600321012089
ACAAGT	0.3443053106088464
ACAAGA	1.3046259626862318
ACAATC	0.4529516520814926
ACAATG	0.8607632765221159
ACAAAC	0.7151265496773913
ACAAAG	2.1200171893651265
CTGATT	0.9592219794439104
CTGATA	0.3634640128404836
TCTCTT	2.4866331339714036
TCTCTA	1.682542274408301
ACATGT	0.5451960192607254
ACATGA	1.549373897739809
ACATTC	0.4781559273574444
ACATTG	0.5451960192607254
ACATAC	0.6039355361086568
ACATAG	0.8607632765221159
ACAACT	0.754919420135821
ACAACA	1.573278409290261
TCTGTT	0.40503896874196826
TCTGTA	0.9592219794439104
GTTAAC	1.2721240449416924
GTTAAG	1.0360591681896445
ATGGTT	0.6562261072496622
ATGGTA	2.279330170017219
ATGGAT	0.6216355009137869
ATGGAA	0.7851576191544127
ATGTCT	1.3429107712214747
ATGTCA	0.36346401284048363
ATGTGT	0.21874203574988743
ATGTGA	0.414423667275858
ATGTTC	0.3836887917775642
ATGTTG	0.8749681429995497
ACAGTT	0.7269280256809671
ACAGTA	1.2050685871309625
ACAGAT	0.8607632765221159
ACAGAA	1.6307824533577897
ACATCT	0.6375412364765924
ACATCA	0.30196776805432834
TCTTCT	3.729949700957105
TCTTCA	1.682542274408301
TCTTGT	0.6075584531129523
TCTTGA	1.3429107712214745
TCTTTC	1.7761665242652882
TCTTTG	0.8100779374839365
TCTTAC	0.6730169097633203
TCTTAG	1.5347551671102566
TCTACT	1.682542274408301
TCTACA	0.9563118547148888
TCTAGT	1.1510663753326924
TCTAGA	1.0903920385214507
TCTATC	0.8412711372041506
TCTATG	0.5755331876663463
TCTAAC	0.4781559273574444
TCTAAG	0.9086600321012089
ACACTT	1.5938530911914812
ACACTA	0.6039355361086568
ACACAT	0.754919420135821
ACACAA	0.8581518596128697
TCATTC	0.33650845488166015
TCATTG	0.19184439588878205
TCACTT	1.3460338195266406
TCACTA	0.6375412364765924
TCACAT	0.6375412364765924
TCACAA	0.30196776805432834
ACTAAC	0.9059033041629851
ACTAAG	0.5164579659132695
CTTCTT	3.5523330485305764
CTTCTA	2.5238134116124513
CTTCAT	1.1777795920858105
CTTCAA	1.7532384003106294
ATGTAC	0.18173200642024182
ATGTAG	0.41442366727585805
ATGACT	0.9086600321012089
ATGACA	0.6886106212176929
ATGAGT	0.828847334551716
ATGAGA	0.39257880957720637
ATGATC	1.4538560513619343
ATGATG	0.828847334551716
ATGAAC	0.5164579659132696
ATGAAG	0.981447023943016
ACTACT	0.3187706182382962
ACTACA	1.3588549562444776
ACTAGT	0.5451960192607254
ACTAGA	1.2050685871309625
ACTATC	1.115697163834037
ACTATG	0.5451960192607254
TCAGTT	0.19184439588878205
TCAGTA	0.18173200642024173
TCAGAT	0.726928025680967
TCAGAA	1.032915931826539
TCATCT	0.5047626823224902
TCATCA	1.1156971638340367
TCATGT	0.19184439588878208
TCATGA	0.5451960192607254
TCAATC	0.0
TCAATG	0.7269280256809671
ACTGTT	1.5347551671102564
ACTGTA	0.18173200642024173
ACTGAT	0.726928025680967
ACTGAA	0.6886106212176927
ACTTCT	2.019050729289961
ACTTCA	0.7969265455957405
ACTTGT	0.5755331876663462
ACTTGA	1.0903920385214507
ACTTTC	1.0095253646449804
ACTTTG	0.9592219794439102
ACTTAC	1.1156971638340367
ACTTAG	0.5451960192607253
CAGAAT	0.6886106212176928
CAGAAA	0.8153912266788949
ACTCTT	1.5142880469674704
ACTCTA	0.9563118547148887
ACTCAT	0.6375412364765924
ACTCAA	0.30196776805432834
TCATAC	0.47815592735744433
TCATAG	0.3634640128404835
TCAACT	0.9563118547148887
TCAACA	1.2078710722173134
TCAAGT	0.5451960192607254
TCAAGA	1.0329159318265393
CAGTAT	0.1817320064202418
CAGTAA	0.860763276522116
CTTTCT	1.7761665242652882
CTTTCA	0.8412711372041505
ACGATT	0.9086600321012089
ACGATA	0.34430531060884645
ACGAAT	0.3443053106088464
ACGAAA	1.3046259626862318
TCAAAC	0.3019677680543284
TCAAAG	1.5493738977398088
CAGATT	0.3634640128404836
CAGATA	0.6886106212176929
TGCAAT	0.9086600321012089
TGCAAA	0.6886106212176929
TGCTTT	2.2277143280808254
TGCTTA	0.5755331876663462
TGCTAT	0.5755331876663462
TGCTAA	0.9086600321012089
CGTTAT	1.1510663753326924
CGTTAA	1.2721240449416926
ACGTAT	0.1817320064202418
ACGTAA	0.6886106212176929
CTTGTT	0.8100779374839365
CTTGTA	0.38368879177756415
CTTGAT	1.7265995629990387
CTTGAA	1.0903920385214507
CAGTTT	0.7673775835551283
CAGTTA	0.5451960192607254
TGGTAT	1.9686783217489865
TGGTAA	1.6576946691034318
CACTAT	0.9563118547148887
CACTAA	1.0568871881901492
CACATT	1.115697163834037
CACATA	0.4529516520814926
CACAAT	0.6039355361086568
CACAAA	0.8581518596128697
CGTTTT	2.6327532968227936
CGTTTA	0.7673775835551283
CTTACT	2.019050729289961
CTTACA	0.6375412364765926
ACGTTT	1.1510663753326924
ACGTTA	1.6355880577821762
TGCATT	0.38368879177756415
TGCATA	0.0
ATTCCT	0.8412711372041505
ATTCCA	0.3187706182382963
ATTCGT	0.38368879177756415
ATTCGA	0.3634640128404836
ATTCTC	0.8412711372041506
ATTCTG	0.5755331876663463
GTTTGT	0.2309138303732798
GTTTGA	1.3124522144993243
GTTTTC	1.8226753593388572
GTTTTG	1.1545691518663994
GTTTAC	1.1510663753326924
GTTTAG	0.8749681429995497
TGGATT	1.3124522144993245
TGGATA	0.6216355009137868
TGGAAT	1.0360591681896447
TGGAAA	0.5888682143658095
CTTTGT	0.6075584531129523
CTTTGA	1.1510663753326924
CTTTTC	2.841866438824461
CTTTTG	2.025194843709841
CTTTAC	1.0095253646449804
CTTTAG	0.9592219794439104
TGGTTT	2.0782244733595183
TGGTTA	1.9686783217489865
TGTGTT	0.4618276607465596
TGTGTA	0.21874203574988738
TGTGAT	0.21874203574988738
TGTGAA	0.41442366727585794
CACTTT	1.1777795920858105
CACTTA	0.9563118547148887
TGTCTT	1.0125974218549205
TGTCTA	0.5755331876663462
TGTCAT	0.7673775835551283
TGTCAA	0.5451960192607254
ACCATT	0.9563118547148888
ACCATA	0.754919420135821
ACCAAT	0.1509838840271642
ACCAAA	1.4302530993547828
GTTACT	0.3836887917775641
GTTACA	0.5451960192607251
ATTCAC	0.15938530911914814
ATTCAG	0.3634640128404836
ATTGCT	0.9592219794439104
ATTGCA	0.1817320064202418
ATTGGT	0.6562261072496622
ATTGGA	0.41442366727585794
ATTGTC	0.5755331876663462
ATTGTG	0.21874203574988743
CTTAAC	0.9563118547148888
CTTAAG	1.4538560513619343
TGTTCT	1.620155874967873
TGTTCA	0.19184439588878208
TGTTGT	0.4618276607465596
TGTTGA	0.21874203574988738
TGTTTC	1.417636390596889
TGTTTG	0.9236553214931195
TGTTAC	0.38368879177756415
TGTTAG	0.21874203574988743
TGTATC	0.0
TGTATG	0.43748407149977475
TGTAAC	0.3634640128404835
TGTAAG	0.41442366727585783
ACCTTT	1.5142880469674704
ACCTTA	1.4344677820723328
ACCTAT	0.9563118547148887
ACCTAA	0.905903304162985
CTTAGT	0.9592219794439104
CTTAGA	1.0903920385214507
CTTATC	0.3365084548816602
CTTATG	0.1918443958887821
TGATGT	0.43748407149977475
TGATGA	1.6576946691034318
TGACTT	1.9184439588878204
TGACTA	1.0903920385214503
TGACAT	0.5451960192607253
TGACAA	0.6886106212176927
CTATCT	1.3460338195266406
CTATCA	0.6375412364765924
CTACTT	1.0095253646449804
CTACTA	1.593853091191481
CTACAT	1.1156971638340367
CTACAA	0.905903304162985
TGTACT	1.3429107712214743
TGTACA	0.18173200642024173
TGTAGT	0.6562261072496621
TGTAGA	0.6216355009137868
ATTGAC	0.3634640128404835
ATTGAG	0.6216355009137868
ATTTCC	0.8412711372041505
ATTTCG	0.19184439588878208
ATTTGC	0.9592219794439105
ATTTGG	1.531194250249212
TGAAGT	0.6216355009137868
TGAAGA	1.3740258335202222
CTAGTT	1.5347551671102564
CTAGTA	1.8173200642024172
CTAGAT	0.5451960192607253
CTAGAA	1.3772212424353854
TGAGTT	0.8749681429995495
TGAGTA	1.0360591681896445
TGAGAT	0.41442366727585794
TGAGAA	0.3925788095772063
TGATCT	1.3429107712214743
TGATCA	0.7269280256809669
ATTACC	1.1156971638340367
ATTACG	0.0
ATTAGC	0.9086600321012088
ATTAGG	1.0360591681896447
TGATTC	0.7673775835551282
TGATTG	1.093710178749437
TGATAC	0.9086600321012088
TGATAG	1.4504828354655024
TGAACT	0.3634640128404835
TGAACA	0.6886106212176927
ATACCT	1.1156971638340367
ATACCA	0.4529516520814925
ATACGT	0.1817320064202418
ATACGA	0.5164579659132696
ATACTC	1.434467782072333
ATACTG	0.7269280256809671
GTTGTT	0.6927414911198394
GTTGTA	1.093710178749437
GTTGAT	0.6562261072496621
GTTGAA	1.2432710018275737
GTTTCT	1.0125974218549205
GTTTCA	0.19184439588878208
ATACAC	0.4529516520814926
ATACAG	0.0
ATAGCT	1.6355880577821758
ATAGCA	2.5822898295663474
ATAGGT	1.2432710018275737
ATAGGA	2.9443410718290473
ATAGTC	0.3634640128404835
ATAGTG	1.6576946691034318
TAAACC	1.3588549562444776
TAAACG	1.032915931826539
TAAAGC	1.2050685871309623
TAAAGG	1.3740258335202222
ATAGAC	0.5164579659132695
ATAGAG	0.9814470239430158
ATATCC	0.47815592735744433
ATATCG	0.18173200642024176
ATATGC	0.5451960192607253
ATATGG	1.0360591681896447
TAAGGT	0.8288473345517159
TAAGGA	1.177736428731619
TAAGTC	0.726928025680967
TAAGTG	0.0
TAAGAC	1.5493738977398088
TAAGAG	0.9814470239430158
TAATCC	0.6375412364765924
TAATCG	0.726928025680967
TAATGC	0.726928025680967
TAATGG	1.4504828354655026
ATAACC	0.905903304162985
ATAACG	0.3443053106088464
ATAAGC	0.5164579659132695
ATAAGG	1.177736428731619
GTTCTT	1.620155874967873
GTTCTA	0.9592219794439104
TAACCT	1.1156971638340367
TAACCA	0.905903304162985
TAACGT	0.9086600321012089
TAACGA	0.34430531060884645
TAACTC	0.7969265455957406
TAACTG	0.7269280256809671
TAACAC	0.6039355361086568
TAACAG	2.2379845189575014
TAAGCT	1.9990520706226593
TAAGCA	0.5164579659132695
GTTCAT	0.5755331876663462
GTTCAA	0.3634640128404836
GTGATT	0.8749681429995497
GTGATA	0.6216355009137868
GTGAAT	0.41442366727585794
GTGAAA	1.3740258335202222
CGATTT	0.5755331876663463
CGATTA	0.5451960192607255
CGATAT	0.3634640128404836
CGATAA	0.860763276522116
TATACC	0.7969265455957405
TATACG	0.5451960192607253
TATAGC	1.2721240449416924
TATAGG	2.4865420036551473
TATTCC	0.5047626823224902
TATTCG	0.38368879177756415
TATTGC	0.9592219794439105
TATTGG	0.0
GTGTAT	0.21874203574988738
GTGTAA	0.6216355009137868
GCTTTT	3.037792265564762
GCTTTA	0.7673775835551283
GCTTAT	0.7673775835551283
GCTTAA	0.9086600321012089
GCTAAT	1.2721240449416926
GCTAAA	2.0658318636530786
GTGTTT	0.4618276607465596
GTGTTA	0.8749681429995495
AACCTT	2.55016494590637
AACCTA	1.0568871881901494
AACCAT	0.9059033041629851
AACCAA	1.001177169548348
CCTTAT	1.6825422744083005
CCTTAA	0.9563118547148887
TATCAC	0.4781559273574444
TATCAG	0.5451960192607254
TATGCT	0.7673775835551283
TATGCA	0.7269280256809671
TATGGT	1.9686783217489867
TATGGA	1.4504828354655026
TATGTC	0.5755331876663462
TATGTG	1.3124522144993245
TATGAC	0.5451960192607253
TATGAG	1.4504828354655026
TATCTC	0.5047626823224903
TATCTG	1.3429107712214747
TGAATC	0.5451960192607253
TGAATG	1.6576946691034318
TGAAAC	1.032915931826539
TGAAAG	1.9628940478860315
CTAAGT	0.3634640128404836
CTAAGA	1.3772212424353858
CTAATC	1.5938530911914812
CTAATG	1.4538560513619343
TAGACT	0.3634640128404836
TAGACA	0.860763276522116
TAGAGT	0.6216355009137869
TAGAGA	0.981447023943016
TAGATC	0.9086600321012089
TAGATG	0.828847334551716
TAGAAC	0.6886106212176929
TAGAAG	0.5888682143658096
TATCCT	0.5047626823224902
TATCCA	0.15938530911914814
TATCGT	0.0
TATCGA	0.3634640128404836
GCTATT	1.3429107712214747
GCTATA	1.2721240449416928
GTCAAT	0.1817320064202418
GTCAAA	0.5164579659132696
CCTTTT	3.3747163961040476
CCTTTA	2.355559184171621
GTCTAT	0.7673775835551283
GTCTAA	0.5451960192607254
GTCATT	0.7673775835551283
GTCATA	0.3634640128404836
AACGTT	1.2721240449416926
AACGTA	0.17215265530442322
AACGAT	0.6886106212176928
AACGAA	0.9784694720146738
GCATTT	0.5755331876663463
GCATTA	0.36346401284048363
TTCCAT	0.6730169097633203
TTCCAA	0.9563118547148888
TAGGAT	2.279330170017219
TAGGAA	2.159183452674635
TAGTCT	1.1510663753326926
TAGTCA	0.36346401284048363
TAGTGT	1.0937101787494372
TAGTGA	0.828847334551716
TAGTTC	0.1918443958887821
TAGTTG	1.0937101787494372
TAGTAC	1.090392038521451
TAGTAG	1.6576946691034322
TTCGAT	0.7673775835551283
TTCGAA	0.7269280256809671
TTCTCT	2.6642497863979324
TTCTCA	1.5142880469674707
TAGCTT	2.493977146554167
TAGCTA	1.6355880577821764
TAGCAT	1.4538560513619343
TAGCAA	1.549373897739809
TAGGTT	0.8749681429995497
TAGGTA	1.450482835465503
CTAAAC	1.6608227242988063
CTAAAG	1.2050685871309623
TTCCTT	1.4209332194122306
TTCCTA	1.850796501849131
TTCACT	1.0095253646449804
TTCACA	0.4781559273574444
TACAGT	0.1817320064202418
TACAGA	0.6886106212176929
TACATC	0.6375412364765926
TACATG	0.7269280256809671
TACAAC	0.3019677680543284
TACAAG	0.6886106212176928
TTCGTT	0.40503896874196826
TTCGTA	0.19184439588878208
GCATAT	0.7269280256809671
GCATAA	0.17215265530442322
GTCTTT	0.8100779374839365
GTCTTA	1.3429107712214745
AACTCT	0.6375412364765924
AACTCA	0.905903304162985
AACTGT	0.5451960192607254
AACTGA	0.17215265530442322
AACTTC	1.275082472953185
AACTTG	0.9086600321012089
AACTAC	0.4529516520814926
AACTAG	1.3772212424353856
TACTAC	0.7969265455957405
TACTAG	0.9086600321012088
TACACT	0.9563118547148887
TACACA	0.6039355361086567
TTCTGT	1.2151169062259046
TTCTGA	1.1510663753326924
TTCTTC	4.262799658236692
TTCTTG	1.417636390596889
TTCTAC	1.5142880469674707
TTCTAG	1.7265995629990387
TTCAAC	0.9563118547148888
TTCAAG	1.6355880577821762
TACGTT	0.0
TACGTA	0.36346401284048346
TACGAT	0.18173200642024176
TACGAA	1.205068587130962
TACTCT	1.3460338195266406
TACTCA	0.7969265455957405
TACTGT	1.1510663753326924
TACTGA	0.7269280256809671
TACTTC	2.019050729289961
TACTTG	0.7673775835551282
TTGCTT	1.0125974218549205
TTGCTA	0.38368879177756415
TTGCAT	0.0
TTGCAA	0.9086600321012089
TTGGTT	2.309138303732799
TTGGTA	1.531194250249212
CTAACT	0.47815592735744433
CTAACA	0.905903304162985
TACCTT	1.3460338195266406
TACCTA	0.6375412364765924
TACCAT	0.47815592735744433
TACCAA	0.4529516520814925
TTCAGT	0.19184439588878208
TTCAGA	0.5451960192607254
TTCATC	1.0095253646449807
TTCATG	0.3836887917775642
GCAAAT	1.0329159318265393
GCAAAA	1.304625962686232
AACACT	0.6039355361086568
AACACA	1.001177169548348
AACAGT	0.8607632765221159
AACAGA	0.8153912266788949
AACATC	0.3019677680543284
AACATG	0.8607632765221159
AACAAC	1.716303719225739
AACAAG	1.6307824533577897
GGAATT	1.864906502741361
GGAATA	1.5703152383088255
CTATGT	1.7265995629990387
CTATGA	1.4538560513619343
CTATTC	1.0095253646449804
CTATTG	0.9592219794439102
CTATAC	0.7969265455957405
CTATAG	1.6355880577821758
GGAAAT	0.5888682143658096
GGAAAA	2.6031979765896973
GCAATT	0.36346401284048363
GCAATA	2.065831863653079
GGATTT	1.531194250249212
GGATTA	1.450482835465503
GGATAT	0.6216355009137869
GGATAA	1.1777364287316192
AAGCTT	2.907712102723868
AAGCTA	2.237984518957501
AAGCAT	0.5164579659132695
AAGCAA	0.9784694720146738
TTAAGC	1.2721240449416924
TTAAGG	1.8649065027413607
TTGGAT	1.7499362859990995
TTGGAA	0.6216355009137868
TTGTCT	0.8100779374839366
TTGTCA	0.9592219794439105
TTGTGT	0.46182766074655973
TTGTGA	0.0
TTGTTC	0.8100779374839366
TTGTTG	0.9236553214931195
TTATGC	0.3836887917775642
TTATGG	2.1874203574988744
TTAACC	1.593853091191481
TTAACG	1.0903920385214505
CCAATT	0.15938530911914814
CCAATA	1.2078710722173136
CCAAAT	0.3019677680543284
CCAAAA	1.7163037192257393
CCATTT	1.8507965018491306
CCATTA	0.7969265455957405
CCTAAT	0.7969265455957405
CCTAAA	1.3588549562444776
CCTATT	1.1777795920858105
CCTATA	0.9563118547148887
AAGGTT	2.2793301700172184
AAGGTA	1.3740258335202222
AAGGAT	1.177736428731619
AAGGAA	2.4172552639761467
GGTTAT	1.0937101787494372
GGTTAA	3.3153893382068635
TTAGCT	1.3429107712214745
TTAGCA	0.9086600321012089
TTAGGT	2.1874203574988744
TTAGGA	1.8649065027413607
TTAGTC	0.9592219794439104
TTAGTG	1.3124522144993245
TTAGAC	0.5451960192607253
TTAGAG	1.2432710018275737
TTATCC	1.0095253646449804
TTATCG	0.5755331876663462
TTACCT	1.5142880469674707
TTACCA	0.7969265455957406
TTACGT	0.19184439588878208
TTACGA	0.1817320064202418
TTACTC	1.6825422744083012
TTACTG	0.9592219794439105
TTACAC	1.434467782072333
TTACAG	0.9086600321012089
GGTATT	1.0937101787494372
GGTATA	1.036059168189645
GGTAAT	0.414423667275858
GGTAAA	1.3740258335202225
AAGTCT	0.726928025680967
AAGTCA	1.3772212424353854
AAGTGT	0.41442366727585794
AAGTGA	0.5888682143658095
AAGTTC	0.726928025680967
AAGTTG	2.0721183363792894
AAGTAC	0.6886106212176928
AAGTAG	0.9814470239430158
TTTACC	0.5047626823224902
TTTACG	0.19184439588878208
TTTAGC	1.726599562999039
TTTAGG	1.7499362859990995
CCATAT	1.1156971638340367
CCATAA	0.30196776805432834
GGTTTT	2.7709659644793585
GGTTTA	1.9686783217489867
AAGACT	1.8936792083486549
AAGACA	1.3046259626862315
AAGAGT	0.7851576191544125
AAGAGA	0.9297135630677485
AAGATC	0.5164579659132695
AAGATG	1.9628940478860313
AAGAAC	1.7938606986935686
AAGAAG	1.859427126135497
TTTGAC	1.5347551671102568
TTTGAG	1.3124522144993245
TTTTCC	2.486633133971403
TTTTCG	1.0125974218549205
TTTTGC	0.6075584531129523
TTTTGG	2.5400521341060784
AATCCT	1.593853091191481
AATCCA	0.0
AATCGT	0.1817320064202418
AATCGA	0.17215265530442322
AATCTC	0.6375412364765926
AATCTG	0.5451960192607254
AATCAC	0.754919420135821
AATCAG	1.3772212424353856
AATGCT	0.9086600321012088
AATGCA	0.34430531060884634
AATGGT	1.2432710018275737
AATGGA	0.3925788095772063
TTGATC	0.7673775835551284
TTGATG	0.43748407149977486
TTTCAC	1.1777795920858105
TTTCAG	0.9592219794439104
TTTGCT	1.2151169062259048
TTTGCA	0.9592219794439105
TTTGGT	2.7709659644793585
TTTGGA	1.3124522144993247
TTTGTC	0.6075584531129524
TTTGTG	0.6927414911198396
TTTCCT	3.01948309125099
TTTCCA	0.8412711372041505
TTTCGT	1.0125974218549205
TTTCGA	1.3429107712214745
TTTCTC	2.841866438824461
TTTCTG	1.417636390596889
TTGTAC	0.7673775835551284
TTGTAG	1.531194250249212
TTGACT	1.1510663753326926
TTGACA	0.5451960192607255
TTGAGT	1.0937101787494372
TTGAGA	0.6216355009137869
AATGTC	0.3634640128404835
AATGTG	0.0
AATGAC	1.3772212424353856
AATGAG	0.5888682143658095
AATTCC	0.7969265455957405
AATTCG	0.0
AATTGC	0.18173200642024176
AATTGG	0.20721183363792897
AATACC	1.0568871881901492
AATACG	0.3443053106088464
AATAGC	2.754442484870771
AATAGG	1.9628940478860315
AAAGCT	3.2709004507840405
AAAGCA	0.9784694720146738
AAAGGT	2.7480516670404445
AAAGGA	2.4172552639761467
AAAGTC	1.2050685871309623
AAAGTG	0.7851576191544126
AAAGAC	1.9569389440293476
AAAGAG	3.1610261144303466
TTGAAC	0.7269280256809673
TTGAAG	1.4504828354655033
AAATGC	1.032915931826539
AAATGG	0.3925788095772063
AAAGCC	0.5000434104074989
AAAGCG	1.4253806196567753
AAAGGC	1.9955328675194852
AAAGGG	3.250453650393972
TTTCCC	1.547743248005124
TTTCCG	1.7647453672978544
TTTCGC	0.5882484557659514
TTTCGG	1.0060861888473018
TTGACC	1.1144820951864596
TTGACG	0.6353693084921148
TTGAGC	1.9061079254763442
TTGAGG	0.7244515814427825
TTTGCC	1.470621139414879
TTTGCG	0.0
TTTGGC	0.6707241258982014
TTTGGG	1.9119083469421712
TTACCC	0.9774396747609152
TTACCG	0.5572410475932297
TTACGC	0.27862052379661484
TTACGG	0.6353693084921147
TTAGCC	1.1144820951864594
TTAGCG	0.6353693084921147
TTAGGC	0.3176846542460574
TTAGGG	1.0866773721641736
TTGGAC	0.9530539627381721
TTGGAG	1.0866773721641736
TTGTCC	0.0
TTGTCG	0.0
TTGTGC	0.0
TTGTGG	2.2942900163306055
CTATGC	0.8358615713898445
CTATGG	0.31768465424605735
TTGCTC	1.1764969115319028
TTGCTG	2.347534440643704
TTGCAC	0.8358615713898445
TTGCAG	1.5884232712302868
TTGGCT	0.6707241258982013
TTGGCA	0.0
TTGGGT	1.1471450081653027
TTGGGA	0.3622257907213912
TTGGTC	1.0060861888473018
TTGGTG	1.1471450081653027
CTAACC	1.6203555321264087
CTAACG	0.7918021256472626
TACCCT	0.7330797560706864
TACCCA	1.3888761703940646
TACCGT	0.27862052379661484
TACCGA	0.5278680837648417
TACCTC	2.443599186902288
TACCTG	0.8358615713898444
TACCAC	0.9259174469293765
TACCAG	1.3196702094121042
TTCAGC	1.1144820951864594
TTCAGG	0.953053962738172
TTGCCT	1.1764969115319028
TTGCCA	0.5572410475932297
TTGCGT	0.33536206294910065
TTGCGA	0.6353693084921148
TACGCT	0.8358615713898445
TACGCA	0.26393404188242087
TACGGT	0.953053962738172
TACGGA	0.30093904676020145
TACGTC	0.5572410475932296
TACGTG	0.3176846542460573
TACGAC	0.2639340418824208
TACGAG	0.30093904676020145
TACTCC	2.9323190242827457
TACTCG	0.5572410475932296
TACTGC	0.27862052379661484
TACTGG	0.0
TACACC	0.46295872346468825
TACACG	1.847538293176946
TTCTGC	1.1764969115319028
TTCTGG	1.676810314745503
TTCACC	1.4661595121413729
TTCACG	0.0
TACAGC	0.7918021256472627
TACAGG	0.9028171402806044
TAGCCT	1.3931026189830744
TAGCCA	1.0557361675296837
TAGCGT	0.0
TAGCGA	0.601878093520403
TTCGCT	1.1764969115319028
TTCGCA	0.0
TTCGGT	0.6707241258982013
TTCGGA	1.9061079254763442
TTCGTC	1.7647453672978544
TTCGTG	0.6707241258982012
TTCGAC	1.3931026189830742
TTCGAG	0.6353693084921147
TTCTCC	1.0318288320034161
TTCTCG	0.5882484557659514
TAGCTC	1.3931026189830744
TAGCTG	1.5884232712302873
TAGCAC	2.111472335059367
TAGCAG	2.4075123740816116
TAGGCT	0.6353693084921148
TAGGCA	0.9028171402806046
TAGGGT	1.0866773721641738
TAGGGA	1.7156617846454976
TAGGTC	1.2707386169842296
TAGGTG	3.984483697935304
TTCCCT	3.3534437040111027
TTCCCA	1.2217995934511443
TTCCGT	2.3529938230638057
TTCCGA	0.5572410475932297
TTCCTC	2.3216148720076863
TTCCTG	0.8823726836489272
TTCCAC	2.199239268212059
TTCCAG	0.5572410475932297
TAGGAC	1.203756187040806
TAGGAG	2.0587941415745967
TAGTCC	0.8358615713898447
TAGTCG	0.0
TAGTGC	1.2707386169842296
TAGTGG	1.448903162885565
TAGACC	1.0557361675296835
TAGACG	0.6018780935204029
TAGAGC	0.601878093520403
TAGAGG	1.7156617846454971
TATCCC	1.221799593451144
TATCCG	0.8358615713898446
TATCGC	0.27862052379661484
TATCGG	0.953053962738172
CTAAGC	0.5278680837648417
CTAAGG	0.6018780935204029
TATGCC	1.1144820951864594
TATGCG	0.0
TATGGC	0.3176846542460574
TATGGG	0.7244515814427824
TAACCC	2.083314255591097
TAACCG	0.5278680837648417
TAACGC	0.7918021256472627
TAACGG	0.9028171402806044
TAAGCC	0.7918021256472625
TAAGCG	0.0
TAAGGC	1.805634280561209
TAAGGG	1.3725294277163977
TGAACC	0.7918021256472625
TGAACG	0.0
TGAAGC	1.2037561870408058
TGAAGG	1.0293970707872984
CTAGGT	1.5884232712302868
CTAGGA	1.5046952338010071
CTAGTC	0.5572410475932296
CTAGTG	0.3176846542460573
CTAGAC	1.3196702094121042
CTAGAG	0.9028171402806042
CTATCC	0.4887198373804576
CTATCG	0.5572410475932296
TGAGTC	0.0
TGAGTG	0.7244515814427822
TGAGAC	0.0
TGAGAG	1.3725294277163975
TGATCC	0.5572410475932296
TGATCG	0.3176846542460573
TGATGC	0.6353693084921147
TGATGG	0.36222579072139116
TGACCT	0.8358615713898445
TGACCA	1.0557361675296835
TGACGT	0.31768465424605735
TGACGA	1.2037561870408058
TGACTC	0.2786205237966148
TGACTG	0.0
TGACAC	0.2639340418824208
TGACAG	1.5046952338010071
TGAGCT	1.2707386169842294
TGAGCA	0.9028171402806042
TGAGGT	0.7244515814427822
TGAGGA	1.029397070787298
ACCCTT	1.9548793495218304
ACCCTA	1.851834893858753
ACCCAT	1.1573968086617206
ACCCAA	1.7542220572086331
CTACGT	0.8358615713898445
CTACGA	0.7918021256472626
CTACTC	1.221799593451144
CTACTG	0.5572410475932296
CTACAC	1.1573968086617206
CTACAG	1.5836042512945252
TGTACC	0.8358615713898444
TGTACG	0.3176846542460573
TGTAGC	1.2707386169842294
TGTAGG	1.811128953606956
CTAGCT	2.5075847141695333
CTAGCA	2.6393404188242084
ACCGTT	0.27862052379661484
ACCGTA	0.26393404188242087
ACCGAT	0.2639340418824208
ACCGAA	0.5000434104074989
ACCTCT	2.443599186902288
ACCTCA	1.6203555321264087
ACCTGT	0.5572410475932297
ACCTGA	0.0
ACCTTC	2.199239268212059
ACCTTG	2.5075847141695333
ACCTAC	1.1573968086617206
ACCTAG	1.0557361675296835
ACCACT	2.0833142555910973
ACCACA	1.0963887857553956
CTTAGC	1.1144820951864594
CTTAGG	2.223792579722401
TGTTCC	1.1764969115319028
TGTTCG	0.3353620629491006
TGTTGC	1.0060861888473018
TGTTGG	1.5295266775537368
CACCAT	1.1573968086617206
CACCAA	0.4385555143021583
CACGTT	1.671723142779689
CACGTA	0.26393404188242087
TGTGCT	0.6707241258982012
TGTGCA	0.6353693084921147
TGTGGT	1.5295266775537368
TGTGGA	0.7244515814427823
TGTGTC	0.0
TGTGTG	0.3823816693884342
TGTGAC	0.0
TGTGAG	0.36222579072139116
TGTCCT	0.2941242278829757
TGTCCA	0.27862052379661484
TGTCGT	0.3353620629491006
TGTCGA	0.6353693084921147
TGTCTC	1.1764969115319028
TGTCTG	0.6707241258982012
TGTCAC	0.5572410475932297
TGTCAG	0.0
CACCTT	0.9774396747609152
CACCTA	1.6203555321264087
CTACCT	0.9774396747609152
CTACCA	0.9259174469293765
ACCAGT	0.7918021256472627
ACCAGA	1.500130231222497
ACCATC	0.6944380851970324
ACCATG	1.0557361675296837
ACCAAC	0.4385555143021583
ACCAAG	0.7500651156112484
ACGCTT	1.3931026189830744
ACGCTA	0.5278680837648417
ACGCAT	0.2639340418824209
ACGCAA	1.5001302312224971
TGGATC	1.2707386169842296
TGGATG	0.7244515814427824
TGGAAC	0.9028171402806044
TGGAAG	1.0293970707872984
CACGAT	0.2639340418824208
CACGAA	0.5000434104074989
CACTCT	1.221799593451144
CACTCA	0.46295872346468825
CACTGT	0.5572410475932297
CACTGA	0.7918021256472626
CACTTC	1.4661595121413729
CACTTG	1.9503436665763036
CCCATT	0.9774396747609152
CCCATA	0.6944380851970323
CTTTGC	1.1764969115319028
CTTTGG	1.676810314745503
CTTACC	1.7105194308316016
CTTACG	1.1144820951864594
TGGTCT	1.3414482517964024
TGGTCA	1.2707386169842294
TGGTGT	0.7647633387768684
TGGTGA	1.0866773721641736
TGGTTC	1.3414482517964024
TGGTTG	1.1471450081653025
TGGTAC	1.2707386169842294
TGGTAG	0.7244515814427823
TGGACT	0.6353693084921147
TGGACA	0.9028171402806042
TGGAGT	0.7244515814427824
TGGAGA	0.6862647138581989
CACTAC	0.6944380851970323
CACTAG	1.0557361675296835
CACACT	0.6944380851970324
CACACA	0.21927775715107914
CACAGT	0.26393404188242087
CACAGA	1.7501519364262463
CACATC	0.4629587234646883
CACATG	0.7918021256472628
TGGGTT	1.1471450081653025
TGGGTA	0.36222579072139116
TGGGAT	0.7244515814427822
TGGGAA	1.3725294277163973
CGTTCT	0.0
CGTTCA	0.5572410475932297
CGTTGT	0.33536206294910065
CGTTGA	1.588423271230287
CGTTTC	0.2941242278829757
CGTTTG	0.3353620629491006
CCGTAT	0.5572410475932297
CCGTAA	0.26393404188242087
TGGCTT	2.0121723776946037
TGGCTA	0.953053962738172
TGGCAT	0.31768465424605735
TGGCAA	0.30093904676020145
CCCAAT	1.1573968086617206
CCCAAA	1.0963887857553956
ACGGTT	0.953053962738172
ACGGTA	0.6018780935204029
ACGGAT	0.9028171402806044
ACGGAA	1.1403044957254203
ACGTCT	0.5572410475932297
ACGTCA	0.7918021256472627
ACGTGT	0.31768465424605735
ACGTGA	0.30093904676020145
ACGTTC	0.0
ACGTTG	0.0
CAGCTT	1.950343666576304
CAGCTA	0.7918021256472627
CAGCAT	1.0557361675296837
CAGCAA	1.5001302312224971
TGCATC	0.8358615713898445
TGCATG	0.0
TGCAAC	0.5278680837648417
TGCAAG	0.9028171402806044
CCGTTT	1.7647453672978544
CCGTTA	1.1144820951864594
CACAAC	1.0963887857553956
CACAAG	1.000086820814998
TGCTTC	0.8823726836489272
TGCTTG	0.6707241258982012
TGCTAC	0.27862052379661484
TGCTAG	0.953053962738172
TGCACT	0.8358615713898446
TGCACA	1.0557361675296835
TGCAGT	0.6353693084921147
TGCAGA	0.6018780935204029
CGTTAC	0.5572410475932297
CGTTAG	0.31768465424605735
CAGACT	1.3196702094121044
CAGACA	1.7501519364262463
CAGGTT	1.2707386169842294
CAGGTA	0.9028171402806042
CAGGAT	1.805634280561209
CAGGAA	2.2806089914508405
CAGTCT	0.8358615713898446
CAGTCA	0.0
TGCGTT	0.3353620629491006
TGCGTA	0.31768465424605735
TGCGAT	0.31768465424605735
TGCGAA	0.0
TGCTCT	0.8823726836489271
TGCTCA	0.0
TGCTGT	1.676810314745503
TGCTGA	1.906107925476344
ACGTAC	0.26393404188242087
ACGTAG	0.9028171402806044
CTTGGT	2.0121723776946037
CTTGGA	1.588423271230287
CTTGTC	0.5882484557659514
CTTGTG	0.6707241258982012
CTTGAC	0.0
CTTGAG	1.5884232712302868
CTTTCC	2.57957208000854
CTTTCG	1.4706211394148787
CATCCT	0.4887198373804576
CATCCA	0.23147936173234412
TGCCTT	1.7647453672978541
TGCCTA	1.1144820951864594
TGCCAT	0.5572410475932297
TGCCAA	0.7918021256472626
CAGTGT	0.31768465424605735
CAGTGA	0.30093904676020145
CAGTTC	1.1144820951864594
CAGTTG	0.0
CAGTAC	0.5278680837648417
CAGTAG	1.2037561870408058
ACGACT	0.26393404188242087
ACGACA	1.0000868208149978
ACGAGT	0.30093904676020145
ACGAGA	0.8552283717940652
ACGATC	0.0
ACGATG	0.0
ACGAAC	1.7501519364262463
ACGAAG	0.28507612393135506
ACTCCT	1.9548793495218304
ACTCCA	1.1573968086617206
CAGAGT	0.6018780935204029
CAGAGA	0.28507612393135506
CAGATC	0.7918021256472627
CAGATG	0.6018780935204029
CAGAAC	1.2501085260187474
CAGAAG	2.5656851153821956
ACTCGT	0.0
ACTCGA	1.0557361675296835
ACTCTC	0.7330797560706864
ACTCTG	0.5572410475932296
ACTCAC	0.9259174469293765
ACTCAG	1.0557361675296835
ACTGCT	1.671723142779689
ACTGCA	0.26393404188242087
ACTGGT	0.31768465424605735
ACTGGA	0.9028171402806042
ACTGTC	1.1144820951864591
ACTGTG	0.3176846542460573
TCAACC	0.46295872346468825
TCAACG	0.26393404188242087
TCAAGC	1.3196702094121044
TCAAGG	1.2037561870408058
ACTGAC	0.5278680837648416
ACTGAG	0.0
ACTTCC	2.9323190242827457
ACTTCG	0.8358615713898444
ACTTGC	1.1144820951864594
ACTTGG	1.2707386169842294
ACTACC	0.46295872346468825
ACTACG	0.5278680837648417
ACTAGC	1.3196702094121044
ACTAGG	1.805634280561209
TCAGAC	1.583604251294525
TCAGAG	0.30093904676020145
TCATCC	0.7330797560706864
TCATCG	0.2786205237966148
TCATGC	0.27862052379661484
TCATGG	0.31768465424605735
TCACGT	0.27862052379661484
TCACGA	0.26393404188242087
TCACTC	0.9774396747609152
TCACTG	0.8358615713898444
TCACAC	0.46295872346468825
TCACAG	1.0557361675296835
TCAGCT	1.9503436665763039
TCAGCA	1.3196702094121042
TCAGGT	0.31768465424605735
TCAGGA	1.5046952338010071
TCAGTC	0.8358615713898444
TCAGTG	0.3176846542460573
CTTCGT	0.8823726836489272
CTTCGA	1.3931026189830744
CTTCTC	1.547743248005124
CTTCTG	2.9412422788297574
CTTCAC	1.4661595121413729
CTTCAG	0.8358615713898446
TCTAGC	1.9503436665763039
TCTAGG	1.5884232712302868
TCACCT	1.4661595121413729
TCACCA	0.46295872346468825
CTTGCT	1.4706211394148787
CTTGCA	0.8358615713898446
ACACCT	0.6944380851970324
ACACCA	1.3156665429064747
ACACGT	1.0557361675296835
ACACGA	0.5000434104074989
ACACTC	0.23147936173234415
ACACTG	0.5278680837648418
ACACAC	0.4385555143021583
ACACAG	0.500043410407499
ACAGCT	1.3196702094121044
ACAGCA	1.500130231222497
ACAGGT	1.5046952338010073
ACAGGA	2.2806089914508405
ACAGTC	0.5278680837648417
ACAGTG	0.30093904676020145
ACAGAC	1.0000868208149978
ACAGAG	0.5701522478627101
ACATCC	0.23147936173234412
ACATCG	0.5278680837648417
ACATGC	0.26393404188242087
ACATGG	0.6018780935204029
TCTTGC	1.1764969115319028
TCTTGG	0.6707241258982012
TCTACC	2.443599186902288
TCTACG	0.5572410475932297
ACAACC	1.3156665429064747
ACAACG	0.0
ACAAGC	1.0000868208149978
ACAAGG	1.9955328675194854
CATGCT	0.27862052379661484
CATGCA	0.0
TCTGCT	0.8823726836489272
TCTGCA	0.27862052379661484
TCTGGT	2.3475344406437046
TCTGGA	0.6353693084921148
TCTGTC	0.8823726836489272
TCTGTG	0.3353620629491006
TCTGAC	2.2289641903729187
TCTGAG	0.953053962738172
TCTTCC	3.3534437040111023
TCTTCG	2.05886959518083
CTGAGT	0.31768465424605735
CTGAGA	0.30093904676020145
CTGATC	0.5572410475932297
CTGATG	1.906107925476344
TCTCAC	0.9774396747609152
TCTCAG	0.8358615713898446
CATCGT	0.27862052379661484
CATCGA	0.0
CATCTC	0.7330797560706864
CATCTG	1.1144820951864591
CATCAC	0.23147936173234412
CATCAG	1.3196702094121042
TCGAGT	0.0
TCGAGA	0.30093904676020145
TCGATC	0.8358615713898445
TCGATG	0.6353693084921147
TCGAAC	0.26393404188242087
TCGAAG	0.9028171402806044
TCTCCT	1.8057004560059784
TCTCCA	1.2217995934511443
TCTCGT	0.8823726836489272
TCTCGA	1.1144820951864594
TCTCTC	1.0318288320034161
TCTCTG	0.2941242278829757
CTGAAC	0.26393404188242087
CTGAAG	0.9028171402806044
CTTCCT	2.3216148720076863
CTTCCA	1.710519430831602
AGCCTT	1.3931026189830744
AGCCTA	1.5836042512945254
AGCCAT	1.5836042512945256
AGCCAA	0.7500651156112486
CTGTGT	0.3353620629491006
CTGTGA	0.0
CTGTTC	1.4706211394148787
CTGTTG	0.6707241258982012
TCGTCT	0.8823726836489271
TCGTCA	0.8358615713898445
TCGTGT	0.0
TCGTGA	0.6353693084921147
TCGTTC	0.0
TCGTTG	0.6707241258982012
TCGTAC	0.27862052379661484
TCGTAG	0.0
TCGACT	0.27862052379661484
TCGACA	0.0
TCGGTT	0.6707241258982012
TCGGTA	0.0
TCGGAT	0.31768465424605735
TCGGAA	0.9028171402806042
CATGGT	0.6353693084921147
CATGGA	0.0
CATGTC	0.2786205237966148
CATGTG	0.3176846542460573
CATGAC	0.7918021256472625
CATGAG	0.9028171402806042
CATTCC	0.2443599186902288
CATTCG	0.2786205237966148
CATACC	0.46295872346468825
CATACG	0.7918021256472626
TCGCTT	0.8823726836489271
TCGCTA	0.8358615713898445
TCGCAT	0.27862052379661484
TCGCAA	0.0
CCGATT	0.5572410475932297
CCGATA	1.0557361675296835
CCGAAT	1.0557361675296837
CCGAAA	1.000086820814998
CTGTAC	1.1144820951864594
CTGTAG	0.6353693084921147
CTGACT	1.6717231427796893
CTGACA	1.3196702094121044
AGCGTT	1.906107925476344
AGCGTA	0.0
AGCGAT	0.30093904676020145
AGCGAA	0.5701522478627101
AGCTCT	2.2289641903729187
AGCTCA	0.7918021256472627
AGCTGT	0.953053962738172
AGCTGA	1.2037561870408058
CTGGTT	2.0121723776946037
CTGGTA	0.953053962738172
TCCATC	0.9774396747609152
TCCATG	0.8358615713898444
TCCAAC	0.9259174469293765
TCCAAG	0.7918021256472626
CATTGC	0.0
CATTGG	0.6353693084921147
CTGGAT	0.31768465424605735
CTGGAA	1.5046952338010071
CTGTCT	0.5882484557659514
CTGTCA	0.5572410475932297
AGCTTC	2.7862052379661484
AGCTTG	1.2707386169842294
AGCTAC	1.8475382931769462
AGCTAG	1.2037561870408058
AGCACT	1.5836042512945254
AGCACA	1.2501085260187474
AGCAGT	1.5046952338010073
AGCAGA	0.5701522478627101
CAACCT	0.6944380851970324
CAACCA	1.9734998143597122
TCCTGT	0.2941242278829757
TCCTGA	0.5572410475932297
TCCTTC	1.0318288320034161
TCCTTG	1.7647453672978544
TCCTAC	1.9548793495218304
TCCTAG	1.6717231427796888
TCCACT	0.9774396747609152
TCCACA	1.3888761703940646
TCCAGT	0.27862052379661484
TCCAGA	0.5278680837648417
AGCATC	0.26393404188242087
AGCATG	1.5046952338010073
AGCAAC	1.7501519364262463
AGCAAG	0.8552283717940652
CCCTTT	3.6114009120119563
CCCTTA	2.443599186902288
CGTAAC	0.26393404188242087
CGTAAG	0.6018780935204029
CTGCTT	1.7647453672978541
CTGCTA	0.8358615713898445
TCCGAT	0.5572410475932297
TCCGAA	0.7918021256472627
TCCTCT	2.837529288009394
TCCTCA	0.9774396747609152
CATAGC	0.7918021256472627
CATAGG	1.805634280561209
CAACAC	0.8771110286043166
CAACAG	1.2501085260187474
CAAGCT	1.0557361675296835
CAAGCA	0.25002170520374944
CCTCAT	0.7330797560706864
CCTCAA	0.9259174469293765
TCCCTT	3.095486496010248
TCCCTA	2.199239268212059
TCCCAT	0.9774396747609152
TCCCAA	1.3888761703940646
TCCGTT	2.05886959518083
TCCGTA	0.8358615713898446
CTGCAT	0.27862052379661484
CTGCAA	0.26393404188242087
CCCTAT	1.9548793495218304
CCCTAA	1.851834893858753
AGGCTT	1.9061079254763442
AGGCTA	0.9028171402806046
AGGCAT	0.3009390467602015
AGGCAA	2.280608991450841
CTCAAC	0.9259174469293765
CTCAAG	0.7918021256472626
CGTACT	0.2786205237966149
CGTACA	0.0
CGTAGT	0.6353693084921148
CGTAGA	0.601878093520403
CCTCTT	2.57957208000854
CCTCTA	2.443599186902288
CAACGT	1.0557361675296835
CAACGA	0.25002170520374944
CAACTC	1.1573968086617208
CAACTG	0.7918021256472628
GAAAGC	1.4253806196567755
GAAAGG	1.9502721902363835
CAAGGT	1.2037561870408058
CAAGGA	1.4253806196567753
CAAGTC	0.7918021256472627
CAAGTG	0.30093904676020145
CAAGAC	0.7500651156112484
CAAGAG	0.5701522478627101
CAATCC	0.23147936173234412
CAATCG	0.0
CGTATC	0.0
CGTATG	0.9530539627381723
AGGGTT	1.8111289536069561
AGGGTA	0.34313235692909944
AGGGAT	2.401926498503696
AGGGAA	3.2504536503939723
CTCTAC	0.9774396747609152
CTCTAG	3.0648257617627626
CTCACT	1.4661595121413729
CTCACA	0.6944380851970323
CTCAGT	0.27862052379661484
CTCAGA	1.3196702094121042
GAATGC	0.3009390467602015
GAATGG	2.401926498503696
GAAACC	2.250195346833746
GAAACG	1.1403044957254205
CTCATC	0.7330797560706864
CTCATG	0.8358615713898444
AGGTCT	2.2237925797224016
AGGTCA	0.9028171402806046
AGGTGT	2.1733547443283476
AGGTGA	1.0293970707872986
AGGTTC	1.9061079254763442
AGGTTG	1.448903162885565
AGGTAC	0.3009390467602015
AGGTAG	1.0293970707872984
GAAGCT	1.8056342805612091
GAAGCA	0.8552283717940653
GAAGGT	1.3725294277163977
GAAGGA	2.600362920315178
GAAGTC	0.601878093520403
GAAGTG	1.3725294277163977
GAAGAC	2.850761239313551
GAAGAG	1.6252268251969864
GAATCC	0.7918021256472627
GAATCG	0.30093904676020145
GAACCT	1.5836042512945256
GAACCA	1.000086820814998
GAACGT	0.0
GAACGA	0.8552283717940653
GAACTC	0.26393404188242087
GAACTG	0.6018780935204029
GAACAC	0.500043410407499
GAACAG	1.4253806196567755
AGGACT	1.5046952338010076
AGGACA	1.9955328675194857
AGGAGT	1.0293970707872984
AGGAGA	2.600362920315178
AGGATC	1.8056342805612091
AGGATG	1.7156617846454971
AGGAAC	1.4253806196567755
AGGAAG	2.9254082853545755
AGTCCT	1.3931026189830744
AGTCCA	0.5278680837648418
AGTCGT	0.3176846542460574
AGTCGA	0.0
GATACC	0.5278680837648417
GATACG	0.6018780935204029
GATAGC	2.407512374081612
GATAGG	1.0293970707872984
AGTCTC	0.8358615713898447
AGTCTG	0.6353693084921148
AGTCAC	0.26393404188242087
AGTCAG	0.9028171402806044
CTCGAT	0.8358615713898446
CTCGAA	1.0557361675296835
CTCTCT	1.28978604000427
CTCTCA	1.221799593451144
CTCTGT	0.5882484557659514
CTCTGA	0.5572410475932297
CTCTTC	2.57957208000854
CTCTTG	0.8823726836489272
GATGAC	0.9028171402806046
GATGAG	1.7156617846454971
GATTCC	1.1144820951864596
GATTCG	0.9530539627381723
GATTGC	0.9530539627381721
GATTGG	1.0866773721641738
AGTGCT	0.9530539627381721
AGTGCA	0.9028171402806046
AGTGGT	1.448903162885565
AGTGGA	0.686264713858199
AGTGTC	0.3176846542460574
AGTGTG	0.7244515814427825
AGTGAC	0.3009390467602015
AGTGAG	0.6862647138581989
AGTTCC	0.0
AGTTCG	0.6353693084921148
AGTTGC	0.9530539627381721
AGTTGG	0.7244515814427825
AGTACC	1.0557361675296835
AGTACG	0.9028171402806044
GATCTC	1.1144820951864596
GATCTG	0.9530539627381723
GATCAC	0.0
GATCAG	0.30093904676020145
GATGCT	0.6353693084921148
GATGCA	0.9028171402806046
GATGGT	1.0866773721641738
GATGGA	1.372529427716398
GATGTC	1.588423271230287
GATGTG	0.0
AGTAGC	1.5046952338010076
AGTAGG	1.3725294277163977
CTCCTT	2.0636576640068323
CTCCTA	1.9548793495218304
CAAACC	0.8771110286043166
CAAACG	1.7501519364262466
GAGATC	0.3009390467602015
GAGATG	1.0293970707872984
GAGAAC	0.5701522478627102
GAGAAG	2.2753175552757807
GATCCT	1.1144820951864596
GATCCA	0.2639340418824209
GATCGT	0.0
GATCGA	0.0
CTCCAT	1.7105194308316016
CTCCAA	0.9259174469293765
CTCGTT	0.8823726836489272
CTCGTA	0.0
AGACCT	1.8475382931769464
AGACCA	1.000086820814998
AGACGT	0.9028171402806046
AGACGA	1.1403044957254205
AGACTC	0.5278680837648417
AGACTG	0.6018780935204029
AGACAC	1.000086820814998
AGACAG	2.565685115382196
GAGACT	0.9028171402806046
GAGACA	0.2850761239313551
GAGAGT	0.34313235692909944
GAGAGA	0.6500907300787945
CAATGC	0.5278680837648417
CAATGG	1.2037561870408058
GAGGTT	0.7244515814427824
GAGGTA	0.6862647138581989
GAGGAT	2.0587941415745967
GAGGAA	1.6252268251969861
GAGTCT	0.6353693084921148
GAGTCA	0.0
GAGTGT	0.36222579072139127
GAGTGA	0.3431323569290995
GAGTTC	0.3176846542460574
GAGTTG	1.448903162885565
GAGTAC	0.3009390467602015
GAGTAG	1.3725294277163977
AGAGCT	2.7084514208418136
AGAGCA	0.2850761239313551
AGAGGT	1.7156617846454971
AGAGGA	1.6252268251969861
AGAGTC	0.3009390467602015
AGAGTG	0.6862647138581989
AGAGAC	0.5701522478627102
AGAGAG	0.0
AGATCC	0.7918021256472627
AGATCG	0.0
AGATGC	0.9028171402806046
AGATGG	1.7156617846454971
AGAACC	2.000173641629996
AGAACG	0.5701522478627102
CAAAGC	2.2501953468337454
CAAAGG	2.2806089914508405
GAGCTT	1.9061079254763442
GAGCTA	2.407512374081612
GAGCAT	0.601878093520403
GAGCAA	1.4253806196567755
CGTGTT	0.33536206294910065
CGTGTA	0.6353693084921148
CGTGAT	0.6353693084921148
CGTGAA	0.601878093520403
GACACT	1.0557361675296835
GACACA	0.7500651156112484
GACAGT	2.1065733273214104
GACAGA	1.4253806196567753
GACATC	0.26393404188242087
GACATG	0.9028171402806044
GACAAC	0.7500651156112484
GACAAG	0.8552283717940652
AGAAGC	1.9955328675194857
AGAAGG	1.300181460157589
ATCCCT	1.4661595121413729
ATCCCA	0.6944380851970323
ATCCGT	1.3931026189830742
ATCCGA	0.7918021256472626
CGTCTT	1.1764969115319028
CGTCTA	0.8358615713898446
CGTCAT	0.27862052379661484
CGTCAA	0.5278680837648417
GACTCT	0.8358615713898446
GACTCA	0.26393404188242087
GACTGT	0.953053962738172
GACTGA	0.6018780935204029
GACTTC	1.671723142779689
GACTTG	0.31768465424605735
GACTAC	1.0557361675296835
GACTAG	1.2037561870408058
GCCATT	1.6717231427796893
GCCATA	0.7918021256472627
GCCAAT	0.5278680837648418
GCCAAA	1.7501519364262468
GCCTTT	1.4706211394148787
GCCTTA	1.3931026189830744
GCCTAT	0.8358615713898446
GCCTAA	1.0557361675296835
CGGATT	0.9530539627381721
CGGATA	0.601878093520403
CCTGAT	0.27862052379661484
CCTGAA	0.7918021256472627
GACGTT	0.6353693084921147
GACGTA	1.5046952338010071
GACGAT	0.30093904676020145
GACGAA	0.8552283717940652
GCGTAT	0.0
GCGTAA	0.0
CGCATT	0.27862052379661484
CGCATA	0.5278680837648417
CGGTTT	1.6768103147455031
CGGTTA	1.588423271230287
CGGTAT	0.3176846542460574
CGGTAA	0.3009390467602015
GACCTT	2.2289641903729187
GACCTA	0.7918021256472627
GACCAT	1.0557361675296837
GACCAA	1.000086820814998
CCTGTT	1.7647453672978544
CCTGTA	0.27862052379661484
CGGAAT	0.9028171402806046
CGGAAA	1.7104567435881306
ATCCTC	0.9774396747609152
ATCCTG	0.5572410475932296
ATCCAC	0.46295872346468825
ATCCAG	0.0
CGAAGT	1.203756187040806
CGAAGA	0.2850761239313551
CGAATC	0.0
CGAATG	0.9028171402806047
CGAAAC	0.7500651156112486
CGAAAG	2.565685115382196
GCGAAT	0.0
GCGAAA	1.4253806196567755
GTAAGC	1.5046952338010073
GTAAGG	1.0293970707872984
GCGTTT	1.0060861888473018
GCGTTA	0.9530539627381721
ATCGCT	0.8358615713898445
ATCGCA	0.26393404188242087
ATCGGT	0.0
ATCGGA	0.6018780935204029
ATCGTC	0.2786205237966148
ATCGTG	0.0
ATCGAC	0.0
ATCGAG	0.0
ATCTCC	1.221799593451144
ATCTCG	0.5572410475932296
GTAACC	0.2639340418824208
GTAACG	0.6018780935204029
CGCAAT	0.5278680837648418
CGCAAA	1.000086820814998
GCGATT	0.0
GCGATA	0.601878093520403
ATCTGC	0.5572410475932297
ATCTGG	0.953053962738172
ATCACC	0.23147936173234412
ATCACG	0.26393404188242087
ATCAGC	1.5836042512945254
ATCAGG	0.6018780935204029
ATGCCT	0.0
ATGCCA	2.1114723350593674
GTAGTC	0.6353693084921146
GTAGTG	0.7244515814427822
GTAGAC	0.6018780935204029
GTAGAG	0.3431323569290994
GTATCC	0.2786205237966148
GTATCG	0.0
GTATGC	1.2707386169842294
GTATGG	1.0866773721641736
GCTCAT	0.5572410475932297
GCTCAA	0.7918021256472627
GTACGT	0.0
GTACGA	0.9028171402806042
GTACTC	0.8358615713898444
GTACTG	0.0
GTACAC	0.5278680837648416
GTACAG	0.0
GTAGCT	2.223792579722401
GTAGCA	0.9028171402806042
GTAGGT	1.8111289536069557
GTAGGA	1.029397070787298
ATGCGT	0.3176846542460574
ATGCGA	0.0
ATGCTC	0.8358615713898447
ATGCTG	0.3176846542460574
ATGCAC	0.5278680837648417
ATGCAG	0.30093904676020145
ATGGCT	1.9061079254763442
ATGGCA	0.3009390467602015
ATGGGT	1.8111289536069564
ATGGGA	1.372529427716398
ATGGTC	0.6353693084921148
ATGGTG	1.448903162885565
GTTAGC	0.0
GTTAGG	1.0866773721641736
GTACCT	1.3931026189830742
GTACCA	0.7918021256472626
GCTCTT	1.7647453672978544
GCTCTA	1.6717231427796893
ATGGAC	1.8056342805612091
ATGGAG	0.0
ATGTCC	0.0
ATGTCG	0.6353693084921148
ATGTGC	0.0
ATGTGG	1.448903162885565
ATGACC	1.3196702094121044
ATGACG	0.9028171402806044
ATGAGC	2.407512374081612
ATGAGG	1.3725294277163977
ATTCCC	1.221799593451144
ATTCCG	0.27862052379661484
ATTCGC	0.27862052379661484
ATTCGG	0.31768465424605735
GTTTGC	1.3414482517964024
GTTTGG	0.7647633387768684
GTTACC	0.8358615713898444
GTTACG	0.0
ATTGCC	0.5572410475932297
ATTGCG	0.31768465424605735
ATTGGC	0.0
ATTGGG	0.3622257907213912
ATACCC	0.6944380851970323
ATACCG	0.7918021256472626
ATACGC	0.7918021256472627
ATACGG	0.9028171402806044
GCTTGT	0.6707241258982013
GCTTGA	0.0
GTTGGT	0.7647633387768684
GTTGGA	1.4489031628855646
GTTGTC	0.3353620629491006
GTTGTG	0.7647633387768684
GTTGAC	1.5884232712302868
GTTGAG	0.7244515814427823
GTTTCC	1.4706211394148787
GTTTCG	2.0121723776946037
ATAGCC	1.8475382931769457
ATAGCG	0.9028171402806042
ATAGGC	0.9028171402806044
ATAGGG	2.401926498503696
GTTCTC	0.8823726836489272
GTTCTG	0.3353620629491006
GTTCAC	0.27862052379661484
GTTCAG	0.31768465424605735
GTTGCT	0.6707241258982012
GTTGCA	1.2707386169842294
GCTGTT	1.0060861888473018
GCTGTA	1.588423271230287
GCTGAT	1.2707386169842296
GCTGAA	2.407512374081612
GCTTCT	2.6471180509467818
GCTTCA	1.3931026189830744
GCTAGT	1.2707386169842296
GCTAGA	0.9028171402806046
GTGAGT	0.3622257907213912
GTGAGA	0.6862647138581989
GTGATC	0.0
GTGATG	0.3622257907213912
GTGAAC	0.30093904676020145
GTGAAG	0.6862647138581989
GTTCCT	0.0
GTTCCA	1.9503436665763039
GTTCGT	0.3353620629491006
GTTCGA	0.31768465424605735
CGATGT	1.2707386169842296
CGATGA	0.0
CGATTC	0.5572410475932298
CGATTG	0.0
CGATAC	0.0
CGATAG	1.5046952338010073
GTGTAC	0.953053962738172
GTGTAG	1.4489031628855646
GTGACT	0.0
GTGACA	0.30093904676020145
GCTTTC	2.3529938230638057
GCTTTG	2.347534440643704
GCTTAC	3.064825761762763
GCTTAG	1.2707386169842294
GCTACT	1.3931026189830744
GCTACA	0.5278680837648418
CGCTTT	0.8823726836489272
CGCTTA	0.27862052379661484
GTGGTT	2.294290016330605
GTGGTA	0.7244515814427823
GTGGAT	1.0866773721641734
GTGGAA	0.6862647138581986
GTGTCT	0.3353620629491006
GTGTCA	0.0
GTGTGT	0.0
GTGTGA	0.7244515814427823
GTGTTC	1.0060861888473018
GTGTTG	0.0
CGAACT	0.7918021256472628
CGAACA	0.5000434104074991
AACCCT	3.2407110642528183
AACCCA	1.3156665429064747
AACCGT	0.26393404188242087
AACCGA	0.5000434104074989
AACCTC	1.1573968086617208
AACCTG	0.5278680837648418
AACCAC	2.192777571510791
AACCAG	1.500130231222497
CGAGTT	0.0
CGAGTA	0.3009390467602015
GCACAT	0.263934041882421
GCACAA	1.2501085260187477
CCTTAC	1.221799593451144
CCTTAG	1.9503436665763036
GTGCTT	1.0060861888473018
GTGCTA	1.2707386169842294
GTGCAT	0.31768465424605735
GTGCAA	1.5046952338010071
GCTATC	0.2786205237966149
GCTATG	1.9061079254763447
GCTAAC	1.3196702094121044
GCTAAG	0.6018780935204029
GTCAAC	1.3196702094121044
GTCAAG	0.6018780935204029
CCTTCT	2.3216148720076863
CCTTCA	1.7105194308316016
CCTTGT	0.5882484557659514
CCTTGA	1.9503436665763039
CCTTTC	1.547743248005124
CCTTTG	0.5882484557659514
CGCTAT	0.5572410475932297
CGCTAA	1.0557361675296835
GCACTT	0.8358615713898447
GCACTA	1.5836042512945256
GCAGTT	0.6353693084921148
GCAGTA	0.9028171402806046
GCAGAT	0.0
GCAGAA	1.1403044957254205
GTCTAC	1.1144820951864594
GTCTAG	0.31768465424605735
GTCACT	0.5572410475932297
GTCACA	1.0557361675296835
GTCAGT	0.31768465424605735
GTCAGA	0.9028171402806042
GTCATC	0.8358615713898445
GTCATG	0.0
CGAGAT	0.601878093520403
CGAGAA	0.8552283717940653
CGATCT	0.2786205237966149
CGATCA	0.2639340418824209
AACGCT	0.0
AACGCA	1.2501085260187474
AACGGT	0.30093904676020145
AACGGA	1.9955328675194854
AACGTC	0.5278680837648417
AACGTG	0.30093904676020145
AACGAC	0.7500651156112484
AACGAG	1.4253806196567753
GCATAC	0.5278680837648417
GCATAG	0.9028171402806044
GTCGAT	0.0
GTCGAA	0.0
GTCTCT	0.8823726836489271
GTCTCA	0.27862052379661484
GTCTGT	0.0
GTCTGA	1.5884232712302868
GTCTTC	2.3529938230638057
GTCTTG	1.0060861888473018
AACTCC	1.1573968086617206
AACTCG	0.26393404188242087
AACTGC	1.3196702094121044
AACTGG	1.2037561870408058
GCAAAC	0.500043410407499
GCAAAG	1.7104567435881306
GTCCTT	1.1764969115319028
GTCCTA	0.5572410475932297
GTCCAT	0.5572410475932297
GTCCAA	0.7918021256472626
GTCGTT	0.3353620629491006
GTCGTA	0.31768465424605735
GCATCT	0.8358615713898447
GCATCA	0.2639340418824209
GCATGT	0.6353693084921148
GCATGA	0.601878093520403
GCATTC	0.2786205237966149
GCATTG	0.6353693084921148
AACACC	1.0963887857553956
AACACG	0.2500217052037495
AACAGC	3.750325578056242
AACAGG	1.7104567435881304
GGAATC	0.9028171402806046
GGAATG	0.6862647138581989
GGAAAC	1.9955328675194857
GGAAAG	2.2753175552757807
GCAACT	1.055736167529684
GCAACA	1.0000868208149982
GCAAGT	0.601878093520403
GCAAGA	0.8552283717940653
GCAATC	0.7918021256472628
GCAATG	0.6018780935204031
CCAAGT	0.7918021256472627
CCAAGA	1.500130231222497
GGATGT	0.36222579072139127
GGATGA	2.058794141574597
GGATTC	1.588423271230287
GGATTG	1.8111289536069564
GGATAC	1.203756187040806
GGATAG	1.0293970707872984
GGAACT	0.601878093520403
GGAACA	1.4253806196567755
GGAAGT	1.7156617846454971
GGAAGA	3.2504536503939723
AAGCCT	0.5278680837648416
AAGCCA	1.0000868208149978
AAGCGT	0.9028171402806042
AAGCGA	0.28507612393135506
AAGCTC	1.8475382931769457
AAGCTG	1.2037561870408058
AAGCAC	0.25002170520374944
AAGCAG	0.8552283717940652
CCAATC	0.4629587234646883
CCAATG	0.2639340418824209
CCAAAC	1.0963887857553956
CCAAAG	1.500130231222497
GGAGTT	1.0866773721641736
GGAGTA	0.6862647138581989
GGAGAT	0.34313235692909944
GGAGAA	1.9502721902363833
GGATCT	1.588423271230287
GGATCA	0.9028171402806046
CCAACT	0.23147936173234415
CCAACA	0.6578332714532373
GGCTTT	2.0121723776946037
GGCTTA	1.9061079254763442
GGCTAT	1.9061079254763442
GGCTAA	1.5046952338010076
GGCATT	0.3176846542460574
GGCATA	0.3009390467602015
CCTAAC	1.1573968086617206
CCTAAG	1.0557361675296835
GGACTT	0.6353693084921148
GGACTA	0.9028171402806046
GGACAT	1.203756187040806
GGACAA	1.1403044957254205
CCTACT	1.4661595121413729
CCTACA	1.6203555321264087
CCTAGT	2.2289641903729187
CCTAGA	0.7918021256472626
CCTATC	0.7330797560706864
CCTATG	2.5075847141695333
GGCAAT	1.203756187040806
GGCAAA	1.7104567435881306
CCATCT	0.7330797560706864
CCATCA	0.9259174469293765
CCATGT	0.27862052379661484
CCATGA	1.847538293176946
CCATTC	0.4887198373804576
CCATTG	0.0
CGACTT	0.5572410475932298
CGACTA	0.2639340418824209
CGACAT	0.0
CGACAA	0.7500651156112487
AAGGCT	0.6018780935204029
AAGGCA	2.2806089914508405
AAGGGT	1.3725294277163975
AAGGGA	3.250453650393972
AAGGTC	0.30093904676020145
AAGGTG	2.4019264985036957
AAGGAC	2.2806089914508405
AAGGAG	1.625226825196986
GGTTAC	0.6353693084921148
GGTTAG	0.7244515814427824
GGTACT	0.6353693084921148
GGTACA	0.9028171402806046
GGTAGT	0.7244515814427825
GGTAGA	0.3431323569290995
GGTATC	1.2707386169842296
GGTATG	1.448903162885565
GGTAAC	1.5046952338010076
GGTAAG	1.7156617846454971
AAGTCC	0.7918021256472625
AAGTCG	0.30093904676020145
AAGTGC	0.30093904676020145
AAGTGG	1.0293970707872984
CCATAC	0.9259174469293765
CCATAG	0.5278680837648417
CCAGTT	1.1144820951864594
CCAGTA	0.26393404188242087
GGTGAT	1.0866773721641738
GGTGAA	1.372529427716398
GGTTCT	1.3414482517964026
GGTTCA	0.3176846542460574
GGTTGT	0.7647633387768685
GGTTGA	0.7244515814427824
GGTTTC	1.0060861888473018
GGTTTG	0.7647633387768685
CCACAT	1.1573968086617206
CCACAA	1.3156665429064747
GGGTTT	3.059053355107474
GGGTTA	1.4489031628855649
GGGTAT	0.36222579072139127
GGGTAA	0.686264713858199
CCAGAT	0.5278680837648416
CCAGAA	0.7500651156112483
CCACTT	1.221799593451144
CCACTA	1.3888761703940646
GGTCTT	1.3414482517964026
GGTCTA	1.588423271230287
GGTCAT	0.6353693084921148
GGTCAA	0.601878093520403
GGTGTT	1.1471450081653027
GGTGTA	1.8111289536069561
AAGACC	2.5002170520374944
AAGACG	1.425380619656775
AAGAGC	1.995532867519485
AAGAGG	4.2255897455121625
AATCCC	0.9259174469293765
AATCCG	0.26393404188242087
AATCGC	0.7918021256472627
AATCGG	0.0
AATGCC	1.0557361675296832
AATGCG	0.6018780935204029
AATGGC	1.5046952338010073
AATGGG	2.401926498503696
GGGATT	1.0866773721641738
GGGATA	1.7156617846454976
GGGAAT	2.0587941415745967
GGGAAA	2.2753175552757807
AAACCC	2.192777571510791
AAACCG	0.500043410407499
AAACGC	0.7500651156112484
AAACGG	2.5656851153821956
CCCCTT	2.9971028166796896
CCCCTA	1.4195606439260269
CCCCAT	0.7097803219630133
CCCCAA	2.0171003916537056
GGGACT	1.5782093463175033
GGGACA	1.993359599090443
GGGAGT	1.1996553201485387
GGGAGA	1.7046296869914959
GGGATC	0.5260697821058344
GGGATG	2.9991383003713468
GGGAAC	1.9933595990904425
GGGAAG	3.9774692696468232
GGTCCT	0.48705490305049604
GGTCCA	0.9227631003565714
GGTCGT	0.5553426803094818
GGTCGA	0.0
CCACAC	1.0085501958268528
CCACAG	1.5332726433076451
GGGTCT	1.1106853606189635
GGGTCA	0.5260697821058344
GGGTGT	0.6332047796700753
GGGTGA	0.5998276600742692
GGGTTC	1.6660280409284454
GGGTTG	0.0
GGGTAC	0.5260697821058344
GGGTAG	0.0
CCAGAC	3.0665452866152894
CCAGAG	1.3111844281517147
GGGGTT	3.166023898350377
GGGGTA	0.5998276600742692
GGGGAT	1.1996553201485387
GGGGAA	2.8410494783191593
CCACCT	1.7744508049075332
CCACCA	2.0171003916537056
CCACGT	1.618590856846381
CCACGA	2.299908964961467
CCACTC	1.7744508049075332
CCACTG	0.8092954284231905
GGTCTC	1.461164709151488
GGTCTG	1.6660280409284454
GGTCAC	0.4613815501782857
GGTCAG	1.5782093463175033
GGTGCT	1.6660280409284454
GGTGCA	2.1042791284233378
GGTGGT	1.899614339010226
GGTGGA	2.9991383003713463
GGTGTC	0.0
GGTGTG	1.2664095593401505
GGGCTT	0.5553426803094818
GGGCTA	1.5782093463175033
GGGCAT	0.0
GGGCAA	0.9966797995452215
CCAGCT	0.40464771421159523
CCAGCA	1.1499544824807335
CCAGGT	0.9227631003565709
CCAGGA	1.7482459042022864
CCAGTC	0.40464771421159523
CCAGTG	1.8455262007131423
GGTGAC	0.0
GGTGAG	1.1996553201485387
GGTTCC	4.3834941274544645
GGTTCG	0.5553426803094818
GGTTGC	0.5553426803094818
GGTTGG	1.2664095593401505
GGTACC	1.384144650534857
GGTACG	0.5260697821058344
GGTAGC	1.5782093463175033
GGTAGG	0.0
CCTACC	2.12934096588904
CCTACG	2.023238571057976
CCTAGC	3.237181713692762
CCTAGG	0.9227631003565712
GGCAAC	0.8741229521011434
GGCAAG	0.9966797995452215
CCATCC	0.7097803219630133
CCATCG	1.2139431426347855
CCATGC	0.8092954284231905
CCATGG	0.9227631003565712
GGCTTC	0.9741098061009921
GGCTTG	0.0
GGCTAC	0.9227631003565714
GGCTAG	1.0521395642116689
GGCACT	0.9227631003565714
GGCACA	0.8741229521011434
GGCAGT	0.0
GGCAGA	0.49833989977261073
GGCATC	0.4613815501782857
GGCATG	0.0
GGACCT	2.3069077508914284
GGACCA	0.4370614760505717
GGACGT	1.0521395642116689
GGACGA	0.9966797995452215
GGACTC	1.384144650534857
GGACTG	1.5782093463175033
GGACAC	2.1853073802528584
GGACAG	1.4950196993178322
GGCGTT	0.5553426803094818
GGCGTA	0.0
GGCGAT	0.5260697821058344
GGCGAA	0.49833989977261073
GGCTCT	0.48705490305049604
GGCTCA	1.384144650534857
GGCTGT	1.6660280409284454
GGCTGA	3.682488474740841
GGAGCT	2.6303489105291717
GGAGCA	1.9933595990904425
GGAGGT	0.0
GGAGGA	5.113889060974487
GGAGTC	0.5260697821058343
GGAGTG	1.1996553201485385
GGAGAC	1.495019699317832
GGAGAG	2.2728395826553274
GGATCC	1.8455262007131428
GGATCG	0.0
CGCCTT	1.2814924207878022
CGCCTA	0.8092954284231906
CGCCAT	0.8092954284231906
CGCCAA	0.38331816082691134
GGCCTT	0.48705490305049604
GGCCTA	1.384144650534857
GGCCAT	1.8455262007131428
GGCCAA	0.8741229521011434
CCAACC	1.0085501958268528
CCAACG	1.9165908041345563
CCAAGC	0.0
CCAAGG	1.3111844281517149
GGATGC	2.1042791284233378
GGATGG	0.5998276600742694
GGAACC	1.311184428151715
GGAACG	0.9966797995452215
GGAAGC	0.4983398997726106
GGAAGG	3.4092593739829913
GTCCCT	1.7086565610504028
GTCCCA	0.8092954284231905
GTCCGT	0.0
GTCCGA	0.4613815501782856
GCAACC	1.9165908041345565
GCAACG	0.0
GCAAGC	0.4370614760505717
GCAAGG	1.993359599090443
GTCCTC	0.4271641402626007
GTCCTG	0.4870549030504959
GTCCAC	0.8092954284231905
GTCCAG	0.0
GTCGCT	0.0
GTCGCA	0.0
GTCGGT	0.0
GTCGGA	0.5260697821058343
GTCGTC	0.9741098061009918
GTCGTG	0.0
GCATCC	0.4046477142115953
GCATCG	0.0
GCATGC	0.0
GCATGG	0.5260697821058344
GTCGAC	0.0
GTCGAG	1.0521395642116687
GTCTCC	1.7086565610504028
GTCTCG	0.9741098061009918
GTCTGC	0.4870549030504959
GTCTGG	1.1106853606189633
CGCGTT	0.4870549030504959
CGCGTA	0.0
CGCGAT	0.0
CGCGAA	1.3111844281517149
GCAGCT	1.8455262007131428
GCAGCA	0.8741229521011434
GCAGGT	1.5782093463175033
GCAGGA	2.4916994988630536
GCAGTC	0.4613815501782857
GCAGTG	0.5260697821058344
GCAGAC	0.4370614760505717
GCAGAG	0.0
GTCACC	0.40464771421159523
GTCACG	0.0
GTCAGC	1.3841446505348567
GTCAGG	1.0521395642116687
CCTTCC	1.1239135562548834
CCTTCG	1.708656561050403
CCTTGC	0.4271641402626007
CCTTGG	3.4093843213534716
CGCTAC	0.40464771421159523
CGCTAG	1.3841446505348567
GCACCT	0.40464771421159534
GCACCA	0.3833181608269114
GCACGT	0.0
GCACGA	0.0
GCACTC	0.4046477142115953
GCACTG	0.9227631003565714
GCACAC	0.7666363216538227
GCACAG	1.748245904202287
GTGCCT	1.9482196122019837
GTGCCA	0.9227631003565712
GTGCGT	0.0
GTGCGA	0.0
GTGCTC	0.0
GTGCTG	0.5553426803094816
GTGCAC	0.0
GTGCAG	2.1042791284233373
CGCTCT	1.2814924207878022
CGCTCA	0.0
CGCTGT	0.48705490305049604
CGCTGA	0.9227631003565714
CGCTTC	1.708656561050403
CGCTTG	0.48705490305049604
GTGGCT	2.7767134015474078
GTGGCA	1.5782093463175029
GTGGGT	0.0
GTGGGA	1.1996553201485383
GTGGTC	1.666028040928445
GTGGTG	0.6332047796700753
GTGGAC	0.0
GTGGAG	2.999138300371346
GTGTCC	0.0
GTGTCG	0.0
GTGTGC	1.1106853606189633
GTGTGG	0.6332047796700753
GTGACC	0.9227631003565712
GTGACG	0.0
GCTACC	0.4046477142115953
GCTACG	1.384144650534857
GCTAGC	1.384144650534857
GCTAGG	1.0521395642116689
GTGAGC	1.578209346317503
GTGAGG	0.5998276600742692
GTTCCC	2.1358207013130035
GTTCCG	0.9741098061009918
GTTCGC	0.4870549030504959
GTTCGG	0.5553426803094816
GTTGCC	0.4870549030504959
GTTGCG	0.5553426803094816
GCTGTC	0.48705490305049604
GCTGTG	1.6660280409284454
GCTGAC	2.3069077508914284
GCTGAG	1.0521395642116689
GCTTCC	1.2814924207878022
GCTTCG	0.9741098061009921
GCTTGC	0.9741098061009921
GCTTGG	1.6660280409284454
GTTGGC	0.0
GTTGGG	1.2664095593401505
GTACCC	0.8092954284231905
GTACCG	0.9227631003565712
GCTCCT	0.8543282805252015
GCTCCA	2.4278862852695715
GCTCGT	0.48705490305049604
GCTCGA	0.4613815501782857
GCTCTC	1.2814924207878022
GCTCTG	0.0
GCTCAC	0.0
GCTCAG	0.4613815501782856
GCTGCT	0.9741098061009921
GCTGCA	0.9227631003565714
GCTGGT	1.1106853606189635
GCTGGA	1.5782093463175033
GTACGC	0.0
GTACGG	1.0521395642116687
GTAGCC	1.8455262007131423
GTAGCG	0.0
GTAGGC	0.5260697821058343
GTAGGG	0.0
CGCAAC	0.7666363216538227
CGCAAG	0.8741229521011434
GCGACT	0.9227631003565714
GCGACA	0.4370614760505717
GCGAGT	0.0
GCGAGA	0.0
GCGATC	0.0
GCGATG	0.5260697821058344
GCGAAC	0.0
GCGAAG	0.49833989977261073
GACCCT	1.6185908568463812
GACCCA	2.6832271257883793
GACCGT	0.9227631003565714
GACCGA	2.62236885630343
GCGTTC	0.0
GCGTTG	1.6660280409284454
GCGTAC	0.0
GCGTAG	0.5260697821058344
CGCACT	0.4046477142115953
CGCACA	0.38331816082691134
CGCAGT	0.0
CGCAGA	0.0
CGCATC	0.0
CGCATG	0.0
CGGGTT	1.1106853606189635
CGGGTA	0.5260697821058344
CGGGAT	1.5782093463175033
CGGGAA	2.4916994988630536
CGGCTT	0.48705490305049604
CGGCTA	2.768289301069714
CGGCAT	0.4613815501782857
CGGCAA	1.311184428151715
GCGGTT	2.221370721237927
GCGGTA	1.5782093463175033
GCGGAT	0.0
GCGGAA	0.49833989977261073
GCGTCT	0.9741098061009921
GCGTCA	0.0
GCGTGT	0.0
GCGTGA	2.1042791284233378
CGGTCT	0.9741098061009921
CGGTCA	0.0
CGGTGT	0.5553426803094818
CGGTGA	1.0521395642116689
CGGTTC	0.9741098061009921
CGGTTG	0.0
CGGTAC	1.384144650534857
CGGTAG	0.5260697821058344
GCGCTT	0.0
GCGCTA	0.4613815501782857
GCGCAT	0.0
GCGCAA	0.4370614760505717
GACCTC	2.023238571057976
GACCTG	0.9227631003565712
GACCAC	0.7666363216538227
GACCAG	0.8741229521011434
CCTGCT	2.5629848415756045
CCTGCA	0.8092954284231906
CCTGGT	1.9482196122019841
CCTGGA	0.0
CCTGTC	0.8543282805252015
CCTGTG	0.0
CGGAAC	0.0
CGGAAG	1.4950196993178322
GCCACT	1.6185908568463812
GCCACA	1.9165908041345565
GCCAGT	0.9227631003565714
GCCAGA	1.311184428151715
GCCATC	0.40464771421159523
GCCATG	1.8455262007131423
GCCAAC	0.0
GCCAAG	0.0
GCCTTC	2.135820701313004
GCCTTG	0.0
GCCTAC	1.2139431426347855
GCCTAG	2.306907750891428
CGGACT	0.4613815501782857
CGGACA	0.8741229521011434
CGGAGT	0.5260697821058344
CGGAGA	0.49833989977261073
CGGATC	0.4613815501782857
CGGATG	0.0
CCTGAC	0.0
CCTGAG	0.0
GACGCT	1.3841446505348567
GACGCA	0.4370614760505716
GACGGT	1.0521395642116687
GACGGA	0.0
GACGTC	0.4613815501782856
GACGTG	0.0
GACGAC	0.8741229521011432
GACGAG	1.9933595990904425
CGTCTC	0.0
CGTCTG	0.48705490305049604
CGTCAC	1.2139431426347855
CGTCAG	1.3841446505348567
GCCGTT	2.43527451525248
GCCGTA	0.9227631003565712
GCCGAT	0.9227631003565712
GCCGAA	0.8741229521011432
GCCTCT	2.5629848415756045
GCCTCA	0.4046477142115953
GCCTGT	0.0
GCCTGA	0.0
GACTCC	0.40464771421159523
GACTCG	0.4613815501782856
GACTGC	0.4613815501782856
GACTGG	1.0521395642116687
CGTGTC	0.0
CGTGTG	0.0
CGTGAC	0.9227631003565714
CGTGAG	1.0521395642116689
GCCCTT	1.2814924207878022
GCCCTA	3.6418294279043577
GCCCAT	0.4046477142115953
GCCCAA	0.7666363216538227
CGTCCT	0.42716414026260074
CGTCCA	0.8092954284231906
CGTCGT	0.48705490305049604
CGTCGA	0.0
GACACC	1.9165908041345563
GACACG	0.4370614760505716
GACAGC	0.8741229521011432
GACAGG	1.9933595990904425
CGTGCT	0.0
CGTGCA	0.4613815501782857
CGTGGT	0.5553426803094818
CGTGGA	0.5260697821058344
GAGCCT	1.8455262007131428
GAGCCA	0.8741229521011434
GAGCGT	1.0521395642116689
GAGCGA	0.49833989977261073
GAGCTC	1.384144650534857
GAGCTG	1.0521395642116689
GAGCAC	0.8741229521011434
GAGCAG	0.9966797995452215
GAGGCT	2.6303489105291717
GAGGCA	0.4983398997726106
GAGGGT	1.1996553201485387
GAGGGA	3.4092593739829913
GAGGTC	1.578209346317503
GAGGTG	0.5998276600742692
GAGGAC	0.9966797995452212
GAGGAG	4.545679165310655
GAGTCC	0.4613815501782857
GAGTCG	0.0
GAGTGC	0.5260697821058344
GAGTGG	1.7994829802228083
GAGACC	0.4370614760505717
GAGACG	0.9966797995452215
GAGAGC	1.9933595990904425
GAGAGG	0.5682098956638318
GATCCC	0.0
GATCCG	1.8455262007131428
GATCGC	0.0
GATCGG	1.0521395642116689
GATGCC	1.8455262007131428
GATGCG	0.0
GATGGC	0.0
GATGGG	0.5998276600742694
GAACCC	2.6832271257883793
GAACCG	0.0
GAACGC	0.8741229521011434
GAACGG	0.49833989977261073
GAAGCC	0.8741229521011434
GAAGCG	0.49833989977261073
GAAGGC	0.9966797995452212
GAAGGG	0.5682098956638318
CAAGGC	1.3111844281517149
CAAGGG	2.990039398635664
CCTCCT	2.6224649645947276
CCTCCA	1.06467048294452
CCTCGT	0.0
CCTCGA	0.40464771421159523
CCTCTC	4.121016372934573
CCTCTG	1.708656561050403
CAACGC	0.3833181608269113
CAACGG	0.0
CAAGCC	1.1499544824807337
CAAGCG	0.8741229521011432
CCTCAC	1.7744508049075332
CCTCAG	1.2139431426347855
TCCCCT	2.6224649645947276
TCCCCA	1.4195606439260267
TCCCGT	0.0
TCCCGA	0.40464771421159523
TCCCTC	3.7463785208496114
TCCCTG	1.2814924207878022
TCCCAC	0.0
TCCCAG	0.40464771421159523
TCCGCT	1.708656561050403
TCCGCA	0.0
TCCGGT	0.48705490305049604
TCCGGA	0.4613815501782857
TCCGTC	0.8543282805252015
TCCGTG	1.9482196122019841
TCCGAC	1.2139431426347855
TCCGAG	0.4613815501782856
TCCTCC	1.8731892604248057
TCCTCG	0.42716414026260074
CAACCC	0.0
CAACCG	1.5332726433076451
TCCTGC	0.8543282805252014
TCCTGG	0.9741098061009918
TCCACC	0.7097803219630133
TCCACG	2.427886285269571
TCCAGC	0.0
TCCAGG	0.9227631003565712
TCGCCT	0.4271641402626007
TCGCCA	0.8092954284231905
TCGCGT	0.4870549030504959
TCGCGA	0.4613815501782856
TCGCTC	2.1358207013130035
TCGCTG	0.4870549030504959
TCGCAC	0.0
TCGCAG	0.4613815501782856
CCGACT	0.8092954284231906
CCGACA	0.7666363216538227
CCGAGT	0.4613815501782857
CCGAGA	1.311184428151715
CCGATC	0.0
CCGATG	0.9227631003565712
CCGAAC	0.7666363216538227
CCGAAG	0.8741229521011434
TCGGCT	1.4611647091514879
TCGGCA	0.9227631003565712
TCGGGT	0.0
TCGGGA	1.578209346317503
TCGGTC	0.4870549030504959
TCGGTG	0.0
TCGGAC	1.3841446505348567
TCGGAG	2.6303489105291713
CATGGC	0.9227631003565712
CATGGG	1.0521395642116687
TCGTCC	1.281492420787802
TCGTCG	0.4870549030504959
TCGTGC	0.0
TCGTGG	0.0
TCGACC	2.023238571057976
TCGACG	0.0
TCGAGC	1.8455262007131423
TCGAGG	0.5260697821058343
TCTCCC	1.4985514083398448
TCTCCG	0.42716414026260074
TCTCGC	2.135820701313004
TCTCGG	0.48705490305049604
CATCGC	1.2139431426347855
CATCGG	0.9227631003565712
CATGCC	0.8092954284231905
CATGCG	0.4613815501782856
TCTGCC	2.135820701313004
TCTGCG	0.0
TCTGGC	0.0
TCTGGG	1.1106853606189635
TCACCC	0.0
TCACCG	1.2139431426347855
TCACGC	0.0
TCACGG	0.0
TCAGCC	1.2139431426347855
TCAGCG	0.4613815501782856
TCAGGC	0.9227631003565712
TCAGGG	0.5260697821058343
CAGAGC	0.4370614760505716
CAGAGG	0.9966797995452212
CATCCC	0.7097803219630133
CATCCG	0.8092954284231905
TGCCCT	1.281492420787802
TGCCCA	0.8092954284231905
TGCCGT	0.4870549030504959
TGCCGA	1.3841446505348567
TGCCTC	0.8543282805252014
TGCCTG	0.0
TGCCAC	3.641829427904357
TGCCAG	1.3841446505348567
TGCGCT	0.0
TGCGCA	0.4613815501782856
TGCGGT	0.0
TGCGGA	0.5260697821058343
CAGTGC	0.9227631003565712
CAGTGG	1.5782093463175029
CAGACC	1.9165908041345563
CAGACG	0.8741229521011432
CAGGCT	1.3841446505348567
CAGGCA	0.8741229521011432
CAGGGT	0.5260697821058343
CAGGGA	0.9966797995452212
CAGGTC	1.3841446505348567
CAGGTG	0.5260697821058343
CAGGAC	1.7482459042022864
CAGGAG	1.9933595990904425
CAGTCC	1.618590856846381
CAGTCG	0.0
TGCGTC	0.0
TGCGTG	1.1106853606189633
TGCGAC	0.9227631003565712
TGCGAG	0.0
TGCTCC	1.7086565610504028
TGCTCG	1.4611647091514879
TGCTGC	0.0
TGCTGG	1.666028040928445
TGCACC	0.0
TGCACG	0.0
TGCAGC	1.8455262007131423
TGCAGG	2.1042791284233373
CAGCCT	2.832533999481167
CAGCCA	1.5332726433076453
CAGCGT	0.9227631003565714
CAGCGA	0.8741229521011434
CAGCTC	1.2139431426347855
CAGCTG	1.8455262007131423
CAGCAC	1.149954482480734
CAGCAG	1.311184428151715
CCGTCT	0.42716414026260074
CCGTCA	1.2139431426347858
CCGTGT	0.9741098061009921
CCGTGA	0.4613815501782857
CCGTTC	1.2814924207878022
CCGTTG	0.9741098061009921
CGTTCC	0.42716414026260074
CGTTCG	0.0
CGTTGC	0.48705490305049604
CGTTGG	0.0
CCGTAC	0.40464771421159523
CCGTAG	0.9227631003565712
TGGCCT	0.4870549030504959
TGGCCA	0.4613815501782856
TGGCGT	0.5553426803094816
TGGCGA	0.0
TGGCTC	0.0
TGGCTG	2.776713401547408
TGGCAC	0.0
TGGCAG	1.0521395642116687
CACACC	1.0085501958268528
CACACG	0.7666363216538226
CACAGC	1.1499544824807337
CACAGG	1.3111844281517149
CCGGTT	1.4611647091514879
CCGGTA	0.4613815501782856
CCGGAT	0.9227631003565712
CCGGAA	1.7482459042022864
TGGGCT	1.1106853606189633
TGGGCA	0.0
TGGGGT	1.8996143390102254
TGGGGA	1.1996553201485383
TGGGTC	1.1106853606189633
TGGGTG	1.8996143390102256
TGGGAC	1.5782093463175029
TGGGAG	2.999138300371346
TGGTCC	1.4611647091514879
TGGTCG	0.5553426803094816
TGGTGC	0.5553426803094816
TGGTGG	1.8996143390102256
TGGACC	0.4613815501782856
TGGACG	1.5782093463175029
TGGAGC	1.0521395642116687
TGGAGG	2.399310640297077
CACGAC	1.1499544824807335
CACGAG	1.3111844281517147
CACTCC	1.06467048294452
CACTCG	0.40464771421159523
CACTGC	1.2139431426347855
CACTGG	0.4613815501782856
TGTCCC	0.0
TGTCCG	0.4870549030504959
TGTCGC	0.0
TGTCGG	1.1106853606189633
CACCTC	0.7097803219630133
CACCTG	0.8092954284231905
CACCAC	1.6809169930447547
CACCAG	1.1499544824807337
CACGCT	0.8092954284231905
CACGCA	0.7666363216538223
CACGGT	0.9227631003565709
CACGGA	1.3111844281517149
CACGTC	0.40464771421159523
CACGTG	0.4613815501782856
TGTGCC	0.9741098061009918
TGTGCG	0.0
TGTGGC	2.2213707212379266
TGTGGG	0.6332047796700753
TGACCC	1.2139431426347855
TGACCG	1.8455262007131423
TGACGC	0.4613815501782856
TGACGG	0.0
TGAGCC	2.7682893010697134
TGAGCG	2.6303489105291713
TGAGGC	1.0521395642116687
TGAGGG	1.1996553201485383
CACCCT	1.4195606439260267
CACCCA	1.0085501958268528
CACCGT	0.0
CACCGA	0.0
TTCCCC	1.8731892604248062
TTCCCG	1.2814924207878022
TTCCGC	0.8543282805252015
TTCCGG	0.9741098061009921
TTCGCC	1.708656561050403
TTCGCG	0.0
TTCGGC	0.0
TTCGGG	0.5553426803094818
TTGCCC	0.8543282805252015
TTGCCG	0.9741098061009921
TTGCGC	0.0
TTGCGG	0.0
TTGGCC	0.9741098061009921
TTGGCG	1.1106853606189635
TTGGGC	1.1106853606189635
TTGGGG	1.899614339010226
TACCCC	2.12934096588904
TACCCG	1.2139431426347855
TACCGC	1.2139431426347855
TACCGG	1.3841446505348567
TACGCC	0.40464771421159523
TACGCG	0.4613815501782856
TACGGC	1.3841446505348567
TACGGG	2.1042791284233373
TAGCCC	2.4278862852695715
TAGCCG	1.384144650534857
TAGCGC	1.384144650534857
TAGCGG	0.5260697821058344
TAGGCC	0.9227631003565714
TAGGCG	0.5260697821058344
TAGGGC	0.5260697821058344
TAGGGG	1.7994829802228083
CTAGGC	1.3841446505348567
CTAGGG	1.0521395642116687
CCGCTT	0.42716414026260074
CCGCTA	1.6185908568463812
CCGCAT	0.4046477142115953
CCGCAA	1.149954482480734
ACCCCT	2.4842311268705464
ACCCCA	1.0085501958268528
ACCCGT	0.40464771421159523
ACCCGA	1.9165908041345558
ACCCTC	1.4195606439260267
ACCCTG	2.023238571057976
ACCCAC	1.6809169930447547
ACCCAG	1.5332726433076451
CTACGC	0.8092954284231905
CTACGG	1.8455262007131423
CTAGCC	1.2139431426347855
CTAGCG	0.4613815501782856
ACCGCT	0.8092954284231905
ACCGCA	0.7666363216538223
ACCGGT	1.3841446505348565
ACCGGA	1.7482459042022864
ACCGTC	0.0
ACCGTG	0.9227631003565712
ACCGAC	1.1499544824807335
ACCGAG	1.7482459042022862
ACCTCC	1.06467048294452
ACCTCG	0.8092954284231905
ACCTGC	1.2139431426347855
ACCTGG	1.8455262007131423
ACCACC	1.3447335944358039
ACCACG	1.1499544824807337
CTACCC	3.19401144883356
CTACCG	0.8092954284231905
ACCAGC	1.1499544824807337
ACCAGG	1.7482459042022864
ACGCCT	2.0232385710579766
ACGCCA	0.0
ACGCGT	0.0
ACGCGA	0.8741229521011434
ACGCTC	0.0
ACGCTG	0.4613815501782856
ACGCAC	0.0
ACGCAG	0.8741229521011434
CCCACT	0.35489016098150666
CCCACA	0.6723667972179019
CCCAGT	1.618590856846381
CCCAGA	1.9165908041345558
CCCATC	1.4195606439260267
CCCATG	0.40464771421159523
CCCAAC	2.0171003916537056
CCCAAG	2.2999089649614675
ACGGCT	0.9227631003565712
ACGGCA	2.185307380252858
ACGGGT	1.0521395642116687
ACGGGA	0.4983398997726106
ACGGTC	0.4613815501782856
ACGGTG	1.0521395642116687
ACGGAC	1.7482459042022864
ACGGAG	0.0
ACGTCC	0.40464771421159523
ACGTCG	0.0
ACGTGC	0.4613815501782856
ACGTGG	0.0
CTTGGC	1.9482196122019841
CTTGGG	0.5553426803094818
ACGACC	0.7666363216538226
ACGACG	0.8741229521011432
ACGAGC	1.3111844281517149
ACGAGG	2.990039398635664
ACTCCC	1.7744508049075332
ACTCCG	1.2139431426347855
ACTCGC	0.0
ACTCGG	0.4613815501782856
ACTGCC	1.2139431426347855
ACTGCG	0.0
ACTGGC	0.9227631003565712
ACTGGG	0.5260697821058343
CTTCGC	1.708656561050403
CTTCGG	1.9482196122019841
CTTGCC	0.8543282805252015
CTTGCG	0.48705490305049604
ACACCC	1.6809169930447547
ACACCG	0.3833181608269113
ACACGC	0.7666363216538226
ACACGG	1.3111844281517149
ACAGCC	3.0665452866152902
ACAGCG	1.7482459042022864
ACAGGC	0.8741229521011432
ACAGGG	0.4983398997726106
CTGAGC	0.4613815501782856
CTGAGG	1.0521395642116687
CTTCCC	3.7463785208496123
CTTCCG	2.135820701313004
AGCCCT	2.4278862852695715
AGCCCA	2.6832271257883793
AGCCGT	1.8455262007131428
AGCCGA	0.4370614760505717
AGCCTC	2.023238571057976
AGCCTG	0.9227631003565712
AGCCAC	0.7666363216538227
AGCCAG	1.311184428151715
AGCGCT	0.9227631003565712
AGCGCA	0.8741229521011432
AGCGGT	1.578209346317503
AGCGGA	0.9966797995452212
CTGTGC	1.9482196122019837
CTGTGG	0.0
CTGACC	1.2139431426347855
CTGACG	0.4613815501782856
AGCGTC	0.0
AGCGTG	0.5260697821058343
AGCGAC	1.3111844281517149
AGCGAG	0.0
AGCTCC	2.023238571057976
AGCTCG	0.9227631003565712
AGCTGC	1.8455262007131423
AGCTGG	2.1042791284233373
CTGGCT	0.4870549030504959
CTGGCA	0.0
CTGGGT	0.5553426803094816
CTGGGA	3.6824884747408406
CTGGTC	1.9482196122019837
CTGGTG	0.5553426803094816
CTGGAC	0.0
CTGGAG	1.0521395642116687
CTGTCC	1.281492420787802
CTGTCG	1.4611647091514879
AGCACC	1.1499544824807337
AGCACG	0.0
AGCAGC	2.6223688563034298
AGCAGG	1.495019699317832
CCCTCT	2.9971028166796887
CCCTCA	1.06467048294452
CCCTGT	2.562984841575604
CCCTGA	0.8092954284231905
CCCTTC	1.8731892604248057
CCCTTG	0.8543282805252015
CTGCCT	1.7086565610504028
CTGCCA	2.023238571057976
CTGCGT	0.9741098061009918
CTGCGA	0.4613815501782856
CTGCTC	1.281492420787802
CTGCTG	2.43527451525248
CTGCAC	0.8092954284231905
CTGCAG	0.9227631003565712
CCCTAC	2.8391212878520533
CCCTAG	2.427886285269571
AGGCCT	0.9227631003565714
AGGCCA	2.62236885630343
AGGCGT	0.0
AGGCGA	0.9966797995452215
AGGCTC	0.4613815501782857
AGGCTG	1.0521395642116689
AGGCAC	2.1853073802528584
AGGCAG	0.0
CGTACC	0.8092954284231906
CGTACG	0.0
CGTAGC	0.9227631003565714
CGTAGG	0.0
CCCGTT	0.8543282805252014
CCCGTA	0.0
CCCGAT	1.2139431426347855
CCCGAA	1.9165908041345558
AGGGCT	2.6303489105291717
AGGGCA	0.0
AGGGGT	1.7994829802228078
AGGGGA	3.4092593739829913
AGGGTC	1.578209346317503
AGGGTG	0.5998276600742692
AGGGAC	1.9933595990904425
AGGGAG	1.1364197913276637
CTCACC	1.06467048294452
CTCACG	0.40464771421159523
CTCAGC	1.2139431426347855
CTCAGG	0.9227631003565712
AGGTCC	0.4613815501782857
AGGTCG	0.0
AGGTGC	2.630348910529172
AGGTGG	3.5989659604456166
AGGACC	2.1853073802528584
AGGACG	0.49833989977261073
AGGAGC	1.9933595990904425
AGGAGG	4.545679165310655
AGTCCC	1.6185908568463812
AGTCCG	0.0
AGTCGC	0.0
AGTCGG	0.0
CTCGAC	0.40464771421159523
CTCGAG	0.9227631003565712
CTCTCC	1.4985514083398446
CTCTCG	2.9901489818382054
CTCTGC	0.8543282805252014
CTCTGG	0.4870549030504959
AGTGCC	0.0
AGTGCG	1.0521395642116689
AGTGGC	1.5782093463175033
AGTGGG	2.3993106402970774
CTCCTC	2.622464964594728
CTCCTG	0.42716414026260074
CTCCAC	1.7744508049075332
CTCCAG	1.2139431426347855
CTCGCT	2.135820701313004
CTCGCA	0.4046477142115953
CTCGGT	0.48705490305049604
CTCGGA	1.384144650534857
CTCGTC	0.42716414026260074
CTCGTG	0.0
AGACCC	2.6832271257883793
AGACCG	0.8741229521011434
AGACGC	0.8741229521011434
AGACGG	0.9966797995452215
AGAGCC	1.311184428151715
AGAGCG	0.49833989977261073
AGAGGC	0.9966797995452212
AGAGGG	5.113889060974487
ATCCCC	0.7097803219630133
ATCCCG	0.0
ATCCGC	0.40464771421159523
ATCCGG	0.4613815501782856
CGAAGC	0.0
CGAAGG	0.9966797995452215
CTCCCT	4.121016372934572
CTCCCA	0.35489016098150666
CTCCGT	1.281492420787802
CTCCGA	1.2139431426347855
ATCGCC	0.40464771421159523
ATCGCG	0.9227631003565712
ATCGGC	1.8455262007131423
ATCGGG	0.5260697821058343
ATGCCC	0.4046477142115953
ATGCCG	2.3069077508914284
ATGCGC	0.4613815501782857
ATGCGG	0.5260697821058344
ATGGCC	0.4613815501782857
ATGGCG	0.0
ATGGGC	0.0
ATGGGG	1.7994829802228083
CGATGC	0.0
CGATGG	0.5260697821058344
CGAACC	1.149954482480734
CGAACG	0.8741229521011435
AACCCC	1.3447335944358039
AACCCG	0.7666363216538226
AACCGC	0.3833181608269113
AACCGG	1.7482459042022864
CGAGCT	0.4613815501782857
CGAGCA	1.311184428151715
CGAGGT	0.5260697821058344
CGAGGA	1.993359599090443
CGAGTC	0.4613815501782857
CGAGTG	0.0
CGAGAC	0.8741229521011434
CGAGAG	0.0
CGATCC	0.0
CGATCG	0.4613815501782857
AACGCC	1.1499544824807337
AACGCG	0.4370614760505716
AACGGC	2.185307380252858
AACGGG	0.0
AAGCCC	0.38331816082691117
AAGCCG	1.3111844281517147
AAGCGC	0.8741229521011432
AAGCGG	0.996679799545221
CGACCT	1.213943142634786
CGACCA	1.1499544824807342
CGACGT	0.9227631003565714
CGACGA	0.0
CGACTC	0.0
CGACTG	1.384144650534857
CGACAC	1.149954482480734
CGACAG	0.4370614760505718
AAGGCC	2.185307380252858
AAGGCG	1.4950196993178315
AAGGGC	0.0
AAGGGG	3.9774692696468223
CTGCGG	0.0
CTGCGC	0.0
CTGCCG	0.0
CTGCCC	0.6203814083581258
CTCGGG	1.6130767621082385
CTCGGC	1.414724590488534
CTCGCG	0.707362295244267
CTCGCC	0.0
CTCCGG	0.7073622952442669
CTCCGC	1.2407628167162517
CTCCCG	0.0
CTCCCC	4.896865227077963
CGAGGG	1.7422901103087496
CGAGGC	1.528049204302761
CGAGCG	0.7640246021513803
CGAGCC	1.3401524562155318
AGGGGG	2.9798531551850003
AGGGGC	3.4845802206174987
AGGGCG	0.8711450551543747
AGGGCC	1.5280492043027607
CCCGAG	0.0
CCCGAC	0.587680226802654
CCCGTG	0.7073622952442669
CCCGTC	0.6203814083581258
CCCGGA	0.6700762281077658
CCCGGT	0.0
ACGGGG	0.8711450551543747
ACGGGC	2.292073806454141
CCCGCA	0.587680226802654
CCCGCT	1.2407628167162517
ACGGCG	0.7640246021513803
ACGGCC	2.0102286843232977
CAGCGG	1.5280492043027607
CAGCGC	1.3401524562155318
CAGCCG	2.0102286843232977
CAGCCC	2.9384011340132705
CACGGG	0.7640246021513802
CACGGC	1.3401524562155316
CACGCG	0.0
CACGCC	0.587680226802654
CACCGG	1.3401524562155316
CACCGC	1.175360453605308
CACCCG	1.175360453605308
CACCCC	0.0
CTGGGG	0.0
CTGGGC	0.0
CTGGCG	0.0
CTGGCC	2.8294491809770674
GCCCGA	0.6700762281077659
GCCCGT	2.122086885732801
CCCAGG	0.6700762281077658
CCCAGC	1.175360453605308
GCCCCA	2.93840113401327
GCCCCT	0.0
CCCACG	4.113761587618578
CCCACC	1.5462481781368667
CGTGGG	0.0
CGTGGC	0.0
CGTGCG	0.0
CGTGCC	1.414724590488534
CAGGGG	2.613435165463124
CAGGGC	0.7640246021513803
CAGGCG	0.0
CAGGCC	0.0
GCCGGA	1.5280492043027605
GCCGGT	3.2261535242164765
ACGCGG	0.0
ACGCGC	0.6700762281077659
GCCGCA	2.0102286843232973
GCCGCT	1.4147245904885337
ACGCCG	0.0
ACGCCC	0.5876802268026541
CGTCGG	0.0
CGTCGC	0.0
CGTCCG	0.707362295244267
CGTCCC	1.2407628167162519
GCCCAG	1.3401524562155318
GCCCAC	3.5260813608159247
GCCCTG	1.414724590488534
GCCCTC	0.0
GCCAGG	0.7640246021513803
GCCAGC	2.0102286843232977
GCCACG	1.3401524562155318
GCCACC	1.7630406804079624
CGGAGG	2.6134351654631245
CGGAGC	1.528049204302761
CGGACG	2.292073806454141
CGGACC	2.0102286843232977
GCCTGG	0.0
GCCTGC	2.122086885732801
GCCTCG	0.0
GCCTCC	3.10190704179063
GCCGAG	0.7640246021513803
GCCGAC	0.0
GCCGTG	0.0
GCCGTC	2.1220868857328004
GCGCAG	0.0
GCGCAC	1.3401524562155318
GCGCTG	0.8065383810541192
GCGCTC	0.707362295244267
GCGCGA	0.0
GCGCGT	0.8065383810541193
ACCGGG	1.5280492043027605
ACCGGC	0.6700762281077658
GCGCCA	1.3401524562155318
GCGCCT	1.414724590488534
ACCGCG	1.3401524562155316
ACCGCC	0.587680226802654
CGGTGG	0.9196194997766558
CGGTGC	1.6130767621082385
CGGTCG	0.0
CGGTCC	0.0
CGGCCA	0.6700762281077659
CGGCCT	0.707362295244267
AGGCGG	1.7422901103087496
AGGCGC	0.7640246021513805
CGGGAG	0.8711450551543748
CGGGAC	0.7640246021513805
CGGGTG	0.0
CGGGTC	0.0
CGGGGA	2.613435165463124
CGGGGT	0.0
AGGCCG	1.5280492043027607
AGGCCC	0.6700762281077659
CGGGCA	0.7640246021513805
CGGGCT	1.6130767621082387
CCCTGG	0.7073622952442669
CCCTGC	1.8611442250743777
GCGGGA	0.8711450551543747
GCGGGT	0.0
CCCTCG	0.6203814083581258
CCCTCC	3.2645768180519754
GCGGCA	0.0
GCGGCT	2.4196151431623583
AGCGGG	0.0
AGCGGC	2.292073806454141
CGGCAG	1.5280492043027607
CGGCAC	0.6700762281077659
CGGCTG	3.226153524216477
CGGCTC	0.707362295244267
CGGCGA	0.0
CGGCGT	0.8065383810541193
AGCGCG	0.7640246021513803
AGCGCC	2.0102286843232977
GCGAGG	0.0
GCGAGC	0.0
GCGACG	0.0
GCGACC	1.3401524562155318
CGCAGG	2.292073806454141
CGCAGC	1.3401524562155318
CGCACG	0.0
CGCACC	0.0
GCGTGG	0.0
GCGTGC	0.0
GCGTCG	0.0
GCGTCC	0.0
GCGGAG	0.8711450551543748
GCGGAC	0.7640246021513805
GCGGTG	0.0
GCGGTC	0.0
GCACGG	0.0
GCACGC	0.0
GCACCG	0.0
GCACCC	1.7630406804079626
CGCTGG	0.8065383810541192
CGCTGC	0.707362295244267
CGCTCG	1.414724590488534
CGCTCC	2.4815256334325038
GCTGGG	3.678477999106623
GCTGGC	0.8065383810541192
GCTGCG	1.6130767621082385
GCTGCC	0.0
GCTCGG	4.032691905270596
GCTCGC	0.0
GCTCCG	1.414724590488534
GCTCCC	3.722288450148756
GCAGGG	3.484580220617499
GCAGGC	0.0
GCAGCG	1.5280492043027607
GCAGCC	3.350381140538829
CGCGAG	0.0
CGCGAC	0.0
CGCGTG	0.0
CGCGTC	0.7073622952442669
CGCGGA	0.0
CGCGGT	1.6130767621082382
AGCCGG	2.292073806454141
AGCCGC	2.6803049124310636
CGCGCA	0.0
CGCGCT	0.7073622952442669
AGCCCG	0.0
AGCCCC	1.7630406804079624
GGCCCA	1.3401524562155318
GGCCCT	2.122086885732801
CGACGG	1.528049204302761
CGACGC	0.0
CGCCAG	0.6700762281077659
CGCCAC	0.0
CGCCTG	0.0
CGCCTC	3.10190704179063
CGCCGA	0.0
CGCCGT	1.414724590488534
CGACCG	0.0
CGACCC	2.3507209072106168
CGCCCA	0.0
CGCCCT	1.2407628167162519
CCCCAG	2.9384011340132696
CCCCAC	1.030832118757911
GGCGGA	0.0
GGCGGT	1.8392389995533116
CCCCTG	1.2407628167162519
CCCCTC	2.1763845453679838
GGCGCA	0.0
GGCGCT	0.0
CCCCGA	1.175360453605308
CCCCGT	0.0
GGCCAG	1.5280492043027607
GGCCAC	2.0102286843232977
GGCCTG	0.8065383810541192
GGCCTC	0.0
GGCCGA	0.7640246021513805
GGCCGT	2.4196151431623583
CCCCCA	1.5462481781368667
CCCCCT	2.1763845453679838
GGGCCA	2.2920738064541415
GGGCCT	0.8065383810541193
GGCAGG	1.7422901103087496
GGCAGC	0.7640246021513805
GGCACG	0.0
GGCACC	1.3401524562155318
GGCTGG	1.8392389995533116
GGCTGC	0.8065383810541192
GGCTCG	0.0
GGCTCC	2.122086885732801
GGCGAG	0.0
GGCGAC	0.0
GGCGTG	0.9196194997766558
GGCGTC	0.8065383810541192
GGGGCA	0.8711450551543747
GGGGCT	1.8392389995533116
CCAGGG	0.7640246021513802
CCAGGC	0.6700762281077658
CCAGCG	0.6700762281077658
CCAGCC	1.763040680407962
GGGCAG	0.0
GGGCAC	0.0
GGGCTG	1.8392389995533116
GGGCTC	4.032691905270596
GGGCGA	0.0
GGGCGT	0.9196194997766558
GGGTGG	1.0485552135338732
GGGTGC	2.758858499329967
GGGTCG	0.0
GGGTCC	1.6130767621082385
CCACGG	3.3503811405388286
CCACGC	1.763040680407962
CCACCG	0.0
CCACCC	0.5154160593789555
GGGGAG	2.9798531551850003
GGGGAC	3.4845802206174987
GGGGTG	2.0971104270677463
GGGGTC	0.0
GGGGGA	2.9798531551850003
GGGGGT	2.0971104270677468
GGACGG	0.8711450551543748
GGACGC	2.2920738064541415
GGACCG	3.0560984086055214
GGACCC	2.0102286843232977
GGTGGG	1.0485552135338732
GGTGGC	1.8392389995533116
GGTGCG	0.0
GGTGCC	3.226153524216477
GGTCGG	0.0
GGTCGC	0.0
GGTCCG	0.0
GGTCCC	2.122086885732801
GGGAGG	2.979853155185001
GGGAGC	2.6134351654631245
GGGACG	0.8711450551543748
GGGACC	3.056098408605522
GTGCGG	1.8392389995533116
GTGCGC	0.0
GTGCCG	0.0
GTGCCC	1.4147245904885337
GTCGGG	0.0
GTCGGC	0.8065383810541192
GTCGCG	0.0
GTCGCC	0.0
GTCCGG	0.8065383810541191
GTCCGC	0.0
GTCCCG	0.7073622952442669
GTCCCC	1.2407628167162517
GGAGGG	3.9731375402466673
GGAGGC	4.355725275771873
GGAGCG	0.0
GGAGCC	1.5280492043027607
GACGGG	1.7422901103087494
GACGGC	0.7640246021513803
GACGCG	0.7640246021513803
GACGCC	0.6700762281077659
CCTGGG	0.8065383810541192
CCTGGC	1.414724590488534
CCTGCG	0.707362295244267
CCTGCC	1.2407628167162519
GACCGG	0.7640246021513803
GACCGC	0.6700762281077659
GACCCG	0.6700762281077659
GACCCC	2.9384011340132705
GTGGGG	3.145665640601619
GTGGGC	0.9196194997766556
GTGGCG	0.0
GTGGCC	0.8065383810541191
TCCCGG	0.7073622952442669
TCCCGC	1.2407628167162517
TCCCCG	1.8611442250743777
TCCCCC	2.1763845453679838
CCTCGG	0.7073622952442669
CCTCGC	1.2407628167162517
CCTCCG	1.8611442250743777
CCTCCC	3.2645768180519754
GAGGGG	2.9798531551850003
GAGGGC	5.226870330926248
GAGGCG	0.8711450551543747
GAGGCC	3.0560984086055214
GAGCGG	2.6134351654631245
GAGCGC	0.7640246021513805
GAGCCG	2.292073806454141
GAGCCC	2.6803049124310636
TCGGGG	0.9196194997766558
TCGGGC	0.0
TCGGCG	0.8065383810541191
TCGGCC	0.7073622952442669
CCGAGG	1.5280492043027607
CCGAGC	0.0
CCGACG	1.3401524562155318
CCGACC	0.5876802268026541
TCGCGG	0.8065383810541191
TCGCGC	0.0
TCGCCG	0.0
TCGCCC	1.2407628167162517
TCCGGG	2.419615143162358
TCCGGC	0.0
TCCGCG	0.0
TCCGCC	0.6203814083581259
TGGCGG	0.9196194997766558
TGGCGC	0.0
TGGCCG	3.2261535242164765
TGGCCC	1.4147245904885337
CCGTGG	1.6130767621082385
CCGTGC	1.414724590488534
CCGTCG	0.0
CCGTCC	1.2407628167162519
TGCGGG	0.0
TGCGGC	1.6130767621082385
TGCGCG	0.0
TGCGCC	0.0
TGCCGG	1.6130767621082382
TGCCGC	0.7073622952442669
TGCCCG	0.0
TGCCCC	0.6203814083581258
TGGGGG	2.097110427067746
TGGGGC	1.8392389995533112
TGGGCG	0.0
TGGGCC	0.8065383810541191
CCGGAG	0.7640246021513803
CCGGAC	0.6700762281077659
CCGGTG	3.2261535242164765
CCGGTC	0.0
CCGGGA	3.820123010756901
CCGGGT	0.8065383810541191
CCGGCA	0.0
CCGGCT	2.8294491809770674
ACCCGG	0.6700762281077658
ACCCGC	0.587680226802654
ACCCCG	0.587680226802654
ACCCCC	2.061664237515822
CCGCAG	1.3401524562155318
CCGCAC	0.0
CCGCTG	1.414724590488534
CCGCTC	1.861144225074378
CCGCGA	0.0
CCGCGT	0.0
CCGCCA	0.0
CCGCCT	1.2407628167162519
CCCGGG	1.171356323182087
CCCGGC	2.054640713395556
CCCGCG	0.0
CCCGCC	0.9009957895805805
GCCCGG	0.0
GCCCGC	0.0
GCCCCG	0.0
GCCCCC	0.0
GCCGGG	1.3355869246756311
GCCGGC	1.171356323182087
GCCGCG	1.171356323182087
GCCGCC	2.054640713395556
GCGCGG	0.0
GCGCGC	0.0
GCGCCG	1.1713563231820872
GCGCCC	0.0
CGGCCG	2.3427126463641743
CGGCCC	2.054640713395557
CGGGGG	0.0
CGGGGC	1.3355869246756311
CGGGCG	0.0
CGGGCC	1.1713563231820872
GCGGGG	1.5228435601207064
GCGGGC	1.3355869246756311
GCGGCG	0.0
GCGGCC	2.3427126463641743
CGGCGG	1.3355869246756311
CGGCGC	0.0
CGCGGG	1.3355869246756311
CGCGGC	0.0
CGCGCG	0.0
CGCGCC	1.027320356697778
GGCCCG	2.3427126463641743
GGCCCC	0.0
CGCCGG	0.0
CGCCGC	0.0
CGCCCG	2.0546407133955564
CGCCCC	0.9009957895805807
GGCGGG	3.045687120241413
GGCGGC	0.0
GGCGCG	0.0
GGCGCC	1.1713563231820872
GGCCGG	4.006760774026894
GGCCGC	3.5140689695462615
CCGGCG	0.0
CCGGCC	0.0
CCGCCG	1.0273203566977782
CCGCCC	1.8019915791611614
GGGGCG	0.0
GGGGCC	5.3423476987025245
GGGGGG	0.0
GGGGGC	0.0
GGGCCG	2.6711738493512622
GGGCCC	2.3427126463641743
CCGGGG	1.3355869246756311
CCGGGC	0.0
GGGCGG	0.0
GGGCGC	0.0
CCCCGG	2.054640713395556
CCCCGC	0.9009957895805805
CCGCGG	2.3427126463641743
CCGCGC	1.0273203566977784
CCCCCG	0.9009957895805805
CCCCCC	1.5804094750957043
