	Pelomedusa_subrufa 5-mer OE values GC sorted
AAAAA	1.1154901217191098
AAAAT	0.7729492509568973
AATAT	1.1812662512112977
AATAA	1.085418097088409
AATTA	1.0997996131967256
AATTT	0.5044480859440504
ATAAA	0.6907206072380785
ATAAT	1.2016329107149408
ATATT	1.160230597671316
ATATA	2.6680323949772418
ATTAA	1.303466208233156
ATTAT	1.4376770449405436
ATTTT	1.0620184947955436
ATTTA	0.9584513632936956
TTATT	1.7804427706866466
TTATA	1.2106754062657208
TTTTT	0.9283913484555447
TTTTA	0.9995468186310998
TTTAA	0.7818945332132781
TTTAT	1.1557260090422092
TTAAA	0.9164996776639378
TTAAT	1.1602305976713159
AAATA	0.9702979958820626
AAATT	0.7128330826275072
TAAAT	0.7739330611384365
TAAAA	0.7893949797006612
TAATT	1.059340980482506
TAATA	1.3849328462477284
TATTT	1.4680843898644278
TATTA	1.6394562793181637
TATAA	0.8146663801457225
TATAT	2.724019664097872
GAAAT	1.0602596139732567
GAAAA	1.0050356503925237
ATACT	0.9346408714627495
ATACA	1.0272393983820225
GAATA	1.1063578580590505
GAATT	0.8563322936059082
ATTAC	1.0904143500398742
ATTAG	1.5984869480643618
ATTTG	1.2725951048505812
ATTTC	1.0288662618108297
ATTGA	1.084687571900817
ATTGT	0.8483967365670542
ATTCA	0.8048296393151455
ATTCT	1.5432993927162446
GATAA	0.36878595268635017
GATAT	0.9134211131796354
GATTA	1.3701316697694532
GATTT	1.7674932011813627
ATGAA	0.9680631258016692
ATGAT	1.084687571900817
ATGTA	1.0275987523270897
ATGTT	0.4241983682835271
ATAAC	0.8804909128988763
ATAAG	0.599277173115319
AATTC	0.5192449285904164
AATTG	1.084687571900817
AATAG	1.613438543002782
AATAC	0.7337424274157301
AATGA	0.6914736612869066
AATGT	0.6279770153109994
AACAT	0.9433831209630816
AACAA	1.168040760730108
GTAAT	0.5708881957372721
GTAAA	0.7836701494584941
TCATT	0.8681059084028875
TCATA	1.0384898571808328
TCAAT	0.7269429000265829
TCAAA	0.6079580112873192
TCTTT	0.9556236069973439
TCTTA	0.9967141911292411
GTATA	0.5137993761635449
GTATT	1.0604959207088176
ATCAA	0.8175987048346709
ATCAT	1.142338842898916
ATCTA	0.8048296393151455
ATCTT	0.900257979084476
GTTAA	0.3996217370160905
GTTAT	0.9190964646143086
TGATA	0.8563322936059082
TGATT	1.6967934731341083
CATAA	0.8804909128988764
CATAT	1.168301089328437
CATTA	1.2461878286169994
CATTT	0.9645621204476529
AGAAA	0.8933650225711322
AGAAT	0.9680631258016692
GTTTA	0.7776970085197996
GTTTT	0.5253341985290668
TGTAA	0.799243474032181
TGTAT	0.5655978243780361
TGTTA	0.4241983682835271
TGTTT	0.7880012977936002
TGAAA	1.1063578580590505
TGAAT	0.799243474032181
TTTCT	0.7963530058311201
TTTCA	1.189626615218772
TTCTT	1.234347159038236
TTCTA	1.22177868590036
TTCAT	1.0288662618108297
TTCAA	0.7269429000265829
AGATT	0.22835527829490884
AGATA	0.6453754172011128
AGTTT	0.5655978243780361
AGTTA	0.5137993761635449
AGTAT	0.9705099327533626
AGTAA	0.9219648817158754
TTGAA	1.084687571900817
TTGAT	0.9897961926615632
TTGTA	0.9190964646143086
TTGTT	0.4377784987742223
TTTAG	0.8483967365670542
TTTAC	0.9645621204476529
TTACT	0.8681059084028876
TTACA	1.0904143500398744
TTTTG	0.8755569975484446
TTTTC	0.9954412572889001
TCTAA	0.5971316678789788
TCTAT	0.9002579790844759
ATATG	1.0275987523270897
ATATC	0.8307918857446662
ATAGA	0.8297683935442879
ATAGT	0.9134211131796354
AACTT	0.9346408714627494
AACTA	0.7547064967704652
AAAAG	1.191153363428176
AAAAC	0.9649032371248719
TTATC	1.3825390393083026
TTATG	0.4241983682835271
TTAAG	0.6279770153109993
TTAAC	1.012527610751312
CAAAA	1.032615744993284
CAAAT	0.6289220806420546
CAATA	0.9014549822536115
CAATT	0.5452071750199372
TTTGT	0.7880012977936002
TTTGA	1.1311956487560721
TACAT	0.7788673928856247
TACAA	1.1110956758009631
CTATA	0.8567541321741869
CTATT	1.736211816805775
TTAGA	0.9134211131796354
TTAGT	1.3432948328978358
TAGTA	1.3130428501957259
TAGTT	0.9897961926615632
TATAC	1.3240745679055617
TATAG	1.2559540306219985
TATTG	1.1311956487560721
TATTC	1.414691109989891
TATGA	1.084687571900817
TATGT	0.6362975524252906
TATCA	0.8827163786037079
TATCT	1.1253224738555951
TACTA	1.6875460179188533
TACTT	1.0931704031740066
TAGAT	0.5137993761635449
TAGAA	1.5673402989169882
CTAAA	0.9014549822536112
CTAAT	1.6615837714893322
CTTTT	1.075076557872012
CTTTA	0.9324100497660642
ACATT	0.8307918857446662
ACATA	0.8804909128988764
ACAAT	0.8385627741894061
ACAAA	1.3542501573682413
ACTTT	0.8038017670397107
ACTTA	1.298112321476041
TAAAC	0.7547064967704653
TAAAG	1.1524561021448443
TAATG	0.4567105565898177
TAATC	1.5836970322007702
TAAGA	0.5531789290295253
TAAGT	0.3425329174423633
ACTAA	1.2578441612841091
ACTAT	0.856754132174187
TAACT	0.44135818930185394
TAACA	1.1949519532199036
CTTAA	1.012527610751312
CTTAT	1.511147322034656
AAGTA	0.9680631258016691
AAGTT	0.3425329174423632
AAGAA	0.8561414799640014
AAGAT	0.5992771731153189
AATCT	0.7009806535970622
AATCA	1.0901316064462279
AAATG	0.5070806849437314
AAATC	0.6918142887062598
AAAGA	0.8933650225711322
AAAGT	0.9680631258016692
AAACA	1.201897014664314
AAACT	0.7337424274157301
AAACC	1.165266155056145
AAACG	0.2847025903211742
AAAGC	1.5184138150462623
AAAGG	1.5650932648625848
AATCC	1.2292943471740554
AATCG	0.998977644618721
CACTT	1.191426440044208
CACTA	1.1223991865502245
CACAT	0.8017137046787319
CACAA	0.9710551292134543
AAGCT	1.1165044263385702
AAGCA	1.1388103612846967
AAGGT	0.9045106474953065
AAGGA	1.8781119178351016
AAGTC	0.705160690319097
AAGTG	0.5168632271401751
AAGAC	0.9015582026837181
AAGAG	0.9390559589175508
CTCTT	0.6967553857220801
CTCTA	0.5626180411319871
CTCAT	0.9266650089232727
CTCAA	0.8284374948346893
CTGTT	1.1716113240146124
CTGTA	0.36386772260773514
CTGAT	1.1643767123447524
CTGAA	1.0577410354786454
GCATT	1.7465650685171288
GCATA	0.7051606903190971
GCAAT	0.9402142537587962
GCAAA	0.7117564758029356
ACCTT	1.4230926922750262
ACCTA	1.17584676686214
ACCAT	1.2025705570180978
ACCAA	0.9278971234706341
CTTAC	1.2576167978244417
CTTAG	2.0376592466033165
GCTTT	0.8111155320101163
GCTTA	1.2371502568662995
GCTAT	1.6010179794740345
GCTAA	1.175267817198495
ACGTT	0.5094148116508292
ACGTA	0.05876339085992476
ACGAT	0.5876339085992476
ACGAA	0.806657339243327
ACTCT	0.5295228622418703
ACTCA	0.7482661243668163
ACTGT	0.4366412671292822
ACTGA	0.5876339085992476
TAACC	1.3094657176419287
TAACG	0.2938169542996238
TAAGC	0.998977644618721
TAAGG	0.6460790339252189
ACTTC	1.0259505455936235
ACTTG	1.2371502568662995
ACTAC	1.256018137330013
ACTAG	1.5866115532179685
ACACT	0.8818850751466051
ACACA	0.9494761263420443
ACAGT	0.5288705177393228
ACAGA	0.47450431720195707
CTTCT	1.3525251605193318
CTTCA	1.125236082263974
CTTGT	0.9012394800112402
CTTGA	0.9460560787801112
CTTTC	0.6147841638724235
CTTTG	1.3518592200168604
ACATC	0.8551612849906473
ACATG	0.7051606903190971
ACAAC	0.906318120599224
ACAAG	1.0439094978443055
CCTTT	1.1475971058951908
CCTTA	1.7871396600663119
CTAGT	1.0188296233016583
CTAGA	0.7639240811790218
TATCC	1.0921409033738574
TATCG	0.5821883561723762
TATGC	0.7277354452154703
TATGG	0.8001148444934243
GGTAT	1.1201607822907944
GGTAA	0.9045106474953067
CGATT	0.5094148116508292
CGATA	0.17629017257977428
TAGCT	1.4554708904309404
TAGCA	1.9979552892374415
TAGGT	1.280183751189479
TAGGA	3.3596109764111386
TAGTC	0.7277354452154703
TAGTG	0.9601378133921091
TAGAC	0.7051606903190971
TAGAG	0.7752948407102627
GGAAT	2.3258845221307882
GGAAA	1.3564141628809068
TACCT	1.3238071556046755
TACCA	0.881885075146605
TACGT	0.5094148116508292
TACGA	0.7051606903190971
TACTC	0.9266650089232729
TACTG	0.5094148116508291
TACAC	1.2025705570180976
TACAG	0.5876339085992476
GGTTT	2.378100749028183
GGTTA	0.9601378133921094
CTATC	0.9266650089232727
CTATG	1.2371502568662993
CTAAC	0.9353326554585202
CTAAG	0.6463972994591722
CCTAT	1.6216637656157273
CCTAA	1.336189507797886
AGCTT	1.3826973459093936
AGCTA	1.997955289237442
AGCAT	1.23403120805842
AGCAA	1.3286120881654797
CAAGT	0.5876339085992476
CAAGA	0.7117564758029356
TTAGC	1.6010179794740347
TTAGG	2.560367502378958
CGAAT	0.4701071268793981
CGAAA	0.806657339243327
GGATT	4.160597191365807
GGATA	0.9045106474953066
CAATC	0.9353326554585204
CAATG	1.1165044263385704
CAAAC	1.2084241607989654
CAAAG	1.138810361284697
CTACT	1.8533300178465455
CTACA	1.0956753963942665
AGGTT	1.280183751189479
AGGTA	1.292158067850438
AGGAT	2.8427477492709636
AGGAA	2.8171678767526527
AGTCT	0.8732825342585642
AGTCA	0.5288705177393227
TTTGC	0.9913634280123644
TTTGG	2.1799256866091676
TTACC	1.1252360822639742
TTACG	0.7277354452154703
AGTGT	0.32004593779736973
AGTGA	1.8090212949906133
AGTTC	0.5094148116508291
AGTTG	0.9601378133921091
AGTAC	0.9402142537587962
AGTAG	1.6798054882055693
AGACT	0.5288705177393228
AGACA	0.7117564758029356
AGAGT	0.646079033925219
AGAGA	0.730376856935873
AGATC	0.2938169542996238
AGATG	0.7752948407102627
TTGCT	0.6308676360078683
TTGCA	0.6549619006939232
TTGGT	1.7835755617711373
TTGGA	1.6002296889868488
TTGTC	0.8111155320101163
TTGTG	0.9908753120950763
TTGAC	0.5094148116508291
TTGAG	1.7602526578855335
TTTCC	0.9426690512710496
TTTCG	0.2703718440033721
GTCTT	0.8111155320101163
GTCTA	0.7277354452154703
GTCAT	0.5094148116508291
GTCAA	0.29381695429962373
TTCCT	1.2705539386696754
TTCCA	0.8604746511430389
TTCGT	0.4506197400056201
TTCGA	0.6549619006939231
TTCTC	1.2705539386696754
TTCTG	0.9012394800112402
TTCAC	1.1914264400442078
TTCAG	1.1643767123447524
AGAAC	0.9015582026837182
AGAAG	2.3998096727892966
CATGT	0.5094148116508292
CATGA	1.3515579897782695
CATTC	1.2245216189343249
CATTG	0.9460560787801113
CATAC	0.8284374948346895
CATAG	1.1165044263385704
GTTCT	0.8111155320101163
GTTCA	0.7277354452154703
GTTGT	0.19817506241901525
GTTGA	0.4800689066960547
TGACT	0.8732825342585642
TGACA	0.8226874720389464
TGAGT	0.6400918755947395
TGAGA	0.9045106474953066
TGATC	0.6549619006939232
TGATG	1.6002296889868486
TGAAC	1.1752678171984952
TGAAG	1.1629422610653941
TGTCT	0.6308676360078683
TGTCA	0.5094148116508291
TGTGT	0.19817506241901525
TGTGA	0.8001148444934244
TGTTC	0.7209915840089923
TGTTG	0.19817506241901525
TGTAC	0.5821883561723762
TGTAG	1.6002296889868486
GTGTT	0.0
GTGTA	0.6400918755947396
GTGAT	1.440206720088164
GTGAA	1.1629422610653943
GTTAC	0.21832063356464107
GTTAG	0.8001148444934243
GTACT	1.0916031678232052
GTACA	0.3525803451595485
GTAGT	0.6400918755947395
GTAGA	1.8090212949906133
CCAAT	0.9086088653025625
CCAAA	1.0142131349562742
TGGTT	1.7835755617711373
TGGTA	1.4402067200881639
TGGAT	0.6400918755947397
TGGAA	1.0337264542803506
CAACT	0.9620564456144783
CAACA	0.7984231062421735
ATCCT	1.3899975133849094
ATCCA	0.8284374948346895
ATCGT	0.29109417808618815
ATCGA	0.5876339085992476
ATCTC	0.893569830033156
ATCTG	1.0916031678232054
ATCAC	1.068951606238309
ATCAG	0.998977644618721
CAGTT	0.4366412671292822
CAGTA	0.8226874720389467
GTAAC	0.7051606903190971
GTAAG	0.6460790339252189
CGTTT	0.2703718440033721
CGTTA	0.43664126712928214
TGCTT	0.7209915840089923
TGCTA	0.5821883561723762
TGCAT	1.0188296233016583
TGCAA	0.8226874720389464
CCATT	1.4892830500552598
CCATA	1.149122976706182
GTTTC	0.9913634280123644
GTTTG	0.792700249676061
GACTT	1.2371502568662995
GACTA	1.4103213806381942
GACAT	0.8226874720389467
GACAA	0.806657339243327
TCAGT	0.8732825342585642
TCAGA	0.470107126879398
TCATC	1.1252360822639742
TCATG	0.7277354452154702
TCAAC	0.9086088653025625
TCAAG	0.705160690319097
GTATC	0.5094148116508291
GTATG	0.32004593779736973
GAGAT	0.2584316135700876
GAGAA	1.5650932648625848
TCTGT	0.6308676360078682
TCTGA	1.3099238013878463
TCTTC	1.1475971058951906
TCTTG	0.18024789600224805
TCTAC	0.9928553667035066
TCTAG	1.0916031678232052
TCACT	1.1252360822639742
TCACA	0.6948185440549007
CGTAT	0.07277354452154702
CGTAA	0.17629017257977425
CAGAT	0.2938169542996238
CAGAA	0.7117564758029356
CATCT	0.8604746511430391
CATCA	1.2292943471740554
ATGCT	0.5821883561723762
ATGCA	0.6463972994591722
ATGGT	1.7602526578855335
ATGGA	0.9045106474953066
ATGTC	0.36386772260773514
ATGTG	0.6400918755947395
ATGAC	0.8814508628988714
ATGAG	1.5505896814205253
GATTC	0.6549619006939232
GATTG	0.48006890669605456
GATAC	0.5288705177393228
GATAG	0.7752948407102627
TCGTT	0.4506197400056202
TCGTA	0.43664126712928214
TCGAT	0.2910941780861881
TCGAA	0.705160690319097
TCTCT	0.69675538572208
TCTCA	1.1583312611540908
GAGTT	0.6400918755947395
GAGTA	1.0337264542803504
ATTCC	0.6619035778023378
ATTCG	0.8005089897370173
ATTGC	0.7277354452154703
ATTGG	1.6002296889868486
GAATC	0.7639240811790219
GAATG	1.1629422610653941
GAAAC	0.8066573392433268
GAAAG	1.147735060899229
TCCTT	1.1475971058951908
TCCTA	1.754044481176195
TCCAT	0.9928553667035066
TCCAA	0.9086088653025625
GATCT	0.9460560787801112
GATCA	0.470107126879398
GATGT	0.9601378133921091
GATGA	1.292158067850438
ATACC	0.8551612849906473
ATACG	0.5288705177393228
ATAGC	1.6453749440778933
ATAGG	2.5843161357008757
AATGC	0.4701071268793981
AATGG	1.6798054882055693
GAACT	1.0577410354786456
GAACA	0.9964590661241098
GAAGT	0.7752948407102628
GAAGA	1.3564141628809068
AACCT	1.336189507797886
AACCA	1.208424160798965
AACGT	0.235053563439699
AACGA	0.7117564758029354
AACTC	0.6146471735870276
AACTG	0.6463972994591722
AACAC	0.8200021091135835
AACAG	1.6133146784866537
CCCTT	1.3500105932570385
CCCTA	1.703297552148089
CCCAT	1.3626380417184714
CCCAA	1.320368258095165
GAACC	1.3912028837910222
GAACG	0.5320242398484966
GAAGC	1.8620848394697376
GAAGG	2.924692583903724
CGCTT	0.27830258998734925
CGCTA	0.6741737253672112
CGCAT	0.5992655336597433
CGCAA	0.36292249142374483
TCCCT	0.9703201139034965
TCCCA	1.0219785312888536
TCCGT	0.37107011998313233
TCCGA	0.8988983004896149
TCCTC	1.1390714380606264
TCCTG	0.7421402399662647
TCCAC	0.7835168739881211
TCCAG	0.749081917074679
GATCC	0.4494491502448074
GATCG	0.3294337608720351
GATGC	0.8235844021800878
GATGG	0.3621987139474418
TCGCT	0.4638376499789154
TCGCA	0.8239901087821471
TCGGT	1.2239284755130493
TCGGA	1.6471688043601753
TCGTC	0.27830258998734925
TCGTG	0.6119642377565248
TCGAC	0.3745409585373395
TCGAG	0.3294337608720351
TCTCC	1.1390714380606262
TCTCG	0.5566051799746984
CGGTT	1.0199403962608746
CGGTA	0.8235844021800878
CGGAT	0.9883012826161054
CGGAA	0.9310424197348689
GAGCT	1.4824519239241578
GAGCA	1.3300605996212411
GAGGT	2.5353909976320925
GAGGA	4.679508134245959
GAGTC	0.8235844021800878
GAGTG	1.4487948557897672
GAGAC	0.9310424197348688
GAGAG	0.8774077751711171
TCTGC	0.7421402399662645
TCTGG	1.0199403962608744
TCACC	1.5670337479762422
TCACG	0.3745409585373395
CGTAC	0.4494491502448074
CGTAG	0.8235844021800877
GACCT	0.9738064921970829
GACCA	0.6048708190395748
GACGT	0.6588675217440703
GACGA	0.5320242398484966
GACTC	0.37454095853733954
GACTG	0.16471688043601757
GACAC	0.6048708190395748
GACAG	0.5320242398484966
TCAGC	1.647980217564294
TCAGG	2.3060363261042456
TGCCT	1.20597788994518
TGCCA	0.9738064921970828
TGCGT	0.0
TGCGA	0.3294337608720351
CGTCT	0.6493727099704816
CGTCA	0.44944915024480747
CGTGT	0.0
CGTGA	0.6588675217440702
CGTTC	0.37107011998313233
CGTTG	0.6119642377565248
TGCTC	0.6493727099704816
TGCTG	0.6119642377565248
TGCAC	0.2996327668298716
TGCAG	0.8235844021800877
CCACT	1.090110433374777
CCACA	1.2653529140078665
CCAGT	0.6741737253672112
CCAGA	0.6048708190395747
CCATC	1.1582423354607008
CCATG	1.2734392590269543
GTACC	0.823990108782147
GTACG	0.6588675217440702
GTAGC	1.8118856847961933
GTAGG	1.4487948557897672
CCAAC	1.2653529140078663
CCAAG	0.8468191466554046
TGGCT	2.651845030278274
TGGCA	0.9883012826161054
TGGGT	1.3456584371347313
TGGGA	1.810993569737209
TGGTC	1.2239284755130495
TGGTG	1.3456584371347313
TGGAC	1.3177350434881407
TGGAG	2.535390997632093
TGTCC	0.4638376499789154
TGTCG	0.6119642377565248
TGTGC	0.6119642377565248
TGTGG	3.5884224990259503
GTGTC	0.2039880792521749
GTGTG	0.4485528123782438
GTGAC	0.823584402180088
GTGAG	1.8109935697372093
GTTCC	0.4638376499789154
GTTCG	0.8159523170086996
GTTGC	0.8159523170086996
GTTGG	2.6913168742694626
TGACC	0.823990108782147
TGACG	0.8235844021800877
TGAGC	2.635470086976281
TGAGG	4.346384567369301
GTCCT	0.5566051799746985
GTCCA	0.7490819170746791
GTCGT	0.6119642377565246
GTCGA	0.0
GTCTC	0.7421402399662647
GTCTG	0.2039880792521749
GTCAC	0.749081917074679
GTCAG	0.8235844021800877
GTGCT	1.0199403962608746
GTGCA	1.482451923924158
GTGGT	0.4485528123782438
GTGGA	1.810993569737209
TTCCC	0.5484418035106718
TTCCG	0.3710701199831323
TTCGC	0.5566051799746984
TTCGG	1.2239284755130493
TTGCC	1.5770480099283124
TTGCG	0.0
TTGGC	1.8358927132695742
TTGGG	1.7942112495129752
CGAAC	0.9677933104633197
CGAAG	1.0640484796969931
GGACT	2.6354700869762806
GGACA	1.5960727195454893
GGAGT	3.98418585342186
GGAGA	2.3397540671229793
GGATC	1.153018163052123
GGATG	0.7243974278948836
GGAAC	1.4630666595833652
GGAAG	0.8774077751711171
TACCC	1.124176384417739
TACCG	0.5243573419522753
TACGC	0.5992655336597433
TACGG	1.153018163052123
GGTTC	1.8358927132695742
GGTTG	1.7942112495129752
GGTAC	0.9883012826161055
GGTAG	1.8109935697372093
CGACT	0.7490819170746792
CGACA	0.24194832761582993
CGAGT	0.16471688043601757
CGAGA	0.6650302998106207
CGATC	0.5992655336597433
CGATG	0.6588675217440703
TAGCC	2.322153942931505
TAGCG	0.3294337608720351
TAGGC	2.1413194456682283
TAGGG	2.1731922836846507
CTCTC	0.8015687897463667
CTCTG	1.113210359949397
CTCAC	0.8516487760740447
CTCAG	1.3483474507344222
GGGTT	4.036975311404193
GGGTA	0.3621987139474418
GGGAT	3.621987139474418
GGGAA	0.8774077751711171
GGTCT	0.4079761585043498
GGTCA	0.8235844021800878
GGTGT	1.3456584371347313
GGTGA	1.810993569737209
CTGTC	0.6493727099704816
CTGTG	1.4279165547652244
CTGAC	1.1236228756120186
CTGAG	1.8118856847961928
GGCTT	2.0398807925217493
GGCTA	1.6471688043601755
GGCAT	1.482451923924158
GGCAA	0.5320242398484966
CTCCT	1.560949748453451
CTCCA	1.0219785312888536
CTCGT	0.4638376499789154
CTCGA	0.29963276682987167
GCACT	0.8239901087821472
GCACA	0.48389665523165987
GCAGT	1.482451923924158
GCAGA	0.6650302998106207
GCATC	0.8239901087821471
GCATG	0.8235844021800878
GCAAC	0.9073062285593623
GCAAG	0.7980363597727448
CTGCT	0.5566051799746985
CTGCA	0.5992655336597433
CTGGT	1.2239284755130493
CTGGA	0.8235844021800877
ACCCT	1.464835894847357
ACCCA	1.100306881745971
ACCGT	0.14981638341493583
ACCGA	0.6653579009435323
ACCTC	1.0560444823318156
ACCTG	1.0487146839045507
ACCAC	1.2653529140078665
ACCAG	0.6653579009435323
ACGCT	0.5243573419522755
ACGCA	0.24194832761582993
ACGGT	0.8235844021800878
ACGGA	0.5320242398484966
GCTCT	0.4638376499789154
GCTCA	0.9738064921970828
GCTGT	0.8159523170086995
GCTGA	1.4824519239241578
GCTTC	1.113210359949397
GCTTG	0.4079761585043498
GCTAC	1.2734392590269543
GCTAG	0.3294337608720351
ACGTC	0.5992655336597433
ACGTG	0.8235844021800878
ACGAC	0.5443837371356174
ACGAG	0.7980363597727448
ACTCC	0.8857147271170065
ACTCG	0.44944915024480747
ACTGC	0.6741737253672112
ACTGG	0.9883012826161054
ACACC	0.9627685215277246
ACACG	0.7863320647514473
ACAGC	1.5726641295028947
ACAGG	2.6601211992424827
GCGTT	0.6119642377565248
GCGTA	0.32943376087203513
GCGAT	0.4941506413080527
GCGAA	0.3990181798863724
CTTCC	1.0968836070213437
CTTCG	0.7421402399662645
CTTGC	0.7421402399662645
CTTGG	1.0199403962608744
CCTCT	1.1390714380606264
CCTCA	0.8857147271170065
CCTGT	1.3915129499367462
CCTGA	1.722888409271762
CCTTC	1.2656349311784738
CCTTG	1.3915129499367462
CTAGC	1.9476129843941654
CTAGG	2.141319445668228
GCCTT	2.226420719898794
GCCTA	1.7977966009792299
GCCAT	1.7977966009792299
GCCAA	0.9677933104633195
CCTAC	1.7032975521480893
CCTAG	1.647980217564294
AGCCT	2.3221539429315055
AGCCA	2.1775349485424695
AGCGT	0.16471688043601757
AGCGA	0.6650302998106207
AGCTC	0.5243573419522753
AGCTG	1.6471688043601755
AGCAC	0.7258449828474898
AGCAG	3.5911636189773515
CAAGC	1.2097416380791497
CAAGG	1.1970545396591172
CTACC	1.2263742375466242
CTACG	0.823990108782147
CCGTT	0.09276752999578307
CCGTA	0.44944915024480736
CCGAT	0.3745409585373395
CCGAA	1.028280392367277
AGGCT	2.141319445668228
AGGCA	0.9310424197348688
AGGGT	1.810993569737209
AGGGA	2.0472848087326065
AGGTC	1.153018163052123
AGGTG	2.5353909976320925
AGGAC	2.128096959393986
AGGAG	7.31173145975931
AGTCC	0.749081917074679
AGTCG	0.6588675217440702
AGTGC	0.9883012826161054
AGTGG	1.0865961418423253
AGACC	1.1492545561751921
AGACG	0.6650302998106207
AGAGC	0.39901817988637234
AGAGG	1.7548155503422342
CATGC	0.5243573419522753
CATGG	1.153018163052123
CAACC	1.5679373064880087
CAACG	0.4234095733277024
ATCCC	1.0560444823318156
ATCCG	0.8988983004896149
ATCGC	0.9738064921970828
ATCGG	1.3177350434881405
CAGCT	1.6479802175642944
CAGCA	1.2097416380791497
CAGGT	1.6471688043601755
CAGGA	3.990181798863724
CAGTC	0.5992655336597433
CAGTG	1.8118856847961933
CAGAC	0.6048708190395748
CAGAG	0.3990181798863724
CATCC	1.0560444823318156
CATCG	0.5992655336597433
ATGCC	0.6741737253672111
ATGCG	0.3294337608720351
ATGGC	0.6588675217440703
ATGGG	1.4487948557897672
AACCC	1.622952650575307
AACCG	1.0887674742712345
AACGC	0.06048708190395747
AACGG	0.2660121199242482
CACCT	0.9879125802458919
CACCA	1.2653529140078665
CACGT	0.4494491502448075
CACGA	0.6653579009435323
CACTC	0.6813190208592358
CACTG	0.8988983004896149
CACAC	0.8802455053967768
CACAG	1.0282803923672772
AAGCC	1.9960737028305966
AAGCG	0.9310424197348688
AAGGC	1.197054539659117
AAGGG	1.4623462919518617
CCCCA	1.542868738369412
CCCCT	1.4330354134550354
CCCGT	0.38195462193516766
CCCGA	0.8481599932985959
CCCAG	1.0794763551073039
CCCAC	1.1220863551777542
CCCTG	1.6233071432244626
CCCTC	1.2593341512180611
CACCC	1.1220863551777545
CACCG	0.6939490854261241
CACGC	0.539738177553652
CACGG	1.0172908634541507
CAGGG	3.355406939576245
CAGGC	1.0172908634541507
CAGCG	0.6781939089694337
CAGCC	2.0047418023421364
GCCAC	1.54210907872472
GCCAG	0.847742386211792
GCCTG	1.889744469973182
GCCTC	0.8593978993541275
GCCCA	1.54210907872472
GCCCT	2.769171009029966
GCCGT	0.8398864310991921
GCCGA	0.5086454317270752
GCGTC	0.20997160777479804
GCGTG	0.0
GCGAC	0.33909695448471683
GCGAG	0.37282299328624946
GCGGA	1.4912919731449978
GCGGT	0.92342018741728
GCGCT	0.6299148233243941
GCGCA	0.6781939089694337
GGCCA	1.0172908634541504
GGCCT	2.9396025088471727
GGCGT	0.92342018741728
GGCGA	0.37282299328624946
CTGCC	1.241352521289295
CTGCG	0.209971607774798
CTGGC	1.04985803887399
CTGGG	2.7702605622518397
GCTCC	0.6684205883865435
GCTCG	0.419943215549596
GCTGC	1.04985803887399
GCTGG	3.2319706559604797
GCAGG	4.4738759194349935
GCAGC	2.0345817269083013
GCACG	0.0
GCACC	0.30842181574494404
GGGTC	0.4617100937086399
GGGTG	2.0305241541140187
GGGAC	1.4912919731449976
GGGAG	0.8198067395452436
GGGGA	3.2792269581809745
GGGGT	4.061048308228037
GGGCT	2.3085504685431997
GGGCA	1.1184689798587482
CTCGG	1.259829646648788
CTCGC	0.6684205883865435
CTCCG	0.38195462193516777
CTCCC	1.042207573421844
GGCAG	0.37282299328624946
GGCAC	0.33909695448471683
GGCTG	2.77026056225184
GGCTC	2.0997160777479804
CGGCA	0.0
CGGCT	1.0498580388739902
CGGGT	0.46171009370864
CGGGA	0.7456459865724989
GTGCC	0.8398864310991921
GTGCG	0.0
GTGGC	2.3085504685432
GTGGG	2.0305241541140187
CGTCC	0.2864659664513758
CGTCG	0.629914823324394
CGTGC	0.839886431099192
CGTGG	0.0
GACCC	1.079476355107304
GACCG	0.6781939089694337
GACGC	0.6781939089694337
GACGG	0.7456459865724989
CGACC	0.6939490854261241
CGACG	0.16954847724235841
CGAGC	1.0172908634541507
CGAGG	1.4912919731449978
GGTCC	1.6797728621983843
GGTCG	0.46171009370864
GGTGC	2.3085504685432
GGTGG	2.0305241541140187
GGACC	0.33909695448471683
GGACG	1.1184689798587482
GGAGC	4.473875919434993
GGAGG	7.378260655907193
GTCGG	1.8468403748345597
GTCGC	0.839886431099192
GTCCG	0.209971607774798
GTCCC	0.8593978993541275
GAGCC	3.0518725903624513
GAGCG	0.0
GAGGC	1.8641149664312469
GAGGG	2.459420218635731
CGGAG	2.609760953003746
CGGAC	0.8477423862117921
CGGTG	1.38513028112592
CGGTC	0.41994321554959607
TGCGG	0.4617100937086399
TGCGC	0.0
TGCCG	0.629914823324394
TGCCC	1.336841176773087
CCAGG	1.5259362951812256
CCAGC	0.9252654472348321
CCACG	0.9252654472348321
CCACC	1.0870211565784496
TCGCC	1.241352521289295
TCGCG	0.209971607774798
TCGGC	0.839886431099192
TCGGG	1.8468403748345597
TCCGG	0.209971607774798
TCCGC	0.38195462193516777
TCCCG	0.19097731096758389
TCCCC	0.9553569423033569
CGCTC	0.2864659664513758
CGCTG	1.259829646648788
CGCAC	0.38552726968118
CGCAG	0.847742386211792
CGCGA	0.16954847724235841
CGCGT	0.6299148233243941
CGCCT	0.7639092438703355
CGCCA	0.77105453936236
CCGCA	0.38552726968117995
CCGCT	0.5729319329027516
CCGGT	0.419943215549596
CCGGA	1.1868393406965085
ACGCC	0.539738177553652
ACGCG	0.33909695448471683
ACGGC	1.0172908634541507
ACGGG	0.7456459865724989
CCTCC	1.5198860445735223
CCTCG	0.7639092438703355
CCTGC	0.5729319329027516
CCTGG	0.839886431099192
AGCCC	2.6986908877682607
AGCCG	1.0172908634541507
AGCGC	1.0172908634541507
AGCGG	0.37282299328624946
AGGCC	1.5259362951812256
AGGCG	1.4912919731449976
AGGGC	0.3728229932862494
AGGGG	8.198067395452437
CCGAG	1.1868393406965085
CCGAC	0.616843631489888
CCGTG	0.0
CCGTC	0.6684205883865434
TGGCC	0.41994321554959607
TGGCG	0.92342018741728
TGGGC	2.3085504685432
TGGGG	3.045786231171028
ACCGG	1.3563878179388673
ACCGC	1.3107927169160123
ACCCG	0.539738177553652
ACCCC	1.6831295327666316
CGGCC	1.7290451964903655
CGGCG	0.47525331410179544
CGGGG	3.1351274753007656
CGGGC	0.9505066282035909
GGGGC	8.360339934135373
GGGGG	9.191845924630373
GGGCG	1.0450424917669217
GGGCC	3.326773198712568
GCGCC	0.648391948683887
GCGCG	0.47525331410179544
GCGGG	0.0
GCGGC	0.9505066282035909
GGCCC	1.0806532478064785
GGCCG	0.47525331410179544
GGCGG	3.1351274753007656
GGCGC	0.9505066282035909
GCCGG	1.9010132564071818
GCCGC	0.648391948683887
GCCCG	1.296783897367774
GCCCC	1.1794751883358485
CCCGC	0.49144799513993676
CCCGG	0.0
CCCCG	0.49144799513993676
CCCCC	1.296273867700275
CGCGC	0.648391948683887
CGCGG	1.4257599423053864
CGCCG	0.8645225982451827
CGCCC	1.2777647873638358
CCGGC	0.4322612991225913
CCGGG	0.9505066282035907
CCGCG	1.2967838973677739
CCGCC	1.1794751883358483
