	Platynereis_dumerilii 6-mer OE values GC sorted
AATTAA	0.7475197171928935
AATTAT	2.0678591398514503
AATTTA	0.7680619662305387
AATTTT	1.232784284319444
ATTTAA	1.1225521044907876
ATTTAT	1.8491764264791666
ATTTTA	1.568998180042929
ATTTTT	1.5412529023316364
TAAAAA	0.39407706116630487
TAAAAT	1.5573327441518612
ATTAAA	1.370452814853638
ATTAAT	2.008777450141409
ATTATA	2.363267588401657
ATTATT	2.857818113649621
TAAATA	1.0589862660232656
TAAATT	1.2997971736209115
TAATAA	2.0556792222804567
TAATAT	1.890614070721326
TAATTA	1.8315323810112845
TAATTT	1.232784284319444
ATATTA	2.304185898691616
ATATTT	1.456926881468434
TATAAA	1.4327461246197124
TATAAT	2.1269408295614918
ATATAA	1.5573327441518612
ATATAT	1.477042242751036
TATTAA	2.658676036951865
TATTAT	3.306103307947601
ATAAAA	1.5106287344708353
ATAAAT	1.370452814853638
ATAATA	1.9933859125143825
ATAATT	2.008777450141409
TTTTTA	1.062933036090784
TTTTTT	1.1089452151822623
TATTTA	1.9612477250536613
TATTTT	1.8069861613543323
TATATA	1.890614070721326
TATATT	1.7931407771919188
AAAAAA	1.1772462770841614
AAAAAT	0.5911155917494574
TTAAAA	0.8721063367250423
TTAAAT	1.1225521044907874
TTATAA	1.595205622171119
TTATAT	1.7931407771919192
TTATTA	3.3621389572348477
TTATTT	1.8601328131588717
TTAATA	2.1860225192715332
TTAATT	1.232784284319444
TTTATA	1.7371051279046714
TTTATT	2.3915993312042634
TTTTAA	0.5043208435852272
TTTTAT	2.072719420377029
TTTAAA	0.8862253456506217
TTTAAT	1.064677336457702
AAATTA	0.9966929562571915
AAATTT	0.6498985868104559
AATAAA	1.2479106936932987
AATAAT	1.8687992929822335
AATATA	1.370452814853638
AATATT	2.0678591398514503
AAATAA	1.2479106936932989
AAATAT	1.1212795757893403
AAAATA	1.5763082446652197
AAAATT	0.6229330976607447
AAAACT	0.9022193205318111
AAAACA	1.056958930491968
AAAAGT	0.2661576161243747
AAAAGA	0.841877013464176
AAAATC	0.6014795470212073
AAAATG	0.7984728483731242
AAATCT	0.2852347073665745
AAATCA	0.5012329558510061
AAATAC	1.0024659117020123
AAATAG	0.9315516564353116
AAACTT	0.570469414733149
AAACTA	0.4009863646808049
TTGAAT	0.5985520310400084
TTGAAA	0.5048709644382594
AATATC	0.4753911789442907
AATATG	0.8835241877669539
AATAAC	1.403452276382817
AATAAG	1.596945696746248
AAATGT	0.6310887055478243
AAATGA	1.0646304644974989
AAATTC	0.8557041220997237
AAATTG	0.5048709644382594
TTAGAT	1.0773936558720152
TTAGAA	0.5048709644382594
TTATCT	0.8552717291024778
TTATCA	1.4428214769515442
TTTAAC	0.8115870807852436
TTTAAG	1.1971040620800169
TTACTT	0.8552717291024778
TTACTA	1.1722924500231295
TTACAT	1.5329978192610156
TTACAA	0.8557041220997235
AAGTTT	0.5985520310400083
AAGTTA	0.25243548221912965
AAGTAT	0.3786532233286945
AAGTAA	0.399236424186562
TTTTAC	1.0263260749229737
TTTTAG	1.4760013605899043
TTTACT	0.76974455619223
TTTACA	0.8115870807852436
TTTAGT	1.476001360589904
TTTAGA	0.7182624372480101
TTTATC	1.53948911238446
TTTATG	0.7947699633945637
AAGATT	0.37865322332869455
AAGATA	1.0646304644974989
AAGAAT	1.463866888684061
AAGAAA	0.5612513423094506
TTATGT	0.7947699633945637
TTATGA	1.0773936558720152
TTATTC	1.4539619394742123
TTATTG	2.043694191586021
TTATAC	0.9919397654041866
TTATAG	2.7533393427840385
TTAACT	0.8115870807852434
TTAACA	1.1409388294662979
TTAGTT	1.2489242281914572
TTAGTA	1.1971040620800169
TTAAAC	0.665547650522007
TTAAAG	1.1359596699860834
CTATTT	1.4539619394742118
CTATTA	2.1642322154273157
CTATAT	1.5329978192610154
CTATAA	1.9966429515660211
AAAAAC	0.6341753582951808
AAAAAG	0.420938506732088
TTAAGT	0.9576832496640132
TTAAGA	0.25243548221912965
TTAATC	0.901763423094715
TTAATG	0.7182624372480099
TACTTT	0.5131630374614867
TACTTA	0.6312343961663005
TACTAT	1.5329978192610156
TACTAA	0.6655476505220072
TTCTTT	0.81117698042307
TTCTTA	0.9407989020127256
TTCATT	0.76974455619223
TTCATA	0.7214107384757721
TTCAAT	0.541058053856829
TTCAAA	0.7606258863108654
AACATT	0.570469414733149
AACATA	1.4034522763828172
AACAAT	0.80197272936161
AACAAA	0.6341753582951809
TTGTTT	0.32305477250265413
TTGTTA	1.3624627943906806
TAGTTT	0.567692830996117
TAGTTA	1.5562352807040218
TAGTAT	1.6759456869120235
TAGTAA	1.5146128933147782
CTAAAT	0.5704694147331489
CTAAAA	0.8019727293616097
TTCTAT	1.2829075936537166
TTCTAA	0.7214107384757721
TACATT	0.8115870807852436
TACATA	0.7606258863108654
TACAAT	0.6655476505220072
TACAAA	0.20049318234040245
AACTTT	0.6312343961663005
AACTTA	0.8557041220997235
AACTAT	1.0458605936774399
AACTAA	0.5012329558510061
CTAATT	0.9017634230947149
CTAATA	1.901564715777163
TATCAT	1.1722924500231295
TATCAA	1.236017065255156
TATGTT	1.0218470957930106
TATGTA	0.5985520310400084
TATCTT	0.76974455619223
TATCTA	1.082116107713658
TGAATT	0.8379728434560115
TGAATA	1.1359596699860834
TGAAAT	0.3786532233286945
TGAAAA	1.0646304644974987
TAGATT	0.8379728434560115
TAGATA	0.8835241877669539
TAGAAT	1.2621774110956483
TAGAAA	0.399236424186562
TATAAC	1.1409388294662979
TATAAG	1.1359596699860834
TATGAT	1.0773936558720152
TATGAA	1.2621774110956485
TATTCT	1.1118532478332213
TATTCA	1.3526451346420727
TATTGT	1.476001360589904
TATTGA	1.1971040620800169
TATTTC	0.4276358645512389
TATTTG	1.476001360589904
TATTAC	1.4428214769515442
TATTAG	1.5562352807040218
TTTGAT	1.0218470957930106
TTTGAA	0.5985520310400084
TTTTCT	0.81117698042307
TTTTCA	0.8552717291024778
TTTTGT	0.6461095450053083
TTTTGA	1.0218470957930106
TTTTTC	1.2167654706346052
TTTTTG	1.2922190900106165
AATCTT	0.8115870807852434
AATCTA	0.28523470736657447
AATCAT	0.6655476505220072
AATCAA	0.9022193205318111
TTGATT	1.0218470957930106
TTGATA	0.9576832496640134
TAACAT	0.9507823578885817
TAACAA	0.8019727293616098
ATAAAC	1.2029590940424146
ATAAAG	1.0646304644974987
TATACT	0.6312343961663004
TATACA	0.8557041220997234
TATAGT	1.3168144682880183
TATAGA	1.1359596699860834
TATATC	0.9919397654041866
TATATG	0.9576832496640132
TAATCT	0.6312343961663004
TAATCA	1.2360170652551559
ATATAC	0.9507823578885815
ATATAG	1.2621774110956483
ATAACT	1.0458605936774399
ATAACA	1.0024659117020123
ATAAGT	0.8835241877669539
ATAAGA	1.3307880806218735
ATAATC	1.0458605936774397
ATAATG	0.757306446657389
TAACTT	0.721410738475772
TAACTA	0.7606258863108653
TAAACT	0.6655476505220072
TAAACA	1.1027125028722136
ATAGAT	1.1359596699860834
ATAGAA	1.0646304644974987
ATATCT	0.360705369237886
ATATCA	1.0458605936774397
ATATGT	0.5985520310400083
ATATGA	1.3883951522052131
ATATTC	1.082116107713658
ATATTG	1.4365248744960197
TAAGTT	0.7182624372480099
TAAGTA	0.5048709644382593
TAAGAT	0.25243548221912965
TAAGAA	0.798472848373124
ATACTT	0.721410738475772
ATACTA	1.4261735368328723
ATACAT	0.9507823578885817
ATACAA	0.4009863646808049
ATAGTT	0.8379728434560115
ATAGTA	1.514612893314778
TAATGT	0.7182624372480099
TAATGA	0.757306446657389
TAATTC	0.8115870807852436
TAATTG	1.4365248744960197
TAATAC	1.7114082441994467
TAATAG	2.271919339972167
TTTCAT	0.76974455619223
TTTCAA	0.2705290269284145
TTTGTT	1.2922190900106165
TTTGTA	0.9083085295937872
TTTCTT	0.892294678465377
TTTCTA	0.5986902103717345
TTGTAT	1.0218470957930106
TTGTAA	0.8379728434560118
AATGTT	0.9576832496640132
AATGTA	0.757306446657389
AATGAT	0.8835241877669539
AATGAA	1.3307880806218735
AATTCT	0.9919397654041864
AATTCA	0.5704694147331489
AATTGT	0.35913121862400493
AATTGA	0.8835241877669539
TAAAGT	0.6310887055478241
TAAAGA	0.798472848373124
TAAATC	0.3803129431554326
TAAATG	1.2621774110956483
TGATTT	1.476001360589904
TGATTA	0.7182624372480101
TGATAT	0.9576832496640134
TGATAA	1.1359596699860837
ATTAAC	0.9507823578885815
ATTAAG	0.5048709644382593
TAAAAC	1.6039454587232194
TAAAAG	1.0646304644974987
ATTTAC	1.1722924500231295
ATTTAG	1.1971040620800169
ATTACT	1.0821161077136578
ATTACA	1.9966429515660211
ATTAGT	0.9576832496640132
ATTAGA	1.0097419288765186
ATTATC	1.3526451346420727
ATTATG	0.7182624372480099
TGTTTT	0.6461095450053083
TGTTTA	1.135385661992234
TGTATT	1.0218470957930106
TGTATA	1.0773936558720152
TGTAAT	1.3168144682880185
TGTAAA	0.883524187766954
ATTGTT	0.567692830996117
ATTGTA	1.1971040620800169
ATTGAT	0.8379728434560118
ATTGAA	1.2621774110956485
ATTTCT	0.4276358645512389
ATTTCA	0.8115870807852436
ATTTGT	1.703078492988351
ATTTGA	0.9576832496640134
ATTTTC	1.1118532478332213
ATTTTG	1.3624627943906806
CTTTTT	0.7300592823807628
CTTTTA	1.1973804207434686
CTTTAT	1.7105434582049552
CTTTAA	1.5329978192610152
TGTTAT	1.703078492988351
TGTTAA	1.0773936558720152
GTTTAT	1.0218470957930106
GTTTAA	0.9576832496640134
ATTCTT	1.197380420743469
ATTCTA	1.7133505038799586
ATTCAT	0.7214107384757721
ATTCAA	1.140938829466298
CTTATT	1.8815978040254506
CTTATA	0.9919397654041863
CTTAAT	0.9017634230947148
CTTAAA	0.6655476505220069
ACTTAT	0.8115870807852434
ACTTAA	0.8557041220997234
ACTTTT	0.4276358645512388
ACTTTA	1.0821161077136578
TCATTT	1.1973804207434686
TCATTA	1.0821161077136578
TCATAT	0.8115870807852434
TCATAA	0.665547650522007
TCAATT	0.9017634230947149
TCAATA	0.8557041220997234
TCAAAT	0.5704694147331489
TCAAAA	0.30073977351060366
ATGAAT	1.2621774110956483
ATGAAA	0.798472848373124
GTTTTT	0.9691643175079623
GTTTTA	1.2489242281914572
TCTTTT	1.0545300745499906
TCTTTA	0.9407989020127253
TCTATT	1.1118532478332208
TCTATA	0.7214107384757719
TCTAAT	0.8115870807852433
TCTAAA	0.47539117894429067
ACTATT	1.2624687923326008
ACTATA	1.6163300084105885
ACTAAT	0.665547650522007
ACTAAA	0.501232955851006
ATGTTT	1.0218470957930106
ATGTTA	1.1971040620800169
ATGTAT	1.3168144682880185
ATGTAA	0.6310887055478243
ATGATT	0.5985520310400083
ATGATA	1.1359596699860834
CATTAT	1.442821476951544
CATTAA	0.9507823578885815
ACAATT	0.7606258863108654
ACAATA	1.1027125028722136
ACAAAT	0.501232955851006
ACAAAA	0.528479465245984
TCTTAT	1.4539619394742118
TCTTAA	0.4508817115473574
ACATTT	0.6312343961663004
ACATTA	0.8557041220997234
ACATAT	0.6655476505220072
ACATAA	1.303205685212616
GTTATT	1.3624627943906806
GTTATA	1.3168144682880185
GTTAAT	1.4365248744960202
GTTAAA	0.6310887055478243
GATAAT	1.0097419288765186
GATAAA	1.1977092725596858
GAATTT	0.8379728434560115
GAATTA	1.514612893314778
GAATAT	0.757306446657389
GAATAA	1.5969456967462479
GAAAAT	1.0646304644974987
GAAAAA	0.5612513423094506
CATAAT	0.8557041220997234
CATAAA	1.403452276382817
GAAATT	0.5048709644382593
GAAATA	0.39923642418656197
CATATT	0.9017634230947149
CATATA	0.5704694147331489
CATTTT	1.2829075936537164
CATTTA	1.4428214769515437
AGTAAT	1.2621774110956483
AGTAAA	1.5969456967462479
AGTTTT	0.7947699633945636
AGTTTA	0.35913121862400493
AGTTAT	1.1971040620800166
AGTTAA	1.0097419288765186
GATTTT	1.248924228191457
GATTTA	1.3168144682880183
GATTAT	0.2394208124160033
GATTAA	0.3786532233286945
GATATT	1.4365248744960197
GATATA	1.2621774110956483
ATCATT	0.8115870807852436
ATCATA	0.7606258863108654
ATCAAT	1.3310953010440143
ATCAAA	0.5012329558510061
AGATAT	1.6408306344243428
AGATAA	0.9315516564353113
CAAATT	0.3803129431554327
CAAATA	1.0024659117020123
CAATAT	1.236017065255156
CAATAA	1.1027125028722136
CAATTT	0.9919397654041864
CAATTA	0.9507823578885815
GTATAT	1.0773936558720152
GTATAA	0.883524187766954
ATCTTT	0.76974455619223
ATCTTA	0.541058053856829
ATCTAT	0.9919397654041866
ATCTAA	0.47539117894429084
AGTATT	1.077393655872015
AGTATA	0.757306446657389
AAACAT	1.0024659117020125
AAACAA	1.2683507165903618
GTAATT	0.9576832496640132
GTAATA	1.514612893314778
CAAAAT	0.40098636468080484
CAAAAA	0.8455671443935744
AGAATT	0.8835241877669539
AGAATA	1.3307880806218733
AGAAAT	0.6653940403109366
AGAAAA	0.7015641778868132
GTAAAT	0.757306446657389
GTAAAA	1.3307880806218735
GTATTT	1.0218470957930106
GTATTA	1.0773936558720152
AGATTT	0.7182624372480099
AGATTA	0.6310887055478241
AATTTC	0.6312343961663005
AATTTG	1.077393655872015
AATTAC	1.4261735368328723
AATTAG	0.8835241877669539
AATACT	1.0458605936774399
AATACA	1.303205685212616
AATAGT	1.1359596699860834
AATAGA	1.4638668886840607
AAAGTT	0.2524354822191297
AAAGTA	0.3992364241865621
AAAGAT	0.5323152322487494
AAAGAA	0.420938506732088
AAAACC	0.9679414125513481
AAAACG	0.21415938429544237
AAAAGC	0.8566375371817695
AAAAGG	1.4214984901073215
AAATCC	0.4590189091622396
AAATCG	1.0155904654088341
AAACCT	1.3770567274867187
AAACCA	1.1292649813099063
AAACGT	0.6093542792453006
AAACGA	0.21415938429544237
AAACTC	0.9180378183244792
AAACTG	2.2342990238994354
AAACAC	1.4519121188270225
AAACAG	0.42831876859088486
GACTTT	0.18271391053976457
GACTTA	0.5779381539534708
GACTAT	1.7338144618604123
GACTAA	0.8124723723270673
ATCCTT	0.4129082674627491
ATCCTA	0.8707070747727306
ATCCAT	1.0158249205681857
ATCCAA	0.30601260610815967
CGAATT	0.3852921026356473
CGAATA	0.20311809308176687
GTAAGT	0.2557404355399538
GTAAGA	0.808926669954069
GTAATC	0.3852921026356473
GTAATG	0.7672213066198611
GACATT	0.7705842052712943
GACATA	0.20311809308176682
GACAAT	1.8280628377359016
GACAAA	0.642478152886327
AGAAGT	0.26964222331802296
AGAAGA	1.4214984901073213
AGAATC	0.8124723723270673
AGAATG	1.6178533399081378
AGAAAC	1.0707969214772117
AGAAAG	0.28429969802146426
GTAAAC	1.0155904654088341
GTAAAG	0.539284446636046
CGAAAT	0.8124723723270674
CGAAAA	0.6424781528863271
ATCGTT	0.3654278210795292
ATCGTA	0.5779381539534709
ATCGAT	0.19264605131782364
ATCGAA	0.20311809308176687
GTATTC	0.913569552698823
GTATTG	0.7276661225237011
GTATAC	0.7705842052712946
GTATAG	0.5114808710799076
AGATAC	0.40623618616353363
AGATAG	0.26964222331802296
AGAACT	0.8124723723270674
AGAACA	0.21415938429544235
CAAAGT	0.6093542792453005
CAAAGA	0.21415938429544235
CAAATC	0.4590189091622396
CAAATG	0.20311809308176684
CAAAAC	0.161323568758558
CAAAAG	0.8566375371817694
GAGTTT	0.0
GAGTTA	1.0229617421598147
GAGTAT	1.2787021776997685
GAGTAA	1.6178533399081378
AGAGTT	0.2557404355399537
AGAGTA	0.8089266699540689
AGAGAT	0.5392844466360459
AGAGAA	0.5685993960429285
AGATCT	0.38529210263564717
AGATCA	0.20311809308176682
AGATGT	0.5114808710799074
AGATGA	1.0785688932720918
AGATTC	0.5779381539534708
AGATTG	0.0
GAGATT	0.0
GAGATA	1.348211116590115
GAGAAT	0.26964222331802296
GAGAAA	0.28429969802146426
AGACTT	0.5779381539534708
AGACTA	0.8124723723270673
AGACAT	0.6093542792453005
AGACAA	0.642478152886327
CAATGT	0.963230256589118
CAATGA	1.4218266515723677
CAATTC	1.1609427663636407
CAATTG	0.963230256589118
CAATAC	0.4590189091622396
CAATAG	1.4218266515723679
GTAACT	0.3852921026356473
GTAACA	1.2187085584906012
ATCTCT	0.6881804457712487
ATCTCA	0.43535353738636534
ATCTGT	0.913569552698823
ATCTGA	0.5779381539534709
ATCTTC	0.6881804457712486
ATCTTG	0.913569552698823
ATCTAC	0.43535353738636534
ATCTAG	0.5779381539534709
GATGTT	1.2127768708728348
GATGTA	0.5114808710799073
AGTACT	0.38529210263564717
AGTACA	0.6093542792453004
AGTAGT	1.0229617421598147
AGTAGA	1.6178533399081378
AGTATC	1.1558763079069416
AGTATG	1.0229617421598147
AGTAAC	1.015590465408834
AGTAAG	0.8089266699540689
CAAACT	0.9180378183244791
CAAACA	0.9679414125513481
AGTTCT	0.9135695526988229
AGTTCA	0.963230256589118
AGTTGT	0.7276661225237009
AGTTGA	1.2787021776997685
AGTTTC	0.1827139105397646
AGTTTG	0.7276661225237011
AGTTAC	0.7705842052712943
AGTTAG	0.2557404355399537
GATCTT	0.5481417316192937
GATCTA	0.19264605131782359
GATCAT	0.38529210263564717
GATCAA	0.8124723723270673
GATGAT	1.0229617421598145
GATGAA	1.0785688932720918
GATTCT	1.6444251948578812
GATTCA	0.38529210263564717
GATTGT	0.0
GATTGA	0.5114808710799074
GATTTC	0.5481417316192938
GATTTG	0.24255537417456702
CTCTTT	0.9137804557176598
CTCTTA	1.9269052481594955
AGTGTT	1.4553322450474018
AGTGTA	0.767221306619861
AGTGAT	1.0229617421598145
AGTGAA	0.8089266699540688
GATTAC	0.7705842052712943
GATTAG	1.2787021776997685
GATACT	0.7705842052712943
GATACA	0.20311809308176682
GATAGT	0.0
GATAGA	1.348211116590115
GATATC	0.5779381539534708
GATATG	0.5114808710799074
AGTCTT	1.278997373778352
AGTCTA	0.963230256589118
AGTCAT	0.7705842052712943
AGTCAA	0.40623618616353363
ATCACT	0.8707070747727307
ATCACA	0.9180378183244792
ATCAGT	0.19264605131782364
ATCAGA	0.40623618616353374
ATCATC	0.8707070747727307
ATCATG	1.3485223592247655
ATCAAC	1.9890819397030381
ATCAAG	0.4062361861635337
GTAGTT	1.212776870872835
GTAGTA	0.7672213066198613
GTAGAT	0.5114808710799076
GTAGAA	2.157137786544184
GAAGAT	0.26964222331802296
GAAGAA	1.7057981881287856
GAATCT	0.5779381539534708
GAATCA	0.6093542792453004
GATAAC	0.40623618616353363
GATAAG	1.0785688932720918
GAACTT	0.5779381539534708
GAACTA	1.2187085584906008
GAACAT	0.20311809308176684
GAACAA	0.4283187685908847
AGGATT	1.5344426132397222
AGGATA	1.6178533399081378
AGGAAT	2.69642223318023
AGGAAA	1.137198792085857
GAATAC	0.6093542792453004
GAATAG	0.8089266699540689
GAAACT	1.0155904654088341
GAAACA	1.284956305772654
CTCATT	1.2387248023882473
CTCATA	0.7255892289772755
AGGTTT	0.4851107483491339
AGGTTA	1.0229617421598147
AGGTAT	0.5114808710799074
AGGTAA	0.0
GAAGTT	0.7672213066198611
GAAGTA	0.26964222331802296
GAAAGT	0.5392844466360459
GAAAGA	0.0
CAAGTT	0.3852921026356473
CAAGTA	0.40623618616353374
CAAGAT	1.0155904654088341
CAAGAA	1.4991156900680966
CGTATT	0.5481417316192938
CGTATA	0.5779381539534709
CTCTAT	0.9634526240797477
CTCTAA	0.4353535373863652
GAATGT	1.2787021776997685
GAATGA	1.0785688932720918
GAATTC	0.19264605131782359
GAATTG	0.7672213066198611
CAACTT	1.0158249205681857
CAACTA	1.0710441213785589
CAACAT	1.3770567274867185
CAACAA	1.1292649813099063
CTCAAT	0.7255892289772755
CTCAAA	0.6120252122163193
CAATCT	0.5804713831818203
CAATCA	0.9180378183244791
GAAATC	0.6093542792453004
GAAATG	1.348211116590115
GAAAAC	0.642478152886327
GAAAAG	0.5685993960429285
TCCTAT	0.6881804457712484
TCCTAA	1.0158249205681855
AGCATT	1.5411684105425887
AGCATA	1.6249447446541345
AGCAAT	0.6093542792453005
AGCAAA	1.0707969214772117
CGTAAT	0.3852921026356473
CGTAAA	0.6093542792453006
CATAGT	0.7705842052712943
CATAGA	0.40623618616353363
CATATC	0.8707070747727305
CATATG	0.963230256589118
CATAAC	0.765031515270399
CATAAG	0.6093542792453004
TCCATT	0.9634526240797479
TCCATA	1.0158249205681857
TCCAAT	0.4353535373863653
TCCAAA	0.15300630305407983
CATTGT	0.5481417316192937
CATTGA	1.1558763079069416
CATTTC	0.8258165349254981
CATTTG	1.8271391053976458
AGCTTT	2.557994747556704
AGCTTA	0.963230256589118
AGCTAT	1.7338144618604123
AGCTAA	1.2187085584906008
TCCTTT	0.783240390615137
TCCTTA	0.41290826746274906
GTATCT	0.3654278210795292
GTATCA	0.9632302565891181
GTATGT	0.48511074834913404
GTATGA	1.7901830487796764
GTACTT	0.1827139105397646
GTACTA	0.7705842052712946
GTACAT	0.19264605131782364
GTACAA	0.20311809308176687
ATGCTT	0.5481417316192938
ATGCTA	1.1558763079069418
ATGCAT	0.3852921026356473
ATGCAA	1.8280628377359018
GTTAGT	0.9702214966982681
GTTAGA	0.2557404355399538
GTTATC	0.5481417316192938
GTTATG	0.7276661225237011
TCGTTT	0.34658767077095426
TCGTTA	0.5481417316192938
TCGTAT	0.0
TCGTAA	0.5779381539534708
CATGTT	1.0962834632385874
CATGTA	1.5411684105425887
CATGAT	0.5779381539534708
CATGAA	1.015590465408834
CATTAC	0.8707070747727305
CATTAG	1.1558763079069416
CATACT	1.4511784579545506
CATACA	0.0
CTGTAT	0.5481417316192937
CTGTAA	0.963230256589118
TCTCAT	0.5505443566169987
TCTCAA	0.2902356915909101
CATCTT	0.5505443566169987
CATCTA	0.8707070747727303
CATCAT	1.1609427663636405
CATCAA	1.2240504244326385
TCGATT	0.18271391053976457
TCGATA	0.38529210263564717
TCGAAT	0.19264605131782359
TCGAAA	0.6093542792453004
CTGAAT	1.1558763079069416
CTGAAA	1.015590465408834
CTGTTT	0.8664691769273856
CTGTTA	0.7308556421590584
CATTCT	1.1010887132339977
CATTCA	0.4353535373863653
TCTGAT	0.36542782107952915
TCTGAA	0.38529210263564717
ACAAGT	0.20311809308176684
ACAAGA	1.927434458658981
ACAATC	0.7650315152703993
ACAATG	1.218708558490601
ACAAAC	0.483970706275674
ACAAAG	0.4283187685908847
CTGATT	1.278997373778352
CTGATA	0.7705842052712943
TCTCTT	0.9137804557176598
TCTCTA	0.41290826746274906
ACATGT	0.963230256589118
ACATGA	1.2187085584906008
ACATTC	0.29023569159091017
ACATTG	1.3485223592247653
ACATAC	0.7650315152703993
ACATAG	1.0155904654088341
ACAACT	0.6120252122163193
ACAACA	0.48397070627567407
TCTGTT	0.8664691769273855
TCTGTA	0.5481417316192937
GTTAAC	1.3485223592247655
GTTAAG	0.5114808710799076
ATGGTT	0.7276661225237011
ATGGTA	1.0229617421598152
ATGGAT	0.2557404355399538
ATGGAA	0.808926669954069
ATGTCT	0.7308556421590584
ATGTCA	0.3852921026356473
ATGTGT	0.7276661225237011
ATGTGA	0.2557404355399538
ATGTTC	0.7308556421590584
ATGTTG	1.212776870872835
ACAGTT	1.3485223592247655
ACAGTA	1.8280628377359018
ACAGAT	0.6093542792453005
ACAGAA	0.8566375371817695
ACATCT	0.5804713831818203
ACATCA	1.2240504244326387
TCTTCT	1.0443205208201827
TCTTCA	1.1010887132339975
TCTTGT	0.1732938353854771
TCTTGA	0.7308556421590583
TCTTTC	0.3916201953075685
TCTTTG	0.3465876707709542
TCTTAC	1.3763608915424967
TCTTAG	0.9135695526988229
TCTACT	0.5505443566169987
TCTACA	0.5804713831818202
TCTAGT	0.9135695526988229
TCTAGA	0.7705842052712943
TCTATC	1.2387248023882471
TCTATG	1.278997373778352
TCTAAC	0.7255892289772753
TCTAAG	0.19264605131782356
ACACTT	0.7255892289772755
ACACTA	0.45901890916223953
ACACAT	0.9180378183244791
ACACAA	0.8066178437927901
TCATTC	0.8258165349254981
TCATTG	0.36542782107952915
TCACTT	0.8258165349254981
TCACTA	0.2902356915909101
TCACAT	0.4353535373863652
TCACAA	0.4590189091622394
ACTAAC	1.0710441213785586
ACTAAG	0.40623618616353363
CTTCTT	1.0443205208201827
CTTCTA	1.6516330698509962
CTTCAT	1.1010887132339975
CTTCAA	1.4511784579545506
ATGTAC	0.3852921026356473
ATGTAG	0.7672213066198613
ATGACT	0.5779381539534709
ATGACA	1.8280628377359018
ATGAGT	0.5114808710799076
ATGAGA	1.348211116590115
ATGATC	0.7705842052712946
ATGATG	1.2787021776997685
ATGAAC	0.8124723723270674
ATGAAG	2.426780009862207
ACTACT	0.2902356915909101
ACTACA	0.4590189091622394
ACTAGT	1.7338144618604123
ACTAGA	0.6093542792453004
ACTATC	0.7255892289772754
ACTATG	1.5411684105425887
TCAGTT	0.0
TCAGTA	0.7705842052712943
TCAGAT	0.0
TCAGAA	1.6249447446541345
TCATCT	1.5139969806967466
TCATCA	1.0158249205681857
TCATGT	0.36542782107952915
TCATGA	0.7705842052712943
TCAATC	0.7255892289772754
TCAATG	0.963230256589118
ACTGTT	0.7308556421590583
ACTGTA	0.38529210263564717
ACTGAT	0.7705842052712943
ACTGAA	2.031180930817668
ACTTCT	1.1010887132339977
ACTTCA	1.0158249205681857
ACTTGT	0.36542782107952915
ACTTGA	0.5779381539534708
ACTTTC	0.13763608915424969
ACTTTG	0.9135695526988229
ACTTAC	0.8707070747727305
ACTTAG	0.5779381539534708
CAGAAT	1.0155904654088341
CAGAAA	1.7132750743635388
ACTCTT	0.5505443566169987
ACTCTA	0.4353535373863652
ACTCAT	0.7255892289772753
ACTCAA	0.9180378183244788
TCATAC	0.43535353738636523
TCATAG	0.5779381539534708
TCAACT	1.8865319953409159
TCAACA	1.0710441213785586
TCAAGT	0.5779381539534708
TCAAGA	1.015590465408834
CAGTAT	0.5779381539534708
CAGTAA	1.8280628377359012
CTTTCT	0.783240390615137
CTTTCA	0.5505443566169987
ACGATT	0.19264605131782359
ACGATA	0.8124723723270673
ACGAAT	0.4062361861635337
ACGAAA	0.642478152886327
TCAAAC	0.9180378183244788
TCAAAG	0.6093542792453004
CAGATT	0.5779381539534708
CAGATA	0.6093542792453004
TGCAAT	1.5411684105425887
TGCAAA	0.6093542792453004
TGCTTT	1.2130568476983399
TGCTTA	0.1827139105397646
TGCTAT	1.8271391053976458
TGCTAA	0.963230256589118
CGTTAT	0.3654278210795292
CGTTAA	0.9632302565891181
ACGTAT	0.5779381539534708
ACGTAA	0.8124723723270673
CTTGTT	0.5198815061564313
CTTGTA	0.36542782107952915
CTTGAT	0.9135695526988229
CTTGAA	0.38529210263564717
CAGTTT	0.7308556421590583
CAGTTA	0.7705842052712943
TGGTAT	0.48511074834913404
TGGTAA	0.5114808710799076
CACTAT	1.0158249205681855
CACTAA	0.765031515270399
CACATT	0.8707070747727303
CACATA	1.0710441213785586
CACAAT	0.9180378183244788
CACAAA	0.6452942750342319
CGTTTT	1.039763012312863
CGTTTA	0.5481417316192939
CTTACT	1.6516330698509962
CTTACA	1.0158249205681855
ACGTTT	0.9135695526988229
ACGTTA	1.1558763079069416
TGCATT	1.278997373778352
TGCATA	0.38529210263564717
ATTCCT	1.7892691590052465
ATTCCA	0.5804713831818205
ATTCGT	1.0962834632385876
ATTCGA	0.7705842052712946
ATTCTC	0.8258165349254983
ATTCTG	0.3654278210795292
GTTTGT	0.4601001747474764
GTTTGA	0.7276661225237011
GTTTTC	0.17329383538547713
GTTTTG	0.4601001747474764
GTTTAC	0.1827139105397646
GTTTAG	0.7276661225237011
TGGATT	0.7276661225237009
TGGATA	0.2557404355399537
TGGAAT	0.2557404355399537
TGGAAA	0.5392844466360459
CTTTGT	0.6931753415419084
CTTTGA	0.7308556421590583
CTTTTC	0.3916201953075685
CTTTTG	0.6931753415419084
CTTTAC	0.9634526240797477
CTTTAG	0.9135695526988229
TGGTTT	1.1502504368686908
TGGTTA	0.7276661225237011
TGTGTT	0.4601001747474763
TGTGTA	0.7276661225237011
TGTGAT	0.7276661225237011
TGTGAA	0.2557404355399538
CACTTT	1.2387248023882471
CACTTA	1.1609427663636405
TGTCTT	0.17329383538547713
TGTCTA	0.36542782107952926
TGTCAT	0.3654278210795292
TGTCAA	0.5779381539534709
ACCATT	2.176767686931826
ACCATA	0.6120252122163192
ACCAAT	1.2240504244326385
ACCAAA	1.1292649813099058
GTTACT	0.5481417316192938
GTTACA	1.1558763079069418
ATTCAC	0.5804713831818205
ATTCAG	0.3852921026356473
ATTGCT	1.827139105397646
ATTGCA	1.7338144618604125
ATTGGT	0.48511074834913404
ATTGGA	1.0229617421598152
ATTGTC	0.1827139105397646
ATTGTG	0.7276661225237011
CTTAAC	0.8707070747727303
CTTAAG	0.3852921026356471
TGTTCT	1.039763012312863
TGTTCA	1.2789973737783524
TGTTGT	0.9202003494949528
TGTTGA	1.212776870872835
TGTTTC	0.34658767077095426
TGTTTG	0.0
TGTTAC	1.0962834632385876
TGTTAG	0.48511074834913404
TGTATC	0.3654278210795292
TGTATG	0.9702214966982681
TGTAAC	0.7705842052712946
TGTAAG	0.2557404355399538
ACCTTT	1.1010887132339975
ACCTTA	1.3060606121590956
ACCTAT	1.4511784579545506
ACCTAA	1.2240504244326385
CTTAGT	0.7308556421590583
CTTAGA	0.38529210263564717
CTTATC	0.5505443566169987
CTTATG	1.278997373778352
TGATGT	0.7276661225237011
TGATGA	1.7901830487796764
TGACTT	1.2789973737783522
TGACTA	0.7705842052712946
TGACAT	0.3852921026356473
TGACAA	1.8280628377359018
CTATCT	1.2387248023882473
CTATCA	0.5804713831818203
CTACTT	0.41290826746274906
CTACTA	0.4353535373863652
CTACAT	1.0158249205681855
CTACAA	0.1530063030540798
TGTACT	0.5481417316192938
TGTACA	0.5779381539534709
TGTAGT	0.7276661225237011
TGTAGA	0.7672213066198613
ATTGAC	0.9632302565891181
ATTGAG	0.7672213066198613
ATTTCC	0.6881804457712486
ATTTCG	0.3654278210795292
ATTTGC	1.4617112843181168
ATTTGG	0.48511074834913404
TGAAGT	1.278702177699769
TGAAGA	1.887495563226161
CTAGTT	0.9135695526988229
CTAGTA	2.1191065644960596
CTAGAT	0.7705842052712943
CTAGAA	0.40623618616353363
TGAGTT	0.7276661225237011
TGAGTA	0.5114808710799076
TGAGAT	0.7672213066198613
TGAGAA	0.808926669954069
TGATCT	0.7308556421590584
TGATCA	0.9632302565891181
ATTACC	0.5804713831818203
ATTACG	0.7705842052712943
ATTAGC	1.3485223592247655
ATTAGG	2.0459234843196294
TGATTC	0.5481417316192938
TGATTG	0.24255537417456702
TGATAC	0.5779381539534709
TGATAG	1.5344426132397226
TGAACT	0.7705842052712946
TGAACA	1.2187085584906012
ATACCT	0.4353535373863653
ATACCA	1.3770567274867185
ATACGT	0.38529210263564717
ATACGA	0.8124723723270673
ATACTC	0.8707070747727305
ATACTG	0.5779381539534708
GTTGTT	0.9202003494949526
GTTGTA	0.9702214966982681
GTTGAT	0.7276661225237011
GTTGAA	1.0229617421598152
GTTTCT	0.34658767077095426
GTTTCA	0.36542782107952926
ATACAC	0.6120252122163194
ATACAG	1.0155904654088341
ATAGCT	0.7705842052712946
ATAGCA	2.843653303144736
ATAGGT	0.5114808710799076
ATAGGA	0.539284446636046
ATAGTC	0.3852921026356473
ATAGTG	0.7672213066198611
TAAACC	1.3770567274867187
TAAACG	0.4062361861635337
TAAAGC	1.4218266515723679
TAAAGG	1.078568893272092
ATAGAC	0.20311809308176684
ATAGAG	2.426780009862207
ATATCC	1.1609427663636407
ATATCG	0.38529210263564717
ATATGC	0.3852921026356473
ATATGG	1.0229617421598147
TAAGGT	1.278702177699769
TAAGGA	0.808926669954069
TAAGTC	0.9632302565891181
TAAGTG	0.5114808710799074
TAAGAC	1.4218266515723679
TAAGAG	0.539284446636046
TAATCC	1.0158249205681855
TAATCG	0.5779381539534708
TAATGC	0.3852921026356473
TAATGG	1.0229617421598147
ATAACC	1.224050424432639
ATAACG	0.8124723723270674
ATAAGC	1.4218266515723679
ATAAGG	1.078568893272092
GTTCTT	1.21305684769834
GTTCTA	1.0962834632385878
TAACCT	1.1609427663636407
TAACCA	1.0710441213785589
TAACGT	0.5779381539534708
TAACGA	0.40623618616353363
TAACTC	1.0158249205681855
TAACTG	0.7705842052712943
TAACAC	0.6120252122163194
TAACAG	2.8436533031447357
TAAGCT	1.3485223592247655
TAAGCA	0.20311809308176687
GTTCAT	0.0
GTTCAA	1.1558763079069418
GTGATT	0.4851107483491339
GTGATA	1.2787021776997685
GTGAAT	0.7672213066198611
GTGAAA	1.0785688932720918
CGATTT	0.3654278210795292
CGATTA	0.0
CGATAT	0.9632302565891181
CGATAA	0.40623618616353374
TATACC	0.8707070747727305
TATACG	1.3485223592247653
TATAGC	2.8896907697673546
TATAGG	1.5344426132397222
TATTCC	1.2387248023882476
TATTCG	1.0962834632385876
TATTGC	2.9234225686362336
TATTGG	1.4553322450474022
GTGTAT	0.24255537417456702
GTGTAA	1.5344426132397226
GCTTTT	0.8664691769273857
GCTTTA	2.923422568636234
GCTTAT	1.0962834632385876
GCTTAA	0.19264605131782364
GCTAAT	2.3117526158138837
GCTAAA	0.8124723723270675
GTGTTT	0.23005008737373814
GTGTTA	1.4553322450474022
AACCTT	0.7255892289772757
AACCTA	1.9890819397030384
AACCAT	0.9180378183244792
AACCAA	1.2905885500684644
CCTTAT	1.6516330698509964
CCTTAA	1.451178457954551
TATCAC	0.7255892289772756
TATCAG	0.9632302565891181
TATGCT	0.913569552698823
TATGCA	0.9632302565891181
TATGGT	0.7276661225237011
TATGGA	1.0229617421598152
TATGTC	0.5481417316192938
TATGTG	0.7276661225237011
TATGAC	0.9632302565891181
TATGAG	2.301663919859584
TATCTC	0.2752721783084994
TATCTG	0.3654278210795292
TGAATC	0.7705842052712946
TGAATG	1.0229617421598147
TGAAAC	1.0155904654088341
TGAAAG	0.808926669954069
CTAAGT	0.19264605131782359
CTAAGA	0.40623618616353363
CTAATC	1.0158249205681855
CTAATG	0.5779381539534708
TAGACT	0.19264605131782364
TAGACA	0.0
TAGAGT	0.5114808710799076
TAGAGA	0.808926669954069
TAGATC	0.7705842052712946
TAGATG	1.5344426132397222
TAGAAC	0.6093542792453005
TAGAAG	1.617853339908138
TATCCT	0.8258165349254984
TATCCA	1.4511784579545512
TATCGT	0.7308556421590584
TATCGA	0.3852921026356473
GCTATT	2.0098530159374106
GCTATA	2.5043986671317073
GTCAAT	0.7705842052712943
GTCAAA	0.20311809308176682
CCTTTT	0.9137804557176598
CCTTTA	1.3763608915424972
GTCTAT	0.7308556421590583
GTCTAA	0.7705842052712943
GTCATT	1.278997373778352
GTCATA	0.19264605131782359
AACGTT	0.3852921026356473
AACGTA	1.2187085584906012
AACGAT	0.20311809308176687
AACGAA	0.21415938429544237
GCATTT	1.827139105397646
GCATTA	1.7338144618604125
TTCCAT	1.1010887132339977
TTCCAA	0.5804713831818203
TAGGAT	0.7672213066198613
TAGGAA	1.348211116590115
TAGTCT	0.5481417316192938
TAGTCA	0.3852921026356473
TAGTGT	0.9702214966982681
TAGTGA	0.0
TAGTTC	0.7308556421590584
TAGTTG	1.4553322450474022
TAGTAC	0.5779381539534709
TAGTAG	1.7901830487796764
TTCGAT	0.5481417316192937
TTCGAA	0.38529210263564717
TTCTCT	0.5221602604100914
TTCTCA	0.550544356616999
TAGCTT	1.0962834632385876
TAGCTA	0.7705842052712946
TAGCAT	2.3117526158138837
TAGCAA	1.421826651572368
TAGGTT	0.48511074834913404
TAGGTA	0.0
CTAAAC	0.765031515270399
CTAAAG	0.6093542792453004
TTCCTT	1.1748605859227055
TTCCTA	0.9634526240797481
TTCACT	0.6881804457712487
TTCACA	0.43535353738636534
TACAGT	1.3485223592247655
TACAGA	1.0155904654088344
TACATC	1.0158249205681857
TACATG	2.11910656449606
TACAAC	0.6120252122163194
TACAAG	0.4062361861635337
TTCGTT	0.34658767077095426
TTCGTA	0.5481417316192938
GCATAT	0.19264605131782364
GCATAA	1.0155904654088344
GTCTTT	0.5198815061564314
GTCTTA	1.0962834632385876
AACTCT	1.0158249205681857
AACTCA	1.071044121378559
AACTGT	0.19264605131782364
AACTGA	1.8280628377359018
AACTTC	1.0158249205681857
AACTTG	0.19264605131782364
AACTAC	0.4590189091622396
AACTAG	1.218708558490601
TACTAC	0.7255892289772756
TACTAG	1.1558763079069418
TACACT	0.5804713831818205
TACACA	0.6120252122163194
TTCTGT	0.6931753415419085
TTCTGA	0.3654278210795292
TTCTTC	1.6970208463327972
TTCTTG	1.039763012312863
TTCTAC	1.1010887132339977
TTCTAG	2.192566926477175
TTCAAC	1.5962963037500062
TTCAAG	1.1558763079069418
TACGTT	0.913569552698823
TACGTA	0.19264605131782364
TACGAT	0.5779381539534709
TACGAA	1.0155904654088344
TACTCT	0.2752721783084995
TACTCA	0.5804713831818205
TACTGT	0.5481417316192938
TACTGA	0.9632302565891181
TACTTC	0.5505443566169989
TACTTG	0.913569552698823
TTGCTT	1.386350683083817
TTGCTA	1.461711284318117
TTGCAT	1.2789973737783522
TTGCAA	1.1558763079069418
TTGGTT	0.9202003494949526
TTGGTA	0.48511074834913404
CTAACT	0.7255892289772753
CTAACA	1.2240504244326385
TACCTT	1.1010887132339977
TACCTA	0.4353535373863653
TACCAT	1.3060606121590959
TACCAA	1.2240504244326387
TTCAGT	0.7308556421590584
TTCAGA	0.5779381539534709
TTCATC	0.9634526240797481
TTCATG	0.1827139105397646
GCAAAT	0.20311809308176684
GCAAAA	1.2849563057726543
AACACT	0.6120252122163194
AACACA	1.4519121188270225
AACAGT	1.421826651572368
AACAGA	0.6424781528863271
AACATC	0.7650315152703993
AACATG	1.0155904654088341
AACAAC	0.9679414125513482
AACAAG	1.9274344586589818
GGAATT	1.790183048779676
GGAATA	1.0785688932720918
CTATGT	1.0962834632385874
CTATGA	1.1558763079069416
CTATTC	1.2387248023882471
CTATTG	2.1925669264771748
CTATAC	0.5804713831818203
CTATAG	1.1558763079069416
GGAAAT	0.8089266699540689
GGAAAA	0.28429969802146426
GCAATT	1.7338144618604125
GCAATA	0.40623618616353374
GGATTT	1.2127768708728348
GGATTA	0.7672213066198611
GGATAT	0.2557404355399537
GGATAA	1.348211116590115
AAGCTT	1.1558763079069418
AAGCTA	1.624944744654135
AAGCAT	0.8124723723270674
AAGCAA	0.6424781528863271
TTAAGC	0.5779381539534709
TTAAGG	1.2787021776997685
TTGGAT	0.24255537417456702
TTGGAA	0.5114808710799076
TTGTCT	0.0
TTGTCA	0.36542782107952926
TTGTGT	0.0
TTGTGA	0.7276661225237011
TTGTTC	1.039763012312863
TTGTTG	0.6901502621212146
TTATGC	0.7308556421590584
TTATGG	0.7276661225237011
TTAACC	1.1609427663636407
TTAACG	0.5779381539534708
CCAATT	1.015824920568186
CCAATA	1.8360756366489586
CCAAAT	0.9180378183244792
CCAAAA	0.4839707062756741
CCATTT	2.202177426467996
CCATTA	1.1609427663636411
CCTAAT	1.7414141495454611
CCTAAA	1.2240504244326387
CCTATT	3.303266139701993
CCTATA	1.451178457954551
AAGGTT	0.7672213066198613
AAGGTA	0.5392844466360461
AAGGAT	1.6178533399081383
AAGGAA	0.852899094064393
GGTTAT	0.48511074834913404
GGTTAA	1.0229617421598152
TTAGCT	0.3654278210795292
TTAGCA	1.3485223592247655
TTAGGT	0.48511074834913404
TTAGGA	2.301663919859584
TTAGTC	0.7308556421590584
TTAGTG	0.9702214966982681
TTAGAC	0.19264605131782364
TTAGAG	0.7672213066198613
TTATCC	1.1010887132339977
TTATCG	1.0962834632385876
TTACCT	0.9634526240797482
TTACCA	1.5962963037500062
TTACGT	0.5481417316192938
TTACGA	0.5779381539534709
TTACTC	0.6881804457712486
TTACTG	1.4617112843181168
TTACAC	0.7255892289772756
TTACAG	2.3117526158138837
GGTATT	1.2127768708728348
GGTATA	1.0229617421598147
GGTAAT	0.5114808710799074
GGTAAA	0.26964222331802296
AAGTCT	1.1558763079069418
AAGTCA	1.0155904654088344
AAGTGT	1.278702177699769
AAGTGA	0.808926669954069
AAGTTC	0.3852921026356473
AAGTTG	1.0229617421598147
AAGTAC	0.4062361861635337
AAGTAG	0.539284446636046
TTTACC	1.6516330698509967
TTTACG	0.5481417316192938
TTTAGC	1.2789973737783522
TTTAGG	1.212776870872835
CCATAT	1.4511784579545512
CCATAA	0.9180378183244792
GGTTTT	0.9202003494949526
GGTTTA	1.212776870872835
AAGACT	0.8124723723270674
AAGACA	1.9274344586589816
AAGAGT	0.808926669954069
AAGAGA	0.2842996980214643
AAGATC	0.20311809308176687
AAGATG	0.0
AAGAAC	0.42831876859088475
AAGAAG	1.4214984901073215
TTTGAC	0.3654278210795292
TTTGAG	1.9404429933965361
TTTTCC	1.3054006510252285
TTTTCG	0.34658767077095426
TTTTGC	1.21305684769834
TTTTGG	1.8404006989899055
AATCCT	0.8707070747727306
AATCCA	0.45901890916223953
AATCGT	0.38529210263564717
AATCGA	0.0
AATCTC	0.29023569159091017
AATCTG	0.5779381539534708
AATCAC	1.5300630305407985
AATCAG	0.0
AATGCT	0.7705842052712946
AATGCA	1.0155904654088344
AATGGT	0.5114808710799076
AATGGA	0.808926669954069
TTGATC	0.7308556421590584
TTGATG	0.7276661225237011
TTTCAC	1.1010887132339977
TTTCAG	0.913569552698823
TTTGCT	1.5596445184692942
TTTGCA	0.5481417316192939
TTTGGT	1.150250436868691
TTTGGA	0.24255537417456702
TTTGTC	0.0
TTTGTG	1.6103506116161672
TTTCCT	1.044320520820183
TTTCCA	0.6881804457712487
TTTCGT	0.6931753415419085
TTTCGA	0.3654278210795292
TTTCTC	0.39162019530756853
TTTCTG	0.34658767077095426
TTGTAC	0.7308556421590584
TTGTAG	0.9702214966982681
TTGACT	0.7308556421590584
TTGACA	0.9632302565891181
TTGAGT	0.48511074834913404
TTGAGA	1.5344426132397226
AATGTC	0.3852921026356473
AATGTG	1.2787021776997685
AATGAC	1.0155904654088341
AATGAG	0.808926669954069
AATTCC	1.0158249205681855
AATTCG	0.5779381539534708
AATTGC	1.7338144618604125
AATTGG	1.2787021776997685
AATACC	1.071044121378559
AATACG	0.6093542792453005
AATAGC	1.8280628377359016
AATAGG	1.617853339908138
AAAGCT	1.4218266515723679
AAAGCA	1.070796921477212
AAAGGT	0.269642223318023
AAAGGA	2.5586972821931786
AAAGTC	0.8124723723270675
AAAGTG	0.8089266699540691
AAAGAC	0.8566375371817695
AAAGAG	0.5685993960429286
TTGAAC	1.1558763079069418
TTGAAG	1.5344426132397226
AAATGC	0.40623618616353374
AAATGG	1.8874955632261612
AAAGCC	1.3074852829558945
AAAGCG	0.0
AAAGGC	0.43392643326694996
AAAGGG	2.3041746098996487
TTTCCC	0.6302216042206958
TTTCCG	0.27887611580505717
TTTCGC	0.2788761158050571
TTTCGG	1.1106363015976966
TTGACC	0.29403553543343464
TTGACG	0.39033645061279726
TTGAGC	1.561345802451189
TTGAGG	2.590886581997661
TTTGCC	0.5577522316101143
TTTGCG	0.7404242010651312
TTTGGC	1.4808484021302621
TTTGGG	3.4402336424385287
TTACCC	0.8859730723266671
TTACCG	0.8821066063003039
TTACGC	1.1761421417337385
TTACGG	0.0
TTAGCC	1.1761421417337385
TTAGCG	1.561345802451189
TTAGGC	2.3420187036767834
TTAGGG	2.590886581997661
TTGGAC	0.39033645061279726
TTGGAG	2.072709265598129
TTGTCC	0.0
TTGTCG	0.3702121005325656
TTGTGC	2.221272603195393
TTGTGG	1.9658477956791591
CTATGC	1.7642132126006074
CTATGG	1.951682253063986
TTGCTC	1.9521328106354003
TTGCTG	0.7404242010651312
TTGCAC	0.8821066063003039
TTGCAG	2.3420187036767834
TTGGCT	0.7404242010651311
TTGGCA	3.5130280555151754
TTGGGT	1.4743858467593693
TTGGGA	2.590886581997661
TTGGTC	0.7404242010651311
TTGGTG	1.9658477956791591
CTAACC	1.4012004897720207
CTAACG	0.3100190055646879
TACCCT	1.771946144653334
TACCCA	1.1676670748100175
TACCGT	0.0
TACCGA	0.620038011129376
TACCTC	0.22149326808166675
TACCTG	0.8821066063003037
TACCAC	1.1676670748100175
TACCAG	1.5500950278234398
TTCAGC	0.8821066063003039
TTCAGG	0.7806729012255945
TTGCCT	1.6732566948303431
TTGCCA	0.29403553543343464
TTGCGT	0.37021210053256554
TTGCGA	0.7806729012255945
TACGCT	1.4701776771671733
TACGCA	0.310019005564688
TACGGT	1.1710093518383917
TACGGA	0.41155473972303136
TACGTC	0.0
TACGTG	0.0
TACGAC	0.620038011129376
TACGAG	0.8231094794460627
TACTCC	1.107466340408334
TACTCG	1.7642132126006078
TACTGC	0.8821066063003039
TACTGG	0.39033645061279726
TACACC	0.9341336598480142
TACACG	0.930057016694064
TTCTGC	0.5577522316101142
TTCTGG	0.37021210053256554
TTCACC	1.5504528765716674
TTCACG	1.1761421417337385
TACAGC	1.860114033388128
TACAGG	1.2346642191690942
TAGCCT	0.5880710708668693
TAGCCA	1.240076022258752
TAGCGT	1.1710093518383917
TAGCGA	1.2346642191690942
TTCGCT	0.2788761158050571
TTCGCA	0.29403553543343464
TTCGGT	0.740424201065131
TTCGGA	0.3903364506127972
TTCGTC	1.6732566948303427
TTCGTG	1.4808484021302621
TTCGAC	0.8821066063003037
TTCGAG	0.0
TTCTCC	1.0503693403678265
TTCTCG	0.8366283474151714
TAGCTC	0.29403553543343464
TAGCTG	2.7323551542895808
TAGCAC	1.240076022258752
TAGCAG	2.057773698615157
TAGGCT	0.7806729012255946
TAGGCA	1.6462189588921259
TAGGGT	2.590886581997662
TAGGGA	1.63903471156529
TAGGTC	1.5613458024511893
TAGGTG	1.554531949198597
TTCCCT	1.0503693403678263
TTCCCA	0.8859730723266671
TTCCGT	0.0
TTCCGA	0.29403553543343464
TTCCTC	1.470517076514957
TTCCTG	0.8366283474151713
TTCCAC	0.885973072326667
TTCCAG	1.1761421417337383
TAGGAC	0.41155473972303136
TAGGAG	3.8244143269856763
TAGTCC	0.5880710708668693
TAGTCG	0.39033645061279726
TAGTGC	0.7806729012255945
TAGTGG	0.5181773163995322
TAGACC	1.240076022258752
TAGACG	0.0
TAGAGC	2.057773698615157
TAGAGG	2.731724519275483
TATCCC	1.5504528765716674
TATCCG	0.29403553543343464
TATCGC	0.5880710708668693
TATCGG	1.561345802451189
CTAAGC	0.0
CTAAGG	0.8231094794460626
TATGCC	0.29403553543343464
TATGCG	0.7806729012255945
TATGGC	1.9516822530639863
TATGGG	0.0
TAACCC	1.6347339047340244
TAACCG	0.620038011129376
TAACGC	1.240076022258752
TAACGG	0.0
TAAGCC	1.240076022258752
TAAGCG	0.0
TAAGGC	1.2346642191690942
TAAGGG	1.0926898077101932
TGAACC	0.620038011129376
TGAACG	1.6462189588921254
TGAAGC	2.057773698615157
TGAAGG	3.27806942313058
CTAGGT	1.561345802451189
CTAGGA	1.2346642191690942
CTAGTC	0.5880710708668692
CTAGTG	0.0
CTAGAC	0.0
CTAGAG	0.8231094794460626
CTATCC	1.1074663404083338
CTATCG	0.8821066063003037
TGAGTC	0.7806729012255946
TGAGTG	0.0
TGAGAC	1.6462189588921254
TGAGAG	1.0926898077101932
TGATCC	0.29403553543343464
TGATCG	0.0
TGATGC	0.7806729012255945
TGATGG	0.5181773163995322
TGACCT	0.5880710708668693
TGACCA	0.310019005564688
TGACGT	1.9516822530639863
TGACGA	0.0
TGACTC	0.29403553543343464
TGACTG	0.0
TGACAC	0.620038011129376
TGACAG	1.2346642191690942
TGAGCT	1.171009351838392
TGAGCA	1.2346642191690944
TGAGGT	0.0
TGAGGA	3.27806942313058
ACCCTT	1.9934394127350006
ACCCTA	1.6347339047340244
ACCCAT	1.8682673196960276
ACCCAA	0.984912207511547
CTACGT	0.2940355354334345
CTACGA	1.2400760222587517
CTACTC	0.8859730723266668
CTACTG	0.2940355354334345
CTACAC	0.7006002448860104
CTACAG	0.9300570166940637
TGTACC	0.8821066063003039
TGTACG	0.0
TGTAGC	0.39033645061279726
TGTAGG	1.5545319491985967
CTAGCT	2.058248748034042
CTAGCA	1.240076022258752
ACCGTT	0.0
ACCGTA	0.6200380111293758
ACCGAT	0.9300570166940637
ACCGAA	0.653742641477947
ACCTCT	1.1074663404083338
ACCTCA	0.7006002448860104
ACCTGT	1.176142141733738
ACCTGA	1.5500950278234396
ACCTTC	0.8859730723266668
ACCTTG	0.2940355354334345
ACCTAC	0.9341336598480138
ACCTAG	0.9300570166940637
ACCACT	0.9341336598480138
ACCACA	1.4773683112673204
CTTAGC	0.2940355354334346
CTTAGG	2.342018703676783
TGTTCC	0.5577522316101143
TGTTCG	0.7404242010651312
TGTTGC	1.1106363015976966
TGTTGG	0.4914619489197898
CACCAT	1.6347339047340241
CACCAA	1.2311402593894336
CACGTT	1.176142141733738
CACGTA	0.6200380111293758
TGTGCT	0.0
TGTGCA	1.561345802451189
TGTGGT	0.9829238978395796
TGTGGA	1.5545319491985967
TGTGTC	0.37021210053256554
TGTGTG	0.0
TGTGAC	0.39033645061279726
TGTGAG	1.0363546327990645
TGTCCT	0.5577522316101143
TGTCCA	0.0
TGTCGT	0.0
TGTCGA	0.0
TGTCTC	0.5577522316101143
TGTCTG	0.0
TGTCAC	0.0
TGTCAG	0.0
CACCTT	1.5504528765716672
CACCTA	1.401200489772021
CTACCT	0.885973072326667
CTACCA	0.9341336598480138
ACCAGT	0.9300570166940637
ACCAGA	0.9806139622169205
ACCATC	0.23353341496200344
ACCATG	1.5500950278234396
ACCAAC	1.7235963631452071
ACCAAG	0.9806139622169207
ACGCTT	0.0
ACGCTA	1.2400760222587517
ACGCAT	0.3100190055646879
ACGCAA	0.3268713207389735
TGGATC	0.3903364506127972
TGGATG	0.0
TGGAAC	0.4115547397230313
TGGAAG	0.5463449038550966
CACGAT	0.3100190055646879
CACGAA	0.3268713207389735
CACTCT	0.22149326808166675
CACTCA	0.7006002448860104
CACTGT	0.588071070866869
CACTGA	0.9300570166940637
CACTTC	1.3289596084900002
CACTTG	1.176142141733738
CCCATT	2.214932680816668
CCCATA	1.6347339047340244
CTTTGC	0.2788761158050571
CTTTGG	1.110636301597696
CTTACC	1.1074663404083336
CTTACG	0.8821066063003036
TGGTCT	1.4808484021302621
TGGTCA	0.0
TGGTGT	1.4743858467593693
TGGTGA	0.5181773163995322
TGGTTC	0.37021210053256554
TGGTTG	0.9829238978395796
TGGTAC	0.7806729012255945
TGGTAG	0.5181773163995322
TGGACT	1.9516822530639863
TGGACA	0.8231094794460627
TGGAGT	0.0
TGGAGA	0.5463449038550966
CACTAC	0.9341336598480138
CACTAG	1.5500950278234396
CACACT	0.7006002448860104
CACACA	1.4773683112673204
CACAGT	1.8601140333881274
CACAGA	0.9806139622169205
CACATC	0.7006002448860104
CACATG	1.5500950278234396
TGGGTT	1.9658477956791591
TGGGTA	1.0363546327990645
TGGGAT	1.5545319491985967
TGGGAA	1.0926898077101932
CGTTCT	0.8366283474151716
CGTTCA	0.0
CGTTGT	1.4808484021302621
CGTTGA	1.1710093518383917
CGTTTC	0.27887611580505717
CGTTTG	0.3702121005325656
CCGTAT	0.8821066063003039
CCGTAA	0.620038011129376
TGGCTT	1.1106363015976966
TGGCTA	0.39033645061279726
TGGCAT	1.1710093518383917
TGGCAA	1.6462189588921254
CCCAAT	2.335334149620035
CCCAAA	1.2311402593894338
ACGGTT	1.561345802451189
ACGGTA	0.41155473972303136
ACGGAT	1.2346642191690942
ACGGAA	0.0
ACGTCT	0.0
ACGTCA	0.9300570166940638
ACGTGT	0.39033645061279726
ACGTGA	0.41155473972303136
ACGTTC	0.5880710708668692
ACGTTG	1.1710093518383915
CAGCTT	1.4701776771671726
CAGCTA	1.2400760222587517
CAGCAT	0.6200380111293758
CAGCAA	0.0
TGCATC	0.5880710708668692
TGCATG	0.7806729012255944
TGCAAC	1.5500950278234398
TGCAAG	1.234664219169094
CCGTTT	1.1155044632202287
CCGTTA	0.0
CACAAC	0.24622805187788674
CACAAG	1.3074852829558943
TGCTTC	0.0
TGCTTG	2.221272603195393
TGCTAC	0.5880710708668692
TGCTAG	0.7806729012255944
TGCACT	1.1761421417337383
TGCACA	1.240076022258752
TGCAGT	0.7806729012255945
TGCAGA	0.8231094794460627
CGTTAC	0.5880710708668693
CGTTAG	0.7806729012255945
CAGACT	0.0
CAGACA	0.32687132073897357
CAGGTT	0.7806729012255945
CAGGTA	0.8231094794460627
CAGGAT	1.2346642191690942
CAGGAA	2.6035585996017
CAGTCT	0.5880710708668692
CAGTCA	0.620038011129376
TGCGTT	1.1106363015976963
TGCGTA	0.0
TGCGAT	0.7806729012255942
TGCGAA	0.8231094794460626
TGCTCT	0.5577522316101142
TGCTCA	1.470177677167173
TGCTGT	0.3702121005325655
TGCTGA	1.1710093518383915
ACGTAC	0.0
ACGTAG	0.8231094794460626
CTTGGT	1.1106363015976963
CTTGGA	0.3903364506127972
CTTGTC	0.2788761158050571
CTTGTG	0.3702121005325654
CTTGAC	0.2940355354334346
CTTGAG	0.7806729012255944
CTTTCC	0.4201477361471304
CTTTCG	0.8366283474151712
CATCCT	0.4429865361633335
CATCCA	0.7006002448860104
TGCCTT	1.9521328106353997
TGCCTA	1.1761421417337383
TGCCAT	0.5880710708668692
TGCCAA	0.0
CAGTGT	0.7806729012255945
CAGTGA	0.8231094794460627
CAGTTC	0.8821066063003037
CAGTTG	0.7806729012255944
CAGTAC	0.620038011129376
CAGTAG	2.469328438338188
ACGACT	0.310019005564688
ACGACA	0.6537426414779471
ACGAGT	0.0
ACGAGA	0.43392643326694996
ACGATC	0.620038011129376
ACGATG	0.0
ACGAAC	0.6537426414779471
ACGAAG	0.8678528665338999
ACTCCT	0.885973072326667
ACTCCA	0.9341336598480138
CAGAGT	1.6462189588921252
CAGAGA	1.30177929980085
CAGATC	0.0
CAGATG	0.8231094794460626
CAGAAC	0.6537426414779471
CAGAAG	0.8678528665338999
ACTCGT	0.588071070866869
ACTCGA	0.6200380111293758
ACTCTC	0.8859730723266668
ACTCTG	0.2940355354334345
ACTCAC	0.9341336598480138
ACTCAG	0.3100190055646879
ACTGCT	0.5880710708668692
ACTGCA	1.240076022258752
ACTGGT	0.0
ACTGGA	0.41155473972303136
ACTGTC	0.0
ACTGTG	0.0
TCAACC	2.568867564582038
TCAACG	0.3100190055646879
TCAAGC	1.8601140333881276
TCAAGG	1.234664219169094
ACTGAC	0.620038011129376
ACTGAG	0.4115547397230313
ACTTCC	1.1074663404083338
ACTTCG	1.1761421417337383
ACTTGC	0.5880710708668692
ACTTGG	1.951682253063986
ACTACC	1.6347339047340241
ACTACG	1.2400760222587517
ACTAGC	1.240076022258752
ACTAGG	0.8231094794460626
TCAGAC	0.310019005564688
TCAGAG	0.8231094794460626
TCATCC	0.4429865361633335
TCATCG	0.0
TCATGC	0.2940355354334346
TCATGG	1.1710093518383915
TCACGT	0.2940355354334345
TCACGA	0.3100190055646879
TCACTC	0.8859730723266668
TCACTG	0.8821066063003036
TCACAC	0.9341336598480138
TCACAG	0.9300570166940637
TCAGCT	0.5880710708668692
TCAGCA	1.240076022258752
TCAGGT	1.1710093518383917
TCAGGA	0.8231094794460627
TCAGTC	0.2940355354334346
TCAGTG	0.3903364506127972
CTTCGT	0.2788761158050571
CTTCGA	0.5880710708668692
CTTCTC	1.2604432084413912
CTTCTG	0.8366283474151712
CTTCAC	0.4429865361633334
CTTCAG	0.588071070866869
TCTAGC	1.4701776771671728
TCTAGG	1.951682253063986
TCACCT	1.771946144653334
TCACCA	1.8682673196960276
CTTGCT	1.1155044632202284
CTTGCA	2.058248748034042
ACACCT	1.6347339047340244
ACACCA	1.4773683112673206
ACACGT	0.9300570166940638
ACACGA	0.9806139622169207
ACACTC	0.0
ACACTG	1.240076022258752
ACACAC	1.7235963631452076
ACACAG	1.634356603694868
ACAGCT	1.5500950278234398
ACAGCA	1.3074852829558943
ACAGGT	0.8231094794460627
ACAGGA	3.4714114661355997
ACAGTC	1.240076022258752
ACAGTG	0.41155473972303136
ACAGAC	1.3074852829558945
ACAGAG	1.30177929980085
ACATCC	0.7006002448860105
ACATCG	0.620038011129376
ACATGC	1.5500950278234398
ACATGG	2.0577736986151565
TCTTGC	1.6732566948303425
TCTTGG	1.851060502662827
TCTACC	1.3289596084900002
TCTACG	0.0
ACAACC	1.4773683112673206
ACAACG	0.9806139622169208
ACAAGC	0.9806139622169207
ACAAGG	1.7357057330677998
CATGCT	0.2940355354334346
CATGCA	1.240076022258752
TCTGCT	1.1155044632202284
TCTGCA	0.2940355354334346
TCTGGT	0.3702121005325655
TCTGGA	0.0
TCTGTC	0.2788761158050571
TCTGTG	1.110636301597696
TCTGAC	0.8821066063003037
TCTGAG	0.3903364506127972
TCTTCC	1.6805909445885217
TCTTCG	0.0
CTGAGT	1.1710093518383917
CTGAGA	0.0
CTGATC	0.2940355354334346
CTGATG	1.1710093518383915
TCTCAC	1.1074663404083336
TCTCAG	0.588071070866869
CATCGT	0.2940355354334345
CATCGA	0.3100190055646879
CATCTC	0.8859730723266668
CATCTG	1.176142141733738
CATCAC	1.1676670748100173
CATCAG	0.9300570166940637
TCGAGT	0.0
TCGAGA	0.0
TCGATC	0.2940355354334346
TCGATG	0.3903364506127972
TCGAAC	0.0
TCGAAG	0.0
TCTCCT	0.2100738680735652
TCTCCA	0.4429865361633334
TCTCGT	0.8366283474151712
TCTCGA	0.0
TCTCTC	0.2100738680735652
TCTCTG	0.5577522316101142
CTGAAC	1.8601140333881276
CTGAAG	2.469328438338188
CTTCCT	0.6302216042206956
CTTCCA	2.214932680816667
AGCCTT	0.8821066063003036
AGCCTA	1.2400760222587517
AGCCAT	1.2400760222587517
AGCCAA	1.6343566036948676
CTGTGT	1.1106363015976963
CTGTGA	0.7806729012255944
CTGTTC	1.3943805790252857
CTGTTG	1.1106363015976966
TCGTCT	0.8366283474151713
TCGTCA	1.7642132126006076
TCGTGT	0.3702121005325655
TCGTGA	0.3903364506127972
TCGTTC	0.0
TCGTTG	0.7404242010651311
TCGTAC	0.2940355354334346
TCGTAG	1.951682253063986
TCGACT	0.0
TCGACA	1.240076022258752
TCGGTT	0.3702121005325655
TCGGTA	0.7806729012255944
TCGGAT	0.3903364506127971
TCGGAA	0.4115547397230313
CATGGT	2.3420187036767834
CATGGA	0.41155473972303136
CATGTC	0.2940355354334346
CATGTG	0.0
CATGAC	1.5500950278234398
CATGAG	0.8231094794460626
CATTCC	1.5504528765716672
CATTCG	0.5880710708668692
CATACC	1.4012004897720207
CATACG	0.0
TCGCTT	0.0
TCGCTA	0.5880710708668692
TCGCAT	0.5880710708668692
TCGCAA	0.620038011129376
CCGATT	1.1761421417337385
CCGATA	0.310019005564688
CCGAAT	0.310019005564688
CCGAAA	1.961227924433842
CTGTAC	0.2940355354334346
CTGTAG	0.7806729012255944
CTGACT	1.1761421417337383
CTGACA	0.310019005564688
AGCGTT	0.39033645061279726
AGCGTA	0.41155473972303136
AGCGAT	1.2346642191690942
AGCGAA	0.43392643326694996
AGCTCT	1.4701776771671728
AGCTCA	0.620038011129376
AGCTGT	1.561345802451189
AGCTGA	1.6462189588921254
CTGGTT	1.1106363015976963
CTGGTA	0.0
TCCATC	0.885973072326667
TCCATG	0.8821066063003037
TCCAAC	0.467066829924007
TCCAAG	1.240076022258752
CATTGC	1.4701776771671728
CATTGG	1.5613458024511888
CTGGAT	0.3903364506127971
CTGGAA	0.0
CTGTCT	0.2788761158050571
CTGTCA	0.0
AGCTTC	0.5880710708668692
AGCTTG	0.7806729012255944
AGCTAC	1.240076022258752
AGCTAG	0.4115547397230313
AGCACT	3.1001900556468796
AGCACA	1.9612279244338413
AGCAGT	2.0577736986151565
AGCAGA	0.8678528665338999
CAACCT	1.6347339047340244
CAACCA	0.9849122075115472
TCCTGT	0.2788761158050571
TCCTGA	0.5880710708668692
TCCTTC	1.050369340367826
TCCTTG	0.5577522316101142
TCCTAC	1.1074663404083336
TCCTAG	0.8821066063003036
TCCACT	1.1074663404083338
TCCACA	0.934133659848014
TCCAGT	0.5880710708668692
TCCAGA	0.620038011129376
AGCATC	0.9300570166940638
AGCATG	0.8231094794460626
AGCAAC	0.6537426414779471
AGCAAG	1.30177929980085
CCCTTT	1.2604432084413915
CCCTTA	3.5438922893066684
CGTAAC	0.620038011129376
CGTAAG	1.6462189588921254
CTGCTT	0.5577522316101142
CTGCTA	1.1761421417337383
TCCGAT	0.0
TCCGAA	0.0
TCCTCT	1.050369340367826
TCCTCA	1.1074663404083336
CATAGC	0.310019005564688
CATAGG	1.234664219169094
CAACAC	0.9849122075115472
CAACAG	0.6537426414779473
CAAGCT	0.9300570166940638
CAAGCA	0.9806139622169207
CCTCAT	0.8859730723266671
CCTCAA	0.934133659848014
TCCCTT	0.840295472294261
TCCCTA	1.3289596084900004
TCCCAT	1.3289596084900004
TCCCAA	1.1676670748100173
TCCGTT	0.0
TCCGTA	0.0
CTGCAT	0.5880710708668692
CTGCAA	0.620038011129376
CCCTAT	4.872851897796669
CCCTAA	0.934133659848014
AGGCTT	1.9516822530639863
AGGCTA	2.057773698615157
AGGCAT	2.88088317806122
AGGCAA	1.30177929980085
CTCAAC	1.1676670748100175
CTCAAG	1.240076022258752
CGTACT	0.29403553543343464
CGTACA	0.0
CGTAGT	0.0
CGTAGA	1.2346642191690942
CCTCTT	2.1007386807356525
CCTCTA	1.5504528765716674
CAACGT	0.310019005564688
CAACGA	0.32687132073897357
CAACTC	1.1676670748100175
CAACTG	0.620038011129376
GAAAGC	1.7357057330677998
GAAAGG	1.7281309574247359
CAAGGT	0.0
CAAGGA	1.7357057330677998
CAAGTC	0.620038011129376
CAAGTG	1.2346642191690942
CAAGAC	1.3074852829558945
CAAGAG	1.30177929980085
CAATCC	1.6347339047340244
CAATCG	0.620038011129376
CGTATC	0.29403553543343464
CGTATG	0.0
AGGGTT	2.590886581997661
AGGGTA	1.6390347115652897
AGGGAT	2.731724519275483
AGGGAA	0.0
CTCTAC	0.4429865361633334
CTCTAG	0.588071070866869
CTCACT	0.6644798042450002
CTCACA	0.7006002448860105
CTCAGT	0.2940355354334346
CTCAGA	0.9300570166940638
GAATGC	0.4115547397230313
GAATGG	0.5463449038550966
GAAACC	0.9806139622169207
GAAACG	0.43392643326694996
CTCATC	0.885973072326667
CTCATG	0.5880710708668692
AGGTCT	0.39033645061279726
AGGTCA	1.2346642191690942
AGGTGT	0.0
AGGTGA	1.6390347115652897
AGGTTC	0.3903364506127972
AGGTTG	0.0
AGGTAC	0.0
AGGTAG	1.6390347115652897
GAAGCT	1.2346642191690942
GAAGCA	1.7357057330677998
GAAGGT	0.0
GAAGGA	1.152087304949824
GAAGTC	0.8231094794460626
GAAGTG	0.0
GAAGAC	2.16963216633475
GAAGAG	1.152087304949824
GAATCC	0.9300570166940638
GAATCG	1.234664219169094
GAACCT	0.620038011129376
GAACCA	1.3074852829558943
GAACGT	0.8231094794460626
GAACGA	0.0
GAACTC	0.310019005564688
GAACTG	0.4115547397230313
GAACAC	0.9806139622169207
GAACAG	0.8678528665338999
AGGACT	2.057773698615157
AGGACA	0.8678528665338999
AGGAGT	6.009793942406062
AGGAGA	0.576043652474912
AGGATC	0.8231094794460626
AGGATG	0.5463449038550966
AGGAAC	1.30177929980085
AGGAAG	0.0
AGTCCT	0.2940355354334346
AGTCCA	0.9300570166940638
AGTCGT	0.39033645061279726
AGTCGA	0.41155473972303136
GATACC	1.240076022258752
GATACG	0.4115547397230313
GATAGC	2.0577736986151565
GATAGG	1.0926898077101932
AGTCTC	0.0
AGTCTG	0.0
AGTCAC	0.9300570166940638
AGTCAG	0.8231094794460626
CTCGAT	0.2940355354334346
CTCGAA	0.310019005564688
CTCTCT	0.6302216042206956
CTCTCA	0.6644798042450001
CTCTGT	0.5577522316101142
CTCTGA	0.8821066063003037
CTCTTC	0.8402954722942608
CTCTTG	0.5577522316101142
GATGAC	2.0577736986151565
GATGAG	0.5463449038550965
GATTCC	0.2940355354334346
GATTCG	0.7806729012255944
GATTGC	0.0
GATTGG	0.5181773163995322
AGTGCT	0.7806729012255942
AGTGCA	0.8231094794460626
AGTGGT	0.5181773163995321
AGTGGA	0.0
AGTGTC	0.3903364506127971
AGTGTG	1.5545319491985963
AGTGAC	1.234664219169094
AGTGAG	0.0
AGTTCC	0.0
AGTTCG	0.3903364506127972
AGTTGC	0.7806729012255944
AGTTGG	1.5545319491985967
AGTACC	0.310019005564688
AGTACG	0.4115547397230313
GATCTC	0.2940355354334346
GATCTG	1.1710093518383915
GATCAC	0.9300570166940638
GATCAG	0.4115547397230313
GATGCT	0.7806729012255942
GATGCA	0.8231094794460626
GATGGT	0.5181773163995321
GATGGA	0.5463449038550965
GATGTC	0.0
GATGTG	0.0
AGTAGC	1.234664219169094
AGTAGG	1.6390347115652897
CTCCTT	0.6302216042206957
CTCCTA	1.3289596084900004
CAAACC	0.7386841556336603
CAAACG	0.3268713207389736
GAGATC	0.0
GAGATG	1.0926898077101932
GAGAAC	0.43392643326694996
GAGAAG	1.152087304949824
GATCCT	0.5880710708668692
GATCCA	0.0
GATCGT	0.0
GATCGA	0.0
CTCCAT	0.6644798042450002
CTCCAA	0.7006002448860104
CTCGTT	0.8366283474151712
CTCGTA	0.2940355354334346
AGACCT	1.240076022258752
AGACCA	0.9806139622169207
AGACGT	0.8231094794460626
AGACGA	0.8678528665338999
AGACTC	0.310019005564688
AGACTG	0.0
AGACAC	1.3074852829558943
AGACAG	0.8678528665338999
GAGACT	1.2346642191690942
GAGACA	0.8678528665338999
GAGAGT	1.0926898077101932
GAGAGA	1.7281309574247359
CAATGC	1.8601140333881276
CAATGG	0.8231094794460626
GAGGTT	0.0
GAGGTA	0.5463449038550966
GAGGAT	1.6390347115652897
GAGGAA	1.7281309574247359
GAGTCT	0.39033645061279726
GAGTCA	0.8231094794460627
GAGTGT	1.0363546327990645
GAGTGA	2.731724519275483
GAGTTC	0.7806729012255944
GAGTTG	0.5181773163995322
GAGTAC	0.0
GAGTAG	0.5463449038550966
AGAGCT	1.6462189588921254
AGAGCA	0.8678528665338999
AGAGGT	0.5463449038550966
AGAGGA	1.152087304949824
AGAGTC	0.8231094794460626
AGAGTG	2.731724519275483
AGAGAC	2.16963216633475
AGAGAG	0.576043652474912
AGATCC	0.310019005564688
AGATCG	0.4115547397230313
AGATGC	0.8231094794460626
AGATGG	1.0926898077101932
AGAACC	0.6537426414779471
AGAACG	0.43392643326694996
CAAAGC	0.32687132073897357
CAAAGG	1.30177929980085
GAGCTT	2.3420187036767834
GAGCTA	1.6462189588921254
GAGCAT	1.2346642191690942
GAGCAA	1.30177929980085
CGTGTT	0.37021210053256554
CGTGTA	0.39033645061279726
CGTGAT	0.7806729012255946
CGTGAA	0.8231094794460629
GACACT	0.310019005564688
GACACA	1.3074852829558943
GACAGT	0.4115547397230313
GACAGA	1.30177929980085
GACATC	0.620038011129376
GACATG	0.0
GACAAC	1.6343566036948678
GACAAG	0.8678528665338999
AGAAGC	3.03748503286865
AGAAGG	1.152087304949824
ATCCCT	0.6644798042450002
ATCCCA	0.934133659848014
ATCCGT	0.2940355354334346
ATCCGA	0.0
CGTCTT	0.8366283474151716
CGTCTA	0.5880710708668693
CGTCAT	1.4701776771671733
CGTCAA	0.930057016694064
GACTCT	0.5880710708668692
GACTCA	0.620038011129376
GACTGT	0.0
GACTGA	0.0
GACTTC	2.058248748034042
GACTTG	0.7806729012255944
GACTAC	1.240076022258752
GACTAG	0.4115547397230313
GCCATT	1.1761421417337385
GCCATA	0.930057016694064
GCCAAT	2.480152044517504
GCCAAA	0.3268713207389737
GCCTTT	1.9521328106354003
GCCTTA	1.4701776771671733
GCCTAT	1.7642132126006078
GCCTAA	1.55009502782344
CGGATT	0.7806729012255946
CGGATA	0.41155473972303147
CCTGAT	0.5880710708668693
CCTGAA	1.860114033388128
GACGTT	1.9516822530639863
GACGTA	0.0
GACGAT	0.8231094794460627
GACGAA	0.8678528665338999
GCGTAT	0.3903364506127973
GCGTAA	0.8231094794460629
CGCATT	1.1761421417337385
CGCATA	0.0
CGGTTT	0.7404242010651311
CGGTTA	0.7806729012255945
CGGTAT	1.5613458024511893
CGGTAA	0.0
GACCTT	0.588071070866869
GACCTA	0.9300570166940637
GACCAT	0.9300570166940637
GACCAA	1.307485282955894
CCTGTT	1.9521328106354003
CCTGTA	0.5880710708668693
CGGAAT	0.41155473972303136
CGGAAA	0.43392643326694996
ATCCTC	0.885973072326667
ATCCTG	0.8821066063003037
ATCCAC	1.1676670748100175
ATCCAG	0.620038011129376
CGAAGT	0.0
CGAAGA	0.43392643326694996
CGAATC	0.620038011129376
CGAATG	0.0
CGAAAC	0.6537426414779473
CGAAAG	1.7357057330677998
GCGAAT	0.41155473972303136
GCGAAA	0.43392643326694996
GTAAGC	0.8231094794460627
GTAAGG	1.0926898077101932
GCGTTT	0.0
GCGTTA	0.7806729012255945
ATCGCT	0.5880710708668693
ATCGCA	0.930057016694064
ATCGGT	0.0
ATCGGA	1.2346642191690942
ATCGTC	0.29403553543343464
ATCGTG	0.39033645061279726
ATCGAC	0.310019005564688
ATCGAG	0.0
ATCTCC	0.22149326808166678
ATCTCG	0.0
GTAACC	0.620038011129376
GTAACG	0.41155473972303136
CGCAAT	1.55009502782344
CGCAAA	0.0
GCGATT	0.0
GCGATA	2.0577736986151574
ATCTGC	0.5880710708668693
ATCTGG	0.7806729012255945
ATCACC	2.3353341496200355
ATCACG	0.310019005564688
ATCAGC	0.930057016694064
ATCAGG	1.2346642191690942
ATGCCT	0.29403553543343464
ATGCCA	0.930057016694064
GTAGTC	0.0
GTAGTG	0.0
GTAGAC	1.2346642191690942
GTAGAG	0.5463449038550966
GTATCC	0.8821066063003039
GTATCG	0.39033645061279726
GTATGC	0.39033645061279726
GTATGG	0.0
GCTCAT	2.0582487480340426
GCTCAA	1.860114033388128
GTACGT	0.0
GTACGA	0.41155473972303136
GTACTC	0.5880710708668693
GTACTG	0.0
GTACAC	0.930057016694064
GTACAG	0.41155473972303136
GTAGCT	1.9516822530639866
GTAGCA	1.2346642191690944
GTAGGT	0.5181773163995324
GTAGGA	1.0926898077101932
ATGCGT	0.39033645061279726
ATGCGA	0.41155473972303136
ATGCTC	0.29403553543343464
ATGCTG	0.7806729012255945
ATGCAC	1.240076022258752
ATGCAG	0.41155473972303136
ATGGCT	0.3903364506127973
ATGGCA	1.6462189588921259
ATGGGT	1.554531949198597
ATGGGA	0.5463449038550966
ATGGTC	0.7806729012255946
ATGGTG	1.554531949198597
GTTAGC	0.7806729012255945
GTTAGG	1.5545319491985967
GTACCT	0.29403553543343464
GTACCA	0.930057016694064
GCTCTT	1.6732566948303431
GCTCTA	0.29403553543343464
ATGGAC	1.6462189588921254
ATGGAG	0.5463449038550966
ATGTCC	0.0
ATGTCG	0.0
ATGTGC	0.7806729012255945
ATGTGG	1.0363546327990645
ATGACC	1.860114033388128
ATGACG	0.8231094794460627
ATGAGC	1.6462189588921254
ATGAGG	2.1853796154203864
ATTCCC	1.3289596084900006
ATTCCG	0.29403553543343464
ATTCGC	0.29403553543343464
ATTCGG	0.7806729012255945
GTTTGC	0.0
GTTTGG	1.9658477956791591
GTTACC	1.1761421417337385
GTTACG	0.0
ATTGCC	2.0582487480340426
ATTGCG	1.561345802451189
ATTGGC	2.3420187036767834
ATTGGG	2.072709265598129
ATACCC	1.868267319696028
ATACCG	0.9300570166940638
ATACGC	0.620038011129376
ATACGG	1.234664219169094
GCTTGT	1.4808484021302621
GCTTGA	0.39033645061279726
GTTGGT	0.9829238978395796
GTTGGA	1.0363546327990645
GTTGTC	0.37021210053256554
GTTGTG	0.9829238978395796
GTTGAC	1.1710093518383917
GTTGAG	2.072709265598129
GTTTCC	0.0
GTTTCG	1.1106363015976968
ATAGCC	2.790171050082192
ATAGCG	1.2346642191690942
ATAGGC	2.4693284383381884
ATAGGG	3.8244143269856763
GTTCTC	0.27887611580505717
GTTCTG	0.7404242010651312
GTTCAC	1.4701776771671733
GTTCAG	1.1710093518383917
GTTGCT	0.7404242010651311
GTTGCA	1.1710093518383917
GCTGTT	0.37021210053256554
GCTGTA	1.561345802451189
GCTGAT	2.732355154289581
GCTGAA	2.0577736986151574
GCTTCT	1.1155044632202287
GCTTCA	0.0
GCTAGT	0.7806729012255945
GCTAGA	0.41155473972303136
GTGAGT	0.0
GTGAGA	0.5463449038550966
GTGATC	0.3903364506127972
GTGATG	1.0363546327990645
GTGAAC	0.0
GTGAAG	1.0926898077101932
GTTCCT	0.5577522316101143
GTTCCA	0.29403553543343464
GTTCGT	1.4808484021302621
GTTCGA	0.0
CGATGT	0.7806729012255945
CGATGA	0.41155473972303136
CGATTC	0.8821066063003039
CGATTG	0.39033645061279726
CGATAC	0.930057016694064
CGATAG	0.8231094794460627
GTGTAC	0.7806729012255945
GTGTAG	0.5181773163995322
GTGACT	0.39033645061279726
GTGACA	0.41155473972303136
GCTTTC	1.1155044632202287
GCTTTG	0.7404242010651312
GCTTAC	1.1761421417337385
GCTTAG	0.39033645061279726
GCTACT	0.5880710708668693
GCTACA	1.240076022258752
CGCTTT	0.5577522316101143
CGCTTA	0.29403553543343464
GTGGTT	0.4914619489197898
GTGGTA	0.5181773163995322
GTGGAT	1.0363546327990645
GTGGAA	0.0
GTGTCT	0.0
GTGTCA	0.39033645061279726
GTGTGT	0.0
GTGTGA	0.5181773163995322
GTGTTC	0.7404242010651311
GTGTTG	0.9829238978395796
CGAACT	0.0
CGAACA	0.32687132073897357
AACCCT	0.7006002448860106
AACCCA	1.9698244150230948
AACCGT	0.6200380111293762
AACCGA	0.3268713207389737
AACCTC	0.7006002448860106
AACCTG	1.5500950278234404
AACCAC	0.9849122075115472
AACCAG	1.3074852829558947
CGAGTT	0.7806729012255946
CGAGTA	0.0
GCACAT	1.860114033388128
GCACAA	1.3074852829558947
CCTTAC	1.5504528765716672
CCTTAG	1.1761421417337383
GTGCTT	0.37021210053256554
GTGCTA	0.39033645061279726
GTGCAT	0.7806729012255945
GTGCAA	0.8231094794460627
GCTATC	0.8821066063003039
GCTATG	1.1710093518383917
GCTAAC	1.55009502782344
GCTAAG	0.41155473972303136
GTCAAC	0.9300570166940638
GTCAAG	2.0577736986151565
CCTTCT	1.8906648126620873
CCTTCA	1.5504528765716674
CCTTGT	0.0
CCTTGA	0.5880710708668693
CCTTTC	1.470517076514957
CCTTTG	0.8366283474151713
CGCTAT	2.352284283467477
CGCTAA	1.55009502782344
GCACTT	2.646319818900912
GCACTA	3.10019005564688
GCAGTT	0.7806729012255946
GCAGTA	2.0577736986151574
GCAGAT	1.6462189588921254
GCAGAA	0.8678528665338999
GTCTAC	0.2940355354334346
GTCTAG	0.7806729012255944
GTCACT	0.2940355354334346
GTCACA	0.310019005564688
GTCAGT	0.0
GTCAGA	1.2346642191690942
GTCATC	0.8821066063003037
GTCATG	0.0
CGAGAT	0.0
CGAGAA	0.0
CGATCT	0.5880710708668693
CGATCA	0.310019005564688
AACGCT	0.930057016694064
AACGCA	0.0
AACGGT	0.8231094794460629
AACGGA	0.8678528665339001
AACGTC	0.0
AACGTG	0.41155473972303136
AACGAC	0.6537426414779474
AACGAG	0.0
GCATAC	1.240076022258752
GCATAG	0.41155473972303136
GTCGAT	0.0
GTCGAA	0.0
GTCTCT	0.2788761158050571
GTCTCA	0.8821066063003038
GTCTGT	0.3702121005325655
GTCTGA	0.0
GTCTTC	0.5577522316101142
GTCTTG	1.1106363015976966
AACTCC	0.7006002448860106
AACTCG	0.620038011129376
AACTGC	1.55009502782344
AACTGG	1.2346642191690942
GCAAAC	0.9806139622169208
GCAAAG	0.8678528665338999
GTCCTT	0.2788761158050571
GTCCTA	0.2940355354334346
GTCCAT	0.8821066063003037
GTCCAA	0.310019005564688
GTCGTT	0.0
GTCGTA	0.7806729012255944
GCATCT	0.0
GCATCA	1.240076022258752
GCATGT	1.1710093518383917
GCATGA	0.41155473972303136
GCATTC	2.352284283467477
GCATTG	0.39033645061279726
AACACC	1.4773683112673206
AACACG	0.3268713207389737
AACAGC	1.3074852829558947
AACAGG	2.6035585996017003
GGAATC	0.8231094794460626
GGAATG	0.5463449038550966
GGAAAC	1.30177929980085
GGAAAG	0.576043652474912
GCAACT	0.620038011129376
GCAACA	1.6343566036948678
GCAAGT	0.8231094794460627
GCAAGA	0.8678528665338999
GCAATC	1.55009502782344
GCAATG	1.2346642191690942
CCAAGT	0.9300570166940643
CCAAGA	0.9806139622169211
GGATGT	0.0
GGATGA	1.0926898077101932
GGATTC	1.951682253063986
GGATTG	0.5181773163995322
GGATAC	0.8231094794460626
GGATAG	1.6390347115652897
GGAACT	1.2346642191690942
GGAACA	0.0
GGAAGT	0.0
GGAAGA	0.576043652474912
AAGCCT	2.1701330389528155
AAGCCA	1.3074852829558943
AAGCGT	0.0
AAGCGA	0.0
AAGCTC	1.240076022258752
AAGCTG	0.8231094794460627
AAGCAC	1.3074852829558945
AAGCAG	0.8678528665338999
CCAATC	0.9341336598480142
CCAATG	1.8601140333881285
CCAAAC	0.9849122075115472
CCAAAG	0.3268713207389737
GGAGTT	0.5181773163995322
GGAGTA	3.824414326985676
GGAGAT	1.0926898077101932
GGAGAA	0.0
GGATCT	0.0
GGATCA	1.2346642191690942
CCAACT	0.4670668299240071
CCAACA	1.7235963631452078
GGCTTT	1.8510605026628275
GGCTTA	1.9516822530639863
GGCTAT	1.1710093518383917
GGCTAA	2.4693284383381884
GGCATT	3.5130280555151754
GGCATA	0.41155473972303136
CCTAAC	0.7006002448860105
CCTAAG	0.310019005564688
GGACTT	1.1710093518383917
GGACTA	3.7039926575072823
GGACAT	0.41155473972303136
GGACAA	2.16963216633475
CCTACT	0.6644798042450002
CCTACA	0.7006002448860105
CCTAGT	0.5880710708668692
CCTAGA	0.0
CCTATC	0.885973072326667
CCTATG	1.4701776771671728
GGCAAT	1.2346642191690942
GGCAAA	1.7357057330677998
CCATCT	0.6644798042450005
CCATCA	1.1676670748100177
CCATGT	1.4701776771671735
CCATGA	1.2400760222587521
CCATTC	0.8859730723266673
CCATTG	2.3522842834674775
CGACTT	0.0
CGACTA	0.310019005564688
CGACAT	0.310019005564688
CGACAA	0.6537426414779474
AAGGCT	2.057773698615157
AAGGCA	2.16963216633475
AAGGGT	1.63903471156529
AAGGGA	0.0
AAGGTC	0.0
AAGGTG	0.5463449038550966
AAGGAC	2.6035585996017003
AAGGAG	1.7281309574247365
GGTTAC	0.39033645061279726
GGTTAG	2.590886581997661
GGTACT	0.39033645061279726
GGTACA	0.0
GGTAGT	0.5181773163995322
GGTAGA	1.0926898077101932
GGTATC	0.7806729012255944
GGTATG	1.0363546327990645
GGTAAC	0.0
GGTAAG	0.0
AAGTCC	0.310019005564688
AAGTCG	0.41155473972303136
AAGTGC	0.0
AAGTGG	0.0
CCATAC	0.9341336598480142
CCATAG	0.310019005564688
CCAGTT	1.1761421417337388
CCAGTA	0.6200380111293761
GGTGAT	0.5181773163995322
GGTGAA	1.63903471156529
GGTTCT	0.7404242010651311
GGTTCA	0.7806729012255945
GGTTGT	0.0
GGTTGA	0.5181773163995322
GGTTTC	1.1106363015976966
GGTTTG	2.457309744598949
CCACAT	1.4012004897720212
CCACAA	0.7386841556336605
GGGTTT	3.9316955913583183
GGGTTA	1.5545319491985967
GGGTAT	2.590886581997661
GGGTAA	0.5463449038550966
CCAGAT	0.3100190055646881
CCAGAA	0.9806139622169211
CCACTT	1.5504528765716679
CCACTA	1.4012004897720212
GGTCTT	1.1106363015976966
GGTCTA	0.7806729012255945
GGTCAT	0.0
GGTCAA	2.057773698615157
GGTGTT	0.9829238978395796
GGTGTA	1.5545319491985967
AAGACC	1.634356603694868
AAGACG	0.8678528665338999
AAGAGC	1.30177929980085
AAGAGG	1.1520873049498244
AATCCC	2.1018007346580316
AATCCG	0.620038011129376
AATCGC	2.1701330389528155
AATCGG	1.6462189588921252
AATGCC	0.620038011129376
AATGCG	0.0
AATGGC	1.2346642191690942
AATGGG	3.27806942313058
GGGATT	1.5545319491985967
GGGATA	1.63903471156529
GGGAAT	1.0926898077101932
GGGAAA	0.5760436524749122
AAACCC	0.9849122075115472
AAACCG	0.3268713207389737
AAACGC	0.3268713207389737
AAACGG	0.0
CCCCTT	2.3664551575725987
CCCCTA	3.207977013606107
CCCCAT	2.138651342404071
CCCCAA	2.6307239418700337
GGGACT	0.0
GGGACA	1.7584300599969924
GGGAGT	1.106995596963257
GGGAGA	3.501512226702241
GGGATC	0.8338858504363168
GGGATG	3.320986790889771
GGGAAC	0.879215029998496
GGGAAG	1.1671707422340802
GGTCCT	0.5957702557098894
GGTCCA	0.6281557157638629
GGTCGT	0.0
GGTCGA	0.8338858504363168
CCACAC	1.1274531179443004
CCACAG	2.9934208301862806
GGGTCT	0.7908936811044833
GGGTCA	0.8338858504363168
GGGTGT	3.1497686003088776
GGGTGA	1.1069955969632568
GGGTTC	0.7908936811044833
GGGTTG	3.1497686003088776
GGGTAC	0.8338858504363168
GGGTAG	0.0
CCAGAC	0.49890347169771343
CCAGAG	1.9869048486315422
GGGGTT	5.249614333848131
GGGGTA	2.213991193926514
GGGGAT	1.106995596963257
GGGGAA	2.3343414844681605
CCACCT	0.3564418904006786
CCACCA	2.630723941870034
CCACGT	1.4195453839647973
CCACGA	0.0
CCACTC	0.7128837808013572
CCACTG	0.0
GGTCTC	1.1915405114197788
GGTCTG	0.7908936811044833
GGTCAC	1.2563114315277257
GGTCAG	0.0
GGTGCT	1.5817873622089667
GGTGCA	0.0
GGTGGT	0.0
GGTGGA	1.1069955969632568
GGTGTC	0.7908936811044833
GGTGTG	0.0
GGGCTT	4.7453620866268995
GGGCTA	5.003315102617901
GGGCAT	0.0
GGGCAA	0.879215029998496
CCAGCT	1.8927271786197297
CCAGCA	1.4967104150931403
CCAGGT	1.2563114315277257
CCAGGA	1.986904848631542
CCAGTC	0.0
CCAGTG	1.884467147291589
GGTGAC	0.8338858504363168
GGTGAG	1.106995596963257
GGTTCC	0.5957702557098894
GGTTCG	1.5817873622089667
GGTTGC	1.5817873622089667
GGTTGG	3.1497686003088776
GGTACC	1.2563114315277257
GGTACG	0.8338858504363168
GGTAGC	1.6677717008726332
GGTAGG	0.0
CCTACC	1.0693256712020356
CCTACG	1.4195453839647971
CCTAGC	1.8927271786197293
CCTAGG	1.2563114315277255
GGCAAC	1.9869048486315415
GGCAAG	0.0
CCATCC	0.7128837808013572
CCATCG	0.47318179465493243
CCATGC	0.9463635893098649
CCATGG	2.512622863055452
GGCTTC	2.978851278549447
GGCTTG	0.7908936811044833
GGCTAC	3.1407785788193143
GGCTAG	1.6677717008726336
GGCACT	2.5126228630554515
GGCACA	2.6492064648420555
GGCAGT	0.8338858504363166
GGCAGA	1.7584300599969918
GGCATC	0.6281557157638629
GGCATG	0.8338858504363168
GGACCT	2.5126228630554515
GGACCA	1.3246032324210277
GGACGT	0.0
GGACGA	0.8792150299984959
GGACTC	0.6281557157638629
GGACTG	0.0
GGACAC	1.3246032324210277
GGACAG	1.758430059996992
GGCGTT	0.0
GGCGTA	1.6677717008726336
GGCGAT	0.0
GGCGAA	0.0
GGCTCT	1.1915405114197788
GGCTCA	2.5126228630554515
GGCTGT	0.7908936811044833
GGCTGA	4.169429252181584
GGAGCT	4.169429252181583
GGAGCA	2.6376450899954875
GGAGGT	1.1069955969632568
GGAGGA	9.337365937872642
GGAGTC	0.0
GGAGTG	5.534977984816284
GGAGAC	0.8792150299984959
GGAGAG	2.33434148446816
GGATCC	0.0
GGATCG	1.6677717008726336
CGCCTT	2.692717411217271
CGCCTA	1.8927271786197293
CGCCAT	1.8927271786197293
CGCCAA	1.4967104150931398
GGCCTT	1.7873107671296677
GGCCTA	1.2563114315277255
GGCCAT	1.2563114315277255
GGCCAA	3.3115080810525686
CCAACC	1.1274531179443004
CCAACG	0.49890347169771343
CCAAGC	0.9978069433954269
CCAAGG	0.6623016162105141
GGATGC	0.8338858504363166
GGATGG	2.2139911939265136
GGAACC	1.3246032324210277
GGAACG	0.0
GGAAGC	0.0
GGAAGG	1.16717074223408
GTCCCT	0.4487862352028784
GTCCCA	0.9463635893098645
GTCCGT	0.0
GTCCGA	0.0
GCAACC	0.9978069433954266
GCAACG	1.3246032324210277
GCAAGC	1.3246032324210277
GCAAGG	0.0
GTCCTC	0.8975724704057568
GTCCTG	0.0
GTCCAC	0.0
GTCCAG	0.0
GTCGCT	0.0
GTCGCA	0.0
GTCGGT	0.0
GTCGGA	0.0
GTCGTC	0.0
GTCGTG	0.0
GCATCC	0.4731817946549323
GCATCG	0.6281557157638629
GCATGC	0.6281557157638629
GCATGG	0.0
GTCGAC	1.2563114315277255
GTCGAG	0.0
GTCTCC	0.0
GTCTCG	0.0
GTCTGC	0.0
GTCTGG	0.0
CGCGTT	0.5957702557098894
CGCGTA	0.6281557157638629
CGCGAT	0.6281557157638629
CGCGAA	0.0
GCAGCT	2.5126228630554515
GCAGCA	2.649206464842056
GCAGGT	0.0
GCAGGA	2.6376450899954884
GCAGTC	0.0
GCAGTG	0.8338858504363169
GCAGAC	0.0
GCAGAG	1.758430059996992
GTCACC	2.365908973274662
GTCACG	0.0
GTCAGC	0.0
GTCAGG	1.6677717008726336
CCTTCC	1.3522600900414847
CCTTCG	0.8975724704057569
CCTTGC	0.8975724704057569
CCTTGG	0.5957702557098894
CGCTAC	0.4731817946549323
CGCTAG	0.0
GCACCT	2.365908973274662
GCACCA	0.0
GCACGT	0.0
GCACGA	0.0
GCACTC	0.4731817946549323
GCACTG	0.6281557157638629
GCACAC	0.9978069433954266
GCACAG	1.324603232421028
GTGCCT	4.1703917899692255
GTGCCA	0.6281557157638629
GTGCGT	0.0
GTGCGA	1.6677717008726336
GTGCTC	0.5957702557098894
GTGCTG	0.7908936811044833
GTGCAC	0.6281557157638629
GTGCAG	1.6677717008726336
CGCTCT	0.44878623520287847
CGCTCA	1.4195453839647973
CGCTGT	0.0
CGCTGA	2.5126228630554515
CGCTTC	0.0
CGCTTG	0.0
GTGGCT	0.7908936811044833
GTGGCA	0.8338858504363168
GTGGGT	1.0499228667696259
GTGGGA	0.0
GTGGTC	0.7908936811044833
GTGGTG	0.0
GTGGAC	1.6677717008726336
GTGGAG	1.106995596963257
GTGTCC	1.7873107671296684
GTGTCG	0.0
GTGTGC	1.5817873622089667
GTGTGG	0.0
GTGACC	1.2563114315277257
GTGACG	1.6677717008726336
GCTACC	1.4195453839647971
GCTACG	1.8844671472915888
GCTAGC	1.2563114315277257
GCTAGG	0.0
GTGAGC	0.8338858504363166
GTGAGG	2.2139911939265136
GTTCCC	0.44878623520287847
GTTCCG	0.0
GTTCGC	0.0
GTTCGG	0.7908936811044833
GTTGCC	0.0
GTTGCG	2.3726810433134498
GCTGTC	0.5957702557098894
GCTGTG	0.0
GCTGAC	1.256311431527726
GCTGAG	1.6677717008726338
GCTTCC	0.8975724704057569
GCTTCG	0.5957702557098894
GCTTGC	1.7873107671296684
GCTTGG	0.7908936811044833
GTTGGC	2.3726810433134498
GTTGGG	1.0499228667696259
GTACCC	0.4731817946549323
GTACCG	1.2563114315277257
GCTCCT	1.3463587056086355
GCTCCA	0.9463635893098649
GCTCGT	0.0
GCTCGA	1.2563114315277257
GCTCTC	0.8975724704057569
GCTCTG	0.5957702557098894
GCTCAC	0.0
GCTCAG	0.6281557157638629
GCTGCT	2.3830810228395576
GCTGCA	0.6281557157638629
GCTGGT	3.1635747244179337
GCTGGA	0.8338858504363169
GTACGC	0.6281557157638629
GTACGG	0.0
GTAGCC	0.628155715763863
GTAGCG	0.0
GTAGGC	2.5016575513089507
GTAGGG	1.106995596963257
CGCAAC	0.4989034716977133
CGCAAG	0.0
GCGACT	1.2563114315277257
GCGACA	0.0
GCGAGT	0.8338858504363169
GCGAGA	0.8792150299984962
GCGATC	0.0
GCGATG	0.8338858504363169
GCGAAC	0.662301616210514
GCGAAG	0.0
GACCCT	2.365908973274661
GACCCA	1.9956138867908528
GACCGT	0.6281557157638628
GACCGA	1.3246032324210275
GCGTTC	0.5957702557098894
GCGTTG	1.5817873622089667
GCGTAC	0.628155715763863
GCGTAG	0.0
CGCACT	1.4195453839647971
CGCACA	0.0
CGCAGT	0.0
CGCAGA	1.3246032324210277
CGCATC	0.0
CGCATG	0.0
CGGGTT	0.7908936811044834
CGGGTA	0.0
CGGGAT	0.8338858504363169
CGGGAA	0.8792150299984962
CGGCTT	1.1915405114197788
CGGCTA	2.5126228630554515
CGGCAT	1.2563114315277257
CGGCAA	1.324603232421028
GCGGTT	2.37268104331345
GCGGTA	2.5016575513089507
GCGGAT	0.0
GCGGAA	0.8792150299984962
GCGTCT	1.1915405114197788
GCGTCA	1.2563114315277257
GCGTGT	0.7908936811044834
GCGTGA	0.8338858504363169
CGGTCT	1.1915405114197788
CGGTCA	1.8844671472915888
CGGTGT	0.0
CGGTGA	0.8338858504363169
CGGTTC	2.3830810228395576
CGGTTG	0.7908936811044833
CGGTAC	0.628155715763863
CGGTAG	0.8338858504363169
GCGCTT	1.1915405114197788
GCGCTA	2.5126228630554515
GCGCAT	0.0
GCGCAA	0.662301616210514
GACCTC	0.9463635893098645
GACCTG	1.8844671472915882
GACCAC	0.4989034716977132
GACCAG	0.0
CCTGCT	0.8975724704057569
CCTGCA	0.47318179465493243
CCTGGT	0.0
CCTGGA	0.0
CCTGTC	0.0
CCTGTG	1.1915405114197788
CGGAAC	0.0
CGGAAG	0.0
GCCACT	0.4731817946549323
GCCACA	0.4989034716977133
GCCAGT	1.2563114315277257
GCCAGA	0.6623016162105139
GCCATC	0.4731817946549323
GCCATG	2.5126228630554515
GCCAAC	1.4967104150931398
GCCAAG	0.662301616210514
GCCTTC	3.1415036464201496
GCCTTG	0.0
GCCTAC	0.9463635893098646
GCCTAG	0.6281557157638629
CGGACT	1.8844671472915888
CGGACA	2.649206464842056
CGGAGT	0.8338858504363169
CGGAGA	0.0
CGGATC	0.628155715763863
CGGATG	0.8338858504363169
CCTGAC	0.9463635893098646
CCTGAG	1.2563114315277257
GACGCT	0.6281557157638629
GACGCA	0.6623016162105139
GACGGT	0.0
GACGGA	0.8792150299984959
GACGTC	1.2563114315277257
GACGTG	0.8338858504363168
GACGAC	0.0
GACGAG	0.0
CGTCTC	0.0
CGTCTG	0.0
CGTCAC	0.9463635893098646
CGTCAG	1.8844671472915888
GCCGTT	1.1915405114197788
GCCGTA	0.6281557157638629
GCCGAT	1.8844671472915888
GCCGAA	1.986904848631542
GCCTCT	1.7951449408115139
GCCTCA	0.9463635893098649
GCCTGT	1.7873107671296684
GCCTGA	0.6281557157638629
GACTCC	0.0
GACTCG	0.0
GACTGC	0.6281557157638629
GACTGG	0.8338858504363168
CGTGTC	0.5957702557098894
CGTGTG	0.0
CGTGAC	0.628155715763863
CGTGAG	0.8338858504363169
GCCCTT	4.487862352028785
GCCCTA	2.8390907679295943
GCCCAT	2.365908973274662
GCCCAA	0.4989034716977133
CGTCCT	0.0
CGTCCA	0.0
CGTCGT	0.5957702557098894
CGTCGA	0.0
GACACC	1.4967104150931398
GACACG	1.9869048486315415
GACAGC	1.9869048486315413
GACAGG	0.8792150299984959
CGTGCT	0.0
CGTGCA	0.6281557157638629
CGTGGT	0.0
CGTGGA	0.8338858504363169
GAGCCT	0.0
GAGCCA	1.3246032324210277
GAGCGT	0.8338858504363166
GAGCGA	1.7584300599969918
GAGCTC	1.2563114315277257
GAGCTG	1.6677717008726336
GAGCAC	1.3246032324210277
GAGCAG	0.0
GAGGCT	2.50165755130895
GAGGCA	0.0
GAGGGT	2.2139911939265136
GAGGGA	3.5015122267022405
GAGGTC	0.8338858504363166
GAGGTG	0.0
GAGGAC	1.7584300599969918
GAGGAG	10.50453668010672
GAGTCC	0.6281557157638629
GAGTCG	0.0
GAGTGC	1.6677717008726332
GAGTGG	1.1069955969632568
GAGACC	2.6492064648420555
GAGACG	1.758430059996992
GAGAGC	0.8792150299984959
GAGAGG	0.0
GATCCC	0.0
GATCCG	0.0
GATCGC	1.8844671472915886
GATCGG	0.0
GATGCC	1.2563114315277255
GATGCG	0.0
GATGGC	1.667771700872633
GATGGG	1.1069955969632566
GAACCC	0.4989034716977133
GAACCG	0.0
GAACGC	0.6623016162105138
GAACGG	2.6376450899954875
GAAGCC	2.6492064648420555
GAAGCG	1.758430059996992
GAAGGC	3.5168601199939835
GAAGGG	3.50151222670224
CAAGGC	2.6492064648420555
CAAGGG	0.0
CCTCCT	3.042585202593341
CCTCCA	1.4257675616027143
CCTCGT	0.8975724704057569
CCTCGA	0.4731817946549323
CCTCTC	0.3380650225103712
CCTCTG	1.3463587056086355
CAACGC	0.4989034716977133
CAACGG	2.6492064648420555
CAAGCC	2.4945173584885665
CAAGCG	1.3246032324210277
CCTCAC	1.0693256712020358
CCTCAG	1.8927271786197293
TCCCCT	2.704520180082969
TCCCCA	2.138651342404071
TCCCGT	1.3463587056086352
TCCCGA	0.0
TCCCTC	0.6761300450207423
TCCCTG	0.0
TCCCAC	1.0693256712020354
TCCCAG	0.0
TCCGCT	0.8975724704057568
TCCGCA	0.47318179465493226
TCCGGT	0.5957702557098894
TCCGGA	0.6281557157638629
TCCGTC	0.4487862352028784
TCCGTG	0.0
TCCGAC	0.4731817946549323
TCCGAG	0.0
TCCTCC	2.3664551575725974
TCCTCG	0.8975724704057568
CAACCC	3.3823593538329004
CAACCG	0.9978069433954266
TCCTGC	1.7951449408115137
TCCTGG	0.5957702557098893
TCCACC	0.7128837808013571
TCCACG	0.4731817946549323
TCCAGC	1.8927271786197293
TCCAGG	0.0
TCGCCT	0.8975724704057568
TCGCCA	1.4195453839647967
TCGCGT	0.5957702557098894
TCGCGA	0.0
TCGCTC	0.0
TCGCTG	0.5957702557098893
TCGCAC	0.0
TCGCAG	0.0
CCGACT	0.4731817946549323
CCGACA	0.4989034716977133
CCGAGT	0.6281557157638629
CCGAGA	0.0
CCGATC	0.0
CCGATG	1.2563114315277257
CCGAAC	0.0
CCGAAG	0.0
TCGGCT	2.9788512785494463
TCGGCA	2.512622863055451
TCGGGT	0.0
TCGGGA	0.8338858504363165
TCGGTC	0.5957702557098893
TCGGTG	0.0
TCGGAC	0.6281557157638628
TCGGAG	1.6677717008726332
CATGGC	1.2563114315277257
CATGGG	2.5016575513089503
TCGTCC	0.44878623520287847
TCGTCG	0.0
TCGTGC	0.5957702557098893
TCGTGG	1.5817873622089664
TCGACC	1.4195453839647971
TCGACG	0.0
TCGAGC	0.6281557157638629
TCGAGG	0.8338858504363168
TCTCCC	1.3522600900414843
TCTCCG	0.4487862352028784
TCTCGC	0.0
TCTCGG	0.0
CATCGC	0.47318179465493226
CATCGG	0.6281557157638628
CATGCC	1.4195453839647971
CATGCG	0.6281557157638628
TCTGCC	0.4487862352028784
TCTGCG	0.0
TCTGGC	0.5957702557098893
TCTGGG	0.7908936811044832
TCACCC	2.495093232804749
TCACCG	2.365908973274661
TCACGC	0.9463635893098645
TCACGG	0.6281557157638628
TCAGCC	0.9463635893098646
TCAGCG	0.0
TCAGGC	1.2563114315277257
TCAGGG	1.6677717008726336
CAGAGC	1.3246032324210275
CAGAGG	0.8792150299984959
CATCCC	0.712883780801357
CATCCG	0.47318179465493226
TGCCCT	2.6927174112172705
TGCCCA	1.4195453839647967
TGCCGT	0.5957702557098894
TGCCGA	1.2563114315277257
TGCCTC	1.3463587056086352
TGCCTG	1.1915405114197786
TGCCAC	0.4731817946549323
TGCCAG	1.8844671472915882
TGCGCT	1.1915405114197786
TGCGCA	0.6281557157638628
TGCGGT	0.0
TGCGGA	0.8338858504363165
CAGTGC	0.6281557157638629
CAGTGG	0.8338858504363168
CAGACC	1.4967104150931398
CAGACG	1.3246032324210277
CAGGCT	1.8844671472915886
CAGGCA	3.311508081052569
CAGGGT	1.6677717008726332
CAGGGA	0.8792150299984959
CAGGTC	1.2563114315277257
CAGGTG	0.8338858504363168
CAGGAC	1.9869048486315415
CAGGAG	3.516860119993984
CAGTCC	0.4731817946549323
CAGTCG	0.0
TGCGTC	0.5957702557098893
TGCGTG	0.0
TGCGAC	1.2563114315277255
TGCGAG	0.0
TGCTCC	0.8975724704057569
TGCTCG	1.1915405114197788
TGCTGC	0.5957702557098893
TGCTGG	3.163574724417933
TGCACC	0.0
TGCACG	0.6281557157638628
TGCAGC	3.1407785788193143
TGCAGG	1.6677717008726336
CAGCCT	0.9463635893098645
CAGCCA	0.4989034716977132
CAGCGT	0.0
CAGCGA	0.0
CAGCTC	1.4195453839647967
CAGCTG	1.8844671472915882
CAGCAC	4.989034716977132
CAGCAG	1.986904848631541
CCGTCT	0.0
CCGTCA	0.9463635893098649
CCGTGT	0.0
CCGTGA	1.8844671472915888
CCGTTC	0.44878623520287847
CCGTTG	1.1915405114197788
CGTTCC	0.44878623520287847
CGTTCG	0.0
CGTTGC	0.5957702557098894
CGTTGG	0.7908936811044833
CCGTAC	0.0
CCGTAG	0.0
TGGCCT	0.5957702557098894
TGGCCA	2.5126228630554515
TGGCGT	0.7908936811044833
TGGCGA	0.8338858504363168
TGGCTC	1.1915405114197788
TGGCTG	0.7908936811044833
TGGCAC	3.1407785788193143
TGGCAG	5.003315102617901
CACACC	1.5032708239257333
CACACG	1.4967104150931396
CACAGC	0.9978069433954264
CACAGG	3.311508081052568
CCGGTT	0.5957702557098894
CCGGTA	0.0
CCGGAT	0.6281557157638629
CCGGAA	0.0
TGGGCT	6.327149448835867
TGGGCA	2.5016575513089503
TGGGGT	1.0499228667696259
TGGGGA	0.0
TGGGTC	0.0
TGGGTG	1.0499228667696259
TGGGAC	2.5016575513089503
TGGGAG	2.213991193926514
TGGTCC	0.5957702557098894
TGGTCG	0.7908936811044833
TGGTGC	3.1635747244179333
TGGTGG	0.0
TGGACC	0.0
TGGACG	0.0
TGGAGC	1.6677717008726332
TGGAGG	4.427982387853027
CACGAC	0.4989034716977132
CACGAG	0.6623016162105136
CACTCC	1.0693256712020354
CACTCG	0.0
CACTGC	1.4195453839647967
CACTGG	0.0
TGTCCC	0.8975724704057569
TGTCCG	0.0
TGTCGC	0.0
TGTCGG	0.7908936811044833
CACCTC	2.138651342404071
CACCTG	0.9463635893098646
CACCAC	1.8790885299071665
CACCAG	1.9956138867908528
CACGCT	0.0
CACGCA	1.4967104150931396
CACGGT	1.2563114315277255
CACGGA	0.6623016162105138
CACGTC	0.47318179465493226
CACGTG	0.0
TGTGCC	2.3830810228395576
TGTGCG	1.5817873622089667
TGTGGC	0.0
TGTGGG	1.0499228667696259
TGACCC	2.365908973274662
TGACCG	1.8844671472915888
TGACGC	0.0
TGACGG	1.6677717008726336
TGAGCC	1.256311431527726
TGAGCG	0.8338858504363169
TGAGGC	4.169429252181584
TGAGGG	3.3209867908897714
CACCCT	1.0693256712020354
CACCCA	1.5032708239257333
CACCGT	0.0
CACCGA	0.4989034716977133
TTCCCC	1.690325112551856
TTCCCG	0.0
TTCCGC	0.8975724704057569
TTCCGG	0.5957702557098894
TTCGCC	0.8975724704057569
TTCGCG	0.5957702557098894
TTCGGC	2.383081022839557
TTCGGG	0.0
TTGCCC	1.7951449408115139
TTGCCG	0.0
TTGCGC	2.978851278549447
TTGCGG	0.7908936811044833
TTGGCC	1.7873107671296684
TTGGCG	2.3726810433134498
TTGGGC	5.536255767731383
TTGGGG	1.0499228667696259
TACCCC	2.4950932328047495
TACCCG	1.4195453839647971
TACCGC	0.9463635893098646
TACCGG	3.140778578819314
TACGCC	0.4731817946549323
TACGCG	0.0
TACGGC	0.6281557157638629
TACGGG	2.5016575513089503
TAGCCC	1.8927271786197293
TAGCCG	3.7689342945831776
TAGCGC	0.6281557157638629
TAGCGG	1.6677717008726336
TAGGCC	2.512622863055452
TAGGCG	4.169429252181584
TAGGGC	1.6677717008726338
TAGGGG	5.534977984816286
CTAGGC	0.0
CTAGGG	1.6677717008726336
CCGCTT	0.44878623520287847
CCGCTA	1.8927271786197293
CCGCAT	0.4731817946549323
CCGCAA	0.9978069433954266
ACCCCT	5.346628356010177
ACCCCA	1.8790885299071665
ACCCGT	0.4731817946549323
ACCCGA	0.0
ACCCTC	0.7128837808013571
ACCCTG	0.4731817946549323
ACCCAC	2.6307239418700332
ACCCAG	0.9978069433954264
CTACGC	0.0
CTACGG	3.140778578819314
CTAGCC	0.9463635893098646
CTAGCG	1.2563114315277255
ACCGCT	0.0
ACCGCA	0.4989034716977132
ACCGGT	0.0
ACCGGA	0.6623016162105138
ACCGTC	0.0
ACCGTG	0.6281557157638628
ACCGAC	0.4989034716977132
ACCGAG	0.0
ACCTCC	1.0693256712020354
ACCTCG	0.47318179465493226
ACCTGC	0.47318179465493226
ACCTGG	1.8844671472915882
ACCACC	1.1274531179443
ACCACG	0.9978069433954264
CTACCC	3.5644189040067844
CTACCG	0.47318179465493226
ACCAGC	1.9956138867908528
ACCAGG	1.986904848631541
ACGCCT	1.4195453839647967
ACGCCA	0.9978069433954264
ACGCGT	0.6281557157638628
ACGCGA	0.6623016162105138
ACGCTC	1.4195453839647967
ACGCTG	1.2563114315277255
ACGCAC	0.9978069433954264
ACGCAG	0.6623016162105136
CCCACT	1.7822094520033926
CCCACA	2.6307239418700337
CCCAGT	0.9463635893098646
CCCAGA	0.9978069433954266
CCCATC	1.7822094520033929
CCCATG	1.4195453839647971
CCCAAC	0.3758177059814334
CCCAAG	0.4989034716977133
ACGGCT	1.2563114315277257
ACGGCA	1.3246032324210277
ACGGGT	0.8338858504363166
ACGGGA	1.7584300599969918
ACGGTC	1.2563114315277257
ACGGTG	0.0
ACGGAC	1.3246032324210277
ACGGAG	0.0
ACGTCC	0.0
ACGTCG	0.0
ACGTGC	0.0
ACGTGG	0.0
CTTGGC	2.383081022839557
CTTGGG	3.163574724417933
ACGACC	0.4989034716977133
ACGACG	0.6623016162105139
ACGAGC	1.3246032324210275
ACGAGG	0.0
ACTCCC	1.0693256712020354
ACTCCG	0.0
ACTCGC	0.47318179465493226
ACTCGG	1.8844671472915882
ACTGCC	2.365908973274662
ACTGCG	0.6281557157638628
ACTGGC	2.5126228630554515
ACTGGG	0.0
CTTCGC	1.3463587056086352
CTTCGG	0.5957702557098893
CTTGCC	0.8975724704057568
CTTGCG	0.0
ACACCC	1.1274531179443001
ACACCG	0.4989034716977133
ACACGC	0.4989034716977133
ACACGG	1.9869048486315415
ACAGCC	1.9956138867908533
ACAGCG	1.3246032324210277
ACAGGC	2.6492064648420555
ACAGGG	0.879215029998496
CTGAGC	0.0
CTGAGG	2.5016575513089503
CTTCCC	1.3522600900414843
CTTCCG	0.8975724704057568
AGCCCT	3.3122725625845257
AGCCCA	2.9934208301862792
AGCCGT	2.512622863055451
AGCCGA	1.9869048486315413
AGCCTC	0.9463635893098645
AGCCTG	1.2563114315277255
AGCCAC	0.0
AGCCAG	1.3246032324210273
AGCGCT	2.5126228630554515
AGCGCA	0.0
AGCGGT	2.50165755130895
AGCGGA	0.0
CTGTGC	0.0
CTGTGG	0.0
CTGACC	0.9463635893098646
CTGACG	1.2563114315277255
AGCGTC	0.6281557157638629
AGCGTG	0.8338858504363168
AGCGAC	0.0
AGCGAG	0.879215029998496
AGCTCC	1.4195453839647971
AGCTCG	0.0
AGCTGC	1.8844671472915886
AGCTGG	2.5016575513089503
CTGGCT	1.7873107671296677
CTGGCA	2.512622863055451
CTGGGT	0.0
CTGGGA	3.335543401745266
CTGGTC	0.5957702557098893
CTGGTG	0.7908936811044832
CTGGAC	0.0
CTGGAG	0.8338858504363166
CTGTCC	0.44878623520287847
CTGTCG	0.0
AGCACC	1.4967104150931398
AGCACG	0.6623016162105139
AGCAGC	0.0
AGCAGG	2.6376450899954875
CCCTCT	2.3664551575725987
CCCTCA	1.7822094520033929
CCCTGT	1.3463587056086355
CCCTGA	1.8927271786197293
CCCTTC	2.028390135062227
CCCTTG	0.8975724704057569
CTGCCT	0.8975724704057568
CTGCCA	0.47318179465493226
CTGCGT	1.1915405114197788
CTGCGA	0.6281557157638629
CTGCTC	0.8975724704057568
CTGCTG	2.383081022839557
CTGCAC	0.4731817946549323
CTGCAG	1.2563114315277255
CCCTAC	0.3564418904006786
CCCTAG	0.4731817946549323
AGGCCT	1.2563114315277257
AGGCCA	2.6492064648420555
AGGCGT	1.6677717008726332
AGGCGA	0.8792150299984959
AGGCTC	1.2563114315277257
AGGCTG	0.8338858504363168
AGGCAC	1.3246032324210277
AGGCAG	1.758430059996992
CGTACC	0.4731817946549323
CGTACG	0.0
CGTAGC	1.8844671472915886
CGTAGG	0.8338858504363168
CCCGTT	2.2439311760143923
CCCGTA	0.9463635893098646
CCCGAT	0.4731817946549323
CCCGAA	0.9978069433954266
AGGGCT	4.169429252181583
AGGGCA	3.5168601199939835
AGGGGT	0.0
AGGGGA	3.5015122267022405
AGGGTC	1.6677717008726332
AGGGTG	2.2139911939265136
AGGGAC	0.8792150299984959
AGGGAG	1.16717074223408
CTCACC	2.138651342404071
CTCACG	0.0
CTCAGC	0.9463635893098646
CTCAGG	1.2563114315277255
AGGTCC	0.6281557157638629
AGGTCG	1.6677717008726336
AGGTGC	0.8338858504363166
AGGTGG	1.1069955969632568
AGGACC	3.311508081052569
AGGACG	0.0
AGGAGC	4.3960751499924795
AGGAGG	7.00302445340448
AGTCCC	0.4731817946549323
AGTCCG	0.0
AGTCGC	0.0
AGTCGG	0.0
CTCGAC	0.4731817946549323
CTCGAG	1.2563114315277255
CTCTCC	0.6761300450207421
CTCTCG	0.0
CTCTGC	0.8975724704057568
CTCTGG	0.0
AGTGCC	0.6281557157638628
AGTGCG	0.0
AGTGGC	0.8338858504363165
AGTGGG	1.1069955969632566
CTCCTC	2.0283901350622267
CTCCTG	0.8975724704057568
CTCCAC	1.0693256712020354
CTCCAG	1.4195453839647967
CTCGCT	0.0
CTCGCA	0.0
CTCGGT	1.1915405114197788
CTCGGA	0.6281557157638629
CTCGTC	1.3463587056086352
CTCGTG	0.0
AGACCC	3.492324301883993
AGACCG	1.3246032324210277
AGACGC	1.3246032324210275
AGACGG	0.0
AGAGCC	2.6492064648420555
AGAGCG	0.879215029998496
AGAGGC	0.8792150299984959
AGAGGG	4.66868296893632
ATCCCC	3.5644189040067853
ATCCCG	0.4731817946549323
ATCCGC	0.4731817946549323
ATCCGG	1.2563114315277255
CGAAGC	0.6623016162105139
CGAAGG	0.0
CTCCCT	1.0141950675311133
CTCCCA	1.4257675616027141
CTCCGT	0.0
CTCCGA	0.0
ATCGCC	2.365908973274662
ATCGCG	1.8844671472915888
ATCGGC	3.1407785788193143
ATCGGG	0.8338858504363168
ATGCCC	1.4195453839647971
ATGCCG	0.6281557157638629
ATGCGC	0.6281557157638629
ATGCGG	0.8338858504363168
ATGGCC	1.256311431527726
ATGGCG	4.169429252181584
ATGGGC	1.6677717008726338
ATGGGG	4.427982387853028
CGATGC	0.6281557157638629
CGATGG	0.0
CGAACC	0.4989034716977133
CGAACG	0.6623016162105139
AACCCC	3.382359353832901
AACCCG	0.49890347169771343
AACCGC	0.9978069433954269
AACCGG	0.0
CGAGCT	1.2563114315277257
CGAGCA	0.0
CGAGGT	0.0
CGAGGA	0.8792150299984962
CGAGTC	0.0
CGAGTG	0.0
CGAGAC	0.662301616210514
CGAGAG	0.879215029998496
CGATCC	0.0
CGATCG	0.0
AACGCC	0.9978069433954266
AACGCG	1.324603232421028
AACGGC	1.9869048486315422
AACGGG	0.0
AAGCCC	1.9956138867908533
AAGCCG	1.3246032324210277
AAGCGC	2.6492064648420555
AAGCGG	0.0
CGACCT	0.0
CGACCA	0.9978069433954266
CGACGT	0.6281557157638629
CGACGA	0.6623016162105139
CGACTC	0.4731817946549323
CGACTG	1.2563114315277257
CGACAC	1.4967104150931398
CGACAG	0.662301616210514
AAGGCC	0.662301616210514
AAGGCG	0.879215029998496
AAGGGC	3.516860119993985
AAGGGG	2.3343414844681605
CTGCGG	0.0
CTGCGC	0.0
CTGCCG	1.9175072726041522
CTGCCC	3.611085236291163
CTCGGG	2.5455187982949554
CTCGGC	1.9175072726041527
CTCGCG	0.9587536363020761
CTCGCC	1.4444340945164653
CTCCGG	1.9175072726041522
CTCCGC	0.0
CTCCCG	0.7222170472582328
CTCCCC	2.176148047217668
CGAGGG	0.0
CGAGGC	0.0
CGAGCG	0.0
CGAGCC	1.0108705006343943
AGGGGG	9.459613247533069
AGGGGC	7.125807599738435
AGGGCG	1.7814518999346087
AGGGCC	1.341945294690879
CCCGAG	0.0
CCCGAC	0.7614760252117573
CCCGTG	0.9587536363020763
CCCGTC	0.7222170472582328
CCCGGA	1.0108705006343943
CCCGGT	0.9587536363020763
ACGGGG	0.0
ACGGGC	4.025835884072637
CCCGCA	1.5229520504235146
CCCGCT	0.0
ACGGCG	0.0
ACGGCC	2.0217410012687886
CAGCGG	4.025835884072637
CAGCGC	0.0
CAGCCG	5.054352503171971
CAGCCC	6.091808201694057
CACGGG	2.683890589381758
CACGGC	1.010870500634394
CACGCG	0.0
CACGCC	3.807380126058786
CACCGG	0.0
CACCGC	3.807380126058786
CACCCG	0.0
CACCCC	4.015272140455983
CTGGGG	0.0
CTGGGC	1.2727593991474775
CTGGCG	2.5455187982949554
CTGGCC	1.9175072726041522
GCCCGA	0.0
GCCCGT	2.8762609089062288
CCCAGG	4.043482002537577
CCCAGC	0.7614760252117573
GCCCCA	2.284428075635272
GCCCCT	1.4444340945164655
CCCACG	3.045904100847029
CCCACC	1.1472206115588526
CGTGGG	1.6896066171558792
CGTGGC	0.0
CGTGCG	0.0
CGTGCC	0.9587536363020766
CAGGGG	1.7814518999346087
CAGGGC	4.025835884072637
CAGGCG	1.3419452946908792
CAGGCC	1.0108705006343943
GCCGGA	2.6838905893817584
GCCGGT	0.0
ACGCGG	0.0
ACGCGC	0.0
GCCGCA	0.0
GCCGCT	3.8350145452083053
ACGCCG	1.010870500634394
ACGCCC	2.2844280756352715
CGTCGG	0.0
CGTCGC	0.9587536363020766
CGTCCG	0.0
CGTCCC	0.7222170472582329
GCCCAG	4.043482002537577
GCCCAC	2.284428075635272
GCCCTG	2.8762609089062288
GCCCTC	0.7222170472582328
GCCAGG	4.025835884072638
GCCAGC	2.0217410012687886
GCCACG	0.0
GCCACC	1.5229520504235146
CGGAGG	1.7814518999346092
CGGAGC	0.0
CGGACG	1.3419452946908794
CGGACC	0.0
GCCTGG	1.2727593991474782
GCCTGC	0.9587536363020766
GCCTCG	0.9587536363020766
GCCTCC	2.1666511417746985
GCCGAG	1.3419452946908794
GCCGAC	1.0108705006343943
GCCGTG	2.5455187982949563
GCCGTC	1.917507272604153
GCGCAG	4.025835884072638
GCGCAC	1.0108705006343943
GCGCTG	3.8182781974424347
GCGCTC	1.917507272604153
GCGCGA	0.0
GCGCGT	0.0
ACCGGG	1.341945294690879
ACCGGC	5.054352503171971
GCGCCA	1.0108705006343943
GCGCCT	3.8350145452083053
ACCGCG	1.010870500634394
ACCGCC	5.3303321764823
CGGTGG	1.6896066171558792
CGGTGC	0.0
CGGTCG	0.0
CGGTCC	0.0
CGGCCA	0.0
CGGCCT	1.9175072726041527
AGGCGG	1.7814518999346087
AGGCGC	5.367781178763516
CGGGAG	5.3443556998038275
CGGGAC	0.0
CGGGTG	0.0
CGGGTC	0.0
CGGGGA	0.0
CGGGGT	3.3792132343117585
AGGCCG	2.6838905893817584
AGGCCC	1.0108705006343943
CGGGCA	1.3419452946908796
CGGGCT	3.8182781974424347
CCCTGG	0.0
CCCTGC	0.0
GCGGGA	1.7814518999346092
GCGGGT	0.0
CCCTCG	2.1666511417746985
CCCTCC	1.088074023608834
GCGGCA	1.3419452946908796
GCGGCT	0.0
AGCGGG	1.7814518999346087
AGCGGC	1.341945294690879
CGGCAG	2.683890589381759
CGGCAC	1.0108705006343943
CGGCTG	6.363796995737391
CGGCTC	0.9587536363020766
CGGCGA	0.0
CGGCGT	1.272759399147478
AGCGCG	0.0
AGCGCC	1.0108705006343943
GCGAGG	0.0
GCGAGC	0.0
GCGACG	0.0
GCGACC	2.0217410012687886
CGCAGG	0.0
CGCAGC	2.0217410012687886
CGCACG	1.0108705006343943
CGCACC	0.0
GCGTGG	0.0
GCGTGC	0.0
GCGTCG	0.0
GCGTCC	0.0
GCGGAG	0.0
GCGGAC	1.3419452946908794
GCGGTG	1.6896066171558792
GCGGTC	2.5455187982949563
GCACGG	0.0
GCACGC	3.032611501903183
GCACCG	0.0
GCACCC	2.284428075635272
CGCTGG	2.5455187982949563
CGCTGC	0.0
CGCTCG	0.0
CGCTCC	1.4444340945164658
GCTGGG	3.3792132343117585
GCTGGC	3.8182781974424347
GCTGCG	2.5455187982949563
GCTGCC	0.9587536363020766
GCTCGG	2.5455187982949563
GCTCGC	0.0
GCTCCG	0.0
GCTCCC	2.8888681890329315
GCAGGG	5.3443556998038275
GCAGGC	0.0
GCAGCG	1.3419452946908794
GCAGCC	6.065223003806366
CGCGAG	0.0
CGCGAC	1.0108705006343943
CGCGTG	0.0
CGCGTC	0.9587536363020766
CGCGGA	1.3419452946908792
CGCGGT	7.636556394884868
AGCCGG	1.341945294690879
AGCCGC	6.0652230038063655
CGCGCA	0.0
CGCGCT	1.9175072726041527
AGCCCG	3.0326115019031827
AGCCCC	3.0459041008470287
GGCCCA	2.021741001268788
GGCCCT	2.8762609089062283
CGACGG	0.0
CGACGC	1.0108705006343943
CGCCAG	1.0108705006343943
CGCCAC	1.5229520504235146
CGCCTG	0.9587536363020763
CGCCTC	2.166651141774698
CGCCGA	1.0108705006343943
CGCCGT	1.9175072726041527
CGACCG	0.0
CGACCC	3.045904100847029
CGCCCA	1.5229520504235146
CGCCCT	2.888868189032931
CCCCAG	2.284428075635272
CCCCAC	2.8680515288971313
GGCGGA	0.0
GGCGGT	0.0
CCCCTG	2.1666511417746985
CCCCTC	6.528444141653004
GGCGCA	5.367781178763516
GGCGCT	3.818278197442433
CCCCGA	3.0459041008470296
CCCCGT	1.4444340945164658
GGCCAG	2.683890589381758
GGCCAC	1.010870500634394
GGCCTG	1.2727593991474777
GGCCTC	1.9175072726041522
GGCCGA	2.683890589381758
GGCCGT	0.0
CCCCCA	4.015272140455985
CCCCCT	3.264222070826502
GGGCCA	2.6838905893817584
GGGCCT	3.818278197442434
GGCAGG	1.7814518999346087
GGCAGC	10.735562357527032
GGCACG	0.0
GGCACC	5.054352503171972
GGCTGG	1.689606617155879
GGCTGC	5.091037596589911
GGCTCG	2.5455187982949554
GGCTCC	1.9175072726041527
GGCGAG	1.7814518999346087
GGCGAC	1.341945294690879
GGCGTG	1.689606617155879
GGCGTC	1.2727593991474777
GGGGCA	0.0
GGGGCT	8.448033085779395
CCAGGG	1.3419452946908794
CCAGGC	4.043482002537577
CCAGCG	0.0
CCAGCC	3.0459041008470296
GGGCAG	3.5629037998692175
GGGCAC	6.709726473454396
GGGCTG	6.758426468623516
GGGCTC	6.363796995737389
GGGCGA	0.0
GGGCGT	0.0
GGGTGG	0.0
GGGTGC	3.379213234311758
GGGTCG	0.0
GGGTCC	1.2727593991474777
CCACGG	2.021741001268789
CCACGC	1.5229520504235148
CCACCG	0.0
CCACCC	0.5736103057794264
GGGGAG	4.729806623766535
GGGGAC	0.0
GGGGTG	4.48595472584861
GGGGTC	1.6896066171558792
GGGGGA	4.729806623766535
GGGGGT	15.700841540470137
GGACGG	1.7814518999346087
GGACGC	0.0
GGACCG	0.0
GGACCC	0.0
GGTGGG	0.0
GGTGGC	1.689606617155879
GGTGCG	1.689606617155879
GGTGCC	5.091037596589911
GGTCGG	3.379213234311758
GGTCGC	0.0
GGTCCG	0.0
GGTCCC	0.9587536363020763
GGGAGG	4.729806623766535
GGGAGC	3.5629037998692183
GGGACG	1.7814518999346092
GGGACC	1.3419452946908794
GTGCGG	1.689606617155879
GTGCGC	0.0
GTGCCG	1.2727593991474777
GTGCCC	0.9587536363020763
GTCGGG	1.6896066171558786
GTCGGC	2.545518798294955
GTCGCG	1.2727593991474777
GTCGCC	0.0
GTCCGG	0.0
GTCCGC	0.0
GTCCCG	0.9587536363020761
GTCCCC	0.7222170472582327
GGAGGG	7.094709935649801
GGAGGC	1.7814518999346087
GGAGCG	1.7814518999346087
GGAGCC	0.0
GACGGG	1.7814518999346087
GACGGC	1.341945294690879
GACGCG	0.0
GACGCC	1.0108705006343943
CCTGGG	2.5455187982949563
CCTGGC	2.8762609089062297
CCTGCG	0.0
CCTGCC	2.1666511417746985
GACCGG	2.683890589381758
GACCGC	0.0
GACCCG	0.0
GACCCC	5.3303321764823
GTGGGG	0.0
GTGGGC	3.379213234311758
GTGGCG	0.0
GTGGCC	0.0
TCCCGG	0.0
TCCCGC	0.0
TCCCCG	0.7222170472582328
TCCCCC	2.720185059022085
CCTCGG	1.9175072726041527
CCTCGC	1.4444340945164655
CCTCCG	0.7222170472582329
CCTCCC	0.544037011804417
GAGGGG	7.094709935649801
GAGGGC	3.5629037998692175
GAGGCG	1.7814518999346087
GAGGCC	4.025835884072637
GAGCGG	0.0
GAGCGC	0.0
GAGCCG	1.3419452946908792
GAGCCC	4.043482002537577
TCGGGG	1.6896066171558786
TCGGGC	2.545518798294955
TCGGCG	2.5455187982949554
TCGGCC	1.9175072726041522
CCGAGG	0.0
CCGAGC	0.0
CCGACG	2.0217410012687886
CCGACC	0.0
TCGCGG	6.363796995737389
TCGCGC	0.0
TCGCCG	0.9587536363020761
TCGCCC	2.166651141774698
TCCGGG	3.8182781974424334
TCCGGC	0.0
TCCGCG	0.0
TCCGCC	0.0
TGGCGG	5.068819851467636
TGGCGC	6.363796995737389
TGGCCG	0.0
TGGCCC	1.9175072726041527
CCGTGG	0.0
CCGTGC	0.9587536363020766
CCGTCG	1.917507272604153
CCGTCC	0.0
TGCGGG	3.379213234311757
TGCGGC	0.0
TGCGCG	0.0
TGCGCC	2.8762609089062283
TGCCGG	1.2727593991474777
TGCCGC	0.0
TGCCCG	2.8762609089062283
TGCCCC	0.7222170472582327
TGGGGG	8.97190945169722
TGGGGC	0.0
TGGGCG	0.0
TGGGCC	1.2727593991474777
CCGGAG	0.0
CCGGAC	4.043482002537577
CCGGTG	1.2727593991474782
CCGGTC	0.0
CCGGGA	1.3419452946908792
CCGGGT	0.0
CCGGCA	0.0
CCGGCT	4.793768181510382
ACCCGG	1.010870500634394
ACCCGC	1.5229520504235143
ACCCCG	3.807380126058786
ACCCCC	2.8680515288971313
CCGCAG	0.0
CCGCAC	0.7614760252117573
CCGCTG	0.0
CCGCTC	0.7222170472582328
CCGCGA	1.0108705006343943
CCGCGT	0.9587536363020763
CCGCCA	3.045904100847029
CCGCCT	3.6110852362911636
CCCGGG	0.0
CCCGGC	3.0857818976785674
CCCGCG	3.0857818976785674
CCCGCC	1.1622403327825035
GCCCGG	4.096420357932396
GCCCGC	4.628672846517851
GCCCCG	1.5428909488392837
GCCCCC	3.486720998347511
GCCGGG	2.719028807821296
GCCGGC	0.0
GCCGCG	6.144630536898594
GCCGCC	6.171563795357135
GCGCGG	0.0
GCGCGC	2.048210178966198
GCGCCG	6.144630536898594
GCGCCC	3.0857818976785674
CGGCCG	4.096420357932396
CGGCCC	4.628672846517851
CGGGGG	10.828650888006509
CGGGGC	5.438057615642593
CGGGCG	0.0
CGGGCC	6.144630536898596
GCGGGG	14.43820118400868
GCGGGC	0.0
GCGGCG	2.7190288078212967
GCGGCC	4.096420357932397
CGGCGG	0.0
CGGCGC	6.144630536898594
CGCGGG	2.719028807821296
CGCGGC	0.0
CGCGCG	0.0
CGCGCC	0.0
GGCCCG	2.048210178966198
GGCCCC	3.0857818976785674
CGCCGG	2.048210178966198
CGCCGC	4.628672846517851
CGCCCG	1.5428909488392837
CGCCCC	2.324480665565007
GGCGGG	3.609550296002169
GGCGGC	8.157086423463886
GGCGCG	2.7190288078212954
GGCGCC	12.289261073797189
GGCCGG	0.0
GGCCGC	4.096420357932396
CCGGCG	2.048210178966198
CCGGCC	1.5428909488392837
CCGCCG	3.0857818976785674
CCGCCC	1.1622403327825035
GGGGCG	3.60955029600217
GGGGCC	5.438057615642592
GGGGGG	9.583461051896034
GGGGGC	7.21910059200434
GGGCCG	0.0
GGGCCC	4.096420357932396
CCGGGG	5.438057615642592
CCGGGC	4.096420357932396
GGGCGG	0.0
GGGCGC	5.438057615642592
CCCCGG	1.542890948839284
CCCCGC	0.0
CCGCGG	6.144630536898594
CCGCGC	1.5428909488392837
CCCCCG	0.0
CCCCCC	1.7510020292264894
