	Rhea_americana 6-mer OE values GC sorted
AATTAA	1.4861288709414848
AATTAT	0.8749661263240072
AATTTA	0.5249796757944043
AATTTT	0.4121126974564142
ATTTAA	1.3999458021184117
ATTTAT	2.2666198360102783
ATTTTA	0.0
ATTTTT	0.7279005022100281
TAAAAA	1.5145128168502087
TAAAAT	0.8916773225648909
ATTAAA	1.6347417580356332
ATTAAT	1.574939027383213
ATTATA	1.22495257685361
ATTATT	0.8242253949128284
TAAATA	1.0402902096590394
TAAATT	0.5249796757944043
TAATAA	1.3375159838473367
TAATAT	0.17499322526480146
TAATTA	1.5749390273832131
TAATTT	0.20605634872820713
ATATTA	1.0499593515888088
ATATTT	1.0302817436410356
TATAAA	0.5944515483765939
TATAAT	0.8749661263240072
ATATAA	0.14861288709414852
ATATAT	0.5249796757944044
TATTAA	2.0999187031776176
TATTAT	1.2363380923692429
ATAAAA	1.3883034154460245
ATAAAT	0.5944515483765939
ATAATA	1.1889030967531877
ATAATT	0.34998645052960287
TTTTTA	0.7279005022100279
TTTTTT	1.4285173944673437
TATTTA	2.0605634872820713
TATTTT	0.9705340029467041
TATATA	0.5249796757944043
TATATT	0.6181690461846213
AAAAAA	1.1790158071542236
AAAAAT	1.3883034154460243
TTAAAA	1.337515983847336
TTAAAT	0.6999729010592056
TTATAA	0.6999729010592055
TTATAT	0.8242253949128284
TTATTA	1.2363380923692426
TTATTT	1.21316750368338
TTAATA	0.8749661263240069
TTAATT	1.0302817436410354
TTTATA	0.8242253949128284
TTTATT	1.9410680058934078
TTTTAA	0.6181690461846213
TTTTAT	0.7279005022100279
TTTAAA	1.0499593515888084
TTTAAT	1.2363380923692426
AAATTA	0.7430644354707423
AAATTT	0.3499864505296028
AATAAA	1.0096752112334724
AATAAT	1.0402902096590392
AATATA	0.44583866128244537
AATATT	0.3499864505296028
AAATAA	0.8834658098292882
AAATAT	0.8916773225648907
AAAATA	1.0096752112334724
AAAATT	0.8916773225648907
AAAACT	1.5745455310075311
AAAACA	1.4326947935318886
AAAAGT	1.4745439442983355
AAAAGA	2.295801790950734
AAAATC	1.2371429172202033
AAAATG	0.9830292961988903
AAATCT	0.9270218962327671
AAATCA	1.1246753792910937
AAATAC	0.44987015171643757
AAATAG	1.2287866202486128
AAACTT	1.3243169946182387
AAACTA	1.2371429172202033
TTGAAT	0.6815002098010455
TTGAAA	0.2893818134403313
AATATC	0.5297267978472955
AATATG	0.8681454403209938
AATAAC	0.8997403034328751
AATAAG	1.2287866202486128
AAATGT	0.2893818134403313
AAATGA	0.9830292961988903
AAATTC	0.7945901967709432
AAATTG	0.5787636268806626
TTAGAT	1.363000419602091
TTAGAA	0.5787636268806626
TTATCT	1.4689650665187386
TTATCA	0.7796985399200925
TTTAAC	0.4678191239520555
TTTAAG	1.0222503147015682
TTACTT	0.0
TTACTA	0.935638247904111
TTACAT	0.623758831936074
TTACAA	0.3972950983854716
AAGTTT	0.0
AAGTTA	0.5787636268806626
AAGTAT	1.4469090672016567
AAGTAA	0.9830292961988903
TTTTAC	0.18362063331484232
TTTTAG	0.8024736082017712
TTTACT	0.36724126662968465
TTTACA	0.311879415968037
TTTAGT	0.4012368041008857
TTTAGA	0.3407501049005228
TTTATC	0.7344825332593693
TTTATG	1.6049472164035423
AAGATT	0.5787636268806626
AAGATA	0.2457573240497226
AAGAAT	0.4915146480994452
AAGAAA	0.6261277611683819
TTATGT	2.0061840205044286
TTATGA	0.3407501049005228
TTATTC	1.101723799889054
TTATTG	1.6049472164035423
TTATAC	0.4678191239520555
TTATAG	1.7037505245026137
TTAACT	0.311879415968037
TTAACA	0.6621584973091194
TTAGTT	1.6049472164035423
TTAGTA	1.7037505245026137
TTAAAC	1.1918852951564147
TTAAAG	1.7362908806419877
CTATTT	2.2034475997781082
CTATTA	1.0915779558881296
CTATAT	0.623758831936074
CTATAA	0.7945901967709432
AAAAAC	1.4326947935318886
AAAAAG	1.4609647760595579
TTAAGT	0.34075010490052277
TTAAGA	0.5787636268806626
TTAATC	1.247517663872148
TTAATG	3.066750944104705
TACTTT	0.18362063331484235
TACTTA	0.6237588319360741
TACTAT	1.871276495808222
TACTAA	2.118907191389182
TTCTTT	1.5135064821129114
TTCTTA	1.2853444332038964
TTCATT	0.9181031665742118
TTCATA	0.46781912395205555
TTCAAT	0.4678191239520555
TTCAAA	0.9270218962327672
AACATT	0.9270218962327672
AACATA	1.124675379291094
AACAAT	1.0122078413619846
AACAAA	2.4833376421219406
TTGTTT	0.0
TTGTTA	0.8024736082017714
TAGTTT	1.203710412302657
TAGTTA	1.0222503147015685
TAGTAT	0.6815002098010456
TAGTAA	2.0256726940823193
CTAAAT	1.059453595694591
CTAAAA	1.462077993078422
TTCTAT	1.4689650665187388
TTCTAA	0.6237588319360741
TACATT	1.0915779558881296
TACATA	0.7945901967709432
TACAAT	0.7945901967709432
TACAAA	0.562337689645547
AACTTT	0.4678191239520555
AACTTA	0.5297267978472955
AACTAT	1.191885295156415
AACTAA	1.3496104551493127
CTAATT	1.247517663872148
CTAATA	1.5891803935418864
TATCAT	0.7796985399200926
TATCAA	0.5297267978472956
TATGTT	0.4012368041008857
TATGTA	1.703750524502614
TATCTT	1.468965066518739
TATCTA	0.6237588319360742
TGAATT	0.6815002098010456
TGAATA	0.5787636268806626
TGAAAT	1.1575272537613253
TGAAAA	0.9830292961988903
TAGATT	0.6815002098010456
TAGATA	0.5787636268806626
TAGAAT	2.0256726940823193
TAGAAA	1.9660585923977807
TATAAC	0.1324316994618239
TATAAG	0.2893818134403313
TATGAT	1.0222503147015685
TATGAA	2.0256726940823193
TATTCT	2.2034475997781087
TATTCA	1.0915779558881298
TATTGT	1.2037104123026572
TATTGA	0.6815002098010458
TATTTC	1.1017237998890541
TATTTG	1.2037104123026572
TATTAC	0.46781912395205566
TATTAG	0.6815002098010458
TTTGAT	0.4012368041008856
TTTGAA	0.6815002098010455
TTTTCT	1.0810760586520796
TTTTCA	0.5508618999445271
TTTTGT	0.0
TTTTGA	0.4012368041008857
TTTTTC	0.6486456351912476
TTTTTG	0.9449210471239126
AATCTT	1.871276495808222
AATCTA	0.9270218962327672
AATCAT	1.7216120930037104
AATCAA	0.8997403034328751
TTGATT	0.8024736082017712
TTGATA	0.34075010490052277
TAACAT	1.0594535956945912
TAACAA	0.8997403034328753
ATAAAC	0.6748052275746563
ATAAAG	0.4915146480994452
TATACT	0.7796985399200925
TATACA	0.3972950983854716
TATAGT	1.0222503147015685
TATAGA	1.1575272537613253
TATATC	1.0915779558881296
TATATG	0.0
TAATCT	2.339095619760278
TAATCA	1.456748694080063
ATATAC	0.2648633989236478
ATATAG	1.1575272537613255
ATAACT	0.39729509838547167
ATAACA	0.8997403034328753
ATAAGT	0.8681454403209939
ATAAGA	1.2287866202486128
ATAATC	1.8540437924655346
ATAATG	0.8681454403209939
TAACTT	0.7796985399200926
TAACTA	0.2648633989236478
TAAACT	0.9270218962327673
TAAACA	0.8997403034328753
ATAGAT	0.28938181344033137
ATAGAA	1.7203012683480585
ATATCT	1.2475176638721484
ATATCA	0.2648633989236478
ATATGT	0.3407501049005229
ATATGA	1.1575272537613255
ATATTC	0.3118794159680371
ATATTG	0.3407501049005229
TAAGTT	0.0
TAAGTA	0.28938181344033137
TAAGAT	0.28938181344033137
TAAGAA	0.7372719721491678
ATACTT	0.9356382479041111
ATACTA	2.2513388908510064
ATACAT	0.6621584973091195
ATACAA	0.2249350758582188
ATAGTT	0.6815002098010458
ATAGTA	1.1575272537613255
TAATGT	0.3407501049005229
TAATGA	1.736290880641988
TAATTC	0.6237588319360742
TAATTG	1.0222503147015685
TAATAC	1.1918852951564152
TAATAG	2.604436320962982
TTTCAT	0.0
TTTCAA	0.7796985399200926
TTTGTT	0.4724605235619563
TTTGTA	0.4012368041008857
TTTCTT	1.5135064821129114
TTTCTA	1.1017237998890541
TTGTAT	0.8024736082017712
TTGTAA	0.6815002098010455
AATGTT	0.3407501049005228
AATGTA	0.2893818134403313
AATGAT	1.7362908806419879
AATGAA	0.9830292961988903
AATTCT	1.0915779558881296
AATTCA	0.6621584973091194
AATTGT	0.3407501049005228
AATTGA	1.7362908806419879
TAAAGT	1.1575272537613253
TAAAGA	1.2287866202486128
TAAATC	0.5297267978472956
TAAATG	1.7362908806419879
TGATTT	1.203710412302657
TGATTA	1.3630004196020913
TGATAT	1.3630004196020913
TGATAA	0.5787636268806626
ATTAAC	0.7945901967709433
ATTAAG	2.0256726940823193
TAAAAC	1.462077993078422
TAAAAG	1.4745439442983355
ATTTAC	0.7796985399200927
ATTTAG	1.0222503147015685
ATTACT	0.623758831936074
ATTACA	1.059453595694591
ATTAGT	0.3407501049005228
ATTAGA	0.8681454403209939
ATTATC	1.2475176638721481
ATTATG	0.3407501049005228
TGTTTT	0.0
TGTTTA	1.203710412302657
TGTATT	0.4012368041008856
TGTATA	0.0
TGTAAT	0.6815002098010455
TGTAAA	1.4469090672016565
ATTGTT	0.4012368041008857
ATTGTA	1.0222503147015685
ATTGAT	1.0222503147015685
ATTGAA	0.5787636268806626
ATTTCT	1.468965066518739
ATTTCA	0.3118794159680371
ATTTGT	1.2037104123026572
ATTTGA	0.3407501049005229
ATTTTC	1.1017237998890541
ATTTTG	0.40123680410088575
CTTTTT	1.0810760586520796
CTTTTA	1.1017237998890541
CTTTAT	0.7344825332593694
CTTTAA	0.7796985399200926
TGTTAT	1.2037104123026567
TGTTAA	1.0222503147015682
GTTTAT	0.8024736082017712
GTTTAA	0.6815002098010455
ATTCTT	1.8362063331484237
ATTCTA	1.5593970798401855
ATTCAT	0.9356382479041111
ATTCAA	0.5297267978472956
CTTATT	1.1017237998890541
CTTATA	0.46781912395205555
CTTAAT	1.4034573718561665
CTTAAA	1.059453595694591
ACTTAT	0.935638247904111
ACTTAA	0.7945901967709432
ACTTTT	0.7344825332593694
ACTTTA	0.6237588319360741
TCATTT	1.4689650665187388
TCATTA	1.4034573718561667
TCATAT	1.0915779558881296
TCATAA	0.9270218962327672
TCAATT	0.4678191239520555
TCAATA	0.6621584973091194
TCAAAT	0.5297267978472955
TCAAAA	1.2371429172202033
ATGAAT	1.1575272537613253
ATGAAA	2.2118159164475033
GTTTTT	0.0
GTTTTA	0.0
TCTTTT	0.0
TCTTTA	0.5508618999445271
TCTATT	1.1017237998890541
TCTATA	1.2475176638721481
TCTAAT	1.559397079840185
TCTAAA	0.3972950983854716
ACTATT	1.0915779558881296
ACTATA	0.6621584973091194
ACTAAT	1.191885295156415
ACTAAA	1.3496104551493127
ATGTTT	0.8024736082017714
ATGTTA	0.6815002098010456
ATGTAT	0.3407501049005228
ATGTAA	0.8681454403209939
ATGATT	1.3630004196020913
ATGATA	1.7362908806419879
CATTAT	0.935638247904111
CATTAA	0.6621584973091194
ACAATT	1.3243169946182387
ACAATA	0.22493507585821879
ACAAAT	0.44987015171643757
ACAAAA	1.0506428485900516
TCTTAT	1.652585699833581
TCTTAA	0.6237588319360741
ACATTT	0.7796985399200925
ACATTA	1.059453595694591
ACATAT	0.3972950983854716
ACATAA	0.7872727655037657
GTTATT	1.2037104123026567
GTTATA	0.6815002098010455
GTTAAT	1.0222503147015682
GTTAAA	0.8681454403209938
GATAAT	0.5787636268806626
GATAAA	0.7372719721491677
GAATTT	0.3407501049005229
GAATTA	0.5787636268806627
GAATAT	0.0
GAATAA	1.228786620248613
GAAAAT	0.9830292961988903
GAAAAA	1.8783832835051462
CATAAT	1.7216120930037104
CATAAA	0.8997403034328751
GAAATT	1.1575272537613253
GAAATA	0.2457573240497226
CATATT	0.7796985399200925
CATATA	0.26486339892364774
CATTTT	0.5508618999445271
CATTTA	1.4034573718561667
AGTAAT	2.3150545075226505
AGTAAA	0.9830292961988903
AGTTTT	0.0
AGTTTA	0.6815002098010456
AGTTAT	1.0222503147015685
AGTTAA	0.8681454403209939
GATTTT	0.4012368041008857
GATTTA	1.703750524502614
GATTAT	1.0222503147015685
GATTAA	1.7362908806419879
GATATT	1.3630004196020913
GATATA	0.5787636268806626
ATCATT	0.7796985399200925
ATCATA	0.7945901967709432
ATCAAT	0.9270218962327672
ATCAAA	1.0122078413619846
AGATAT	1.446909067201657
AGATAA	0.7372719721491678
CAAATT	0.26486339892364774
CAAATA	0.6748052275746563
CAATAT	0.6621584973091194
CAATAA	0.7872727655037657
CAATTT	0.623758831936074
CAATTA	0.7945901967709432
GTATAT	0.6815002098010456
GTATAA	0.0
ATCTTT	0.18362063331484235
ATCTTA	1.4034573718561667
ATCTAT	0.7796985399200925
ATCTAA	0.0
AGTATT	1.703750524502614
AGTATA	1.1575272537613253
AAACAT	1.3496104551493127
AAACAA	2.4833376421219406
GTAATT	0.6815002098010456
GTAATA	0.8681454403209939
CAAAAT	0.8997403034328751
CAAAAA	1.146155834825511
AGAATT	0.2893818134403313
AGAATA	1.4745439442983355
AGAAAT	0.9830292961988903
AGAAAA	2.5045110446735284
GTAAAT	1.1575272537613253
GTAAAA	0.9830292961988903
GTATTT	0.4012368041008857
GTATTA	1.3630004196020913
AGATTT	0.3407501049005229
AGATTA	0.868145440320994
AATTTC	0.15593970798401852
AATTTG	0.6815002098010456
AATTAC	0.6621584973091195
AATTAG	0.5787636268806626
AATACT	1.4567486940800625
AATACA	0.6748052275746562
AATAGT	1.1575272537613253
AATAGA	1.9660585923977807
AAAGTT	0.8681454403209939
AAAGTA	1.2287866202486128
AAAGAT	2.2118159164475033
AAAGAA	0.834837014891176
AAAACC	1.1915875042351682
AAAACG	0.5579540584473355
AAAAGC	0.9299234307455593
AAAAGG	2.4384155441035804
AAATCC	1.0022190856707704
AAATCG	0.6569967258319228
AAACCT	0.8017752685366165
AAACCA	0.8511339315965489
AAACGT	0.0
AAACGA	0.5579540584473357
AAACTC	0.9019971771036934
AAACTG	1.0949945430532049
AAACAC	0.9362473247562038
AAACAG	1.8598468614911188
GACTTT	1.2145949484228225
GACTTA	2.06298800038622
GACTAT	0.7736205001448325
GACTAA	0.43799781722128195
ATCCTT	0.4168822962605089
ATCCTA	2.360246862203298
ATCCAT	0.8260864017711543
ATCCAA	1.1024409942378475
CGAATT	0.0
CGAATA	0.4379978172212819
GTAAGT	0.5634897187413029
GTAAGA	0.4785432911662482
GTAATC	1.8051145003379423
GTAATG	1.1269794374826059
GACATT	1.03149400019311
GACATA	1.094994543053205
GACAAT	0.43799781722128195
GACAAA	1.3018928030437833
AGAAGT	2.871259746997489
AGAAGA	2.0320129534196507
AGAATC	0.43799781722128195
AGAATG	1.435629873498745
AGAAAC	0.5579540584473357
AGAAAG	2.4384155441035813
GTAAAC	0.6569967258319229
GTAAAG	0.9570865823324965
CGAAAT	0.21899890861064095
CGAAAA	1.6738621753420067
ATCGTT	0.9109462113171167
ATCGTA	0.7736205001448324
ATCGAT	0.5157470000965549
ATCGAA	0.8759956344425638
GTATTC	0.9109462113171167
GTATTG	2.6540600943611974
GTATAC	0.25787350004827747
GTATAG	1.1269794374826059
AGATAC	0.21899890861064097
AGATAG	0.0
AGAACT	2.4089879947170507
AGAACA	0.9299234307455594
CAAAGT	0.43799781722128195
CAAAGA	1.1159081168946714
CAAATC	1.1024409942378475
CAAATG	0.0
CAAAAC	0.8511339315965489
CAAAAG	1.1159081168946714
GAGTTT	0.0
GAGTTA	0.5634897187413029
GAGTAT	1.126979437482606
GAGTAA	0.9570865823324965
AGAGTT	1.126979437482606
AGAGTA	1.435629873498745
AGAGAT	1.914173164664993
AGAGAA	2.032012953419651
AGATCT	0.515747000096555
AGATCA	0.6569967258319229
AGATGT	0.563489718741303
AGATGA	1.435629873498745
AGATTC	0.0
AGATTG	0.563489718741303
GAGATT	0.0
GAGATA	1.914173164664993
GAGAAT	0.4785432911662483
GAGAAA	2.032012953419651
AGACTT	1.03149400019311
AGACTA	0.21899890861064103
AGACAT	0.6569967258319229
AGACAA	0.5579540584473357
CAATGT	0.7736205001448324
CAATGA	1.5329923602744866
CAATTC	1.4161481173219788
CAATTG	0.7736205001448324
CAATAC	0.8017752685366164
CAATAG	0.8759956344425639
GTAACT	0.5157470000965549
GTAACA	1.0949945430532046
ATCTCT	1.3896076542016962
ATCTCA	1.5341604604321437
ATCTGT	0.6072974742114111
ATCTGA	2.0629880003862198
ATCTTC	2.3623330121428836
ATCTTG	2.125541159739939
ATCTAC	1.2981357742118138
ATCTAG	1.2893675002413874
GATGTT	0.6635150235902993
GATGTA	0.5634897187413029
AGTACT	0.5157470000965549
AGTACA	0.6569967258319228
AGTAGT	0.5634897187413029
AGTAGA	2.392716455831241
AGTATC	0.7736205001448324
AGTATG	0.0
AGTAAC	1.0949945430532049
AGTAAG	0.4785432911662483
CAAACT	0.7015533599695395
CAAACA	2.6385151879493014
AGTTCT	0.9109462113171168
AGTTCA	0.7736205001448325
AGTTGT	0.0
AGTTGA	1.690469156223909
AGTTTC	0.6072974742114111
AGTTTG	0.6635150235902993
AGTTAC	0.25787350004827747
AGTTAG	0.5634897187413029
GATCTT	1.8218924226342337
GATCTA	0.2578735000482775
GATCAT	0.7736205001448325
GATCAA	1.0949945430532049
GATGAT	0.0
GATGAA	2.392716455831241
GATTCT	1.8218924226342337
GATTCA	0.0
GATTGT	0.6635150235902993
GATTGA	0.0
GATTTC	0.6072974742114111
GATTTG	1.3270300471805987
CTCTTT	0.32725550255592123
CTCTTA	1.2506468887815265
AGTGTT	0.0
AGTGTA	1.1269794374826059
AGTGAT	0.0
AGTGAA	3.3498030381637376
GATTAC	0.0
GATTAG	1.1269794374826059
GATACT	1.0314940001931099
GATACA	0.6569967258319228
GATAGT	1.1269794374826059
GATAGA	0.9570865823324964
GATATC	0.7736205001448324
GATATG	1.1269794374826059
AGTCTT	0.9109462113171168
AGTCTA	1.8051145003379425
AGTCAT	0.515747000096555
AGTCAA	0.43799781722128195
ATCACT	0.9440987448813192
ATCACA	0.9019971771036934
ATCAGT	0.25787350004827747
ATCAGA	0.6569967258319228
ATCATC	1.4161481173219788
ATCATG	1.8051145003379423
ATCAAC	0.8017752685366164
ATCAAG	1.0949945430532049
GTAGTT	1.3270300471805987
GTAGTA	1.6904691562239087
GTAGAT	0.0
GTAGAA	2.392716455831241
GAAGAT	0.4785432911662483
GAAGAA	0.8128051813678604
GAATCT	0.515747000096555
GAATCA	0.6569967258319229
GATAAC	0.6569967258319229
GATAAG	0.9570865823324965
GAACTT	1.03149400019311
GAACTA	2.18998908610641
GAACAT	0.6569967258319229
GAACAA	0.7439387445964475
AGGATT	2.8174485937065152
AGGATA	1.435629873498745
AGGAAT	5.263976202828731
AGGAAA	2.4384155441035813
GAATAC	1.3139934516638458
GAATAG	1.914173164664993
GAAACT	1.5329923602744868
GAAACA	0.9299234307455594
CTCATT	2.223372246722714
CTCATA	2.0062098328728033
AGGTTT	1.9905450707708978
AGGTTA	1.1269794374826059
AGGTAT	1.126979437482606
AGGTAA	0.4785432911662483
GAAGTT	0.563489718741303
GAAGTA	2.87125974699749
GAAAGT	0.9570865823324964
GAAAGA	2.438415544103581
CAAGTT	0.0
CAAGTA	0.8759956344425638
CAAGAT	0.0
CAAGAA	0.9299234307455593
CGTATT	0.9109462113171168
CGTATA	0.0
CTCTAT	0.9727253579411873
CTCTAA	1.0621110879914841
GAATGT	1.126979437482606
GAATGA	1.914173164664993
GAATTC	0.2578735000482775
GAATTG	1.126979437482606
CAACTT	0.4720493724406596
CAACTA	1.2026629028049247
CAACAT	0.7015533599695394
CAACAA	1.1915875042351682
CTCAAT	1.180123431101649
CTCAAA	0.8017752685366164
CAATCT	1.180123431101649
CAATCA	1.0022190856707704
GAAATC	0.8759956344425639
GAAATG	1.435629873498745
GAAAAC	1.487877489192895
GAAAAG	3.6576233161553717
TCCTAT	3.4740191355042405
TCCTAA	2.4782592053134627
AGCATT	1.547241000289665
AGCATA	0.8759956344425641
AGCAAT	1.9709901774957688
AGCAAA	0.5579540584473357
CGTAAT	0.7736205001448325
CGTAAA	0.21899890861064097
CATAGT	1.2893675002413874
CATAGA	0.0
CATATC	0.4720493724406596
CATATG	1.0314940001931099
CATAAC	0.9019971771036934
CATAAG	0.8759956344425639
TCCATT	0.9727253579411873
TCCATA	1.0621110879914841
TCCAAT	0.8260864017711543
TCCAAA	0.6013314514024624
CATTGT	0.9109462113171167
CATTGA	0.5157470000965549
CATTTC	0.8337645925210178
CATTTG	0.30364873710570556
AGCTTT	0.9109462113171168
AGCTTA	1.8051145003379425
AGCTAT	3.09448200057933
AGCTAA	2.6279869033276917
TCCTTT	0.32725550255592123
TCCTTA	1.5285684196218658
GTATCT	0.6072974742114112
GTATCA	1.03149400019311
GTATGT	0.0
GTATGA	1.1269794374826059
GTACTT	0.3036487371057056
GTACTA	0.515747000096555
GTACAT	1.547241000289665
GTACAA	0.43799781722128195
ATGCTT	0.9109462113171168
ATGCTA	1.2893675002413876
ATGCAT	0.2578735000482775
ATGCAA	1.7519912688851278
GTTAGT	2.6540600943611974
GTTAGA	0.0
GTTATC	1.2145949484228222
GTTATG	0.6635150235902992
TCGTTT	0.35754955638570196
TCGTTA	0.30364873710570556
TCGTAT	0.30364873710570556
TCGTAA	0.5157470000965549
CATGTT	0.9109462113171167
CATGTA	0.5157470000965549
CATGAT	1.5472410002896648
CATGAA	1.5329923602744866
CATTAC	1.180123431101649
CATTAG	1.0314940001931099
CATACT	2.360246862203298
CATACA	0.2004438171341541
CTGTAT	0.30364873710570556
CTGTAA	1.0314940001931099
TCTCAT	2.3623330121428836
TCTCAA	1.4161481173219788
CATCTT	1.111686123361357
CATCTA	1.0621110879914841
CATCAT	1.0621110879914841
CATCAA	1.2026629028049247
TCGATT	0.3036487371057056
TCGATA	0.515747000096555
TCGAAT	0.2578735000482775
TCGAAA	0.21899890861064097
CTGAAT	0.515747000096555
CTGAAA	1.0949945430532049
CTGTTT	0.7150991127714039
CTGTTA	1.2145949484228222
CATTCT	1.9454507158823746
CATTCA	0.9440987448813192
TCTGAT	0.9109462113171167
TCTGAA	1.0314940001931099
ACAAGT	0.21899890861064097
ACAAGA	1.1159081168946714
ACAATC	0.6013314514024624
ACAATG	1.3139934516638458
ACAAAC	2.5534017947896466
ACAAAG	0.7439387445964475
CTGATT	1.5182436855285282
CTGATA	1.2893675002413876
TCTCTT	1.309022010223685
TCTCTA	2.0844114813025443
ACATGT	0.25787350004827747
ACATGA	2.1899890861064093
ACATTC	1.0621110879914841
ACATTG	0.7736205001448324
ACATAC	0.6013314514024624
ACATAG	1.5329923602744868
ACAACT	0.10022190856707706
ACAACA	0.766020538436894
TCTGTT	0.0
TCTGTA	0.6072974742114111
GTTAAC	0.5157470000965548
GTTAAG	0.0
ATGGTT	1.3270300471805987
ATGGTA	1.1269794374826059
ATGGAT	1.1269794374826059
ATGGAA	0.9570865823324964
ATGTCT	0.6072974742114112
ATGTCA	0.2578735000482775
ATGTGT	0.0
ATGTGA	1.1269794374826059
ATGTTC	0.30364873710570556
ATGTTG	0.6635150235902993
ACAGTT	0.5157470000965549
ACAGTA	1.3139934516638456
ACAGAT	0.4379978172212819
ACAGAA	0.18598468614911184
ACATCT	1.0621110879914841
ACATCA	0.9019971771036934
TCTTCT	2.454416269169409
TCTTCA	1.6675291850420355
TCTTGT	1.0726486691571058
TCTTGA	1.2145949484228222
TCTTTC	0.49088325383388187
TCTTTG	1.7877477819285095
TCTTAC	0.9727253579411873
TCTTAG	2.125541159739939
TCTACT	2.0844114813025443
TCTACA	1.0621110879914841
TCTAGT	1.8218924226342335
TCTAGA	1.5472410002896648
TCTATC	0.5558430616806785
TCTATG	0.9109462113171167
TCTAAC	0.1180123431101649
TCTAAG	0.7736205001448324
ACACTT	0.7080740586609894
ACACTA	0.5011095428353852
ACACAT	0.4008876342683082
ACACAA	0.6809071452772391
TCATTC	0.6948038271008481
TCATTG	1.8218924226342335
TCACTT	0.6948038271008481
TCACTA	0.8260864017711543
TCACAT	0.7080740586609894
TCACAA	0.8017752685366164
ACTAAC	1.5033286285061558
ACTAAG	0.8759956344425639
CTTCTT	3.2725550255592126
CTTCTA	1.8064899504622052
CTTCAT	1.8064899504622052
CTTCAA	1.180123431101649
ATGTAC	0.5157470000965549
ATGTAG	1.690469156223909
ATGACT	2.0629880003862198
ATGACA	0.8759956344425638
ATGAGT	0.5634897187413029
ATGAGA	2.392716455831241
ATGATC	0.5157470000965549
ATGATG	1.690469156223909
ATGAAC	1.5329923602744868
ATGAAG	1.435629873498745
ACTACT	0.7080740586609894
ACTACA	0.7015533599695394
ACTAGT	0.5157470000965549
ACTAGA	0.6569967258319228
ACTATC	1.4161481173219788
ACTATG	2.0629880003862198
TCAGTT	0.0
TCAGTA	0.7736205001448324
TCAGAT	0.5157470000965549
TCAGAA	1.0949945430532046
TCATCT	1.3896076542016962
TCATCA	1.4161481173219788
TCATGT	0.9109462113171167
TCATGA	1.0314940001931099
TCAATC	1.0621110879914841
TCAATG	1.0314940001931099
ACTGTT	0.9109462113171167
ACTGTA	0.25787350004827747
ACTGAT	1.8051145003379423
ACTGAA	0.8759956344425638
ACTTCT	1.3896076542016962
ACTTCA	1.180123431101649
ACTTGT	0.9109462113171167
ACTTGA	0.7736205001448324
ACTTTC	0.5558430616806785
ACTTTG	0.30364873710570556
ACTTAC	0.3540370293304947
ACTTAG	1.8051145003379423
CAGAAT	0.4379978172212819
CAGAAA	1.6738621753420067
ACTCTT	0.4168822962605089
ACTCTA	0.4720493724406596
ACTCAT	1.180123431101649
ACTCAA	1.0022190856707704
TCATAC	1.2981357742118138
TCATAG	1.0314940001931099
TCAACT	0.9440987448813192
TCAACA	0.8017752685366164
TCAAGT	0.25787350004827747
TCAAGA	0.21899890861064095
CAGTAT	0.7736205001448324
CAGTAA	1.0949945430532046
CTTTCT	1.1453942589457244
CTTTCA	0.27792153084033927
ACGATT	0.7736205001448324
ACGATA	0.6569967258319228
ACGAAT	0.6569967258319228
ACGAAA	1.4878774891928948
TCAAAC	0.9019971771036934
TCAAAG	0.6569967258319229
CAGATT	0.25787350004827747
CAGATA	0.4379978172212819
TGCAAT	1.0314940001931099
TGCAAA	1.7519912688851276
TGCTTT	0.3575495563857019
TGCTTA	0.9109462113171166
TGCTAT	1.5182436855285277
TGCTAA	1.0314940001931097
CGTTAT	0.30364873710570556
CGTTAA	0.0
ACGTAT	0.5157470000965549
ACGTAA	0.0
CTTGTT	0.35754955638570196
CTTGTA	1.2145949484228222
CTTGAT	0.6072974742114111
CTTGAA	0.5157470000965549
CAGTTT	0.6072974742114111
CAGTTA	0.5157470000965549
TGGTAT	2.6540600943611974
TGGTAA	0.5634897187413029
CACTAT	0.9440987448813192
CACTAA	1.0022190856707704
CACATT	0.8260864017711543
CACATA	0.2004438171341541
CACAAT	0.7015533599695394
CACAAA	0.9362473247562036
CGTTTT	0.0
CGTTTA	0.30364873710570556
CTTACT	1.111686123361357
CTTACA	0.9440987448813192
ACGTTT	0.0
ACGTTA	0.5157470000965549
TGCATT	0.30364873710570556
TGCATA	0.5157470000965549
ATTCCT	1.528568419621866
ATTCCA	0.7080740586609895
ATTCGT	0.0
ATTCGA	0.7736205001448325
ATTCTC	1.8064899504622056
ATTCTG	1.8218924226342337
GTTTGT	0.781295863770949
GTTTGA	0.0
GTTTTC	0.3575495563857019
GTTTTG	0.0
GTTTAC	1.5182436855285277
GTTTAG	0.6635150235902992
TGGATT	1.3270300471805987
TGGATA	0.0
TGGAAT	0.0
TGGAAA	0.0
CTTTGT	0.0
CTTTGA	1.518243685528528
CTTTTC	0.49088325383388187
CTTTTG	0.7150991127714038
CTTTAC	0.4168822962605089
CTTTAG	0.0
TGGTTT	2.3438875913128467
TGGTTA	0.0
TGTGTT	0.0
TGTGTA	0.0
TGTGAT	1.9905450707708978
TGTGAA	1.1269794374826059
CACTTT	0.6948038271008481
CACTTA	0.7080740586609894
TGTCTT	1.0726486691571058
TGTCTA	1.2145949484228222
TGTCAT	1.5182436855285277
TGTCAA	0.2578735000482774
ACCATT	0.2360246862203298
ACCATA	0.4008876342683082
ACCAAT	1.0022190856707704
ACCAAA	0.7660205384368939
GTTACT	0.0
GTTACA	0.5157470000965548
ATTCAC	0.7080740586609895
ATTCAG	1.03149400019311
ATTGCT	0.3036487371057056
ATTGCA	0.7736205001448325
ATTGGT	0.6635150235902993
ATTGGA	2.2539588749652117
ATTGTC	0.9109462113171167
ATTGTG	0.6635150235902993
CTTAAC	0.9440987448813192
CTTAAG	1.0314940001931099
TGTTCT	0.3575495563857019
TGTTCA	0.6072974742114111
TGTTGT	0.781295863770949
TGTTGA	0.0
TGTTTC	0.3575495563857019
TGTTTG	0.0
TGTTAC	0.0
TGTTAG	1.3270300471805985
TGTATC	0.30364873710570556
TGTATG	1.3270300471805985
TGTAAC	0.7736205001448323
TGTAAG	0.5634897187413029
ACCTTT	0.6948038271008481
ACCTTA	0.7080740586609894
ACCTAT	0.5900617155508245
ACCTAA	0.9019971771036934
CTTAGT	2.73283863395135
CTTAGA	1.0314940001931099
CTTATC	1.5285684196218658
CTTATG	1.2145949484228222
TGATGT	0.0
TGATGA	2.2539588749652117
TGACTT	3.0364873710570564
TGACTA	1.547241000289665
TGACAT	1.03149400019311
TGACAA	0.43799781722128195
CTATCT	1.9454507158823746
CTATCA	0.5900617155508245
CTACTT	1.2506468887815265
CTACTA	1.8881974897626383
CTACAT	1.180123431101649
CTACAA	1.1024409942378475
TGTACT	0.9109462113171166
TGTACA	0.7736205001448323
TGTAGT	0.6635150235902993
TGTAGA	1.1269794374826059
ATTGAC	1.2893675002413874
ATTGAG	0.0
ATTTCC	0.5558430616806787
ATTTCG	0.3036487371057056
ATTTGC	0.9109462113171168
ATTTGG	0.6635150235902995
TGAAGT	2.2539588749652117
TGAAGA	0.9570865823324964
CTAGTT	1.2145949484228222
CTAGTA	1.2893675002413874
CTAGAT	0.0
CTAGAA	3.065984720548973
TGAGTT	0.6635150235902993
TGAGTA	0.5634897187413029
TGAGAT	0.5634897187413029
TGAGAA	0.9570865823324964
TGATCT	1.8218924226342337
TGATCA	0.515747000096555
ATTACC	0.5900617155508245
ATTACG	0.25787350004827747
ATTAGC	1.0314940001931099
ATTAGG	1.1269794374826059
TGATTC	1.518243685528528
TGATTG	0.0
TGATAC	1.2893675002413874
TGATAG	1.1269794374826059
TGAACT	1.0314940001931099
TGAACA	1.3139934516638456
ATACCT	0.35403702933049475
ATACCA	0.40088763426830826
ATACGT	0.2578735000482775
ATACGA	0.21899890861064097
ATACTC	1.416148117321979
ATACTG	1.2893675002413876
GTTGTT	0.781295863770949
GTTGTA	0.6635150235902992
GTTGAT	1.3270300471805987
GTTGAA	1.6904691562239087
GTTTCT	0.7150991127714038
GTTTCA	0.9109462113171166
ATACAC	0.6013314514024625
ATACAG	0.21899890861064097
ATAGCT	1.8051145003379425
ATAGCA	0.8759956344425639
ATAGGT	0.563489718741303
ATAGGA	1.435629873498745
ATAGTC	1.8051145003379425
ATAGTG	0.563489718741303
TAAACC	1.603550537073233
TAAACG	0.21899890861064097
TAAAGC	0.43799781722128195
TAAAGG	1.914173164664993
ATAGAC	0.8759956344425639
ATAGAG	0.9570865823324965
ATATCC	0.7080740586609895
ATATCG	0.515747000096555
ATATGC	0.2578735000482775
ATATGG	1.6904691562239091
TAAGGT	0.563489718741303
TAAGGA	2.3927164558312417
TAAGTC	0.515747000096555
TAAGTG	2.8174485937065152
TAAGAC	1.5329923602744868
TAAGAG	0.9570865823324965
TAATCC	1.6521728035423089
TAATCG	2.578735000482775
TAATGC	1.8051145003379425
TAATGG	2.8174485937065152
ATAACC	1.0022190856707707
ATAACG	0.0
ATAAGC	0.8759956344425639
ATAAGG	0.0
GTTCTT	0.7150991127714038
GTTCTA	1.2145949484228222
TAACCT	1.1801234311016493
TAACCA	1.202662902804925
TAACGT	0.0
TAACGA	0.43799781722128195
TAACTC	0.35403702933049475
TAACTG	0.7736205001448325
TAACAC	0.6013314514024625
TAACAG	2.1899890861064097
TAAGCT	2.8366085005310526
TAAGCA	0.6569967258319229
GTTCAT	0.30364873710570556
GTTCAA	1.5472410002896646
GTGATT	0.6635150235902993
GTGATA	0.5634897187413029
GTGAAT	1.1269794374826059
GTGAAA	1.9141731646649929
CGATTT	0.0
CGATTA	0.5157470000965549
CGATAT	0.0
CGATAA	0.4379978172212819
TATACC	0.3540370293304947
TATACG	1.0314940001931099
TATAGC	2.0629880003862198
TATAGG	1.690469156223909
TATTCC	1.1116861233613573
TATTCG	0.6072974742114112
TATTGC	0.6072974742114112
TATTGG	1.327030047180599
GTGTAT	0.0
GTGTAA	1.1269794374826059
GCTTTT	0.7150991127714039
GCTTTA	0.6072974742114111
GCTTAT	0.0
GCTTAA	1.2893675002413874
GCTAAT	1.2893675002413876
GCTAAA	1.7519912688851278
GTGTTT	0.0
GTGTTA	0.0
AACCTT	0.7080740586609894
AACCTA	0.6013314514024624
AACCAT	0.9019971771036934
AACCAA	0.7660205384368939
CCTTAT	1.2506468887815265
CCTTAA	1.6521728035423087
TATCAC	0.4720493724406597
TATCAG	0.7736205001448325
TATGCT	2.429189896845645
TATGCA	0.515747000096555
TATGGT	1.9905450707708978
TATGGA	0.5634897187413029
TATGTC	1.518243685528528
TATGTG	0.0
TATGAC	1.0314940001931099
TATGAG	1.690469156223909
TATCTC	2.0844114813025447
TATCTG	1.5182436855285282
TGAATC	1.0314940001931099
TGAATG	1.1269794374826059
TGAAAC	1.7519912688851278
TGAAAG	1.435629873498745
CTAAGT	0.7736205001448324
CTAAGA	1.0949945430532046
CTAATC	2.4782592053134627
CTAATG	1.2893675002413874
TAGACT	0.0
TAGACA	1.0949945430532046
TAGAGT	1.690469156223909
TAGAGA	1.9141731646649929
TAGATC	0.0
TAGATG	0.5634897187413029
TAGAAC	1.0949945430532049
TAGAAG	3.828346329329986
TATCCT	1.528568419621866
TATCCA	1.2981357742118143
TATCGT	1.8218924226342337
TATCGA	0.515747000096555
GCTATT	1.8218924226342337
GCTATA	1.8051145003379425
GTCAAT	0.25787350004827747
GTCAAA	0.6569967258319228
CCTTTT	1.6362775127796063
CCTTTA	0.4168822962605089
GTCTAT	0.30364873710570556
GTCTAA	1.0314940001931097
GTCATT	0.6072974742114111
GTCATA	0.7736205001448324
AACGTT	0.0
AACGTA	0.0
AACGAT	0.4379978172212819
AACGAA	0.7439387445964474
GCATTT	0.30364873710570556
GCATTA	0.7736205001448324
TTCCAT	1.111686123361357
TTCCAA	0.4720493724406596
TAGGAT	1.690469156223909
TAGGAA	2.871259746997489
TAGTCT	1.8218924226342337
TAGTCA	0.2578735000482775
TAGTGT	0.0
TAGTGA	1.1269794374826059
TAGTTC	1.2145949484228222
TAGTTG	1.3270300471805987
TAGTAC	1.0314940001931099
TAGTAG	2.2539588749652117
TTCGAT	0.30364873710570556
TTCGAA	0.25787350004827747
TTCTCT	1.6362775127796063
TTCTCA	2.0844114813025443
TAGCTT	2.125541159739939
TAGCTA	2.06298800038622
TAGCAT	0.515747000096555
TAGCAA	0.8759956344425639
TAGGTT	1.3270300471805987
TAGGTA	0.0
CTAAAC	1.4031067199390788
CTAAAG	1.0949945430532049
TTCCTT	0.6545110051118425
TTCCTA	2.501293777563053
TTCACT	0.9727253579411873
TTCACA	0.5900617155508245
TACAGT	1.0314940001931099
TACAGA	0.8759956344425638
TACATC	0.7080740586609894
TACATG	1.5472410002896648
TACAAC	0.4008876342683082
TACAAG	0.6569967258319229
TTCGTT	0.35754955638570196
TTCGTA	1.2145949484228222
GCATAT	0.25787350004827747
GCATAA	1.3139934516638456
GTCTTT	0.3575495563857019
GTCTTA	0.6072974742114111
AACTCT	0.7080740586609894
AACTCA	1.0022190856707704
AACTGT	0.7736205001448324
AACTGA	1.0949945430532046
AACTTC	1.2981357742118138
AACTTG	1.2893675002413874
AACTAC	0.6013314514024624
AACTAG	1.7519912688851278
TACTAC	0.5900617155508245
TACTAG	2.0629880003862198
TACACT	0.5900617155508245
TACACA	0.5011095428353852
TTCTGT	0.35754955638570196
TTCTGA	1.518243685528528
TTCTTC	3.5998105281151336
TTCTTG	1.0726486691571058
TTCTAC	1.8064899504622052
TTCTAG	2.4291898968456445
TTCAAC	1.4161481173219788
TTCAAG	0.7736205001448324
TACGTT	0.0
TACGTA	0.5157470000965549
TACGAT	0.25787350004827747
TACGAA	1.5329923602744866
TACTCT	0.9727253579411873
TACTCA	1.180123431101649
TACTGT	0.9109462113171167
TACTGA	1.8051145003379423
TACTTC	1.3896076542016962
TACTTG	0.30364873710570556
TTGCTT	0.3575495563857019
TTGCTA	0.6072974742114111
TTGCAT	1.5182436855285277
TTGCAA	0.5157470000965548
TTGGTT	0.781295863770949
TTGGTA	0.6635150235902992
CTAACT	0.7080740586609894
CTAACA	1.4031067199390788
TACCTT	0.5558430616806785
TACCTA	0.9440987448813192
TACCAT	0.7080740586609894
TACCAA	0.5011095428353852
TTCAGT	0.30364873710570556
TTCAGA	0.7736205001448324
TTCATC	1.3896076542016962
TTCATG	0.6072974742114111
GCAAAT	0.8759956344425638
GCAAAA	0.9299234307455593
AACACT	0.5011095428353853
AACACA	0.8511339315965489
AACAGT	0.8759956344425639
AACAGA	0.37196937229822374
AACATC	0.8017752685366164
AACATG	1.0949945430532049
AACAAC	0.8511339315965489
AACAAG	1.3018928030437833
GGAATT	1.690469156223909
GGAATA	2.392716455831241
CTATGT	1.518243685528528
CTATGA	2.5787350004827747
CTATTC	2.501293777563053
CTATTG	0.0
CTATAC	1.0621110879914841
CTATAG	1.8051145003379423
GGAAAT	1.4356298734987445
GGAAAA	2.0320129534196507
GCAATT	1.2893675002413874
GCAATA	0.6569967258319228
GGATTT	3.9810901415417956
GGATTA	1.1269794374826059
GGATAT	1.1269794374826059
GGATAA	1.4356298734987445
AAGCTT	2.0629880003862198
AAGCTA	2.8469858119383322
AAGCAT	1.3139934516638456
AAGCAA	0.9299234307455593
TTAAGC	2.5787350004827743
TTAAGG	0.5634897187413029
TTGGAT	1.3270300471805987
TTGGAA	0.5634897187413029
TTGTCT	0.7150991127714038
TTGTCA	0.6072974742114111
TTGTGT	0.781295863770949
TTGTGA	1.3270300471805985
TTGTTC	0.3575495563857019
TTGTTG	0.7812958637709491
TTATGC	0.6072974742114111
TTATGG	1.3270300471805987
TTAACC	1.2981357742118136
TTAACG	0.2578735000482774
CCAATT	0.8260864017711544
CCAATA	1.403106719939079
CCAAAT	0.7015533599695395
CCAAAA	0.766020538436894
CCATTT	0.6948038271008482
CCATTA	0.5900617155508247
CCTAAT	2.5962715484236276
CCTAAA	1.7037724456403098
CCTATT	2.501293777563053
CCTATA	0.7080740586609894
AAGGTT	0.5634897187413029
AAGGTA	1.4356298734987445
AAGGAT	0.4785432911662482
AAGGAA	2.844818134787511
GGTTAT	1.9905450707708978
GGTTAA	1.1269794374826059
TTAGCT	0.6072974742114111
TTAGCA	0.5157470000965548
TTAGGT	0.0
TTAGGA	2.8174485937065143
TTAGTC	1.2145949484228222
TTAGTG	1.3270300471805985
TTAGAC	0.0
TTAGAG	1.1269794374826059
TTATCC	1.389607654201696
TTATCG	1.2145949484228222
TTACCT	0.5558430616806784
TTACCA	0.4720493724406595
TTACGT	0.0
TTACGA	0.7736205001448323
TTACTC	0.694803827100848
TTACTG	0.9109462113171166
TTACAC	0.4720493724406595
TTACAG	2.320861500434497
GGTATT	1.9905450707708978
GGTATA	0.5634897187413029
GGTAAT	0.5634897187413029
GGTAAA	1.4356298734987445
AAGTCT	0.7736205001448324
AAGTCA	0.6569967258319228
AAGTGT	1.1269794374826059
AAGTGA	1.4356298734987445
AAGTTC	0.5157470000965549
AAGTTG	0.0
AAGTAC	0.21899890861064097
AAGTAG	2.87125974699749
TTTACC	1.2506468887815265
TTTACG	0.30364873710570556
TTTAGC	0.9109462113171167
TTTAGG	0.6635150235902993
CCATAT	0.4720493724406597
CCATAA	1.403106719939079
GGTTTT	0.781295863770949
GGTTTA	2.654060094361197
AAGACT	0.6569967258319228
AAGACA	0.9299234307455593
AAGAGT	2.392716455831241
AAGAGA	1.6256103627357206
AAGATC	0.6569967258319228
AAGATG	2.392716455831241
AAGAAC	0.9299234307455593
AAGAAG	1.6256103627357203
TTTGAC	1.2145949484228222
TTTGAG	0.0
TTTTCC	0.49088325383388187
TTTTCG	0.7150991127714038
TTTTGC	0.7150991127714038
TTTTGG	1.5625917275418981
AATCCT	1.8881974897626383
AATCCA	0.7015533599695394
AATCGT	0.7736205001448324
AATCGA	1.3139934516638456
AATCTC	1.0621110879914841
AATCTG	1.5472410002896648
AATCAC	0.8017752685366164
AATCAG	1.0949945430532049
AATGCT	1.5472410002896648
AATGCA	1.3139934516638456
AATGGT	2.2539588749652117
AATGGA	0.4785432911662482
TTGATC	1.5182436855285277
TTGATG	0.0
TTTCAC	0.13896076542016964
TTTCAG	1.2145949484228222
TTTGCT	0.3575495563857019
TTTGCA	0.9109462113171166
TTTGGT	0.781295863770949
TTTGGA	1.3270300471805985
TTTGTC	0.0
TTTGTG	1.5625917275418981
TTTCCT	0.8181387563898032
TTTCCA	0.13896076542016964
TTTCGT	0.7150991127714039
TTTCGA	0.0
TTTCTC	1.1453942589457244
TTTCTG	0.7150991127714038
TTGTAC	1.2145949484228222
TTGTAG	0.6635150235902992
TTGACT	1.2145949484228222
TTGACA	0.2578735000482774
TTGAGT	0.0
TTGAGA	0.0
AATGTC	0.25787350004827747
AATGTG	2.2539588749652117
AATGAC	1.0949945430532049
AATGAG	2.87125974699749
AATTCC	0.8260864017711543
AATTCG	1.0314940001931099
AATTGC	0.25787350004827747
AATTGG	1.1269794374826059
AATACC	0.7015533599695394
AATACG	0.6569967258319228
AATAGC	1.0949945430532046
AATAGG	2.392716455831241
AAAGCT	1.3139934516638458
AAAGCA	0.9299234307455594
AAAGGT	0.4785432911662482
AAAGGA	2.844818134787511
AAAGTC	0.6569967258319229
AAAGTG	1.435629873498745
AAAGAC	0.9299234307455594
AAAGAG	4.064025906839302
TTGAAC	0.2578735000482774
TTGAAG	2.8174485937065143
AAATGC	1.0949945430532046
AAATGG	1.4356298734987445
AAAGCC	0.9944064155754078
AAAGCG	0.0
AAAGGC	0.7243057692010886
AAAGGG	3.1654191228909934
TTTCCC	0.6191525742801315
TTTCCG	0.0
TTTCGC	0.5411740405644608
TTTCGG	1.7738116238233423
TTGACC	1.8383668617339854
TTGACG	0.5021361373250258
TTGAGC	0.5021361373250258
TTGAGG	1.097237795811323
TTTGCC	0.5411740405644608
TTTGCG	0.0
TTTGGC	1.1825410825488947
TTTGGG	2.584017907542895
TTACCC	1.1567928601114563
TTACCG	0.45959171543349636
TTACGC	0.9191834308669927
TTACGG	0.0
TTAGCC	1.3787751463004891
TTAGCG	1.0042722746500516
TTAGGC	0.0
TTAGGG	1.097237795811323
TTGGAC	3.0128168239501547
TTGGAG	4.388951183245292
TTGTCC	0.8117610608466912
TTGTCG	0.0
TTGTGC	0.5912705412744473
TTGTGG	1.2920089537714474
CTATGC	1.8383668617339854
CTATGG	1.0042722746500519
TTGCTC	0.2705870202822304
TTGCTG	0.5912705412744473
TTGCAC	0.22979585771674818
TTGCAG	1.5064084119750774
TTGGCT	1.1825410825488947
TTGGCA	1.0042722746500519
TTGGGT	0.0
TTGGGA	1.097237795811323
TTGGTC	0.5912705412744473
TTGGTG	2.584017907542895
CTAACC	1.6075728210291023
CTAACG	0.5854619652712565
TACCCT	1.2619558473943164
TACCCA	1.1610248151876852
TACCGT	0.4595917154334965
TACCGA	0.0
TACCTC	0.4206519491314388
TACCTG	1.3787751463004891
TACCAC	0.2679288035048504
TACCAG	0.3903079768475043
TTCAGC	1.6085710040172374
TTCAGG	2.5106806866251294
TTGCCT	0.8117610608466911
TTGCCA	0.9191834308669927
TTGCGT	0.0
TTGCGA	0.5021361373250259
TACGCT	0.6893875731502446
TACGCA	0.19515398842375214
TACGGT	0.0
TACGGA	0.8528776010528899
TACGTC	0.22979585771674818
TACGTG	0.5021361373250259
TACGAC	0.7806159536950086
TACGAG	1.7057552021057798
TACTCC	1.4722818219600358
TACTCG	0.45959171543349636
TACTGC	1.3787751463004891
TACTGG	0.0
TACACC	0.6251672081779842
TACACG	0.7806159536950086
TTCTGC	1.0823480811289217
TTCTGG	1.7738116238233423
TTCACC	0.9464668855457372
TTCACG	0.45959171543349636
TACAGC	1.7563858958137692
TACAGG	1.7057552021057798
TAGCCT	3.2171420080344753
TAGCCA	2.146693872661274
TAGCGT	0.0
TAGCGA	1.279316401579335
TTCGCT	1.3529351014111521
TTCGCA	0.22979585771674818
TTCGGT	0.5912705412744474
TTCGGA	2.51068068662513
TTCGTC	0.2705870202822304
TTCGTG	0.0
TTCGAC	0.22979585771674818
TTCGAG	0.5021361373250259
TTCTCC	2.3527797822645
TTCTCG	0.5411740405644608
TAGCTC	0.919183430866993
TAGCTG	3.0128168239501556
TAGCAC	0.9757699421187609
TAGCAG	3.41151040421156
TAGGCT	3.012816823950155
TAGGCA	0.8528776010528899
TAGGGT	0.0
TAGGGA	2.7954855352415673
TAGGTC	1.0042722746500516
TAGGTG	3.291713387433969
TTCCCT	0.6191525742801315
TTCCCA	0.5258149364142983
TTCCGT	0.0
TTCCGA	0.22979585771674818
TTCCTC	1.9812882376964207
TTCCTG	1.0823480811289217
TTCCAC	0.8413038982628775
TTCCAG	0.22979585771674818
TAGGAC	0.85287760105289
TAGGAG	7.4546280939775125
TAGTCC	1.148979288583741
TAGTCG	1.0042722746500519
TAGTGC	1.5064084119750778
TAGTGG	1.0972377958113233
TAGACC	0.9757699421187608
TAGACG	0.8528776010528899
TAGAGC	0.426438800526445
TAGAGG	2.7954855352415673
TATCCC	0.9464668855457374
TATCCG	1.3787751463004894
TATCGC	0.22979585771674824
TATCGG	1.0042722746500519
CTAAGC	0.9757699421187608
CTAAGG	2.5586328031586696
TATGCC	0.4595917154334965
TATGCG	0.0
TATGGC	1.0042722746500519
TATGGG	2.1944755916226466
TAACCC	1.696882422197386
TAACCG	0.5854619652712565
TAACGC	0.19515398842375217
TAACGG	0.426438800526445
TAAGCC	0.9757699421187609
TAAGCG	0.426438800526445
TAAGGC	0.426438800526445
TAAGGG	1.8636570234943786
TGAACC	1.170923930542513
TGAACG	0.42643880052644495
TGAAGC	1.70575520210578
TGAAGG	3.7273140469887562
CTAGGT	2.5106806866251294
CTAGGA	2.985071603685115
CTAGTC	0.6893875731502446
CTAGTG	1.5064084119750776
CTAGAC	0.3903079768475043
CTAGAG	2.132194002632225
CTATCC	1.8929337710914744
CTATCG	1.1489792885837409
TGAGTC	1.0042722746500516
TGAGTG	1.097237795811323
TGAGAC	1.279316401579335
TGAGAG	0.9318285117471891
TGATCC	1.6085710040172376
TGATCG	0.5021361373250259
TGATGC	1.5064084119750778
TGATGG	2.1944755916226466
TGACCT	2.068162719450734
TGACCA	1.5612319073900174
TGACGT	0.0
TGACGA	1.70575520210578
TGACTC	0.6893875731502447
TGACTG	2.51068068662513
TGACAC	0.9757699421187609
TGACAG	0.426438800526445
TGAGCT	2.5106806866251294
TGAGCA	3.4115104042115596
TGAGGT	0.0
TGAGGA	5.590971070483135
ACCCTT	0.8413038982628774
ACCCTA	2.143430428038803
ACCCAT	0.7144768093462677
ACCCAA	1.2135379668337565
CTACGT	0.6893875731502447
CTACGA	1.7563858958137697
CTACTC	1.4722818219600358
CTACTG	1.6085710040172374
CTACAC	0.5358576070097008
CTACAG	1.9515398842375216
TGTACC	0.6893875731502446
TGTACG	0.0
TGTAGC	0.0
TGTAGG	2.194475591622646
CTAGCT	3.446937865751223
CTAGCA	1.7563858958137692
ACCGTT	0.0
ACCGTA	1.170923930542513
ACCGAT	0.19515398842375214
ACCGAA	0.49720320778770377
ACCTCT	0.7361409109800179
ACCTCA	0.6251672081779843
ACCTGT	0.919183430866993
ACCTGA	1.9515398842375218
ACCTTC	1.2619558473943164
ACCTTG	0.6893875731502446
ACCTAC	0.8930960116828346
ACCTAG	1.170923930542513
ACCACT	0.5358576070097008
ACCACA	0.6067689834168782
CTTAGC	1.1489792885837409
CTTAGG	1.5064084119750776
TGTTCC	0.0
TGTTCG	0.5912705412744473
TGTTGC	0.0
TGTTGG	1.2920089537714474
CACCAT	0.4465480058414173
CACCAA	0.9101534751253174
CACGTT	0.45959171543349636
CACGTA	0.5854619652712565
TGTGCT	0.0
TGTGCA	0.5021361373250259
TGTGGT	1.2920089537714474
TGTGGA	1.097237795811323
TGTGTC	0.0
TGTGTG	1.2920089537714474
TGTGAC	1.5064084119750774
TGTGAG	0.0
TGTCCT	1.0823480811289214
TGTCCA	0.45959171543349636
TGTCGT	0.0
TGTCGA	0.0
TGTCTC	0.5411740405644608
TGTCTG	0.0
TGTCAC	0.0
TGTCAG	0.0
CACCTT	1.0516298728285967
CACCTA	1.0717152140194015
CTACCT	1.367118834677176
CTACCA	0.7144768093462678
ACCAGT	0.19515398842375214
ACCAGA	0.8286720129795063
ACCATC	1.3396440175242519
ACCATG	0.3903079768475043
ACCAAC	0.8343073521982076
ACCAAG	0.8286720129795063
ACGCTT	1.6085710040172376
ACGCTA	1.170923930542513
ACGCAT	0.5854619652712565
ACGCAA	0.0
TGGATC	1.0042722746500516
TGGATG	1.097237795811323
TGGAAC	0.426438800526445
TGGAAG	3.7273140469887562
CACGAT	0.3903079768475043
CACGAA	0.6629376103836051
CACTCT	0.9464668855457372
CACTCA	0.7144768093462678
CACTGT	0.4595917154334965
CACTGA	1.5612319073900174
CACTTC	1.1567928601114565
CACTTG	0.45959171543349636
CCCATT	0.9464668855457372
CCCATA	1.0717152140194017
CTTTGC	0.2705870202822304
CTTTGG	1.7738116238233423
CTTACC	0.6309779236971582
CTTACG	1.1489792885837409
TGGTCT	2.9563527063722366
TGGTCA	0.5021361373250259
TGGTGT	0.0
TGGTGA	0.0
TGGTTC	2.3650821650977893
TGGTTG	2.584017907542895
TGGTAC	1.0042722746500516
TGGTAG	2.194475591622646
TGGACT	2.0085445493001037
TGGACA	1.7057552021057798
TGGAGT	0.0
TGGAGA	2.7954855352415673
CACTAC	0.8930960116828346
CACTAG	0.7806159536950086
CACACT	0.7144768093462677
CACACA	0.5309228604897684
CACAGT	0.9757699421187608
CACAGA	0.49720320778770377
CACATC	0.8930960116828346
CACATG	1.366077918966265
TGGGTT	0.0
TGGGTA	0.0
TGGGAT	3.2917133874339695
TGGGAA	2.7954855352415673
CGTTCT	0.2705870202822304
CGTTCA	0.6893875731502446
CGTTGT	1.182541082548895
CGTTGA	0.0
CGTTTC	0.0
CGTTTG	0.5912705412744474
CCGTAT	0.4595917154334965
CCGTAA	1.170923930542513
TGGCTT	1.1825410825488947
TGGCTA	0.5021361373250259
TGGCAT	1.5064084119750776
TGGCAA	1.2793164015793348
CCCAAT	0.8930960116828347
CCCAAA	0.9859995980524273
ACGGTT	0.5021361373250259
ACGGTA	0.0
ACGGAT	0.0
ACGGAA	0.7243057692010886
ACGTCT	0.0
ACGTCA	0.19515398842375214
ACGTGT	0.0
ACGTGA	0.42643880052644495
ACGTTC	0.22979585771674818
ACGTTG	0.0
CAGCTT	1.148979288583741
CAGCTA	1.5612319073900174
CAGCAT	0.7806159536950087
CAGCAA	0.9944064155754078
TGCATC	1.3787751463004891
TGCATG	0.5021361373250259
TGCAAC	1.170923930542513
TGCAAG	1.2793164015793348
CCGTTT	0.0
CCGTTA	0.0
CACAAC	0.15169224585421956
CACAAG	0.6629376103836051
TGCTTC	0.8117610608466912
TGCTTG	0.5912705412744473
TGCTAC	0.45959171543349636
TGCTAG	1.5064084119750774
TGCACT	1.6085710040172374
TGCACA	0.3903079768475043
TGCAGT	0.0
TGCAGA	1.7057552021057798
CGTTAC	0.22979585771674818
CGTTAG	0.5021361373250259
CAGACT	0.19515398842375214
CAGACA	0.16573440259590128
CAGGTT	1.5064084119750776
CAGGTA	0.42643880052644495
CAGGAT	2.5586328031586696
CAGGAA	2.53507019220381
CAGTCT	0.9191834308669927
CAGTCA	0.0
TGCGTT	0.0
TGCGTA	0.5021361373250259
TGCGAT	0.0
TGCGAA	0.42643880052644495
TGCTCT	1.352935101411152
TGCTCA	0.9191834308669927
TGCTGT	0.5912705412744473
TGCTGA	1.0042722746500519
ACGTAC	0.19515398842375214
ACGTAG	2.132194002632225
CTTGGT	1.7738116238233423
CTTGGA	2.0085445493001037
CTTGTC	0.8117610608466913
CTTGTG	1.182541082548895
CTTGAC	0.9191834308669927
CTTGAG	1.0042722746500519
CTTTCC	0.4953220594241052
CTTTCG	0.8117610608466913
CATCCT	1.7877707838086148
CATCCA	0.8037864105145512
TGCCTT	1.0823480811289217
TGCCTA	1.3787751463004891
TGCCAT	1.1489792885837409
TGCCAA	0.5854619652712565
CAGTGT	0.5021361373250259
CAGTGA	0.8528776010528899
CAGTTC	0.22979585771674818
CAGTTG	0.0
CAGTAC	0.7806159536950086
CAGTAG	1.2793164015793348
ACGACT	0.3903079768475043
ACGACA	0.33146880519180255
ACGAGT	0.0
ACGAGA	2.1729173076032655
ACGATC	0.3903079768475043
ACGATG	0.42643880052644495
ACGAAC	0.6629376103836051
ACGAAG	0.3621528846005443
ACTCCT	1.8929337710914744
ACTCCA	0.6251672081779843
CAGAGT	0.42643880052644495
CAGAGA	1.0864586538016328
CAGATC	0.19515398842375214
CAGATG	1.2793164015793348
CAGAAC	1.1601408181713089
CAGAAG	1.8107644230027213
ACTCGT	0.0
ACTCGA	0.39030797684750435
ACTCTC	1.1567928601114565
ACTCTG	1.1489792885837409
ACTCAC	0.8037864105145511
ACTCAG	0.5854619652712565
ACTGCT	1.8383668617339854
ACTGCA	0.7806159536950086
ACTGGT	3.012816823950155
ACTGGA	0.42643880052644495
ACTGTC	1.1489792885837409
ACTGTG	0.0
TCAACC	1.5182632198608188
TCAACG	0.5854619652712565
TCAAGC	1.7563858958137692
TCAAGG	1.7057552021057798
ACTGAC	1.7563858958137692
ACTGAG	1.2793164015793348
ACTTCC	1.2619558473943164
ACTTCG	0.9191834308669927
ACTTGC	0.6893875731502446
ACTTGG	1.5064084119750776
ACTACC	0.8037864105145511
ACTACG	0.9757699421187608
ACTAGC	2.9273098263562822
ACTAGG	2.985071603685115
TCAGAC	0.5854619652712565
TCAGAG	0.0
TCATCC	1.2619558473943164
TCATCG	1.6085710040172374
TCATGC	0.45959171543349636
TCATGG	3.012816823950155
TCACGT	0.4595917154334965
TCACGA	0.5854619652712565
TCACTC	0.9464668855457372
TCACTG	1.3787751463004891
TCACAC	0.8930960116828346
TCACAG	0.9757699421187608
TCAGCT	1.3787751463004891
TCAGCA	1.170923930542513
TCAGGT	0.0
TCAGGA	4.26438800526445
TCAGTC	0.22979585771674818
TCAGTG	0.5021361373250259
CTTCGT	0.5411740405644608
CTTCGA	0.22979585771674818
CTTCTC	2.971932356544631
CTTCTG	1.3529351014111521
CTTCAC	1.4722818219600358
CTTCAG	1.6085710040172374
TCTAGC	0.9191834308669927
TCTAGG	3.012816823950155
TCACCT	0.3154889618485791
TCACCA	0.6251672081779843
CTTGCT	0.8117610608466912
CTTGCA	0.9191834308669927
ACACCT	0.8930960116828346
ACACCA	0.682615106343988
ACACGT	0.0
ACACGA	0.49720320778770377
ACACTC	0.6251672081779842
ACACTG	1.170923930542513
ACACAC	0.5309228604897684
ACACAG	0.9944064155754075
ACAGCT	1.5612319073900172
ACAGCA	1.6573440259590126
ACAGGT	1.2793164015793348
ACAGGA	3.2593759614048983
ACAGTC	0.7806159536950086
ACAGTG	0.42643880052644495
ACAGAC	0.6629376103836051
ACAGAG	1.0864586538016328
ACATCC	0.8037864105145511
ACATCG	0.7806159536950086
ACATGC	1.170923930542513
ACATGG	1.7057552021057798
TCTTGC	0.8117610608466913
TCTTGG	2.36508216509779
TCTACC	1.4722818219600358
TCTACG	0.9191834308669927
ACAACC	0.6067689834168783
ACAACG	0.0
ACAAGC	0.8286720129795064
ACAAGG	1.086458653801633
CATGCT	0.6893875731502446
CATGCA	0.9757699421187608
TCTGCT	0.8117610608466912
TCTGCA	0.6893875731502446
TCTGGT	3.5476232476466847
TCTGGA	0.5021361373250259
TCTGTC	0.8117610608466913
TCTGTG	0.5912705412744474
TCTGAC	1.3787751463004891
TCTGAG	3.5149529612751813
TCTTCC	2.228949267408473
TCTTCG	1.3529351014111521
CTGAGT	2.0085445493001037
CTGAGA	0.85287760105289
CTGATC	1.3787751463004894
CTGATG	2.51068068662513
TCTCAC	1.0516298728285969
TCTCAG	1.8383668617339854
CATCGT	0.6893875731502447
CATCGA	0.5854619652712565
CATCTC	1.7877707838086148
CATCTG	1.3787751463004891
CATCAC	0.982405612851118
CATCAG	0.5854619652712565
TCGAGT	0.5021361373250259
TCGAGA	0.85287760105289
TCGATC	0.22979585771674824
TCGATG	1.0042722746500519
TCGAAC	0.9757699421187609
TCGAAG	1.279316401579335
TCTCCT	2.228949267408473
TCTCCA	1.3671188346771759
TCTCGT	0.0
TCTCGA	0.22979585771674818
TCTCTC	0.8668136039921841
TCTCTG	0.8117610608466913
CTGAAC	1.3660779189662653
CTGAAG	1.70575520210578
CTTCCT	3.0957628714006575
CTTCCA	1.3671188346771759
AGCCTT	3.2171420080344753
AGCCTA	1.7563858958137697
AGCCAT	2.5370018495087785
AGCCAA	1.9888128311508155
CTGTGT	0.0
CTGTGA	1.5064084119750778
CTGTTC	0.5411740405644608
CTGTTG	0.0
TCGTCT	0.5411740405644608
TCGTCA	0.6893875731502446
TCGTGT	0.0
TCGTGA	0.5021361373250259
TCGTTC	0.8117610608466913
TCGTTG	1.182541082548895
TCGTAC	0.22979585771674818
TCGTAG	3.012816823950155
TCGACT	0.4595917154334965
TCGACA	0.19515398842375217
TCGGTT	1.7738116238233423
TCGGTA	3.0128168239501556
TCGGAT	1.0042722746500519
TCGGAA	1.279316401579335
CATGGT	0.5021361373250259
CATGGA	1.7057552021057798
CATGTC	0.22979585771674818
CATGTG	0.5021361373250259
CATGAC	1.5612319073900172
CATGAG	2.985071603685115
CATTCC	0.3154889618485791
CATTCG	1.3787751463004891
CATACC	0.7144768093462677
CATACG	0.0
TCGCTT	0.2705870202822304
TCGCTA	1.148979288583741
TCGCAT	0.4595917154334965
TCGCAA	0.39030797684750435
CCGATT	0.4595917154334965
CCGATA	0.0
CCGAAT	0.5854619652712565
CCGAAA	1.3258752207672102
CTGTAC	0.45959171543349636
CTGTAG	0.5021361373250259
CTGACT	2.297958577167482
CTGACA	1.170923930542513
AGCGTT	0.0
AGCGTA	0.0
AGCGAT	0.426438800526445
AGCGAA	0.36215288460054434
AGCTCT	0.919183430866993
AGCTCA	1.5612319073900174
AGCTGT	1.0042722746500519
AGCTGA	2.55863280315867
CTGGTT	2.956352706372237
CTGGTA	2.51068068662513
TCCATC	1.0516298728285969
TCCATG	1.6085710040172374
TCCAAC	0.8037864105145511
TCCAAG	2.341847861085026
CATTGC	1.1489792885837409
CATTGG	3.012816823950155
CTGGAT	0.0
CTGGAA	0.426438800526445
CTGTCT	1.3529351014111521
CTGTCA	0.6893875731502446
AGCTTC	2.068162719450734
AGCTTG	2.0085445493001037
AGCTAC	1.7563858958137697
AGCTAG	1.70575520210578
AGCACT	0.9757699421187609
AGCACA	0.4972032077877039
AGCAGT	2.9850716036851153
AGCAGA	2.172917307603266
CAACCT	0.8037864105145511
CAACCA	0.9859995980524271
TCCTGT	0.5411740405644608
TCCTGA	1.1489792885837409
TCCTTC	0.9906441188482104
TCCTTG	0.5411740405644608
TCCTAC	2.1032597456571938
TCCTAG	3.676733723467971
TCCACT	0.8413038982628775
TCCACA	0.8930960116828347
TCCAGT	0.22979585771674824
TCCAGA	0.0
AGCATC	0.39030797684750435
AGCATG	0.8528776010528902
AGCAAC	1.160140818171309
AGCAAG	0.36215288460054434
CCCTTT	0.9906441188482106
CCCTTA	1.3671188346771763
CGTAAC	0.5854619652712565
CGTAAG	0.85287760105289
CTGCTT	1.0823480811289217
CTGCTA	1.3787751463004894
TCCGAT	0.22979585771674818
TCCGAA	0.7806159536950086
TCCTCT	1.9812882376964207
TCCTCA	2.523911694788632
CATAGC	1.366077918966265
CATAGG	1.2793164015793348
CAACAC	0.5309228604897684
CAACAG	1.6573440259590126
CAAGCT	1.9515398842375216
CAAGCA	1.1601408181713089
CCTCAT	2.4187487075057725
CCTCAA	0.8037864105145511
TCCCTT	0.8668136039921841
TCCCTA	1.0516298728285967
TCCCAT	0.630977923697158
TCCCAA	0.982405612851118
TCCGTT	0.0
TCCGTA	1.1489792885837409
CTGCAT	0.6893875731502447
CTGCAA	0.9757699421187609
CCCTAT	1.998096758374334
CCCTAA	2.4113592315436536
AGGCTT	3.5149529612751818
AGGCTA	0.85287760105289
AGGCAT	2.55863280315867
AGGCAA	1.8107644230027216
CTCAAC	1.2503344163559684
CTCAAG	0.7806159536950086
CGTACT	0.22979585771674824
CGTACA	0.7806159536950087
CGTAGT	1.0042722746500519
CGTAGA	2.1321940026322252
CCTCTT	0.7429830891361577
CCTCTA	1.1567928601114563
CAACGT	0.3903079768475043
CAACGA	0.33146880519180255
CAACTC	0.7144768093462677
CAACTG	0.7806159536950086
GAAAGC	1.0864586538016328
GAAAGG	1.5827095614454967
CAAGGT	1.2793164015793348
CAAGGA	1.4486115384021772
CAAGTC	0.5854619652712565
CAAGTG	0.0
CAAGAC	1.3258752207672102
CAAGAG	1.0864586538016328
CAATCC	0.5358576070097008
CAATCG	1.170923930542513
CGTATC	0.22979585771674824
CGTATG	0.5021361373250259
AGGGTT	3.29171338743397
AGGGTA	0.9318285117471893
AGGGAT	2.7954855352415673
AGGGAA	0.7913547807227483
CTCTAC	1.367118834677176
CTCTAG	1.3787751463004891
CTCACT	1.0516298728285969
CTCACA	1.1610248151876852
CTCAGT	0.6893875731502447
CTCAGA	0.5854619652712565
GAATGC	0.85287760105289
GAATGG	0.9318285117471893
GAAACC	0.8286720129795064
GAAACG	0.0
CTCATC	1.5774448092428954
CTCATG	1.1489792885837409
AGGTCT	1.5064084119750778
AGGTCA	1.279316401579335
AGGTGT	2.1944755916226466
AGGTGA	1.8636570234943786
AGGTTC	1.5064084119750778
AGGTTG	0.0
AGGTAC	0.426438800526445
AGGTAG	0.9318285117471893
GAAGCT	0.85287760105289
GAAGCA	2.5350701922038104
GAAGGT	1.8636570234943781
GAAGGA	3.9567739036137417
GAAGTC	1.70575520210578
GAAGTG	0.9318285117471893
GAAGAC	0.7243057692010888
GAAGAG	4.748128684336491
GAATCC	1.170923930542513
GAATCG	1.70575520210578
GAACCT	1.3660779189662653
GAACCA	0.4972032077877039
GAACGT	0.0
GAACGA	1.086458653801633
GAACTC	0.7806159536950087
GAACTG	0.8528776010528902
GAACAC	0.8286720129795064
GAACAG	1.4486115384021774
AGGACT	3.41151040421156
AGGACA	3.621528846005443
AGGAGT	0.9318285117471891
AGGAGA	3.9567739036137417
AGGATC	1.279316401579335
AGGATG	0.9318285117471893
AGGAAC	1.810764423002722
AGGAAG	1.582709561445497
AGTCCT	1.6085710040172376
AGTCCA	0.7806159536950087
AGTCGT	1.5064084119750778
AGTCGA	1.279316401579335
GATACC	0.19515398842375214
GATACG	0.42643880052644495
GATAGC	0.426438800526445
GATAGG	0.0
AGTCTC	0.919183430866993
AGTCTG	0.5021361373250259
AGTCAC	0.39030797684750435
AGTCAG	0.85287760105289
CTCGAT	0.45959171543349636
CTCGAA	0.5854619652712565
CTCTCT	1.1144746337042366
CTCTCA	1.4722818219600355
CTCTGT	0.8117610608466912
CTCTGA	1.1489792885837409
CTCTTC	0.8668136039921841
CTCTTG	0.5411740405644608
GATGAC	1.279316401579335
GATGAG	3.7273140469887562
GATTCC	1.148979288583741
GATTCG	0.0
GATTGC	0.5021361373250259
GATTGG	0.0
AGTGCT	1.5064084119750776
AGTGCA	1.2793164015793348
AGTGGT	0.0
AGTGGA	0.0
AGTGTC	0.0
AGTGTG	1.097237795811323
AGTGAC	0.426438800526445
AGTGAG	1.8636570234943781
AGTTCC	0.4595917154334965
AGTTCG	0.0
AGTTGC	0.0
AGTTGG	0.0
AGTACC	0.7806159536950086
AGTACG	0.8528776010528899
GATCTC	0.0
GATCTG	1.5064084119750778
GATCAC	0.19515398842375217
GATCAG	0.85287760105289
GATGCT	0.0
GATGCA	1.7057552021057798
GATGGT	2.194475591622646
GATGGA	1.8636570234943781
GATGTC	0.5021361373250258
GATGTG	0.0
AGTAGC	1.70575520210578
AGTAGG	2.7954855352415673
CTCCTT	1.6097966931283418
CTCCTA	3.7858675421829484
CAAACC	0.9859995980524274
CAAACG	0.33146880519180255
GAGATC	1.70575520210578
GAGATG	0.9318285117471893
GAGAAC	1.0864586538016332
GAGAAG	3.165419122890994
GATCCT	1.148979288583741
GATCCA	0.7806159536950087
GATCGT	0.0
GATCGA	0.0
CTCCAT	1.6826077965257549
CTCCAA	1.0717152140194015
CTCGTT	0.8117610608466912
CTCGTA	0.22979585771674818
AGACCT	1.3660779189662653
AGACCA	1.160140818171309
AGACGT	2.1321940026322252
AGACGA	0.7243057692010887
AGACTC	0.19515398842375217
AGACTG	0.0
AGACAC	0.4972032077877039
AGACAG	1.4486115384021774
GAGACT	0.85287760105289
GAGACA	0.7243057692010887
GAGAGT	1.8636570234943781
GAGAGA	0.7913547807227483
CAATGC	0.5854619652712565
CAATGG	0.8528776010528899
GAGGTT	2.1944755916226466
GAGGTA	0.9318285117471893
GAGGAT	1.8636570234943781
GAGGAA	3.1654191228909934
GAGTCT	1.0042722746500519
GAGTCA	1.70575520210578
GAGTGT	0.0
GAGTGA	2.7954855352415677
GAGTTC	0.5021361373250259
GAGTTG	1.0972377958113233
GAGTAC	0.85287760105289
GAGTAG	0.0
AGAGCT	1.70575520210578
AGAGCA	1.086458653801633
AGAGGT	1.8636570234943781
AGAGGA	3.1654191228909934
AGAGTC	0.426438800526445
AGAGTG	4.6591425587359465
AGAGAC	1.0864586538016332
AGAGAG	0.0
AGATCC	0.39030797684750435
AGATCG	0.426438800526445
AGATGC	1.279316401579335
AGATGG	2.7954855352415677
AGAACC	0.4972032077877039
AGAACG	0.36215288460054434
CAAAGC	1.160140818171309
CAAAGG	0.7243057692010887
GAGCTT	1.5064084119750778
GAGCTA	3.41151040421156
GAGCAT	0.85287760105289
GAGCAA	1.8107644230027216
CGTGTT	0.0
CGTGTA	0.0
CGTGAT	0.5021361373250259
CGTGAA	0.0
GACACT	1.170923930542513
GACACA	0.4972032077877039
GACAGT	0.0
GACAGA	0.36215288460054434
GACATC	1.3660779189662653
GACATG	1.2793164015793352
GACAAC	0.33146880519180255
GACAAG	0.36215288460054434
AGAAGC	1.4486115384021772
AGAAGG	4.74812868433649
ATCCCT	0.4206519491314388
ATCCCA	0.7144768093462678
ATCCGT	0.6893875731502447
ATCCGA	1.170923930542513
CGTCTT	0.2705870202822304
CGTCTA	0.22979585771674824
CGTCAT	0.6893875731502447
CGTCAA	0.7806159536950087
GACTCT	0.22979585771674824
GACTCA	0.7806159536950087
GACTGT	0.5021361373250259
GACTGA	1.279316401579335
GACTTC	0.919183430866993
GACTTG	2.0085445493001037
GACTAC	1.170923930542513
GACTAG	2.9850716036851153
GCCATT	1.3787751463004894
GCCATA	0.9757699421187609
GCCAAT	0.9757699421187609
GCCAAA	0.8286720129795064
GCCTTT	0.8117610608466913
GCCTTA	1.3787751463004894
GCCTAT	1.6085710040172376
GCCTAA	1.7563858958137697
CGGATT	1.0042722746500519
CGGATA	0.42643880052644495
CCTGAT	1.3787751463004891
CCTGAA	1.7563858958137692
GACGTT	0.5021361373250259
GACGTA	1.279316401579335
GACGAT	1.70575520210578
GACGAA	0.36215288460054434
GCGTAT	0.0
GCGTAA	0.426438800526445
CGCATT	0.22979585771674824
CGCATA	0.39030797684750435
CGGTTT	0.5912705412744474
CGGTTA	0.5021361373250259
CGGTAT	1.0042722746500519
CGGTAA	1.279316401579335
GACCTT	1.3787751463004894
GACCTA	0.7806159536950087
GACCAT	0.5854619652712565
GACCAA	1.4916096233631115
CCTGTT	1.3529351014111521
CCTGTA	0.9191834308669927
CGGAAT	1.2793164015793348
CGGAAA	0.7243057692010886
ATCCTC	2.1032597456571938
ATCCTG	1.3787751463004891
ATCCAC	0.8037864105145511
ATCCAG	0.7806159536950086
CGAAGT	0.42643880052644495
CGAAGA	0.0
CGAATC	0.3903079768475043
CGAATG	1.2793164015793348
CGAAAC	0.6629376103836051
CGAAAG	1.0864586538016328
GCGAAT	0.0
GCGAAA	0.0
GTAAGC	0.426438800526445
GTAAGG	1.8636570234943781
GCGTTT	0.5912705412744474
GCGTTA	0.0
ATCGCT	0.6893875731502446
ATCGCA	0.3903079768475043
ATCGGT	0.5021361373250259
ATCGGA	2.5586328031586696
ATCGTC	1.1489792885837409
ATCGTG	0.5021361373250259
ATCGAC	0.5854619652712565
ATCGAG	0.8528776010528899
ATCTCC	1.682607796525755
ATCTCG	0.45959171543349636
GTAACC	0.9757699421187608
GTAACG	0.0
CGCAAT	0.7806159536950087
CGCAAA	0.16573440259590128
GCGATT	0.0
GCGATA	0.8528776010528899
ATCTGC	1.3787751463004891
ATCTGG	2.0085445493001037
ATCACC	0.4465480058414173
ATCACG	0.3903079768475043
ATCAGC	0.9757699421187608
ATCAGG	1.7057552021057798
ATGCCT	0.919183430866993
ATGCCA	0.39030797684750435
GTAGTC	0.0
GTAGTG	0.0
GTAGAC	2.55863280315867
GTAGAG	1.8636570234943781
GTATCC	0.6893875731502447
GTATCG	0.0
GTATGC	0.5021361373250259
GTATGG	1.0972377958113233
GCTCAT	0.6893875731502447
GCTCAA	0.9757699421187609
GTACGT	0.0
GTACGA	1.279316401579335
GTACTC	0.4595917154334965
GTACTG	0.5021361373250259
GTACAC	0.9757699421187609
GTACAG	0.426438800526445
GTAGCT	0.5021361373250259
GTAGCA	1.7057552021057798
GTAGGT	1.097237795811323
GTAGGA	3.7273140469887562
ATGCGT	0.5021361373250259
ATGCGA	0.0
ATGCTC	1.6085710040172376
ATGCTG	1.0042722746500519
ATGCAC	0.7806159536950087
ATGCAG	1.70575520210578
ATGGCT	1.0042722746500519
ATGGCA	1.7057552021057798
ATGGGT	0.0
ATGGGA	3.7273140469887562
ATGGTC	2.510680686625129
ATGGTG	1.097237795811323
GTTAGC	0.0
GTTAGG	0.0
GTACCT	0.4595917154334965
GTACCA	0.0
GCTCTT	0.8117610608466913
GCTCTA	1.148979288583741
ATGGAC	0.85287760105289
ATGGAG	1.8636570234943781
ATGTCC	1.148979288583741
ATGTCG	0.0
ATGTGC	0.5021361373250259
ATGTGG	2.1944755916226466
ATGACC	1.170923930542513
ATGACG	0.8528776010528899
ATGAGC	3.8379492047380053
ATGAGG	4.659142558735946
ATTCCC	0.5258149364142986
ATTCCG	0.22979585771674824
ATTCGC	1.3787751463004894
ATTCGG	1.5064084119750778
GTTTGC	0.0
GTTTGG	1.2920089537714474
GTTACC	0.22979585771674818
GTTACG	0.0
ATTGCC	1.148979288583741
ATTGCG	0.0
ATTGGC	1.5064084119750778
ATTGGG	2.1944755916226466
ATACCC	0.8930960116828347
ATACCG	0.39030797684750435
ATACGC	0.7806159536950087
ATACGG	0.85287760105289
GCTTGT	0.0
GCTTGA	1.5064084119750778
GTTGGT	0.0
GTTGGA	3.291713387433969
GTTGTC	0.5912705412744473
GTTGTG	0.0
GTTGAC	0.5021361373250258
GTTGAG	0.0
GTTTCC	0.0
GTTTCG	0.5912705412744473
ATAGCC	1.7563858958137697
ATAGCG	0.426438800526445
ATAGGC	1.279316401579335
ATAGGG	3.727314046988757
GTTCTC	0.5411740405644608
GTTCTG	0.0
GTTCAC	0.45959171543349636
GTTCAG	0.5021361373250258
GTTGCT	0.0
GTTGCA	0.5021361373250259
GCTGTT	0.0
GCTGTA	0.5021361373250259
GCTGAT	2.51068068662513
GCTGAA	0.426438800526445
GCTTCT	2.7058702028223043
GCTTCA	1.3787751463004891
GCTAGT	0.5021361373250259
GCTAGA	1.279316401579335
GTGAGT	0.0
GTGAGA	0.0
GTGATC	1.5064084119750774
GTGATG	1.097237795811323
GTGAAC	0.85287760105289
GTGAAG	1.8636570234943781
GTTCCT	0.27058702028223036
GTTCCA	0.22979585771674818
GTTCGT	1.1825410825488947
GTTCGA	0.0
CGATGT	0.5021361373250259
CGATGA	1.2793164015793348
CGATTC	0.6893875731502446
CGATTG	0.5021361373250259
CGATAC	0.5854619652712565
CGATAG	0.8528776010528899
GTGTAC	0.5021361373250258
GTGTAG	0.0
GTGACT	1.0042722746500519
GTGACA	0.42643880052644495
GCTTTC	1.6235221216933826
GCTTTG	0.5912705412744474
GCTTAC	1.6085710040172374
GCTTAG	2.0085445493001037
GCTACT	0.22979585771674824
GCTACA	1.7563858958137697
CGCTTT	1.0823480811289217
CGCTTA	0.4595917154334965
GTGGTT	1.2920089537714476
GTGGTA	1.097237795811323
GTGGAT	1.097237795811323
GTGGAA	0.9318285117471891
GTGTCT	0.0
GTGTCA	0.0
GTGTGT	0.0
GTGTGA	1.097237795811323
GTGTTC	0.0
GTGTTG	0.0
CGAACT	0.5854619652712565
CGAACA	0.33146880519180255
AACCCT	1.6968824221973857
AACCCA	1.6686147043964152
AACCGT	0.7806159536950086
AACCGA	0.8286720129795063
AACCTC	1.4289536186925353
AACCTG	1.170923930542513
AACCAC	0.9859995980524271
AACCAG	1.1601408181713089
CGAGTT	0.0
CGAGTA	0.42643880052644495
GCACAT	0.39030797684750435
GCACAA	0.4972032077877039
CCTTAC	1.0516298728285969
CCTTAG	0.6893875731502446
GTGCTT	0.0
GTGCTA	0.5021361373250259
GTGCAT	0.5021361373250259
GTGCAA	2.5586328031586696
GCTATC	1.3787751463004894
GCTATG	1.0042722746500519
GCTAAC	1.170923930542513
GCTAAG	1.70575520210578
GTCAAC	0.3903079768475043
GTCAAG	1.2793164015793348
CCTTCT	3.34342390111271
CCTTCA	1.6826077965257549
CCTTGT	1.0823480811289217
CCTTGA	0.0
CCTTTC	0.37149154456807887
CCTTTG	0.5411740405644608
CGCTAT	0.6893875731502447
CGCTAA	0.9757699421187609
GCACTT	1.148979288583741
GCACTA	1.5612319073900174
GCAGTT	0.5021361373250259
GCAGTA	1.7057552021057798
GCAGAT	0.42643880052644495
GCAGAA	2.53507019220381
GTCTAC	1.1489792885837409
GTCTAG	1.5064084119750774
GTCACT	0.45959171543349636
GTCACA	0.3903079768475043
GTCAGT	0.0
GTCAGA	0.42643880052644495
GTCATC	0.9191834308669927
GTCATG	0.5021361373250259
CGAGAT	1.2793164015793348
CGAGAA	1.8107644230027213
CGATCT	0.0
CGATCA	0.3903079768475043
AACGCT	0.7806159536950086
AACGCA	0.33146880519180255
AACGGT	0.42643880052644495
AACGGA	0.0
AACGTC	0.19515398842375214
AACGTG	0.42643880052644495
AACGAC	0.49720320778770377
AACGAG	0.3621528846005443
GCATAC	0.3903079768475043
GCATAG	1.2793164015793348
GTCGAT	0.5021361373250259
GTCGAA	0.8528776010528899
GTCTCT	1.0823480811289214
GTCTCA	1.1489792885837409
GTCTGT	0.0
GTCTGA	1.0042722746500519
GTCTTC	1.0823480811289217
GTCTTG	1.1825410825488947
AACTCC	0.6251672081779842
AACTCG	0.19515398842375214
AACTGC	0.3903079768475043
AACTGG	1.7057552021057798
GCAAAC	0.8286720129795063
GCAAAG	0.7243057692010886
GTCCTT	0.8117610608466912
GTCCTA	1.8383668617339854
GTCCAT	0.45959171543349636
GTCCAA	1.366077918966265
GTCGTT	0.0
GTCGTA	1.0042722746500519
GCATCT	1.1489792885837409
GCATCA	0.9757699421187608
GCATGT	1.0042722746500519
GCATGA	1.7057552021057798
GCATTC	1.8383668617339854
GCATTG	1.0042722746500519
AACACC	0.9859995980524274
AACACG	0.16573440259590128
AACAGC	2.817484844130322
AACAGG	3.9836817306059875
GGAATC	2.9850716036851153
GGAATG	0.9318285117471891
GGAAAC	0.7243057692010886
GGAAAG	0.7913547807227483
GCAACT	1.170923930542513
GCAACA	0.49720320778770377
GCAAGT	0.8528776010528899
GCAAGA	0.7243057692010886
GCAATC	1.5612319073900172
GCAATG	1.2793164015793348
CCAAGT	0.5854619652712565
CCAAGA	1.160140818171309
GGATGT	1.097237795811323
GGATGA	1.8636570234943781
GGATTC	1.5064084119750774
GGATTG	0.0
GGATAC	0.0
GGATAG	0.9318285117471891
GGAACT	0.8528776010528899
GGAACA	1.0864586538016328
GGAAGT	0.9318285117471888
GGAAGA	3.165419122890993
AAGCCT	1.170923930542513
AAGCCA	1.3258752207672102
AAGCGT	0.0
AAGCGA	0.7243057692010886
AAGCTC	0.9757699421187608
AAGCTG	1.2793164015793348
AAGCAC	0.8286720129795063
AAGCAG	2.1729173076032655
CCAATC	0.8037864105145512
CCAATG	0.39030797684750435
CCAAAC	0.6826151063439883
CCAAAG	1.3258752207672102
GGAGTT	0.0
GGAGTA	0.9318285117471891
GGAGAT	0.9318285117471891
GGAGAA	0.7913547807227483
GGATCT	1.0042722746500519
GGATCA	1.7057552021057798
CCAACT	1.1610248151876852
CCAACA	1.3652302126879765
GGCTTT	1.7738116238233423
GGCTTA	2.0085445493001037
GGCTAT	0.5021361373250259
GGCTAA	0.85287760105289
GGCATT	3.012816823950155
GGCATA	1.7057552021057798
CCTAAC	1.6968824221973857
CCTAAG	1.5612319073900172
GGACTT	2.0085445493001037
GGACTA	4.26438800526445
GGACAT	3.8379492047380044
GGACAA	1.8107644230027213
CCTACT	2.523911694788633
CCTACA	1.0717152140194017
CCTAGT	1.3787751463004894
CCTAGA	1.7563858958137697
CCTATC	2.1032597456571938
CCTATG	2.7575502926009783
GGCAAT	0.8528776010528899
GGCAAA	1.4486115384021772
CCATCT	1.682607796525755
CCATCA	0.8037864105145512
CCATGT	0.22979585771674824
CCATGA	1.9515398842375218
CCATTC	0.9464668855457374
CCATTG	1.148979288583741
CGACTT	0.4595917154334965
CGACTA	0.19515398842375217
CGACAT	0.5854619652712565
CGACAA	0.33146880519180255
AAGGCT	0.42643880052644495
AAGGCA	0.3621528846005443
AAGGGT	3.7273140469887553
AAGGGA	0.7913547807227482
AAGGTC	0.426438800526445
AAGGTG	1.8636570234943781
AAGGAC	2.1729173076032655
AAGGAG	5.539483465059238
GGTTAC	0.5021361373250258
GGTTAG	0.0
GGTACT	0.0
GGTACA	1.7057552021057798
GGTAGT	1.097237795811323
GGTAGA	0.9318285117471891
GGTATC	2.0085445493001033
GGTATG	1.097237795811323
GGTAAC	0.426438800526445
GGTAAG	0.9318285117471891
AAGTCC	0.9757699421187608
AAGTCG	0.42643880052644495
AAGTGC	1.279316401579335
AAGTGG	0.9318285117471891
CCATAC	0.9824056128511182
CCATAG	0.19515398842375217
CCAGTT	0.4595917154334965
CCAGTA	0.39030797684750435
GGTGAT	2.194475591622646
GGTGAA	0.9318285117471891
GGTTCT	1.7738116238233421
GGTTCA	1.0042722746500519
GGTTGT	0.0
GGTTGA	3.291713387433969
GGTTTC	1.7738116238233421
GGTTTG	0.0
CCACAT	1.2503344163559686
CCACAA	0.37923061463554897
GGGTTT	1.2920089537714476
GGGTTA	3.2917133874339695
GGGTAT	1.097237795811323
GGGTAA	0.9318285117471891
CCAGAT	0.39030797684750435
CCAGAA	1.6573440259590129
CCACTT	0.8413038982628775
CCACTA	1.0717152140194017
GGTCTT	1.1825410825488947
GGTCTA	0.5021361373250259
GGTCAT	0.0
GGTCAA	0.8528776010528899
GGTGTT	0.0
GGTGTA	1.097237795811323
AAGACC	1.6573440259590126
AAGACG	1.4486115384021772
AAGAGC	2.8972230768043543
AAGAGG	3.1654191228909934
AATCCC	1.0717152140194015
AATCCG	0.19515398842375214
AATCGC	1.9515398842375216
AATCGG	1.7057552021057798
AATGCC	0.7806159536950086
AATGCG	0.42643880052644495
AATGGC	1.70575520210578
AATGGG	1.8636570234943781
GGGATT	2.194475591622646
GGGATA	1.8636570234943781
GGGAAT	1.8636570234943781
GGGAAA	2.374064342168245
AAACCC	1.9719991961048549
AAACCG	0.6629376103836051
AAACGC	0.33146880519180255
AAACGG	0.36215288460054434
CCCCTT	1.593115696608346
CCCCTA	2.228392367463109
CCCCAT	1.1937816254266655
CCCCAA	1.1489940718121732
GGGACT	3.3214786639461313
GGGACA	1.4103818388503535
GGGAGT	0.0
GGGAGA	0.0
GGGATC	1.6607393319730657
GGGATG	5.443422097855686
GGGAAC	0.7051909194251768
GGGAAG	3.0818818744184338
GGTCCT	0.8949256464551557
GGTCCA	1.1400225681855243
GGTCGT	0.0
GGTCGA	0.8303696659865327
CCACAC	0.6758788657718666
CCACAG	1.0338229959029355
GGGTCT	0.9777689462488119
GGGTCA	0.8303696659865327
GGGTGT	0.0
GGGTGA	1.8144740326185622
GGGTTC	1.9555378924976243
GGGTTG	4.273124213326112
GGGTAC	0.0
GGGTAG	0.0
CCAGAC	0.4430669982441152
CCAGAG	0.9681634529231944
GGGGTT	8.546248426652223
GGGGTA	0.0
GGGGAT	1.8144740326185622
GGGGAA	3.0818818744184338
CCACCT	1.3529525088168877
CCACCA	0.8110546389262399
CCACGT	0.0
CCACGA	0.7384449970735252
CCACTC	0.7162689752559994
CCACTG	0.8695266894094348
GGTCTC	1.342388469682734
GGTCTG	2.933306838746436
GGTCAC	0.7600150454570161
GGTCAG	1.6607393319730654
GGTGCT	0.9777689462488119
GGTGCA	4.151848329932664
GGTGGT	2.136562106663056
GGTGGA	1.8144740326185622
GGTGTC	0.9777689462488122
GGTGTG	0.0
GGGCTT	1.9555378924976239
GGGCTA	1.6607393319730654
GGGCAT	1.6607393319730657
GGGCAA	0.7051909194251768
CCAGCT	1.3912427030550956
CCAGCA	0.29537799882941007
CCAGGT	0.7600150454570163
CCAGGA	0.6454423019487961
CCAGTC	0.3478106757637739
CCAGTG	0.7600150454570163
GGTGAC	0.0
GGTGAG	0.0
GGTTCC	1.7898512929103119
GGTTCG	0.9777689462488119
GGTTGC	0.9777689462488119
GGTTGG	4.273124213326111
GGTACC	0.3800075227285081
GGTACG	0.8303696659865327
GGTAGC	1.6607393319730657
GGTAGG	0.0
CCTACC	0.9550253003413325
CCTACG	1.0434320272913218
CCTAGC	3.304201419755852
CCTAGG	5.320105318199114
GGCAAC	0.9681634529231942
GGCAAG	0.7051909194251766
CCATCC	1.4325379505119988
CCATCG	1.0434320272913218
CCATGC	0.5217160136456609
CCATGG	0.38000752272850813
GGCTTC	2.684776939365468
GGCTTG	0.9777689462488122
GGCTAC	1.5200300909140327
GGCTAG	0.8303696659865328
GGCACT	1.1400225681855243
GGCACA	0.9681634529231943
GGCAGT	0.8303696659865328
GGCAGA	0.7051909194251768
GGCATC	0.3800075227285081
GGCATG	0.8303696659865327
GGACCT	0.0
GGACCA	0.3227211509743981
GGACGT	0.0
GGACGA	1.4103818388503535
GGACTC	1.5200300909140323
GGACTG	2.491108997959598
GGACAC	1.9363269058463883
GGACAG	0.0
GGCGTT	0.9777689462488119
GGCGTA	1.6607393319730654
GGCGAT	1.6607393319730657
GGCGAA	0.0
GGCTCT	2.23731411613789
GGCTCA	1.9000376136425405
GGCTGT	0.0
GGCTGA	4.1518483299326645
GGAGCT	1.6607393319730657
GGAGCA	2.11557275827553
GGAGGT	7.257896130474249
GGAGGA	6.1637637488368675
GGAGTC	3.3214786639461313
GGAGTG	0.0
GGAGAC	3.525954597125884
GGAGAG	1.5409409372092169
GGATCC	0.7600150454570161
GGATCG	0.0
CGCCTT	1.0238767499159462
CGCCTA	0.8695266894094346
CGCCAT	0.5217160136456608
CGCCAA	0.0
GGCCTT	4.027165409048202
GGCCTA	3.420067704556573
GGCCAT	2.2800451363710486
GGCCAA	2.5817692077951846
CCAACC	1.0814061852349868
CCAACG	0.4430669982441153
CCAAGC	1.6245789935617556
CCAAGG	1.2908846038975925
GGATGC	0.8303696659865328
GGATGG	1.8144740326185622
GGAACC	1.2908846038975923
GGAACG	0.0
GGAAGC	1.4103818388503533
GGAAGG	4.62282281162765
GTCCCT	0.6143260499495677
GTCCCA	0.34781067576377384
GTCCGT	0.0
GTCCGA	0.0
GCAACC	1.0338229959029352
GCAACG	0.6454423019487961
GCAAGC	0.3227211509743981
GCAAGG	0.0
GTCCTC	1.638202799865514
GTCCTG	0.0
GTCCAC	0.17390533788188692
GTCCAG	0.0
GTCGCT	0.8949256464551557
GTCGCA	0.3800075227285081
GTCGGT	2.933306838746436
GTCGGA	0.0
GTCGTC	0.44746282322757797
GTCGTG	0.0
GCATCC	0.34781067576377384
GCATCG	0.7600150454570161
GCATGC	0.0
GCATGG	0.0
GTCGAC	0.3800075227285081
GTCGAG	0.0
GTCTCC	0.8191013999327569
GTCTCG	0.0
GTCTGC	0.44746282322757797
GTCTGG	1.9555378924976239
CGCGTT	0.44746282322757797
CGCGTA	0.0
CGCGAT	0.38000752272850813
CGCGAA	0.0
GCAGCT	1.5200300909140325
GCAGCA	1.2908846038975923
GCAGGT	1.6607393319730657
GCAGGA	2.11557275827553
GCAGTC	1.5200300909140323
GCAGTG	1.6607393319730654
GCAGAC	0.6454423019487961
GCAGAG	1.4103818388503533
GTCACC	0.5217160136456608
GTCACG	0.0
GTCAGC	0.3800075227285081
GTCAGG	1.6607393319730654
CCTTCC	1.0308395683936356
CCTTCG	0.4095506999663785
CCTTGC	0.6143260499495677
CCTTGG	0.8949256464551559
CGCTAC	0.8695266894094348
CGCTAG	1.1400225681855243
GCACCT	1.0434320272913218
GCACCA	0.29537799882941007
GCACGT	1.1400225681855243
GCACGA	0.3227211509743981
GCACTC	0.8695266894094348
GCACTG	1.1400225681855243
GCACAC	0.5907559976588203
GCACAG	0.0
GTGCCT	2.2373141161378896
GTGCCA	0.7600150454570161
GTGCGT	0.9777689462488119
GTGCGA	0.0
GTGCTC	0.44746282322757797
GTGCTG	1.9555378924976239
GTGCAC	0.7600150454570161
GTGCAG	1.6607393319730654
CGCTCT	0.4095506999663785
CGCTCA	0.5217160136456608
CGCTGT	0.0
CGCTGA	0.38000752272850813
CGCTTC	0.4095506999663786
CGCTTG	1.342388469682734
GTGGCT	1.9555378924976239
GTGGCA	2.491108997959598
GTGGGT	0.0
GTGGGA	3.6289480652371244
GTGGTC	0.0
GTGGTG	0.0
GTGGAC	0.0
GTGGAG	0.0
GTGTCC	0.44746282322757797
GTGTCG	0.0
GTGTGC	0.0
GTGTGG	2.1365621066630553
GTGACC	0.7600150454570161
GTGACG	0.0
GCTACC	1.5651480409369825
GCTACG	0.38000752272850813
GCTAGC	1.900037613642541
GCTAGG	1.6607393319730657
GTGAGC	0.8303696659865328
GTGAGG	1.8144740326185622
GTTCCC	0.8191013999327569
GTTCCG	0.0
GTTCGC	0.0
GTTCGG	0.9777689462488119
GTTGCC	0.44746282322757797
GTTGCG	0.0
GCTGTC	0.8949256464551559
GCTGTG	0.0
GCTGAC	1.900037613642541
GCTGAG	2.4911089979595986
GCTTCC	0.6143260499495677
GCTTCG	0.44746282322757797
GCTTGC	1.7898512929103119
GCTTGG	1.9555378924976243
GTTGGC	0.0
GTTGGG	2.1365621066630553
GTACCC	0.6956213515275478
GTACCG	0.7600150454570163
GCTCCT	1.0238767499159462
GCTCCA	0.6956213515275477
GCTCGT	0.44746282322757797
GCTCGA	0.38000752272850813
GCTCTC	1.0238767499159465
GCTCTG	1.342388469682734
GCTCAC	1.0434320272913218
GCTCAG	2.2800451363710486
GCTGCT	0.8949256464551559
GCTGCA	0.38000752272850813
GCTGGT	2.9333068387464367
GCTGGA	0.8303696659865328
GTACGC	0.3800075227285082
GTACGG	0.8303696659865328
GTAGCC	2.6600526590995566
GTAGCG	0.8303696659865327
GTAGGC	3.3214786639461313
GTAGGG	0.0
CGCAAC	0.2953779988294101
CGCAAG	0.0
GCGACT	0.0
GCGACA	0.6454423019487961
GCGAGT	0.0
GCGAGA	0.7051909194251768
GCGATC	0.7600150454570161
GCGATG	0.0
GCGAAC	0.3227211509743981
GCGAAG	0.7051909194251766
GACCCT	1.2173373651732087
GACCCA	0.8861339964882303
GACCGT	0.38000752272850813
GACCGA	0.3227211509743981
GCGTTC	0.0
GCGTTG	0.9777689462488122
GCGTAC	0.3800075227285082
GCGTAG	0.8303696659865328
CGCACT	1.0434320272913218
CGCACA	0.14768899941470504
CGCAGT	1.1400225681855243
CGCAGA	0.3227211509743981
CGCATC	0.8695266894094348
CGCATG	0.7600150454570163
CGGGTT	0.9777689462488119
CGGGTA	0.8303696659865327
CGGGAT	1.6607393319730657
CGGGAA	1.4103818388503535
CGGCTT	1.342388469682734
CGGCTA	1.1400225681855243
CGGCAT	0.38000752272850813
CGGCAA	0.3227211509743981
GCGGTT	0.0
GCGGTA	0.8303696659865327
GCGGAT	1.6607393319730657
GCGGAA	0.0
GCGTCT	0.44746282322757797
GCGTCA	0.7600150454570163
GCGTGT	0.0
GCGTGA	0.0
CGGTCT	0.0
CGGTCA	0.38000752272850813
CGGTGT	0.0
CGGTGA	0.0
CGGTTC	0.44746282322757797
CGGTTG	1.9555378924976243
CGGTAC	1.1400225681855245
CGGTAG	0.8303696659865328
GCGCTT	0.44746282322757797
GCGCTA	0.0
GCGCAT	0.7600150454570163
GCGCAA	0.6454423019487961
GACCTC	1.5651480409369825
GACCTG	1.5200300909140325
GACCAC	1.1815119953176405
GACCAG	0.32272115097439813
CCTGCT	1.2286520998991355
CCTGCA	1.5651480409369822
CCTGGT	0.8949256464551557
CCTGGA	0.0
CCTGTC	0.20477534998318925
CCTGTG	2.684776939365468
CGGAAC	0.6454423019487961
CGGAAG	1.4103818388503533
GCCACT	0.6956213515275478
GCCACA	0.8861339964882303
GCCAGT	0.38000752272850813
GCCAGA	1.6136057548719904
GCCATC	2.782485406110191
GCCATG	0.0
GCCAAC	1.919956992391166
GCCAAG	0.0
GCCTTC	4.3002823496469755
GCCTTG	0.8949256464551559
GCCTAC	1.2173373651732087
GCCTAG	2.2800451363710486
CGGACT	1.9000376136425405
CGGACA	1.2908846038975923
CGGAGT	3.3214786639461313
CGGAGA	0.0
CGGATC	0.3800075227285081
CGGATG	0.0
CCTGAC	1.7390533788188691
CCTGAG	1.9000376136425403
GACGCT	1.1400225681855245
GACGCA	0.6454423019487964
GACGGT	0.8303696659865331
GACGGA	0.0
GACGTC	0.7600150454570164
GACGTG	0.0
GACGAC	0.32272115097439813
GACGAG	2.8207636777007075
CGTCTC	0.8191013999327572
CGTCTG	0.44746282322757797
CGTCAC	0.5217160136456609
CGTCAG	0.0
GCCGTT	0.0
GCCGTA	0.7600150454570163
GCCGAT	0.38000752272850813
GCCGAA	0.0
GCCTCT	0.819101399932757
GCCTCA	1.0434320272913216
GCCTGT	1.7898512929103119
GCCTGA	2.2800451363710486
GACTCC	1.0434320272913218
GACTCG	0.38000752272850813
GACTGC	1.5200300909140327
GACTGG	0.8303696659865328
CGTGTC	0.0
CGTGTG	0.0
CGTGAC	0.3800075227285082
CGTGAG	0.0
GCCCTT	1.2286520998991355
GCCCTA	3.652012095519625
GCCCAT	1.0434320272913216
GCCCAA	0.5907559976588201
CGTCCT	1.0238767499159462
CGTCCA	0.17390533788188692
CGTCGT	0.0
CGTCGA	0.0
GACACC	0.7384449970735253
GACACG	0.32272115097439813
GACAGC	0.9681634529231944
GACAGG	0.7051909194251769
CGTGCT	0.0
CGTGCA	0.7600150454570163
CGTGGT	0.0
CGTGGA	0.0
GAGCCT	2.6600526590995575
GAGCCA	2.259048056820787
GAGCGT	0.0
GAGCGA	0.0
GAGCTC	0.7600150454570164
GAGCTG	2.4911089979595986
GAGCAC	0.6454423019487963
GAGCAG	6.346718274826592
GAGGCT	1.6607393319730657
GAGGCA	0.7051909194251768
GAGGGT	1.8144740326185624
GAGGGA	1.540940937209217
GAGGTC	2.4911089979595986
GAGGTG	1.8144740326185624
GAGGAC	3.525954597125884
GAGGAG	6.1637637488368675
GAGTCC	0.0
GAGTCG	1.6607393319730657
GAGTGC	1.6607393319730657
GAGTGG	3.628948065237125
GAGACC	1.6136057548719906
GAGACG	2.8207636777007075
GAGAGC	0.7051909194251768
GAGAGG	0.0
GATCCC	0.3478106757637739
GATCCG	1.1400225681855243
GATCGC	0.0
GATCGG	1.6607393319730657
GATGCC	1.5200300909140323
GATGCG	0.8303696659865327
GATGGC	1.6607393319730657
GATGGG	1.8144740326185622
GAACCC	1.1815119953176405
GAACCG	0.0
GAACGC	0.0
GAACGG	0.7051909194251769
GAAGCC	1.9363269058463888
GAAGCG	0.0
GAAGGC	4.23114551655106
GAAGGG	1.5409409372092169
CAAGGC	0.3227211509743981
CAAGGG	2.11557275827553
CCTCCT	3.8422202094671865
CCTCCA	1.5917088339022205
CCTCGT	0.819101399932757
CCTCGA	0.6956213515275477
CCTCTC	1.967966448751486
CCTCTG	1.0238767499159462
CAACGC	0.44306699824411516
CAACGG	0.3227211509743981
CAAGCC	1.0338229959029352
CAAGCG	0.6454423019487961
CCTCAC	1.5917088339022205
CCTCAG	1.2173373651732085
TCCCCT	0.8434141923220654
TCCCCA	1.2733670671217765
TCCCGT	1.0238767499159462
TCCCGA	0.34781067576377384
TCCCTC	0.9371268803578505
TCCCTG	0.4095506999663785
TCCCAC	0.8754398586462213
TCCCAG	0.5217160136456608
TCCGCT	0.6143260499495677
TCCGCA	0.5217160136456608
TCCGGT	0.44746282322757785
TCCGGA	1.1400225681855243
TCCGTC	0.20477534998318925
TCCGTG	0.44746282322757797
TCCGAC	0.8695266894094346
TCCGAG	0.7600150454570161
TCCTCC	2.1553918248230564
TCCTCG	1.638202799865514
CAACCC	1.4869335046981063
CAACCG	0.5907559976588201
TCCTGC	1.638202799865514
TCCTGG	0.44746282322757797
TCCACC	0.7162689752559994
TCCACG	0.8695266894094348
TCCAGC	0.8695266894094348
TCCAGG	0.38000752272850813
TCGCCT	0.819101399932757
TCGCCA	0.8695266894094346
TCGCGT	0.0
TCGCGA	0.38000752272850813
TCGCTC	0.4095506999663786
TCGCTG	0.8949256464551559
TCGCAC	0.5217160136456609
TCGCAG	1.5200300909140325
CCGACT	0.6956213515275478
CCGACA	0.14768899941470504
CCGAGT	0.7600150454570163
CCGAGA	0.9681634529231943
CCGATC	0.0
CCGATG	1.5200300909140325
CCGAAC	0.2953779988294101
CCGAAG	0.6454423019487963
TCGGCT	2.684776939365468
TCGGCA	0.38000752272850813
TCGGGT	0.0
TCGGGA	0.8303696659865328
TCGGTC	0.0
TCGGTG	0.0
TCGGAC	1.1400225681855245
TCGGAG	2.4911089979595986
CATGGC	0.7600150454570161
CATGGG	3.321478663946131
TCGTCC	0.6143260499495677
TCGTCG	0.0
TCGTGC	0.0
TCGTGG	0.0
TCGACC	0.17390533788188695
TCGACG	0.7600150454570163
TCGAGC	0.7600150454570164
TCGAGG	0.0
TCTCCC	2.3428172008946264
TCTCCG	0.819101399932757
TCTCGC	0.20477534998318925
TCTCGG	0.8949256464551559
CATCGC	1.0434320272913218
CATCGG	2.660052659099557
CATGCC	0.34781067576377384
CATGCG	0.3800075227285081
TCTGCC	1.8429781498487032
TCTGCG	0.44746282322757797
TCTGGC	2.23731411613789
TCTGGG	0.0
TCACCC	1.671294275597332
TCACCG	0.8695266894094348
TCACGC	0.17390533788188695
TCACGG	0.38000752272850813
TCAGCC	2.434674730346417
TCAGCG	0.3800075227285081
TCAGGC	1.5200300909140323
TCAGGG	0.8303696659865327
CAGAGC	0.6454423019487961
CAGAGG	1.4103818388503533
CATCCC	0.5570980918657773
CATCCG	1.2173373651732087
TGCCCT	2.457304199798271
TGCCCA	0.6956213515275477
TGCCGT	0.0
TGCCGA	0.7600150454570161
TGCCTC	1.4334274498823247
TGCCTG	2.23731411613789
TGCCAC	0.8695266894094346
TGCCAG	0.7600150454570161
TGCGCT	0.44746282322757785
TGCGCA	0.3800075227285081
TGCGGT	0.0
TGCGGA	0.0
CAGTGC	0.3800075227285081
CAGTGG	1.6607393319730654
CAGACC	1.1815119953176403
CAGACG	0.6454423019487961
CAGGCT	1.5200300909140325
CAGGCA	2.5817692077951846
CAGGGT	0.8303696659865328
CAGGGA	1.4103818388503535
CAGGTC	1.1400225681855243
CAGGTG	0.0
CAGGAC	2.2590480568207862
CAGGAG	2.8207636777007066
CAGTCC	0.6956213515275477
CAGTCG	1.1400225681855243
TGCGTC	0.44746282322757797
TGCGTG	0.0
TGCGAC	0.3800075227285081
TGCGAG	0.0
TGCTCC	0.6143260499495676
TGCTCG	1.3423884696827335
TGCTGC	0.8949256464551559
TGCTGG	2.933306838746436
TGCACC	0.5217160136456608
TGCACG	0.7600150454570161
TGCAGC	1.5200300909140323
TGCAGG	2.491108997959598
CAGCCT	2.0868640545826436
CAGCCA	2.6584019894646906
CAGCGT	0.38000752272850813
CAGCGA	0.0
CAGCTC	1.3912427030550956
CAGCTG	1.9000376136425405
CAGCAC	0.5907559976588203
CAGCAG	2.581769207795185
CCGTCT	0.819101399932757
CCGTCA	0.6956213515275477
CCGTGT	0.0
CCGTGA	0.0
CCGTTC	0.2047753499831893
CCGTTG	0.44746282322757797
CGTTCC	0.0
CGTTCG	0.44746282322757797
CGTTGC	0.44746282322757797
CGTTGG	0.9777689462488122
CCGTAC	0.6956213515275478
CCGTAG	2.2800451363710486
TGGCCT	2.2373141161378896
TGGCCA	1.5200300909140323
TGGCGT	0.9777689462488119
TGGCGA	0.0
TGGCTC	0.8949256464551559
TGGCTG	1.9555378924976239
TGGCAC	1.1400225681855243
TGGCAG	2.491108997959598
CACACC	0.946230412080613
CACACG	0.29537799882941007
CACAGC	0.8861339964882303
CACAGG	1.2908846038975923
CCGGTT	0.44746282322757797
CCGGTA	0.7600150454570163
CCGGAT	0.0
CCGGAA	1.2908846038975923
TGGGCT	1.9555378924976239
TGGGCA	3.321478663946131
TGGGGT	2.136562106663056
TGGGGA	0.0
TGGGTC	0.0
TGGGTG	4.273124213326112
TGGGAC	2.4911089979595986
TGGGAG	0.0
TGGTCC	1.342388469682734
TGGTCG	1.9555378924976239
TGGTGC	4.88884473124406
TGGTGG	0.0
TGGACC	0.3800075227285081
TGGACG	0.8303696659865327
TGGAGC	0.8303696659865328
TGGAGG	3.6289480652371244
CACGAC	0.29537799882941007
CACGAG	1.2908846038975923
CACTCC	0.9550253003413325
CACTCG	0.17390533788188695
CACTGC	0.5217160136456609
CACTGG	2.660052659099557
TGTCCC	0.8191013999327569
TGTCCG	0.44746282322757785
TGTCGC	0.0
TGTCGG	0.9777689462488119
CACCTC	0.7958544169511103
CACCTG	0.6956213515275477
CACCAC	0.6758788657718664
CACCAG	0.4430669982441151
CACGCT	1.2173373651732085
CACGCA	0.29537799882941007
CACGGT	0.0
CACGGA	0.9681634529231942
CACGTC	0.0
CACGTG	0.0
TGTGCC	1.342388469682734
TGTGCG	0.0
TGTGGC	2.933306838746436
TGTGGG	2.1365621066630553
TGACCC	1.5651480409369825
TGACCG	0.38000752272850813
TGACGC	0.7600150454570164
TGACGG	0.0
TGAGCC	2.6600526590995566
TGAGCG	0.0
TGAGGC	2.4911089979595986
TGAGGG	1.8144740326185622
CACCCT	1.9896360423777757
CACCCA	0.6758788657718664
CACCGT	0.8695266894094346
CACCGA	0.29537799882941007
TTCCCC	0.7497015042862805
TTCCCG	0.0
TTCCGC	0.4095506999663785
TTCCGG	0.0
TTCGCC	1.4334274498823247
TTCGCG	0.0
TTCGGC	1.7898512929103119
TTCGGG	0.9777689462488122
TTGCCC	1.2286520998991353
TTGCCG	0.0
TTGCGC	0.0
TTGCGG	0.0
TTGGCC	0.8949256464551559
TTGGCG	1.9555378924976239
TTGGGC	1.9555378924976239
TTGGGG	6.4096863199891665
TACCCC	1.5121233922071098
TACCCG	0.3478106757637739
TACCGC	0.8695266894094348
TACCGG	0.38000752272850813
TACGCC	1.0434320272913216
TACGCG	0.0
TACGGC	1.1400225681855243
TACGGG	0.8303696659865327
TAGCCC	2.2607693924645305
TAGCCG	0.7600150454570163
TAGCGC	0.3800075227285082
TAGCGG	0.8303696659865328
TAGGCC	3.4200677045565726
TAGGCG	1.6607393319730654
TAGGGC	2.4911089979595986
TAGGGG	7.257896130474249
CTAGGC	4.560090272742097
CTAGGG	4.151848329932664
CCGCTT	0.4095506999663785
CCGCTA	0.8695266894094346
CCGCAT	0.5217160136456608
CCGCAA	0.4430669982441151
ACCCCT	2.2283923674631088
ACCCCA	1.2165819583893596
ACCCGT	0.5217160136456608
ACCCGA	1.4768899941470504
ACCCTC	1.7508797172924426
ACCCTG	1.5651480409369822
ACCCAC	1.3517577315437328
ACCCAG	1.0338229959029352
CTACGC	0.17390533788188695
CTACGG	1.1400225681855243
CTAGCC	3.1302960818739645
CTAGCG	0.3800075227285081
ACCGCT	0.5217160136456608
ACCGCA	0.0
ACCGGT	0.3800075227285081
ACCGGA	1.9363269058463883
ACCGTC	0.8695266894094346
ACCGTG	0.3800075227285081
ACCGAC	0.14768899941470504
ACCGAG	0.9681634529231943
ACCTCC	1.7508797172924428
ACCTCG	0.5217160136456609
ACCTGC	0.8695266894094348
ACCTGG	0.38000752272850813
ACCACC	1.148994071812173
ACCACG	0.4430669982441151
CTACCC	1.671294275597332
CTACCG	0.3478106757637739
ACCAGC	0.7384449970735252
ACCAGG	0.6454423019487961
ACGCCT	1.0434320272913218
ACGCCA	0.14768899941470504
ACGCGT	0.0
ACGCGA	0.3227211509743981
ACGCTC	0.6956213515275478
ACGCTG	0.0
ACGCAC	0.5907559976588203
ACGCAG	0.0
CCCACT	1.2733670671217767
CCCACA	0.8110546389262399
CCCAGT	0.8695266894094348
CCCAGA	1.1815119953176403
CCCATC	0.6366835335608884
CCCATG	1.0434320272913218
CCCAAC	1.1489940718121732
CCCAAG	1.1815119953176405
ACGGCT	1.5200300909140325
ACGGCA	0.3227211509743981
ACGGGT	0.8303696659865328
ACGGGA	1.4103818388503535
ACGGTC	0.0
ACGGTG	0.8303696659865327
ACGGAC	0.3227211509743981
ACGGAG	1.4103818388503533
ACGTCC	0.5217160136456608
ACGTCG	0.0
ACGTGC	0.0
ACGTGG	0.8303696659865327
CTTGGC	1.342388469682734
CTTGGG	0.9777689462488122
ACGACC	0.7384449970735252
ACGACG	0.3227211509743981
ACGAGC	1.6136057548719902
ACGAGG	1.4103818388503533
ACTCCC	0.9550253003413325
ACTCCG	0.3478106757637739
ACTCGC	0.3478106757637739
ACTCGG	0.38000752272850813
ACTGCC	0.5217160136456608
ACTGCG	0.0
ACTGGC	0.7600150454570161
ACTGGG	2.491108997959598
CTTCGC	1.0238767499159462
CTTCGG	1.7898512929103119
CTTGCC	1.0238767499159462
CTTGCG	0.44746282322757797
ACACCC	0.946230412080613
ACACCG	0.8861339964882302
ACACGC	0.5907559976588201
ACACGG	0.3227211509743981
ACAGCC	2.2153349912205758
ACAGCG	0.6454423019487961
ACAGGC	1.6136057548719902
ACAGGG	2.11557275827553
CTGAGC	3.4200677045565735
CTGAGG	2.4911089979595986
CTTCCC	0.37485075214314023
CTTCCG	0.4095506999663785
AGCCCT	2.956390743992078
AGCCCA	1.6245789935617556
AGCCGT	0.7600150454570163
AGCCGA	0.3227211509743981
AGCCTC	1.7390533788188696
AGCCTG	2.2800451363710486
AGCCAC	1.7722679929764609
AGCCAG	2.259048056820787
AGCGCT	0.3800075227285082
AGCGCA	0.6454423019487964
AGCGGT	0.0
AGCGGA	1.4103818388503537
CTGTGC	0.8949256464551559
CTGTGG	1.9555378924976243
CTGACC	1.9129587167007565
CTGACG	1.1400225681855243
AGCGTC	0.3800075227285082
AGCGTG	0.0
AGCGAC	0.32272115097439813
AGCGAG	1.4103818388503537
AGCTCC	1.0434320272913218
AGCTCG	0.38000752272850813
AGCTGC	1.1400225681855245
AGCTGG	4.982217995919197
CTGGCT	0.44746282322757797
CTGGCA	1.1400225681855243
CTGGGT	1.9555378924976243
CTGGGA	1.6607393319730657
CTGGTC	2.23731411613789
CTGGTG	1.9555378924976243
CTGGAC	0.7600150454570164
CTGGAG	0.0
CTGTCC	0.4095506999663785
CTGTCG	0.44746282322757797
AGCACC	0.7384449970735253
AGCACG	0.9681634529231944
AGCAGC	2.9044903587695834
AGCAGG	6.346718274826592
CCCTCT	1.499403008572561
CCCTCA	1.7508797172924428
CCCTGT	1.2286520998991357
CCCTGA	1.5651480409369827
CCCTTC	1.4056903205367761
CCCTTG	0.4095506999663786
CTGCCT	2.0477534998318925
CTGCCA	1.2173373651732085
CTGCGT	0.0
CTGCGA	0.38000752272850813
CTGCTC	1.2286520998991357
CTGCTG	1.342388469682734
CTGCAC	1.2173373651732087
CTGCAG	0.7600150454570163
CCCTAC	1.3529525088168877
CCCTAG	3.478106757637739
AGGCCT	5.320105318199115
AGGCCA	1.2908846038975927
AGGCGT	1.6607393319730661
AGGCGA	0.7051909194251769
AGGCTC	0.7600150454570164
AGGCTG	1.6607393319730657
AGGCAC	0.32272115097439813
AGGCAG	0.0
CGTACC	0.0
CGTACG	0.7600150454570163
CGTAGC	2.6600526590995575
CGTAGG	3.3214786639461313
CCCGTT	0.4095506999663786
CCCGTA	0.8695266894094349
CCCGAT	0.5217160136456609
CCCGAA	1.1815119953176403
AGGGCT	2.4911089979595986
AGGGCA	1.4103818388503535
AGGGGT	7.25789613047425
AGGGGA	1.540940937209217
AGGGTC	1.6607393319730657
AGGGTG	0.0
AGGGAC	2.11557275827553
AGGGAG	0.0
CTCACC	1.5121233922071098
CTCACG	0.5217160136456609
CTCAGC	2.4346747303464173
CTCAGG	1.5200300909140325
AGGTCC	0.7600150454570164
AGGTCG	0.8303696659865328
AGGTGC	1.6607393319730657
AGGTGG	0.0
AGGACC	0.6454423019487963
AGGACG	0.0
AGGAGC	6.346718274826591
AGGAGG	12.327527497673735
AGTCCC	0.5217160136456609
AGTCCG	0.0
AGTCGC	0.7600150454570164
AGTCGG	0.0
CTCGAC	0.17390533788188692
CTCGAG	0.7600150454570161
CTCTCC	1.967966448751486
CTCTCG	0.0
CTCTGC	1.0238767499159462
CTCTGG	1.342388469682734
AGTGCC	0.7600150454570161
AGTGCG	0.8303696659865327
AGTGGC	3.3214786639461313
AGTGGG	3.6289480652371244
CTCCTC	2.5302425769661965
CTCCTG	1.2286520998991355
CTCCAC	1.1141961837315544
CTCCAG	0.34781067576377384
CTCGCT	0.0
CTCGCA	1.2173373651732085
CTCGGT	1.7898512929103114
CTCGGA	0.0
CTCGTC	0.20477534998318925
CTCGTG	0.0
AGACCC	1.4768899941470506
AGACCG	1.2908846038975925
AGACGC	0.9681634529231944
AGACGG	1.4103818388503537
AGAGCC	1.6136057548719906
AGAGCG	0.0
AGAGGC	0.7051909194251768
AGAGGG	3.0818818744184338
ATCCCC	1.1937816254266655
ATCCCG	0.5217160136456609
ATCCGC	0.8695266894094348
ATCCGG	1.1400225681855243
CGAAGC	1.6136057548719902
CGAAGG	0.7051909194251766
CTCCCT	1.5931156966083457
CTCCCA	1.2733670671217765
CTCCGT	0.819101399932757
CTCCGA	0.8695266894094346
ATCGCC	1.7390533788188691
ATCGCG	0.7600150454570161
ATCGGC	2.6600526590995566
ATCGGG	0.8303696659865327
ATGCCC	0.8695266894094348
ATGCCG	0.38000752272850813
ATGCGC	0.7600150454570164
ATGCGG	0.0
ATGGCC	1.1400225681855243
ATGGCG	0.8303696659865327
ATGGGC	4.1518483299326645
ATGGGG	0.0
CGATGC	0.7600150454570161
CGATGG	0.8303696659865327
CGAACC	0.7384449970735252
CGAACG	0.6454423019487961
AACCCC	1.8248729375840393
AACCCG	1.0338229959029352
AACCGC	0.0
AACCGG	0.6454423019487961
CGAGCT	1.9000376136425405
CGAGCA	1.2908846038975923
CGAGGT	0.8303696659865328
CGAGGA	0.7051909194251768
CGAGTC	0.3800075227285081
CGAGTG	0.8303696659865327
CGAGAC	0.6454423019487961
CGAGAG	1.4103818388503533
CGATCC	0.5217160136456608
CGATCG	0.0
AACGCC	0.0
AACGCG	0.0
AACGGC	0.3227211509743981
AACGGG	1.4103818388503533
AAGCCC	1.1815119953176403
AAGCCG	0.6454423019487961
AAGCGC	0.3227211509743981
AAGCGG	0.0
CGACCT	1.2173373651732087
CGACCA	0.7384449970735252
CGACGT	0.38000752272850813
CGACGA	0.6454423019487961
CGACTC	0.6956213515275478
CGACTG	0.38000752272850813
CGACAC	0.14768899941470506
CGACAG	0.0
AAGGCC	1.9363269058463883
AAGGCG	1.4103818388503533
AAGGGC	3.5259545971258834
AAGGGG	0.0
CTGCGG	0.0
CTGCGC	0.33863175009400315
CTGCCG	1.0158952502820093
CTGCCC	0.7748513568204477
CTCGGG	0.7399578071481626
CTCGGC	1.0158952502820093
CTCGCG	0.0
CTCGCC	0.9298216281845372
CTCCGG	1.3545270003760126
CTCCGC	0.7748513568204477
CTCCCG	0.7748513568204476
CTCCCC	1.347481194542047
CGAGGG	1.3731610432655899
CGAGGC	0.6284087048612316
CGAGCG	0.0
CGAGCC	1.1503312077838823
AGGGGG	6.001098444868377
AGGGGC	2.74632208653118
AGGGCG	0.0
AGGGCC	3.1420435243061577
CCCGAG	0.8627484058379117
CCCGAC	0.921258842131267
CCCGTG	0.0
CCCGTC	0.6198810854563582
CCCGGA	0.5751656038919412
CCCGGT	0.3386317500940032
ACGGGG	0.0
ACGGGC	1.8852261145836946
CCCGCA	0.26321681203750485
CCCGCT	0.7748513568204478
ACGGCG	0.0
ACGGCC	0.8627484058379117
CAGCGG	1.2568174097224631
CAGCGC	0.2875828019459706
CAGCCG	0.5751656038919412
CAGCCC	2.237342902318791
CACGGG	1.256817409722463
CACGGC	1.150331207783882
CACGCG	0.2875828019459705
CACGCC	0.3948252180562572
CACCGG	1.150331207783882
CACCGC	1.1844756541687718
CACCCG	0.6580420300937619
CACCCC	1.3250340186793232
CTGGGG	1.6169114567890426
CTGGGC	2.9598312285926514
CTGGCG	0.0
CTGGCC	3.047685750846028
GCCCGA	1.4379140097298526
GCCCGT	1.0158952502820093
CCCAGG	0.8627484058379117
CCCAGC	0.921258842131267
GCCCCA	0.3948252180562572
GCCCCT	0.7748513568204477
CCCACG	0.921258842131267
CCCACC	1.2045763806175669
CGTGGG	1.6169114567890426
CGTGGC	0.0
CGTGCG	0.0
CGTGCC	0.0
CAGGGG	4.11948312979677
CAGGGC	0.6284087048612316
CAGGCG	0.6284087048612316
CAGGCC	0.8627484058379117
GCCGGA	0.6284087048612316
GCCGGT	0.7399578071481628
ACGCGG	0.0
ACGCGC	0.2875828019459706
GCCGCA	0.8627484058379117
GCCGCT	0.33863175009400315
ACGCCG	0.2875828019459706
ACGCCC	0.26321681203750485
CGTCGG	0.0
CGTCGC	0.0
CGTCCG	0.0
CGTCCC	0.6198810854563581
GCCCAG	0.575165603891941
GCCCAC	0.9212588421312669
GCCCTG	1.6931587504700156
GCCCTC	2.7894648845536114
GCCAGG	0.0
GCCAGC	1.7254968116758234
GCCACG	0.2875828019459706
GCCACC	1.7109092782437816
CGGAGG	2.7463220865311797
CGGAGC	1.2568174097224631
CGGACG	1.2568174097224631
CGGACC	0.0
GCCTGG	0.7399578071481628
GCCTGC	1.6931587504700156
GCCTCG	1.3545270003760126
GCCTCC	2.1695837990972535
GCCGAG	2.5136348194449263
GCCGAC	0.0
GCCGTG	0.0
GCCGTC	0.33863175009400315
GCGCAG	0.6284087048612316
GCGCAC	0.8627484058379117
GCGCTG	1.4799156142963257
GCGCTC	0.0
GCGCGA	0.0
GCGCGT	0.7399578071481628
ACCGGG	1.256817409722463
ACCGGC	0.8627484058379116
GCGCCA	0.2875828019459706
GCGCCT	0.0
ACCGCG	0.575165603891941
ACCGCC	1.1844756541687718
CGGTGG	0.0
CGGTGC	1.4799156142963257
CGGTCG	0.0
CGGTCC	0.33863175009400315
CGGCCA	1.4379140097298528
CGGCCT	1.3545270003760126
AGGCGG	2.74632208653118
AGGCGC	1.2568174097224634
CGGGAG	0.0
CGGGAC	0.0
CGGGTG	0.0
CGGGTC	1.4799156142963255
CGGGGA	1.3731610432655899
CGGGGT	0.0
AGGCCG	0.6284087048612317
AGGCCC	0.5751656038919413
CGGGCA	0.6284087048612316
CGGGCT	2.9598312285926514
CCCTGG	0.6772635001880064
CCCTGC	0.9298216281845373
GCGGGA	0.0
GCGGGT	0.0
CCCTCG	0.9298216281845373
CCCTCC	1.8439216346364857
GCGGCA	0.6284087048612316
GCGGCT	0.0
AGCGGG	0.0
AGCGGC	0.6284087048612317
CGGCAG	0.0
CGGCAC	0.8627484058379117
CGGCTG	0.7399578071481628
CGGCTC	1.6931587504700156
CGGCGA	1.2568174097224631
CGGCGT	0.7399578071481628
AGCGCG	0.0
AGCGCC	0.28758280194597063
GCGAGG	0.0
GCGAGC	0.6284087048612316
GCGACG	0.6284087048612316
GCGACC	0.5751656038919412
CGCAGG	0.6284087048612316
CGCAGC	0.2875828019459706
CGCACG	0.2875828019459706
CGCACC	0.39482521805625725
GCGTGG	0.0
GCGTGC	0.0
GCGTCG	0.0
GCGTCC	0.33863175009400315
GCGGAG	0.0
GCGGAC	1.2568174097224631
GCGGTG	1.6169114567890424
GCGGTC	0.7399578071481627
GCACGG	1.8852261145836946
GCACGC	0.2875828019459706
GCACCG	0.5751656038919412
GCACCC	0.5264336240750097
CGCTGG	2.2198734214444884
CGCTGC	0.6772635001880063
CGCTCG	0.0
CGCTCC	0.6198810854563581
GCTGGG	6.46764582715617
GCTGGC	3.6997890357408143
GCTGCG	0.7399578071481628
GCTGCC	1.3545270003760126
GCTCGG	0.7399578071481628
GCTCGC	0.33863175009400315
GCTCCG	1.0158952502820093
GCTCCC	0.7748513568204477
GCAGGG	2.7463220865311797
GCAGGC	3.770452229167389
GCAGCG	0.0
GCAGCC	2.3006624155677646
CGCGAG	0.0
CGCGAC	0.2875828019459706
CGCGTG	0.0
CGCGTC	0.33863175009400315
CGCGGA	0.0
CGCGGT	1.4799156142963257
AGCCGG	1.2568174097224631
AGCCGC	0.5751656038919412
CGCGCA	0.5751656038919412
CGCGCT	0.0
AGCCCG	1.7254968116758234
AGCCCC	1.4476924662062767
GGCCCA	0.5751656038919412
GGCCCT	1.6931587504700156
CGACGG	0.0
CGACGC	0.2875828019459706
CGCCAG	0.8627484058379116
CGCCAC	0.5264336240750096
CGCCTG	0.33863175009400315
CGCCTC	0.7748513568204477
CGCCGA	0.2875828019459705
CGCCGT	0.3386317500940031
CGACCG	0.0
CGACCC	0.5264336240750097
CGCCCA	0.2632168120375048
CGCCCT	2.4795243418254325
CCCCAG	1.4476924662062767
CCCCAC	1.023889923524932
GGCGGA	2.7463220865311797
GGCGGT	1.6169114567890426
CCCCTG	1.084791899548627
CCCCTC	1.4184012574126814
GGCGCA	1.8852261145836946
GGCGCT	0.7399578071481628
CCCCGA	0.5264336240750097
CCCCGT	0.0
GGCCAG	0.0
GGCCAC	0.8627484058379117
GGCCTG	2.9598312285926514
GGCCTC	2.0317905005640187
GGCCGA	0.6284087048612316
GGCCGT	0.0
CCCCCA	1.3852628377102019
CCCCCT	2.127601886119022
GGGCCA	2.5136348194449263
GGGCCT	3.6997890357408143
GGCAGG	0.0
GGCAGC	1.2568174097224631
GGCACG	1.2568174097224631
GGCACC	0.8627484058379117
GGCTGG	1.6169114567890426
GGCTGC	0.7399578071481628
GGCTCG	0.0
GGCTCC	1.3545270003760126
GGCGAG	0.0
GGCGAC	1.2568174097224631
GGCGTG	0.0
GGCGTC	0.7399578071481627
GGGGCA	1.3731610432655899
GGGGCT	3.233822913578085
CCAGGG	0.6284087048612316
CCAGGC	0.2875828019459706
CCAGCG	0.2875828019459706
CCAGCC	1.579300872225029
GGGCAG	1.3731610432655899
GGGCAC	2.5136348194449263
GGGCTG	3.2338229135780847
GGGCTC	3.699789035740814
GGGCGA	1.3731610432655899
GGGCGT	0.0
GGGTGG	7.066356037708994
GGGTGC	0.0
GGGTCG	3.2338229135780847
GGGTCC	0.7399578071481627
CCACGG	1.1503312077838823
CCACGC	0.921258842131267
CCACCG	0.921258842131267
CCACCC	1.3852628377102019
GGGGAG	0.0
GGGGAC	1.3731610432655896
GGGGTG	3.533178018854497
GGGGTC	1.6169114567890424
GGGGGA	6.001098444868376
GGGGGT	3.533178018854497
GGACGG	0.0
GGACGC	0.6284087048612316
GGACCG	1.2568174097224631
GGACCC	0.2875828019459706
GGTGGG	0.0
GGTGGC	0.0
GGTGCG	0.0
GGTGCC	2.2198734214444884
GGTCGG	4.850734370367127
GGTCGC	0.7399578071481627
GGTCCG	0.0
GGTCCC	0.6772635001880062
GGGAGG	0.0
GGGAGC	0.0
GGGACG	0.0
GGGACC	0.6284087048612316
GTGCGG	0.0
GTGCGC	0.0
GTGCCG	0.0
GTGCCC	0.3386317500940031
GTCGGG	0.0
GTCGGC	0.7399578071481627
GTCGCG	0.0
GTCGCC	0.0
GTCCGG	0.0
GTCCGC	0.3386317500940031
GTCCCG	0.33863175009400315
GTCCCC	1.0847918995486268
GGAGGG	3.000549222434188
GGAGGC	4.11948312979677
GGAGCG	1.3731610432655899
GGAGCC	3.770452229167389
GACGGG	1.37316104326559
GACGGC	0.0
GACGCG	0.6284087048612317
GACGCC	0.28758280194597063
CCTGGG	1.4799156142963252
CCTGGC	0.3386317500940031
CCTGCG	0.0
CCTGCC	1.3947324422768057
GACCGG	3.1420435243061577
GACCGC	0.0
GACCCG	1.1503312077838823
GACCCC	0.921258842131267
GTGGGG	3.533178018854497
GTGGGC	1.6169114567890424
GTGGCG	0.0
GTGGCC	1.4799156142963255
TCCCGG	0.0
TCCCGC	0.30994054272817906
TCCCCG	0.309940542728179
TCCCCC	1.5602413831539492
CCTCGG	1.3545270003760126
CCTCGC	1.3947324422768057
CCTCCG	1.3947324422768057
CCTCCC	1.0638009430595108
GAGGGG	6.001098444868377
GAGGGC	1.37316104326559
GAGGCG	2.7463220865311797
GAGGCC	1.8852261145836946
GAGCGG	0.0
GAGCGC	0.6284087048612317
GAGCCG	0.6284087048612317
GAGCCC	2.0130796136217946
TCGGGG	0.0
TCGGGC	1.4799156142963257
TCGGCG	2.9598312285926514
TCGGCC	1.3545270003760126
CCGAGG	1.2568174097224631
CCGAGC	1.4379140097298528
CCGACG	0.0
CCGACC	1.0528672481500194
TCGCGG	0.7399578071481628
TCGCGC	0.0
TCGCCG	1.0158952502820093
TCGCCC	1.7046729850049849
TCCGGG	1.4799156142963252
TCCGGC	0.3386317500940031
TCCGCG	0.6772635001880063
TCCGCC	0.7748513568204477
TGGCGG	1.6169114567890424
TGGCGC	0.7399578071481627
TGGCCG	0.7399578071481626
TGGCCC	2.0317905005640187
CCGTGG	0.0
CCGTGC	0.6772635001880063
CCGTCG	0.0
CCGTCC	0.4649108140922686
TGCGGG	0.0
TGCGGC	0.0
TGCGCG	0.0
TGCGCC	0.3386317500940031
TGCCGG	0.0
TGCCGC	0.6772635001880062
TGCCCG	0.0
TGCCCC	0.15497027136408953
TGGGGG	3.533178018854497
TGGGGC	4.850734370367127
TGGGCG	1.6169114567890424
TGGGCC	3.699789035740814
CCGGAG	1.8852261145836946
CCGGAC	1.4379140097298528
CCGGTG	0.0
CCGGTC	0.33863175009400315
CCGGGA	0.6284087048612316
CCGGGT	2.2198734214444884
CCGGCA	0.5751656038919412
CCGGCT	0.6772635001880063
ACCCGG	0.575165603891941
ACCCGC	0.3948252180562572
ACCCCG	0.6580420300937619
ACCCCC	1.44549165674108
CCGCAG	0.2875828019459705
CCGCAC	0.1316084060187524
CCGCTG	0.6772635001880063
CCGCTC	0.4649108140922686
CCGCGA	0.0
CCGCGT	0.3386317500940031
CCGCCA	0.3948252180562572
CCGCCT	0.9298216281845372
CCCGGG	0.55998664966824
CCCGGC	0.5125407350921126
CCCGCG	0.0
CCCGCC	0.35183607316941845
GCCCGG	0.5599866496682399
GCCCGC	0.25627036754605625
GCCCCG	0.0
GCCCCC	1.2900656016212007
GCCGGG	0.0
GCCGGC	2.2399465986729594
GCCGCG	0.5599866496682399
GCCGCC	0.7688111026381689
GCGCGG	0.0
GCGCGC	0.0
GCGCCG	0.0
GCGCCC	0.5125407350921125
CGGCCG	1.1199732993364797
CGGCCC	0.5125407350921125
CGGGGG	0.0
CGGGGC	0.0
CGGGCG	0.0
CGGGCC	0.5599866496682399
GCGGGG	2.6738450521728665
GCGGGC	0.0
GCGGCG	0.0
GCGGCC	1.1199732993364797
CGGCGG	1.2236492685807823
CGGCGC	1.1199732993364797
CGCGGG	0.0
CGCGGC	0.5599866496682399
CGCGCG	0.5599866496682399
CGCGCC	0.0
GGCCCG	1.1199732993364797
GGCCCC	1.025081470184225
CGCCGG	1.6799599490047195
CGCCGC	0.5125407350921125
CGCCCG	0.5125407350921125
CGCCCC	0.3518360731694184
GGCGGG	2.6738450521728665
GGCGGC	1.2236492685807823
GGCGCG	0.0
GGCGCC	0.5599866496682399
GGCCGG	1.2236492685807823
GGCCGC	1.1199732993364797
CCGGCG	1.1199732993364797
CCGGCC	1.025081470184225
CCGCCG	0.7688111026381688
CCGCCC	0.9382295284517823
GGGGCG	2.6738450521728665
GGGGCC	1.2236492685807823
GGGGGG	5.842725972713913
GGGGGC	0.0
GGGCCG	0.0
GGGCCC	1.6799599490047197
CCGGGG	0.0
CCGGGC	0.5599866496682399
GGGCGG	2.6738450521728665
GGGCGC	0.0
CCCCGG	0.7688111026381689
CCCCGC	0.46911476422589127
CCGCGG	1.1199732993364797
CCGCGC	0.5125407350921125
CCCCCG	0.46911476422589127
CCCCCC	1.1270913670594473
