	Rhipicephalus_sanguineus 6-mer OE values GC sorted
AATTAA	1.3743144309376556
AATTAT	1.400144715964937
AATTTA	1.3223588984113293
AATTTT	1.743451700284164
ATTTAA	1.0890014457505064
ATTTAT	1.0351744470437223
ATTTTA	1.4165545064808833
ATTTTT	1.424676404157165
TAAAAA	1.8060465177568863
TAAAAT	1.1660849717046775
ATTAAA	1.2701997013211666
ATTAAT	1.5946092598489559
ATTATA	0.8750904474780855
ATTATT	1.6889688346502838
TAAATA	0.8953866747018059
TAAATT	0.9917691738084969
TAATAA	1.7491274575570162
TAATAT	0.9528762650316931
TAATTA	1.3806982615765349
TAATTT	1.3257497304244164
ATATTA	0.8167510843128798
ATATTT	0.7809210740856152
TATAAA	0.66633426954553
TATAAT	0.9139833562548894
ATATAA	0.7079801613921256
ATATAT	0.4278219965448418
TATTAA	1.3223588984113293
TATTAT	1.0533354022550157
ATAAAA	1.4715934589130184
ATAAAT	1.0827931880114863
ATAATA	1.0203243502415928
ATAATT	1.5168234422953482
TTTTTA	1.255072070328931
TTTTTT	1.1879453635001171
TATTTA	0.7809210740856152
TATTTT	1.221151203563284
TATATA	0.44726845093324374
TATATT	0.5993115219726813
AAAAAA	2.459137881440304
AAAAAT	1.9398277412944331
TTAAAA	1.228553809474571
TTAAAT	0.9723227194200951
TTATAA	0.7584117211476741
TTATAT	0.5266677011275078
TTATTA	1.5255202377486434
TTATTT	1.4585972709228117
TTAATA	1.6140557142373577
TTAATT	1.6344859690164038
TTTATA	0.7445991636630284
TTTATT	1.3398742372430479
TTTTAA	1.362071640847003
TTTTAT	1.1872303367976373
TTTAAA	0.9139833562548894
TTTAAT	1.4710373721147634
AAATTA	1.3951373768609534
AAATTT	1.4584840791301426
AATAAA	1.761452776577704
AATAAT	1.6866586197871227
AATATA	0.66633426954553
AATATT	1.011215628196899
AAATAA	1.6053746824505657
AAATAT	0.6871572154688278
AAAATA	1.3601091059650625
AAAATT	1.769950403480314
AAAACT	0.4162249527814248
AAAACA	0.5942491802079809
AAAAGT	1.52027445133571
AAAAGA	1.175694770007924
AAAATC	1.0405623819535619
AAAATG	1.3513550678539645
AAATCT	1.0365615687480743
AAATCA	0.7630790800992787
AAATAC	0.7630790800992788
AAATAG	0.8445969174087278
AAACTT	0.7126360785143011
AAACTA	0.4855957782449955
TTGAAT	1.104936365283547
TTGAAA	1.8930365174810935
AATATC	0.8422062746078104
AATATG	0.6310121724936978
AATAAC	0.9711915564899911
AATAAG	1.2668953761130917
AAATGT	0.9465182587405467
AAATGA	1.2668953761130919
AAATTC	1.3604870589818476
AAATTG	1.4986539096725324
TTAGAT	0.44197454611341885
TTAGAA	0.7887652156171223
TTATCT	0.6780362019784901
TTATCA	0.4840200647324482
TTTAAC	1.0890451456480084
TTTAAG	0.7366242435223648
TTACTT	0.7910422356415721
TTACTA	0.9680401294648964
TTACAT	0.9680401294648964
TTACAA	0.9717764707013197
AAGTTT	0.8839490922268375
AAGTTA	0.7098886940554099
AAGTAT	0.8676417371788343
AAGTAA	0.7601372256678549
TTTTAC	1.2430663702938987
TTTTAG	1.100688043339455
TTTACT	1.073557319799276
TTTACA	0.9075376213733404
TTTAGT	0.6879300270871594
TTTAGA	0.6629618191701282
TTTATC	0.734539218810031
TTTATG	0.6191370243784434
AAGATT	0.8676417371788343
AAGATA	0.5912178421861094
AAGAAT	1.1824356843722188
AAGAAA	1.899199243858954
TTATGT	0.6191370243784434
TTATGA	0.6629618191701282
TTATTC	1.2995693871254395
TTATTG	0.8943090352133072
TTATAC	0.6050250809155603
TTATAG	1.399586062692493
TTAACT	1.2100501618311206
TTAACA	0.7774211765610558
TTAGTT	0.4815510189610116
TTAGTA	1.1785987896357835
TTAAAC	0.9717764707013197
TTAAAG	0.7887652156171223
CTATTT	0.7345392188100311
CTATTA	1.0285426375564524
CTATAT	0.5445225728240042
CTATAA	0.9717764707013197
AAAAAC	0.8170926227859737
AAAAAG	2.0800753623217116
TTAAGT	0.7366242435223648
TTAAGA	1.025394780302259
TTAATC	0.6655275890071163
TTAATG	0.8839490922268377
TACTTT	0.6780362019784903
TACTTA	0.4840200647324482
TACTAT	0.4840200647324482
TACTAA	0.9717764707013197
TTCTTT	1.4775014843113068
TTCTTA	1.073557319799276
TTCATT	1.6950905049462255
TTCATA	0.7260300970986723
TTCAAT	1.9360802589297927
TTCAAA	1.295701960935093
AACATT	0.712636078514301
AACATA	0.27748330185428316
AACAAT	1.0405623819535619
AACAAA	1.2627795079419593
TTGTTT	0.7067001920758109
TTGTTA	1.3758600541743191
TAGTTT	0.27517201083486376
TAGTTA	0.5156369704656553
TAGTAT	1.104936365283547
TAGTAA	0.8676417371788345
CTAAAT	0.6478509804675465
CTAAAA	1.4567873347349867
TTCTAT	0.8475452524731127
TTCTAA	0.8470351132817844
TACATT	0.7865326051902284
TACATA	0.3887105882805279
TACAAT	0.8422062746078104
TACAAA	0.6243374291721371
AACTTT	0.9680401294648964
AACTTA	0.3887105882805279
AACTAT	0.6478509804675465
AACTAA	0.6243374291721371
CTAATT	0.9680401294648964
CTAATA	0.9069913726545651
TATCAT	0.6050250809155603
TATCAA	0.5182807843740371
TATGTT	0.6191370243784434
TATGTA	0.36831212176118233
TATCTT	1.0170543029677355
TATCTA	0.18150752427466807
TGAATT	1.399586062692493
TGAATA	0.7887652156171223
TGAAAT	1.4197773881108198
TGAAAA	1.7736535265583282
TAGATT	0.5892993948178918
TAGATA	0.3155060862468489
TAGAAT	0.7098886940554101
TAGAAA	1.1824356843722192
TATAAC	0.5830658824207918
TATAAG	0.5521356509319856
TATGAT	0.44197454611341885
TATGAA	0.7098886940554101
TATTCT	0.6780362019784901
TATTCA	1.2100501618311206
TATTGT	0.5503440216697275
TATTGA	0.8839490922268376
TATTTC	1.5255814544516029
TATTTG	0.9631020379220232
TATTAC	0.9075376213733404
TATTAG	0.9576115165790742
TTTGAT	0.9631020379220232
TTTGAA	1.399586062692493
TTTTCT	1.4247335741573317
TTTTCA	1.4125754207885215
TTTTGT	0.9636820801033784
TTTTGA	1.582239062300467
TTTTTC	1.3719656640033566
TTTTTG	1.5418913281654054
AATCTT	1.1495476537395646
AATCTA	0.32392549023377326
AATCAT	1.0365615687480743
AATCAA	0.6243374291721371
TTGATT	1.100688043339455
TTGATA	0.8839490922268376
TAACAT	0.5182807843740371
TAACAA	0.8324499055628495
ATAAAC	0.4162249527814248
ATAAAG	1.182435684372219
TATACT	0.7260300970986723
TATACA	0.19435529414026395
TATAGT	0.8839490922268377
TATAGA	1.025394780302259
TATATC	0.4235175566408922
TATATG	0.22098727305670943
TAATCT	0.4235175566408922
TAATCA	0.6478509804675465
ATATAC	0.3887105882805279
ATATAG	0.7098886940554101
ATAACT	0.6478509804675465
ATAACA	0.6937082546357078
ATAAGT	0.47325912937027337
ATAAGA	1.0979759926313464
ATAATC	0.5830658824207918
ATAATG	0.39438260780856116
TAACTT	0.9075376213733404
TAACTA	0.5830658824207918
TAAACT	0.7126360785143011
TAAACA	0.6937082546357078
ATAGAT	0.7098886940554099
ATAGAA	1.1824356843722188
ATATCT	0.6050250809155603
ATATCA	0.7126360785143011
ATATGT	0.2946496974089459
ATATGA	0.6310121724936978
ATATTC	0.8470351132817844
ATATTG	0.6629618191701283
TAAGTT	0.7366242435223648
TAAGTA	0.3155060862468489
TAAGAT	1.1831478234256831
TAAGAA	1.097975992631346
ATACTT	0.4840200647324482
ATACTA	0.7126360785143011
ATACAT	0.19435529414026395
ATACAA	0.4855957782449955
ATAGTT	0.44197454611341885
ATAGTA	0.7887652156171223
TAATGT	0.3683121217611824
TAATGA	0.7098886940554101
TAATTC	2.0570852751129047
TAATTG	1.6205733357492025
TAATAC	0.7126360785143011
TAATAG	0.8676417371788345
TTTCAT	1.5255814544516029
TTTCAA	1.7545727346551248
TTTGTT	1.0279275521102704
TTTGTA	0.5503440216697276
TTTCTT	1.5830373046192572
TTTCTA	0.7910422356415718
TTGTAT	0.6191370243784434
TTGTAA	0.9576115165790741
AATGTT	0.7366242435223648
AATGTA	0.6310121724936978
AATGAT	1.1831478234256831
AATGAA	1.4358147595948372
AATTCT	1.2705526699226766
AATTCA	1.3604870589818476
AATTGT	1.104936365283547
AATTGA	1.2620243449873956
TAAAGT	0.7098886940554101
TAAAGA	0.844596917408728
TAAATC	0.8422062746078104
TAAATG	1.025394780302259
TGATTT	0.8255160325045913
TGATTA	0.8102866678746011
TGATAT	0.9576115165790742
TGATAA	1.1831478234256834
ATTAAC	0.9717764707013197
ATTAAG	0.7887652156171223
TAAAAC	0.5549666037085664
TAAAAG	0.9290566091496006
ATTTAC	1.0890451456480084
ATTTAG	0.8839490922268377
ATTACT	0.8470351132817844
ATTACA	1.1661317648415837
ATTAGT	0.6629618191701283
ATTAGA	0.7098886940554101
ATTATC	0.6655275890071163
ATTATG	0.5892993948178918
TGTTTT	0.8351911360895946
TGTTTA	0.41275801625229575
TGTATT	0.5503440216697275
TGTATA	0.14732484870447293
TGTAAT	1.25226121398802
TGTAAA	0.39438260780856116
ATTGTT	0.9631020379220232
ATTGTA	0.7366242435223647
ATTGAT	1.0312739409313108
ATTGAA	1.5775304312342446
ATTTCT	1.2995693871254395
ATTTCA	1.8755777508382367
ATTTGT	0.4815510189610116
ATTTGA	1.25226121398802
ATTTTC	1.6385874881146845
ATTTTG	0.8255160325045913
CTTTTT	1.10812611323348
CTTTTA	1.1865633534623579
CTTTAT	0.45202413465232677
CTTTAA	1.0285426375564524
TGTTAT	0.6879300270871594
TGTTAA	1.1785987896357835
GTTTAT	0.4815510189610116
GTTTAA	0.6629618191701282
ATTCTT	1.3560724039569807
ATTCTA	0.6050250809155603
ATTCAT	1.3310551780142326
ATTCAA	1.3604870589818476
CTTATT	1.3560724039569803
CTTATA	0.36301504854933614
CTTAAT	0.9075376213733404
CTTAAA	1.0365615687480743
ACTTAT	0.6050250809155603
ACTTAA	0.45349568632728254
ACTTTT	0.9040482693046538
ACTTTA	0.7865326051902284
TCATTT	1.4125754207885215
TCATTA	0.9075376213733404
TCATAT	0.5445225728240042
TCATAA	0.5830658824207918
TCAATT	1.5125627022889006
TCAATA	1.0365615687480743
TCAAAT	1.1661317648415837
TCAAAA	0.971191556489991
ATGAAT	0.9465182587405467
ATGAAA	1.0979759926313464
GTTTTT	1.2206639681309461
GTTTTA	0.6879300270871596
TCTTTT	1.2136619335414305
TCTTTA	0.9040482693046535
TCTATT	0.6215331851469493
TCTATA	0.6655275890071163
TCTAAT	0.6655275890071163
TCTAAA	0.9069913726545651
ACTATT	0.4840200647324482
ACTATA	0.5830658824207918
ACTAAT	0.9717764707013197
ACTAAA	0.6937082546357078
ATGTTT	0.6191370243784434
ATGTTA	0.5892993948178917
ATGTAT	0.07366242435223648
ATGTAA	0.6310121724936978
ATGATT	0.9576115165790742
ATGATA	0.7098886940554101
CATTAT	0.8470351132817844
CATTAA	1.101346666794829
ACAATT	1.0365615687480743
ACAATA	1.0405623819535619
ACAAAT	0.5549666037085664
ACAAAA	1.1142172128899643
TCTTAT	1.0170543029677352
TCTTAA	1.2100501618311206
ACATTT	0.7260300970986723
ACATTA	0.5830658824207918
ACATAT	0.5182807843740371
ACATAA	0.20811247639071237
GTTATT	0.6879300270871594
GTTATA	0.36831212176118233
GTTAAT	1.3259236383402566
GTTAAA	0.7887652156171223
GATAAT	0.7887652156171223
GATAAA	1.0979759926313464
GAATTT	2.0625478818626215
GAATTA	1.1831478234256834
GAATAT	0.8676417371788343
GAATAA	1.1824356843722188
GAAAAT	1.604734143076583
GAAAAA	1.8087611846275755
CATAAT	0.19435529414026395
CATAAA	0.971191556489991
GAAATT	2.12966608216623
GAAATA	1.0135163008904735
CATATT	0.6655275890071163
CATATA	0.45349568632728254
CATTTT	1.2995693871254397
CATTTA	1.2100501618311206
AGTAAT	0.6310121724936978
AGTAAA	1.0135163008904735
AGTTTT	0.8943090352133072
AGTTTA	0.5156369704656553
AGTTAT	0.3683121217611824
AGTTAA	0.7887652156171223
GATTTT	0.8255160325045913
GATTTA	0.8839490922268376
GATTAT	0.9576115165790742
GATTAA	1.3409008665491078
GATATT	0.8839490922268377
GATATA	0.7098886940554101
ATCATT	1.1495476537395646
ATCATA	0.5830658824207918
ATCAAT	0.9717764707013197
ATCAAA	0.5549666037085663
AGATAT	0.47325912937027326
AGATAA	0.6756775339269822
CAAATT	1.2309168628883382
CAAATA	0.693708254635708
CAATAT	0.7774211765610558
CAATAA	1.318045683807845
CAATTT	1.6335677184720128
CAATTA	1.1661317648415837
GTATAT	0.44197454611341885
GTATAA	0.5521356509319856
ATCTTT	1.186563353462358
ATCTTA	1.0285426375564524
ATCTAT	0.4840200647324482
ATCTAA	0.45349568632728254
AGTATT	1.104936365283547
AGTATA	0.47325912937027337
AAACAT	0.4162249527814248
AAACAA	0.965654917837969
GTAATT	1.1785987896357837
GTAATA	0.7098886940554101
CAAAAT	1.0405623819535619
CAAAAA	1.4856229505199523
AGAATT	0.9465182587405467
AGAATA	0.844596917408728
AGAAAT	1.7736535265583284
AGAAAA	1.7183231253961966
GTAAAT	0.6310121724936977
GTAAAA	0.8445969174087277
GTATTT	0.9631020379220232
GTATTA	0.8102866678746011
AGATTT	0.5892993948178918
AGATTA	0.9465182587405467
AATTTC	1.6335677184720128
AATTTG	0.8839490922268377
AATTAC	1.0365615687480743
AATTAG	1.3409008665491078
AATACT	0.9717764707013197
AATACA	0.4855957782449955
AATAGT	0.39438260780856116
AATAGA	1.2668953761130919
AAAGTT	1.104271301863971
AAAGTA	1.0135163008904733
AAAGAT	0.5067581504452366
AAAGAA	1.808761184627575
AAAACC	0.9244247078628648
AAAACG	0.2813741415861661
AAAAGC	0.8441224247584984
AAAAGG	2.740607234054039
AAATCC	2.158290064141882
AAATCG	0.5255480593943297
AAACCT	0.6474870192425647
AAACCA	1.155530884828581
AAACGT	0.5255480593943297
AAACGA	0.2813741415861661
AAACTC	0.43165801282837646
AAACTG	1.5766441781829892
AAACAC	0.2311061769657162
AAACAG	1.1254965663446643
GACTTT	1.1459059159064202
GACTTA	1.2270173494628156
GACTAT	0.0
GACTAA	0.0
ATCCTT	0.9411878927276329
ATCCTA	2.821864169528642
ATCCAT	1.4109320847643207
ATCCAA	0.6474870192425648
CGAATT	0.9816138795702521
CGAATA	0.7883220890914946
GTAAGT	0.5975624848273082
GTAAGA	0.6398601543925492
GTAATC	0.9816138795702524
GTAATG	0.2987812424136541
GACATT	0.7362104096776892
GACATA	0.0
GACAAT	0.7883220890914946
GACAAA	0.0
AGAAGT	2.239510540373922
AGAAGA	1.0277277127702646
AGAATC	0.5255480593943299
AGAATG	0.6398601543925493
AGAAAC	0.5627482831723323
AGAAAG	0.6851518085135098
GTAAAC	0.26277402969716485
GTAAAG	0.9597902315888237
CGAAAT	0.0
CGAAAA	0.2813741415861661
ATCGTT	0.22918118318128405
ATCGTA	0.4908069397851261
ATCGAT	0.9816138795702521
ATCGAA	0.5255480593943297
GTATTC	0.6875435495438521
GTATTG	0.8370913257100251
GTATAC	0.9816138795702524
GTATAG	0.8963437272409623
AGATAC	0.26277402969716485
AGATAG	0.31993007719627453
AGAACT	0.7883220890914946
AGAACA	0.5627482831723322
CAAAGT	1.3138701484858244
CAAAGA	1.1254965663446643
CAAATC	2.1582900641418825
CAAATG	0.5255480593943299
CAAAAC	0.0
CAAAAG	0.5627482831723322
GAGTTT	0.5580608838066834
GAGTTA	0.29878124241365406
GAGTAT	1.1951249696546162
GAGTAA	0.9597902315888237
AGAGTT	0.0
AGAGTA	0.3199300771962746
AGAGAT	0.6398601543925492
AGAGAA	0.3425759042567549
AGATCT	0.24540346989256304
AGATCA	1.0510961187886594
AGATGT	1.1951249696546165
AGATGA	1.9195804631776476
AGATTC	0.0
AGATTG	0.5975624848273082
GAGATT	0.2987812424136541
GAGATA	1.2797203087850983
GAGAAT	0.3199300771962746
GAGAAA	1.0277277127702646
AGACTT	0.9816138795702524
AGACTA	0.0
AGACAT	0.5255480593943297
AGACAA	0.5627482831723322
CAATGT	0.4908069397851261
CAATGA	1.5766441781829892
CAATTC	1.2093703583694175
CAATTG	1.4724208193553783
CAATAC	0.6474870192425647
CAATAG	2.1021922375773188
GTAACT	0.24540346989256304
GTAACA	0.5255480593943297
ATCTCT	0.5647127356365798
ATCTCA	0.604685179184709
ATCTGT	0.4583623663625681
ATCTGA	0.2454034698925631
ATCTTC	1.317663049818686
ATCTTG	0.9167247327251362
ATCTAC	0.0
ATCTAG	0.2454034698925631
GATGTT	0.5580608838066834
GATGTA	0.5975624848273082
AGTACT	0.2454034698925631
AGTACA	0.26277402969716496
AGTAGT	0.5975624848273082
AGTAGA	1.599650385981373
AGTATC	0.9816138795702524
AGTATG	2.390249939309233
AGTAAC	0.5255480593943299
AGTAAG	0.9597902315888239
CAAACT	0.8633160256567529
CAAACA	0.6933185308971487
AGTTCT	1.1459059159064202
AGTTCA	0.9816138795702524
AGTTGT	0.5580608838066834
AGTTGA	1.7926874544819247
AGTTTC	1.1459059159064202
AGTTTG	0.0
AGTTAC	0.7362104096776892
AGTTAG	0.2987812424136541
GATCTT	0.9167247327251362
GATCTA	0.7362104096776892
GATCAT	1.2270173494628156
GATCAA	1.5766441781829896
GATGAT	0.5975624848273082
GATGAA	1.9195804631776476
GATTCT	0.4583623663625681
GATTCA	1.2270173494628156
GATTGT	0.2790304419033417
GATTGA	0.5975624848273082
GATTTC	1.1459059159064202
GATTTG	1.1161217676133668
CTCTTT	0.17579421753543442
CTCTTA	0.9411878927276328
AGTGTT	0.2790304419033417
AGTGTA	0.2987812424136541
AGTGAT	0.5975624848273082
AGTGAA	0.9597902315888238
GATTAC	0.2454034698925631
GATTAG	0.5975624848273082
GATACT	0.9816138795702524
GATACA	0.26277402969716496
GATAGT	0.0
GATAGA	0.3199300771962746
GATATC	0.2454034698925631
GATATG	0.8963437272409623
AGTCTT	0.9167247327251362
AGTCTA	0.7362104096776892
AGTCAT	0.0
AGTCAA	0.5255480593943299
ATCACT	0.20156172639490297
ATCACA	0.863316025656753
ATCAGT	0.7362104096776891
ATCAGA	1.0510961187886594
ATCATC	1.2093703583694175
ATCATG	0.24540346989256304
ATCAAC	1.079145032070941
ATCAAG	1.0510961187886594
GTAGTT	0.2790304419033417
GTAGTA	0.8963437272409622
GTAGAT	0.8963437272409622
GTAGAA	0.6398601543925491
GAAGAT	0.3199300771962746
GAAGAA	1.7128795212837744
GAATCT	0.24540346989256304
GAATCA	0.0
GATAAC	0.7883220890914948
GATAAG	0.31993007719627464
GAACTT	0.2454034698925631
GAACTA	1.5766441781829896
GAACAT	0.26277402969716485
GAACAA	1.4068707079308305
AGGATT	2.689031181722887
AGGATA	0.6398601543925492
AGGAAT	3.199300771962746
AGGAAA	2.740607234054039
GAATAC	0.5255480593943297
GAATAG	0.31993007719627453
GAAACT	1.3138701484858244
GAAACA	0.8441224247584983
CTCATT	1.1294254712731593
CTCATA	0.8062469055796118
AGGTTT	2.511273977130075
AGGTTA	0.5975624848273081
AGGTAT	1.7926874544819245
AGGTAA	0.31993007719627453
GAAGTT	1.7926874544819247
GAAGTA	1.9195804631776476
GAAAGT	0.0
GAAAGA	1.0277277127702646
CAAGTT	0.4908069397851262
CAAGTA	0.0
CAAGAT	0.5255480593943297
CAAGAA	0.8441224247584983
CGTATT	0.6875435495438521
CGTATA	0.4908069397851261
CTCTAT	0.5647127356365798
CTCTAA	1.0078086319745148
GAATGT	0.5975624848273082
GAATGA	1.2797203087850983
GAATTC	0.4908069397851262
GAATTG	0.0
CAACTT	0.20156172639490294
CAACTA	0.21582900641418823
CAACAT	0.8633160256567529
CAACAA	0.6933185308971486
CTCAAT	0.20156172639490294
CTCAAA	1.7266320513135054
CAATCT	1.0078086319745148
CAATCA	1.0791450320709413
GAAATC	0.26277402969716496
GAAATG	1.9195804631776479
GAAAAC	0.0
GAAAAG	2.0554554255405293
TCCTAT	2.635326099637372
TCCTAA	1.8140555375541267
AGCATT	0.9816138795702524
AGCATA	0.0
AGCAAT	2.627740296971649
AGCAAA	1.6882448495169966
CGTAAT	0.4908069397851261
CGTAAA	0.26277402969716485
CATAGT	0.24540346989256304
CATAGA	0.5255480593943297
CATATC	0.8062469055796118
CATATG	0.0
CATAAC	0.0
CATAAG	0.7883220890914946
TCCATT	1.8823757854552656
TCCATA	0.8062469055796118
TCCAAT	1.4109320847643205
TCCAAA	0.8633160256567527
CATTGT	0.4583623663625681
CATTGA	1.7178242892479416
CATTTC	1.6941382069097393
CATTTG	0.22918118318128405
AGCTTT	1.1459059159064202
AGCTTA	0.9816138795702524
AGCTAT	1.9632277591405047
AGCTAA	1.3138701484858246
TCCTTT	2.109530610425213
TCCTTA	0.9411878927276328
GTATCT	0.9167247327251362
GTATCA	0.2454034698925631
GTATGT	1.6741826514200504
GTATGA	1.1951249696546165
GTACTT	0.22918118318128405
GTACTA	0.24540346989256304
GTACAT	1.2270173494628152
GTACAA	0.26277402969716485
ATGCTT	0.22918118318128405
ATGCTA	0.4908069397851262
ATGCAT	1.2270173494628156
ATGCAA	1.3138701484858246
GTTAGT	0.0
GTTAGA	0.8963437272409623
GTTATC	1.1459059159064202
GTTATG	0.2790304419033417
TCGTTT	0.0
TCGTTA	0.6875435495438521
TCGTAT	0.4583623663625681
TCGTAA	0.9816138795702521
CATGTT	0.22918118318128405
CATGTA	0.4908069397851261
CATGAT	1.2270173494628152
CATGAA	1.0510961187886594
CATTAC	0.6046851791847089
CATTAG	0.7362104096776892
CATACT	0.0
CATACA	0.21582900641418826
CTGTAT	0.4583623663625681
CTGTAA	0.7362104096776891
TCTCAT	0.9411878927276329
TCTCAA	0.8062469055796119
CATCTT	1.5059006283642127
CATCTA	1.007808631974515
CATCAT	0.8062469055796119
CATCAA	1.9424610577276944
TCGATT	1.3750870990877042
TCGATA	1.2270173494628152
TCGAAT	0.7362104096776891
TCGAAA	0.5255480593943297
CTGAAT	0.7362104096776891
CTGAAA	1.839418207880154
CTGTTT	0.4280625269672685
CTGTTA	1.3750870990877042
CATTCT	1.317663049818686
CATTCA	1.410932084764321
TCTGAT	1.3750870990877042
TCTGAA	0.9816138795702521
ACAAGT	0.26277402969716485
ACAAGA	0.2813741415861661
ACAATC	0.6474870192425648
ACAATG	0.26277402969716496
ACAAAC	0.6933185308971486
ACAAAG	0.8441224247584983
CTGATT	0.4583623663625681
CTGATA	2.4540346989256303
TCTCTT	0.878971087677172
TCTCTA	0.7529503141821062
ACATGT	0.24540346989256304
ACATGA	1.3138701484858244
ACATTC	0.6046851791847088
ACATTG	1.2270173494628152
ACATAC	0.0
ACATAG	0.0
ACAACT	0.43165801282837646
ACAACA	0.0
TCTGTT	0.21403126348363424
TCTGTA	0.22918118318128405
GTTAAC	0.4908069397851262
GTTAAG	0.8963437272409623
ATGGTT	0.5580608838066834
ATGGTA	0.8963437272409623
ATGGAT	0.2987812424136541
ATGGAA	0.9597902315888238
ATGTCT	0.6875435495438521
ATGTCA	0.2454034698925631
ATGTGT	0.8370913257100252
ATGTGA	0.2987812424136541
ATGTTC	0.6875435495438521
ATGTTG	0.5580608838066834
ACAGTT	0.7362104096776892
ACAGTA	0.7883220890914948
ACAGAT	0.0
ACAGAA	0.0
ACATCT	0.8062469055796119
ACATCA	0.4316580128283765
TCTTCT	1.5821479578189097
TCTTCA	2.447088521091845
TCTTGT	0.6420937904509026
TCTTGA	1.1459059159064202
TCTTTC	1.4063537402834754
TCTTTG	1.712250107869074
TCTTAC	0.3764751570910531
TCTTAG	0.4583623663625681
TCTACT	0.5647127356365798
TCTACA	0.20156172639490297
TCTAGT	0.4583623663625681
TCTAGA	0.24540346989256304
TCTATC	1.5059006283642125
TCTATG	0.22918118318128405
TCTAAC	0.20156172639490294
TCTAAG	0.7362104096776891
ACACTT	0.4031234527898059
ACACTA	0.21582900641418823
ACACAT	0.6474870192425647
ACACAA	0.0
TCATTC	1.6941382069097393
TCATTG	1.8334494654502724
TCACTT	0.7529503141821063
TCACTA	0.403123452789806
TCACAT	1.0078086319745148
TCACAA	0.4316580128283765
ACTAAC	0.43165801282837646
ACTAAG	0.0
CTTCTT	2.109530610425213
CTTCTA	0.9411878927276328
CTTCAT	1.5059006283642127
CTTCAA	2.4187407167388355
ATGTAC	0.4908069397851262
ATGTAG	1.7926874544819247
ATGACT	0.4908069397851262
ATGACA	0.5255480593943299
ATGAGT	0.2987812424136541
ATGAGA	1.9195804631776476
ATGATC	1.2270173494628156
ATGATG	0.2987812424136541
ATGAAC	1.5766441781829896
ATGAAG	1.5996503859813733
ACTACT	0.20156172639490297
ACTACA	0.6474870192425648
ACTAGT	0.24540346989256304
ACTAGA	0.7883220890914946
ACTATC	0.6046851791847088
ACTATG	0.0
TCAGTT	1.6042682822689884
TCAGTA	0.7362104096776891
TCAGAT	1.2270173494628152
TCAGAA	1.5766441781829892
TCATCT	1.6941382069097393
TCATCA	1.814055537554127
TCATGT	0.6875435495438521
TCATGA	0.7362104096776892
TCAATC	1.2093703583694175
TCAATG	1.2270173494628152
ACTGTT	0.9167247327251362
ACTGTA	0.7362104096776891
ACTGAT	1.2270173494628152
ACTGAA	0.5255480593943297
ACTTCT	1.1294254712731595
ACTTCA	1.209370358369418
ACTTGT	0.0
ACTTGA	1.2270173494628156
ACTTTC	1.317663049818686
ACTTTG	0.4583623663625681
ACTTAC	0.0
ACTTAG	0.9816138795702524
CAGAAT	0.5255480593943297
CAGAAA	1.6882448495169966
ACTCTT	0.18823757854552658
ACTCTA	0.201561726394903
ACTCAT	0.6046851791847089
ACTCAA	0.863316025656753
TCATAC	0.40312345278980594
TCATAG	1.2270173494628156
TCAACT	0.40312345278980594
TCAACA	0.863316025656753
TCAAGT	0.7362104096776891
TCAAGA	1.0510961187886594
CAGTAT	0.7362104096776892
CAGTAA	0.5255480593943299
CTTTCT	0.7031768701417377
CTTTCA	1.694138206909739
ACGATT	0.4908069397851262
ACGATA	0.0
ACGAAT	1.3138701484858244
ACGAAA	0.2813741415861661
TCAAAC	0.21582900641418823
TCAAAG	1.0510961187886594
CAGATT	0.4908069397851262
CAGATA	0.26277402969716496
TGCAAT	0.9816138795702521
TGCAAA	1.5766441781829892
TGCTTT	0.4280625269672685
TGCTTA	0.6875435495438521
TGCTAT	0.22918118318128405
TGCTAA	1.7178242892479414
CGTTAT	0.22918118318128405
CGTTAA	0.7362104096776891
ACGTAT	0.9816138795702524
ACGTAA	0.26277402969716496
CTTGTT	0.21403126348363424
CTTGTA	0.4583623663625681
CTTGAT	1.3750870990877042
CTTGAA	1.4724208193553783
CAGTTT	1.6042682822689884
CAGTTA	0.4908069397851262
TGGTAT	1.9532130933233918
TGGTAA	1.4939062120682702
CACTAT	0.4031234527898059
CACTAA	0.6474870192425646
CACATT	0.4031234527898059
CACATA	0.21582900641418823
CACAAT	0.8633160256567529
CACAAA	0.6933185308971486
CGTTTT	0.0
CGTTTA	0.0
CTTACT	0.18823757854552658
CTTACA	0.20156172639490297
ACGTTT	0.0
ACGTTA	0.0
TGCATT	2.0626306486315564
TGCATA	0.4908069397851261
ATTCCT	2.635326099637372
ATTCCA	2.217178990343933
ATTCGT	1.1459059159064202
ATTCGA	0.7362104096776892
ATTCTC	0.9411878927276329
ATTCTG	0.6875435495438521
GTTTGT	0.7817557777035614
GTTTGA	0.5580608838066834
GTTTTC	0.42806252696726854
GTTTTG	1.0423410369380819
GTTTAC	0.0
GTTTAG	0.2790304419033417
TGGATT	0.8370913257100251
TGGATA	0.29878124241365406
TGGAAT	1.4939062120682702
TGGAAA	0.6398601543925491
CTTTGT	0.856125053934537
CTTTGA	0.6875435495438521
CTTTTC	1.757942175354344
CTTTTG	1.712250107869074
CTTTAC	1.3176630498186859
CTTTAG	1.8334494654502724
TGGTTT	1.0423410369380817
TGGTTA	0.5580608838066833
TGTGTT	0.0
TGTGTA	0.5580608838066834
TGTGAT	0.5580608838066834
TGTGAA	0.29878124241365406
CACTTT	0.9411878927276328
CACTTA	0.4031234527898059
TGTCTT	0.21403126348363424
TGTCTA	0.9167247327251362
TGTCAT	0.22918118318128405
TGTCAA	0.24540346989256304
ACCATT	0.6046851791847088
ACCATA	0.8633160256567529
ACCAAT	1.2949740384851294
ACCAAA	0.9244247078628648
GTTACT	1.1459059159064202
GTTACA	0.4908069397851262
ATTCAC	1.0078086319745148
ATTCAG	1.2270173494628156
ATTGCT	0.9167247327251362
ATTGCA	1.7178242892479416
ATTGGT	1.1161217676133668
ATTGGA	2.987812424136541
ATTGTC	0.22918118318128405
ATTGTG	0.2790304419033417
CTTAAC	0.4031234527898059
CTTAAG	0.7362104096776891
TGTTCT	0.21403126348363424
TGTTCA	0.22918118318128405
TGTTGT	0.26058525923452047
TGTTGA	0.5580608838066834
TGTTTC	0.8561250539345371
TGTTTG	0.7817557777035614
TGTTAC	1.3750870990877042
TGTTAG	0.5580608838066834
TGTATC	0.22918118318128405
TGTATG	0.2790304419033417
TGTAAC	0.4908069397851262
TGTAAG	0.2987812424136541
ACCTTT	1.3176630498186859
ACCTTA	0.20156172639490294
ACCTAT	0.6046851791847088
ACCTAA	1.2949740384851292
CTTAGT	1.3750870990877042
CTTAGA	0.0
CTTATC	0.5647127356365796
CTTATG	1.3750870990877042
TGATGT	0.2790304419033417
TGATGA	0.5975624848273082
TGACTT	1.1459059159064202
TGACTA	0.24540346989256304
TGACAT	0.4908069397851261
TGACAA	0.26277402969716485
CTATCT	0.5647127356365798
CTATCA	0.604685179184709
CTACTT	0.7529503141821063
CTACTA	0.201561726394903
CTACAT	0.40312345278980594
CTACAA	0.4316580128283765
TGTACT	0.0
TGTACA	0.9816138795702524
TGTAGT	0.8370913257100252
TGTAGA	0.5975624848273082
ATTGAC	0.2454034698925631
ATTGAG	0.5975624848273082
ATTTCC	2.2588509425463186
ATTTCG	0.4583623663625681
ATTTGC	0.9167247327251362
ATTTGG	0.8370913257100251
TGAAGT	1.7926874544819247
TGAAGA	0.9597902315888238
CTAGTT	0.6875435495438521
CTAGTA	0.4908069397851261
CTAGAT	0.4908069397851261
CTAGAA	1.0510961187886594
TGAGTT	0.5580608838066834
TGAGTA	0.8963437272409622
TGAGAT	0.8963437272409622
TGAGAA	0.6398601543925491
TGATCT	0.9167247327251362
TGATCA	0.7362104096776892
ATTACC	0.40312345278980594
ATTACG	0.2454034698925631
ATTAGC	1.2270173494628156
ATTAGG	3.5853749089638494
TGATTC	1.6042682822689884
TGATTG	0.8370913257100251
TGATAC	0.9816138795702524
TGATAG	0.2987812424136541
TGAACT	1.2270173494628152
TGAACA	1.0510961187886594
ATACCT	1.0078086319745148
ATACCA	0.6474870192425648
ATACGT	0.0
ATACGA	0.5255480593943297
ATACTC	0.8062469055796118
ATACTG	1.9632277591405043
GTTGTT	0.5211705184690409
GTTGTA	0.8370913257100252
GTTGAT	1.1161217676133668
GTTGAA	1.1951249696546162
GTTTCT	1.2841875809018053
GTTTCA	0.9167247327251362
ATACAC	0.21582900641418823
ATACAG	0.26277402969716485
ATAGCT	0.7362104096776891
ATAGCA	1.3138701484858244
ATAGGT	1.1951249696546165
ATAGGA	2.239510540373922
ATAGTC	0.2454034698925631
ATAGTG	0.2987812424136541
TAAACC	0.8633160256567529
TAAACG	0.0
TAAAGC	1.3138701484858246
TAAAGG	2.8793706947664717
ATAGAC	1.0510961187886594
ATAGAG	1.2797203087850981
ATATCC	0.8062469055796119
ATATCG	0.0
ATATGC	0.2454034698925631
ATATGG	0.2987812424136541
TAAGGT	0.5975624848273082
TAAGGA	2.239510540373922
TAAGTC	0.2454034698925631
TAAGTG	0.8963437272409623
TAAGAC	0.26277402969716485
TAAGAG	0.6398601543925491
TAATCC	1.6124938111592237
TAATCG	0.4908069397851262
TAATGC	0.7362104096776892
TAATGG	1.4939062120682705
ATAACC	0.6474870192425647
ATAACG	0.7883220890914946
ATAAGC	0.26277402969716496
ATAAGG	1.9195804631776479
GTTCTT	0.4280625269672685
GTTCTA	0.4583623663625681
TAACCT	0.20156172639490297
TAACCA	1.0791450320709413
TAACGT	0.0
TAACGA	0.7883220890914946
TAACTC	0.8062469055796118
TAACTG	0.7362104096776891
TAACAC	0.6474870192425647
TAACAG	0.5255480593943297
TAAGCT	0.24540346989256304
TAAGCA	0.0
GTTCAT	0.6875435495438521
GTTCAA	0.4908069397851261
GTGATT	0.5580608838066834
GTGATA	0.5975624848273081
GTGAAT	0.5975624848273081
GTGAAA	0.9597902315888237
CGATTT	0.9167247327251362
CGATTA	0.9816138795702521
CGATAT	1.4724208193553783
CGATAA	0.2627740296971648
TATACC	0.8062469055796119
TATACG	0.4908069397851262
TATAGC	1.2270173494628156
TATAGG	1.1951249696546165
TATTCC	1.8823757854552656
TATTCG	0.6875435495438521
TATTGC	0.6875435495438521
TATTGG	1.6741826514200502
GTGTAT	0.0
GTGTAA	0.29878124241365406
GCTTTT	1.0701563174181712
GCTTTA	0.9167247327251362
GCTTAT	0.4583623663625681
GCTTAA	1.2270173494628152
GCTAAT	1.2270173494628152
GCTAAA	1.839418207880154
GTGTTT	1.0423410369380817
GTGTTA	0.0
AACCTT	0.6046851791847088
AACCTA	0.43165801282837635
AACCAT	1.2949740384851292
AACCAA	1.386637061794297
CCTTAT	1.6941382069097393
CCTTAA	0.8062469055796119
TATCAC	0.40312345278980594
TATCAG	0.7362104096776892
TATGCT	0.22918118318128405
TATGCA	0.4908069397851262
TATGGT	0.8370913257100252
TATGGA	0.2987812424136541
TATGTC	1.1459059159064202
TATGTG	0.2790304419033417
TATGAC	0.4908069397851262
TATGAG	1.1951249696546165
TATCTC	1.1294254712731595
TATCTG	0.4583623663625681
TGAATC	0.2454034698925631
TGAATG	0.5975624848273082
TGAAAC	1.5766441781829892
TGAAAG	0.6398601543925491
CTAAGT	0.0
CTAAGA	0.7883220890914946
CTAATC	0.6046851791847088
CTAATG	0.9816138795702521
TAGACT	0.2454034698925631
TAGACA	0.5255480593943299
TAGAGT	0.2987812424136541
TAGAGA	0.6398601543925492
TAGATC	0.0
TAGATG	2.390249939309233
TAGAAC	0.26277402969716496
TAGAAG	1.9195804631776479
TATCCT	1.317663049818686
TATCCA	0.604685179184709
TATCGT	0.0
TATCGA	0.2454034698925631
GCTATT	1.8334494654502724
GCTATA	0.4908069397851261
GTCAAT	0.9816138795702521
GTCAAA	0.26277402969716485
CCTTTT	2.8127074805669507
CCTTTA	1.3176630498186859
GTCTAT	1.1459059159064202
GTCTAA	0.7362104096776891
GTCATT	0.4583623663625681
GTCATA	0.0
AACGTT	0.0
AACGTA	0.5255480593943296
AACGAT	0.26277402969716485
AACGAA	1.1254965663446643
GCATTT	1.3750870990877042
GCATTA	1.2270173494628152
TTCCAT	1.6941382069097393
TTCCAA	2.0156172639490295
TAGGAT	1.4939062120682705
TAGGAA	1.9195804631776476
TAGTCT	0.22918118318128405
TAGTCA	0.2454034698925631
TAGTGT	0.0
TAGTGA	0.2987812424136541
TAGTTC	0.9167247327251362
TAGTTG	0.5580608838066834
TAGTAC	0.0
TAGTAG	1.4939062120682705
TTCGAT	0.9167247327251362
TTCGAA	0.4908069397851261
TTCTCT	1.4063537402834754
TTCTCA	0.7529503141821062
TAGCTT	0.22918118318128405
TAGCTA	1.7178242892479416
TAGCAT	0.7362104096776892
TAGCAA	0.7883220890914948
TAGGTT	1.953213093323392
TAGGTA	0.8963437272409623
CTAAAC	0.6474870192425647
CTAAAG	1.5766441781829892
TTCCTT	2.2853248279606473
TTCCTA	1.1294254712731593
TTCACT	0.9411878927276329
TTCACA	0.20156172639490297
TACAGT	0.7362104096776891
TACAGA	0.0
TACATC	0.4031234527898059
TACATG	1.2270173494628152
TACAAC	0.21582900641418823
TACAAG	0.5255480593943297
TTCGTT	0.856125053934537
TTCGTA	1.1459059159064202
GCATAT	0.0
GCATAA	0.5255480593943296
GTCTTT	1.0701563174181712
GTCTTA	0.22918118318128405
AACTCT	0.20156172639490294
AACTCA	1.2949740384851294
AACTGT	0.7362104096776891
AACTGA	0.7883220890914944
AACTTC	0.6046851791847088
AACTTG	0.7362104096776891
AACTAC	0.21582900641418823
AACTAG	0.7883220890914946
TACTAC	0.8062469055796119
TACTAG	0.4908069397851262
TACACT	0.0
TACACA	0.21582900641418826
TTCTGT	0.0
TTCTGA	1.8334494654502724
TTCTTC	2.636913263031516
TTCTTG	1.2841875809018053
TTCTAC	0.18823757854552656
TTCTAG	0.22918118318128405
TTCAAC	0.4031234527898059
TTCAAG	2.4540346989256303
TACGTT	0.0
TACGTA	0.7362104096776891
TACGAT	0.4908069397851261
TACGAA	0.26277402969716485
TACTCT	0.5647127356365798
TACTCA	0.604685179184709
TACTGT	0.9167247327251362
TACTGA	0.9816138795702524
TACTTC	0.9411878927276329
TACTTG	0.4583623663625681
TTGCTT	0.6420937904509026
TTGCTA	0.9167247327251362
TTGCAT	2.0626306486315564
TTGCAA	0.4908069397851261
TTGGTT	1.3029262961726025
TTGGTA	1.6741826514200504
CTAACT	0.0
CTAACA	0.21582900641418826
TACCTT	1.5059006283642127
TACCTA	0.806246905579612
TACCAT	0.40312345278980594
TACCAA	0.6474870192425648
TTCAGT	1.6042682822689884
TTCAGA	1.2270173494628152
TTCATC	2.447088521091845
TTCATG	1.1459059159064202
GCAAAT	2.364966267274484
GCAAAA	0.8441224247584982
AACACT	0.6474870192425646
AACACA	0.4622123539314323
AACAGT	1.0510961187886594
AACAGA	0.0
AACATC	0.6474870192425646
AACATG	0.2627740296971648
AACAAC	0.0
AACAAG	0.281374141586166
GGAATT	2.9878124241365405
GGAATA	1.5996503859813729
CTATGT	0.22918118318128405
CTATGA	0.0
CTATTC	0.9411878927276329
CTATTG	0.9167247327251362
CTATAC	0.20156172639490297
CTATAG	0.7362104096776892
GGAAAT	2.2395105403739217
GGAAAA	1.370303617027019
GCAATT	2.4540346989256303
GCAATA	1.3138701484858244
GGATTT	2.511273977130075
GGATTA	1.7926874544819245
GGATAT	0.0
GGATAA	0.9597902315888237
AAGCTT	0.4908069397851261
AAGCTA	1.0510961187886594
AAGCAT	0.26277402969716485
AAGCAA	0.8441224247584982
TTAAGC	0.0
TTAAGG	0.8963437272409623
TTGGAT	1.3951522095167084
TTGGAA	1.7926874544819245
TTGTCT	0.4280625269672685
TTGTCA	0.22918118318128405
TTGTGT	0.26058525923452047
TTGTGA	0.2790304419033417
TTGTTC	0.0
TTGTTG	0.5211705184690409
TTATGC	0.6875435495438521
TTATGG	0.8370913257100251
TTAACC	0.6046851791847089
TTAACG	0.4908069397851262
CCAATT	1.2093703583694175
CCAATA	1.2949740384851294
CCAAAT	1.2949740384851294
CCAAAA	1.155530884828581
CCATTT	1.8823757854552656
CCATTA	1.6124938111592235
CCTAAT	1.2093703583694175
CCTAAA	1.9424610577276937
CCTATT	2.2588509425463186
CCTATA	1.2093703583694175
AAGGTT	0.8963437272409622
AAGGTA	0.6398601543925491
AAGGAT	2.8793706947664712
AAGGAA	3.768334946824303
GGTTAT	1.3951522095167084
GGTTAA	1.1951249696546162
TTAGCT	1.6042682822689884
TTAGCA	0.9816138795702524
TTAGGT	3.348365302840101
TTAGGA	2.390249939309233
TTAGTC	0.22918118318128405
TTAGTG	0.2790304419033417
TTAGAC	0.2454034698925631
TTAGAG	1.1951249696546165
TTATCC	1.8823757854552656
TTATCG	0.4583623663625681
TTACCT	1.6941382069097393
TTACCA	0.604685179184709
TTACGT	0.4583623663625681
TTACGA	0.4908069397851262
TTACTC	0.7529503141821063
TTACTG	1.1459059159064202
TTACAC	0.0
TTACAG	1.2270173494628156
GGTATT	1.3951522095167084
GGTATA	2.9878124241365405
GGTAAT	0.8963437272409622
GGTAAA	0.9597902315888237
AAGTCT	1.4724208193553783
AAGTCA	0.2627740296971648
AAGTGT	0.29878124241365406
AAGTGA	1.2797203087850981
AAGTTC	1.4724208193553783
AAGTTG	1.4939062120682702
AAGTAC	0.26277402969716485
AAGTAG	0.31993007719627453
TTTACC	2.070613364000792
TTTACG	0.4583623663625681
TTTAGC	1.6042682822689884
TTTAGG	3.069334860936759
CCATAT	1.0078086319745148
CCATAA	1.2949740384851292
GGTTTT	2.3452673331106837
GGTTTA	1.1161217676133666
AAGACT	0.26277402969716485
AAGACA	0.8441224247584982
AAGAGT	0.6398601543925491
AAGAGA	0.34257590425675477
AAGATC	1.0510961187886594
AAGATG	0.6398601543925491
AAGAAC	1.1254965663446643
AAGAAG	0.6851518085135095
TTTGAC	0.6875435495438521
TTTGAG	2.511273977130075
TTTTCC	1.9337363928897788
TTTTCG	0.856125053934537
TTTTGC	0.6420937904509029
TTTTGG	1.8240968146416434
AATCCT	2.2171789903439327
AATCCA	1.510803044899318
AATCGT	0.24540346989256304
AATCGA	0.5255480593943297
AATCTC	0.8062469055796118
AATCTG	0.24540346989256304
AATCAC	0.0
AATCAG	0.26277402969716485
AATGCT	0.4908069397851261
AATGCA	1.3138701484858244
AATGGT	0.8963437272409623
AATGGA	1.2797203087850983
TTGATC	1.6042682822689884
TTGATG	0.8370913257100251
TTTCAC	0.7529503141821062
TTTCAG	2.0626306486315564
TTTGCT	0.6420937904509026
TTTGCA	0.6875435495438521
TTTGGT	1.5635115554071228
TTTGGA	0.5580608838066834
TTTGTC	0.6420937904509029
TTTGTG	0.5211705184690409
TTTCCT	0.878971087677172
TTTCCA	2.2588509425463186
TTTCGT	0.856125053934537
TTTCGA	0.9167247327251362
TTTCTC	1.5821479578189097
TTTCTG	1.4982188443854396
TTGTAC	0.22918118318128405
TTGTAG	0.0
TTGACT	0.9167247327251362
TTGACA	0.2454034698925631
TTGAGT	1.1161217676133668
TTGAGA	0.5975624848273082
AATGTC	0.4908069397851262
AATGTG	0.2987812424136541
AATGAC	0.5255480593943297
AATGAG	0.0
AATTCC	3.4265493487133503
AATTCG	0.9816138795702524
AATTGC	1.9632277591405047
AATTGG	2.390249939309233
AATACC	1.079145032070941
AATACG	0.0
AATAGC	0.7883220890914948
AATAGG	2.2395105403739226
AAAGCT	0.7883220890914946
AAAGCA	1.1254965663446643
AAAGGT	1.2797203087850981
AAAGGA	3.425759042567548
AAAGTC	1.3138701484858244
AAAGTG	0.31993007719627453
AAAGAC	0.5627482831723322
AAAGAG	0.6851518085135095
TTGAAC	1.4724208193553785
TTGAAG	1.1951249696546165
AAATGC	1.3138701484858246
AAATGG	1.5996503859813733
AAAGCC	0.875421346125948
AAAGCG	1.065834470659499
AAAGGC	2.131668941318998
AAAGGG	3.892993210206378
TTTCCC	4.099560657244878
TTTCCG	2.1391102120077825
TTTCGC	0.0
TTTCGG	0.8681295434048912
TTGACC	0.0
TTGACG	0.0
TTGAGC	6.5070526086560205
TTGAGG	1.1317719018377679
TTTGCC	0.7130367373359275
TTTGCG	0.0
TTTGGC	3.472518173619565
TTTGGG	5.2847831301665735
TTACCC	0.6271060903230183
TTACCG	0.7635080990252892
TTACGC	0.7635080990252892
TTACGG	0.0
TTAGCC	1.5270161980505783
TTAGCG	0.0
TTAGGC	0.9295789440937172
TTAGGG	2.2635438036755358
TTGGAC	0.0
TTGGAG	3.3953157055133025
TTGTCC	0.7130367373359275
TTGTCG	0.8681295434048915
TTGTGC	0.0
TTGTGG	1.0569566260333148
CTATGC	0.0
CTATGG	3.718315776374869
TTGCTC	0.7130367373359275
TTGCTG	0.8681295434048912
TTGCAC	0.0
TTGCAG	0.0
TTGGCT	1.7362590868097825
TTGGCA	0.0
TTGGGT	3.1708698780999445
TTGGGA	1.1317719018377677
TTGGTC	1.7362590868097825
TTGGTG	1.0569566260333148
CTAACC	1.3429899297997467
CTAACG	0.0
TACCCT	0.0
TACCCA	0.0
TACCGT	0.0
TACCGA	0.0
TACCTC	1.2542121806460367
TACCTG	0.7635080990252892
TACCAC	0.6714949648998734
TACCAG	0.8175520092488199
TTCAGC	4.581048594151734
TTCAGG	2.788736832281151
TTGCCT	1.426073474671855
TTGCCA	0.763508099025289
TTGCGT	0.0
TTGCGA	0.0
TACGCT	0.0
TACGCA	0.8175520092488197
TACGGT	0.0
TACGGA	0.0
TACGTC	0.0
TACGTG	0.0
TACGAC	0.8175520092488197
TACGAG	0.9953779592769487
TACTCC	1.2542121806460367
TACTCG	0.0
TACTGC	2.2905242970758675
TACTGG	3.718315776374869
TACACC	0.0
TACACG	0.0
TTCTGC	1.426073474671855
TTCTGG	0.8681295434048912
TTCACC	2.5084243612920734
TTCACG	0.763508099025289
TACAGC	2.452656027746459
TACAGG	2.986133877830846
TAGCCT	0.7635080990252892
TAGCCA	0.8175520092488199
TAGCGT	0.0
TAGCGA	0.0
TTCGCT	0.7130367373359275
TTCGCA	0.0
TTCGGT	0.0
TTCGGA	0.9295789440937171
TTCGTC	0.0
TTCGTG	0.0
TTCGAC	1.527016198050578
TTCGAG	0.9295789440937171
TTCTCC	2.342606089854216
TTCTCG	1.426073474671855
TAGCTC	2.2905242970758675
TAGCTG	0.9295789440937172
TAGCAC	0.0
TAGCAG	2.986133877830847
TAGGCT	0.9295789440937172
TAGGCA	0.0
TAGGGT	3.3953157055133034
TAGGGA	1.2118828779158473
TAGGTC	0.9295789440937172
TAGGTG	6.790631411026607
TTCCCT	2.3426060898542165
TTCCCA	3.1355304516150917
TTCCGT	0.0
TTCCGA	0.763508099025289
TTCCTC	3.5139091347813243
TTCCTG	0.7130367373359275
TTCCAC	1.2542121806460367
TTCCAG	2.290524297075867
TAGGAC	2.986133877830846
TAGGAG	3.635648633747542
TAGTCC	0.0
TAGTCG	0.9295789440937172
TAGTGC	0.0
TAGTGG	2.2635438036755358
TAGACC	0.8175520092488199
TAGACG	1.9907559185538979
TAGAGC	2.986133877830846
TAGAGG	4.847531511663389
TATCCC	3.7626365419381105
TATCCG	0.7635080990252892
TATCGC	1.5270161980505783
TATCGG	1.8591578881874344
CTAAGC	0.8175520092488197
CTAAGG	0.9953779592769487
TATGCC	2.2905242970758675
TATGCG	0.0
TATGGC	0.9295789440937172
TATGGG	3.3953157055133034
TAACCC	2.01448489469962
TAACCG	0.8175520092488199
TAACGC	1.6351040184976393
TAACGG	0.9953779592769487
TAAGCC	1.6351040184976393
TAAGCG	0.0
TAAGGC	0.0
TAAGGG	1.2118828779158473
TGAACC	2.452656027746459
TGAACG	0.0
TGAAGC	0.9953779592769487
TGAAGG	1.2118828779158473
CTAGGT	0.9295789440937171
CTAGGA	0.9953779592769487
CTAGTC	0.0
CTAGTG	0.0
CTAGAC	0.0
CTAGAG	0.9953779592769487
CTATCC	1.2542121806460367
CTATCG	2.2905242970758675
TGAGTC	0.0
TGAGTG	1.1317719018377677
TGAGAC	2.9861338778308455
TGAGAG	0.0
TGATCC	2.2905242970758675
TGATCG	2.7887368322811517
TGATGC	1.8591578881874344
TGATGG	2.2635438036755358
TGACCT	0.763508099025289
TGACCA	2.452656027746459
TGACGT	0.0
TGACGA	0.9953779592769487
TGACTC	0.0
TGACTG	0.0
TGACAC	1.6351040184976393
TGACAG	0.0
TGAGCT	4.647894720468585
TGAGCA	3.981511837107795
TGAGGT	0.0
TGAGGA	1.2118828779158473
ACCCTT	1.8813182709690548
ACCCTA	0.6714949648998733
ACCCAT	1.3429899297997465
ACCCAA	0.7190258472113126
CTACGT	0.0
CTACGA	0.8175520092488197
CTACTC	0.0
CTACTG	1.5270161980505783
CTACAC	0.0
CTACAG	2.4526560277464595
TGTACC	0.7635080990252892
TGTACG	0.0
TGTAGC	0.9295789440937172
TGTAGG	1.1317719018377679
CTAGCT	0.763508099025289
CTAGCA	0.0
ACCGTT	0.0
ACCGTA	0.0
ACCGAT	0.0
ACCGAA	0.0
ACCTCT	0.6271060903230183
ACCTCA	1.3429899297997465
ACCTGT	0.7635080990252889
ACCTGA	0.0
ACCTTC	0.6271060903230183
ACCTTG	4.581048594151734
ACCTAC	0.6714949648998733
ACCTAG	0.0
ACCACT	0.0
ACCACA	0.0
CTTAGC	0.763508099025289
CTTAGG	0.0
TGTTCC	0.0
TGTTCG	0.8681295434048915
TGTTGC	0.8681295434048912
TGTTGG	1.0569566260333148
CACCAT	0.6714949648998733
CACCAA	0.7190258472113126
CACGTT	0.0
CACGTA	0.0
TGTGCT	0.0
TGTGCA	0.0
TGTGGT	0.0
TGTGGA	2.2635438036755353
TGTGTC	0.0
TGTGTG	2.1139132520666295
TGTGAC	0.0
TGTGAG	1.1317719018377677
TGTCCT	2.1391102120077825
TGTCCA	0.763508099025289
TGTCGT	0.0
TGTCGA	0.9295789440937171
TGTCTC	0.7130367373359275
TGTCTG	0.0
TGTCAC	0.763508099025289
TGTCAG	0.0
CACCTT	2.5084243612920734
CACCTA	1.3429899297997465
CTACCT	0.0
CTACCA	0.0
ACCAGT	0.0
ACCAGA	0.8754213461259482
ACCATC	1.3429899297997465
ACCATG	1.6351040184976393
ACCAAC	0.7190258472113126
ACCAAG	0.0
ACGCTT	0.0
ACGCTA	0.0
ACGCAT	0.8175520092488199
ACGCAA	1.7508426922518965
TGGATC	1.8591578881874342
TGGATG	1.1317719018377677
TGGAAC	3.981511837107794
TGGAAG	2.4237657558316945
CACGAT	0.8175520092488197
CACGAA	0.8754213461259482
CACTCT	0.0
CACTCA	0.0
CACTGT	0.7635080990252889
CACTGA	0.8175520092488197
CACTTC	1.2542121806460367
CACTTG	0.0
CCCATT	3.1355304516150917
CCCATA	1.3429899297997465
CTTTGC	0.0
CTTTGG	6.076906803834238
CTTACC	0.0
CTTACG	0.763508099025289
TGGTCT	0.8681295434048912
TGGTCA	1.8591578881874342
TGGTGT	2.1139132520666295
TGGTGA	1.1317719018377674
TGGTTC	1.7362590868097822
TGGTTG	1.0569566260333148
TGGTAC	0.0
TGGTAG	0.0
TGGACT	0.0
TGGACA	0.0
TGGAGT	1.1317719018377677
TGGAGA	1.2118828779158473
CACTAC	0.0
CACTAG	0.0
CACACT	0.0
CACACA	0.0
CACAGT	0.0
CACAGA	0.0
CACATC	2.01448489469962
CACATG	2.452656027746459
TGGGTT	4.227826504133259
TGGGTA	0.0
TGGGAT	0.0
TGGGAA	1.211882877915847
CGTTCT	0.7130367373359275
CGTTCA	1.527016198050578
CGTTGT	0.8681295434048912
CGTTGA	0.9295789440937171
CGTTTC	0.7130367373359275
CGTTTG	0.0
CCGTAT	1.5270161980505779
CCGTAA	0.0
TGGCTT	0.8681295434048912
TGGCTA	0.0
TGGCAT	0.0
TGGCAA	0.0
CCCAAT	1.3429899297997465
CCCAAA	3.5951292360565628
ACGGTT	0.0
ACGGTA	0.0
ACGGAT	1.9907559185538979
ACGGAA	0.0
ACGTCT	0.0
ACGTCA	0.0
ACGTGT	0.0
ACGTGA	0.0
ACGTTC	0.0
ACGTTG	0.0
CAGCTT	3.0540323961011566
CAGCTA	4.905312055492919
CAGCAT	1.6351040184976398
CAGCAA	3.501685384503793
TGCATC	2.290524297075867
TGCATG	0.9295789440937171
TGCAAC	0.0
TGCAAG	0.0
CCGTTT	0.0
CCGTTA	0.0
CACAAC	0.7190258472113126
CACAAG	0.0
TGCTTC	1.426073474671855
TGCTTG	0.0
TGCTAC	0.0
TGCTAG	0.0
TGCACT	0.763508099025289
TGCACA	1.6351040184976393
TGCAGT	0.9295789440937171
TGCAGA	0.0
CGTTAC	0.0
CGTTAG	0.0
CAGACT	2.4526560277464595
CAGACA	0.0
CAGGTT	1.8591578881874344
CAGGTA	2.986133877830847
CAGGAT	2.986133877830847
CAGGAA	2.1316689413189986
CAGTCT	0.0
CAGTCA	0.8175520092488199
TGCGTT	0.8681295434048912
TGCGTA	0.0
TGCGAT	0.0
TGCGAA	0.0
TGCTCT	0.7130367373359275
TGCTCA	0.0
TGCTGT	0.0
TGCTGA	0.9295789440937171
ACGTAC	0.0
ACGTAG	0.9953779592769489
CTTGGT	1.7362590868097825
CTTGGA	0.9295789440937171
CTTGTC	0.7130367373359275
CTTGTG	0.0
CTTGAC	0.763508099025289
CTTGAG	0.9295789440937171
CTTTCC	1.7569545673906621
CTTTCG	1.426073474671855
CATCCT	2.5084243612920734
CATCCA	2.0144848946996206
TGCCTT	1.426073474671855
TGCCTA	1.5270161980505779
TGCCAT	1.5270161980505779
TGCCAA	1.6351040184976393
CAGTGT	0.9295789440937172
CAGTGA	0.0
CAGTTC	0.0
CAGTTG	1.8591578881874344
CAGTAC	1.6351040184976398
CAGTAG	1.9907559185538979
ACGACT	0.8175520092488199
ACGACA	0.0
ACGAGT	0.9953779592769489
ACGAGA	1.0658344706594993
ACGATC	3.2702080369952795
ACGATG	0.0
ACGAAC	0.0
ACGAAG	0.0
ACTCCT	0.0
ACTCCA	1.342989929799747
CAGAGT	0.0
CAGAGA	0.0
CAGATC	1.6351040184976398
CAGATG	0.9953779592769489
CAGAAC	2.6262640383778444
CAGAAG	2.131668941318998
ACTCGT	0.763508099025289
ACTCGA	2.452656027746459
ACTCTC	1.2542121806460367
ACTCTG	0.0
ACTCAC	0.6714949648998734
ACTCAG	1.6351040184976398
ACTGCT	1.527016198050578
ACTGCA	2.452656027746459
ACTGGT	0.9295789440937171
ACTGGA	1.9907559185538974
ACTGTC	0.763508099025289
ACTGTG	0.0
TCAACC	1.3429899297997467
TCAACG	0.8175520092488199
TCAAGC	2.452656027746459
TCAAGG	4.976889796384744
ACTGAC	0.8175520092488197
ACTGAG	0.9953779592769487
ACTTCC	0.6271060903230183
ACTTCG	0.0
ACTTGC	0.0
ACTTGG	0.0
ACTACC	0.0
ACTACG	0.8175520092488199
ACTAGC	0.0
ACTAGG	1.9907559185538974
TCAGAC	0.0
TCAGAG	0.0
TCATCC	3.135530451615092
TCATCG	0.0
TCATGC	0.7635080990252892
TCATGG	0.0
TCACGT	0.0
TCACGA	0.8175520092488197
TCACTC	0.0
TCACTG	0.7635080990252892
TCACAC	0.0
TCACAG	0.0
TCAGCT	3.054032396101156
TCAGCA	1.6351040184976393
TCAGGT	1.8591578881874342
TCAGGA	1.9907559185538974
TCAGTC	0.0
TCAGTG	0.9295789440937171
CTTCGT	0.0
CTTCGA	0.0
CTTCTC	0.585651522463554
CTTCTG	0.0
CTTCAC	1.2542121806460367
CTTCAG	3.054032396101156
TCTAGC	0.0
TCTAGG	0.0
TCACCT	1.8813182709690552
TCACCA	1.342989929799747
CTTGCT	1.426073474671855
CTTGCA	0.763508099025289
ACACCT	0.0
ACACCA	0.0
ACACGT	0.0
ACACGA	0.0
ACACTC	0.6714949648998733
ACACTG	0.8175520092488197
ACACAC	0.0
ACACAG	0.0
ACAGCT	2.4526560277464595
ACAGCA	2.6262640383778444
ACAGGT	1.9907559185538979
ACAGGA	3.197503411978498
ACAGTC	0.8175520092488199
ACAGTG	0.0
ACAGAC	0.0
ACAGAG	0.0
ACATCC	1.3429899297997467
ACATCG	0.8175520092488199
ACATGC	1.6351040184976393
ACATGG	0.9953779592769487
TCTTGC	0.0
TCTTGG	2.604388630214674
TCTACC	0.0
TCTACG	0.0
ACAACC	0.7190258472113127
ACAACG	0.0
ACAAGC	0.8754213461259482
ACAAGG	0.0
CATGCT	1.527016198050578
CATGCA	1.6351040184976393
TCTGCT	1.426073474671855
TCTGCA	1.527016198050578
TCTGGT	1.7362590868097825
TCTGGA	0.0
TCTGTC	0.0
TCTGTG	0.0
TCTGAC	0.0
TCTGAG	0.0
TCTTCC	2.342606089854216
TCTTCG	0.0
CTGAGT	0.9295789440937171
CTGAGA	0.0
CTGATC	0.763508099025289
CTGATG	0.9295789440937171
TCTCAC	0.0
TCTCAG	0.0
CATCGT	0.0
CATCGA	0.8175520092488197
CATCTC	1.8813182709690552
CATCTG	0.7635080990252892
CATCAC	2.6859798595994935
CATCAG	3.2702080369952795
TCGAGT	0.0
TCGAGA	1.9907559185538974
TCGATC	1.527016198050578
TCGATG	0.9295789440937171
TCGAAC	0.0
TCGAAG	0.0
TCTCCT	2.3426060898542165
TCTCCA	1.2542121806460367
TCTCGT	0.7130367373359275
TCTCGA	2.290524297075867
TCTCTC	2.92825761231777
TCTCTG	1.426073474671855
CTGAAC	0.0
CTGAAG	1.9907559185538974
CTTCCT	2.3426060898542165
CTTCCA	0.0
AGCCTT	1.5270161980505783
AGCCTA	0.8175520092488199
AGCCAT	0.8175520092488199
AGCCAA	1.7508426922518965
CTGTGT	0.0
CTGTGA	0.0
CTGTTC	0.0
CTGTTG	0.8681295434048912
TCGTCT	0.0
TCGTCA	0.0
TCGTGT	0.8681295434048912
TCGTGA	0.0
TCGTTC	2.1391102120077825
TCGTTG	0.8681295434048912
TCGTAC	1.527016198050578
TCGTAG	0.0
TCGACT	1.527016198050578
TCGACA	0.0
TCGGTT	1.7362590868097825
TCGGTA	0.0
TCGGAT	0.9295789440937171
TCGGAA	0.9953779592769485
CATGGT	0.9295789440937171
CATGGA	0.0
CATGTC	0.763508099025289
CATGTG	0.0
CATGAC	3.2702080369952786
CATGAG	0.9953779592769487
CATTCC	1.2542121806460367
CATTCG	1.5270161980505783
CATACC	1.3429899297997467
CATACG	0.0
TCGCTT	0.7130367373359275
TCGCTA	0.0
TCGCAT	0.0
TCGCAA	1.6351040184976393
CCGATT	0.0
CCGATA	0.0
CCGAAT	1.6351040184976393
CCGAAA	0.0
CTGTAC	0.0
CTGTAG	0.0
CTGACT	0.0
CTGACA	1.6351040184976393
AGCGTT	0.0
AGCGTA	0.0
AGCGAT	0.9953779592769489
AGCGAA	0.0
AGCTCT	1.5270161980505783
AGCTCA	2.4526560277464595
AGCTGT	1.8591578881874344
AGCTGA	1.9907559185538979
CTGGTT	1.7362590868097825
CTGGTA	1.8591578881874342
TCCATC	2.5084243612920734
TCCATG	1.5270161980505779
TCCAAC	2.685979859599493
TCCAAG	0.0
CATTGC	0.7635080990252892
CATTGG	2.7887368322811517
CTGGAT	0.0
CTGGAA	2.9861338778308455
CTGTCT	0.0
CTGTCA	0.763508099025289
AGCTTC	1.5270161980505783
AGCTTG	1.8591578881874344
AGCTAC	2.4526560277464595
AGCTAG	1.9907559185538979
AGCACT	0.8175520092488199
AGCACA	1.7508426922518965
AGCAGT	1.9907559185538979
AGCAGA	0.0
CAACCT	2.01448489469962
CAACCA	0.0
TCCTGT	0.7130367373359275
TCCTGA	2.290524297075867
TCCTTC	1.7569545673906621
TCCTTG	0.7130367373359275
TCCTAC	0.6271060903230183
TCCTAG	1.527016198050578
TCCACT	1.2542121806460367
TCCACA	0.6714949648998733
TCCAGT	0.7635080990252889
TCCAGA	3.2702080369952786
AGCATC	0.8175520092488199
AGCATG	1.9907559185538979
AGCAAC	0.0
AGCAAG	1.065834470659499
CCCTTT	3.5139091347813247
CCCTTA	3.7626365419381096
CGTAAC	1.6351040184976393
CGTAAG	0.0
CTGCTT	1.426073474671855
CTGCTA	1.5270161980505779
TCCGAT	0.0
TCCGAA	1.6351040184976393
TCCTCT	1.7569545673906624
TCCTCA	1.2542121806460367
CATAGC	1.6351040184976393
CATAGG	1.9907559185538974
CAACAC	0.7190258472113126
CAACAG	0.0
CAAGCT	3.2702080369952795
CAAGCA	0.8754213461259482
CCTCAT	2.5084243612920734
CCTCAA	1.3429899297997465
TCCCTT	2.9282576123177697
TCCCTA	1.2542121806460367
TCCCAT	3.1355304516150917
TCCCAA	3.3574748244993664
TCCGTT	0.7130367373359275
TCCGTA	0.7635080990252889
CTGCAT	0.7635080990252889
CTGCAA	1.6351040184976393
CCCTAT	1.8813182709690548
CCCTAA	0.6714949648998733
AGGCTT	1.8591578881874342
AGGCTA	0.0
AGGCAT	0.9953779592769487
AGGCAA	0.0
CTCAAC	1.3429899297997465
CTCAAG	0.0
CGTACT	0.763508099025289
CGTACA	0.0
CGTAGT	0.9295789440937171
CGTAGA	0.0
CCTCTT	1.1713030449271078
CCTCTA	2.5084243612920734
CAACGT	0.0
CAACGA	0.8754213461259482
CAACTC	2.01448489469962
CAACTG	0.8175520092488197
GAAAGC	1.065834470659499
GAAAGG	1.2976644034021263
CAAGGT	0.9953779592769489
CAAGGA	2.1316689413189986
CAAGTC	0.8175520092488199
CAAGTG	0.9953779592769489
CAAGAC	0.8754213461259482
CAAGAG	1.065834470659499
CAATCC	0.0
CAATCG	0.8175520092488199
CGTATC	0.0
CGTATG	2.788736832281151
AGGGTT	2.2635438036755358
AGGGTA	2.4237657558316945
AGGGAT	1.2118828779158473
AGGGAA	5.190657613608505
CTCTAC	1.8813182709690548
CTCTAG	0.763508099025289
CTCACT	0.0
CTCACA	0.6714949648998733
CTCAGT	0.7635080990252889
CTCAGA	0.8175520092488197
GAATGC	0.0
GAATGG	1.2118828779158473
GAAACC	0.8754213461259482
GAAACG	2.131668941318998
CTCATC	1.8813182709690548
CTCATG	0.7635080990252889
AGGTCT	1.8591578881874342
AGGTCA	0.0
AGGTGT	3.3953157055133025
AGGTGA	1.2118828779158473
AGGTTC	0.9295789440937171
AGGTTG	1.1317719018377677
AGGTAC	0.9953779592769485
AGGTAG	0.0
GAAGCT	0.9953779592769487
GAAGCA	1.065834470659499
GAAGGT	0.0
GAAGGA	2.5953288068042526
GAAGTC	1.9907559185538974
GAAGTG	0.0
GAAGAC	2.131668941318998
GAAGAG	0.0
GAATCC	3.2702080369952786
GAATCG	0.0
GAACCT	0.8175520092488199
GAACCA	3.501685384503793
GAACGT	0.0
GAACGA	1.0658344706594993
GAACTC	2.4526560277464595
GAACTG	0.9953779592769489
GAACAC	0.0
GAACAG	2.131668941318998
AGGACT	1.9907559185538974
AGGACA	2.131668941318998
AGGAGT	2.4237657558316945
AGGAGA	2.5953288068042526
AGGATC	4.976889796384744
AGGATG	2.4237657558316945
AGGAAC	0.0
AGGAAG	3.892993210206379
AGTCCT	0.0
AGTCCA	0.8175520092488199
AGTCGT	0.9295789440937172
AGTCGA	0.9953779592769489
GATACC	0.0
GATACG	0.0
GATAGC	0.0
GATAGG	1.2118828779158473
AGTCTC	0.0
AGTCTG	0.0
AGTCAC	0.8175520092488199
AGTCAG	0.9953779592769489
CTCGAT	3.817540495126445
CTCGAA	0.0
CTCTCT	2.3426060898542165
CTCTCA	0.0
CTCTGT	0.0
CTCTGA	0.763508099025289
CTCTTC	1.7569545673906621
CTCTTG	0.0
GATGAC	1.9907559185538974
GATGAG	4.847531511663389
GATTCC	0.0
GATTCG	0.0
GATTGC	1.8591578881874344
GATTGG	1.1317719018377679
AGTGCT	0.0
AGTGCA	0.0
AGTGGT	1.1317719018377679
AGTGGA	0.0
AGTGTC	0.0
AGTGTG	1.1317719018377679
AGTGAC	0.9953779592769487
AGTGAG	0.0
AGTTCC	0.7635080990252892
AGTTCG	0.0
AGTTGC	0.0
AGTTGG	2.2635438036755358
AGTACC	0.8175520092488199
AGTACG	0.0
GATCTC	1.5270161980505783
GATCTG	0.9295789440937172
GATCAC	0.0
GATCAG	1.9907559185538979
GATGCT	0.0
GATGCA	2.986133877830847
GATGGT	2.2635438036755358
GATGGA	0.0
GATGTC	0.0
GATGTG	2.2635438036755358
AGTAGC	0.0
AGTAGG	1.2118828779158473
CTCCTT	0.5856515224635539
CTCCTA	2.5084243612920734
CAAACC	2.157077541633938
CAAACG	0.0
GAGATC	0.9953779592769487
GAGATG	1.2118828779158473
GAGAAC	0.0
GAGAAG	3.892993210206379
GATCCT	0.7635080990252892
GATCCA	1.6351040184976398
GATCGT	1.8591578881874344
GATCGA	2.986133877830847
CTCCAT	1.8813182709690548
CTCCAA	0.6714949648998733
CTCGTT	0.0
CTCGTA	0.7635080990252889
AGACCT	0.8175520092488199
AGACCA	0.8754213461259482
AGACGT	1.9907559185538979
AGACGA	0.0
AGACTC	0.8175520092488199
AGACTG	0.0
AGACAC	0.8754213461259482
AGACAG	2.131668941318998
GAGACT	0.0
GAGACA	2.131668941318998
GAGAGT	0.0
GAGAGA	0.0
CAATGC	1.6351040184976393
CAATGG	0.0
GAGGTT	1.1317719018377679
GAGGTA	0.0
GAGGAT	1.2118828779158473
GAGGAA	2.5953288068042526
GAGTCT	0.0
GAGTCA	0.9953779592769487
GAGTGT	1.1317719018377677
GAGTGA	1.2118828779158473
GAGTTC	0.0
GAGTTG	1.1317719018377677
GAGTAC	0.0
GAGTAG	0.0
AGAGCT	0.9953779592769487
AGAGCA	2.131668941318998
AGAGGT	0.0
AGAGGA	3.892993210206379
AGAGTC	0.9953779592769487
AGAGTG	1.2118828779158473
AGAGAC	0.0
AGAGAG	0.0
AGATCC	0.8175520092488197
AGATCG	0.9953779592769487
AGATGC	0.9953779592769487
AGATGG	1.2118828779158473
AGAACC	1.7508426922518965
AGAACG	1.065834470659499
CAAAGC	0.0
CAAAGG	1.065834470659499
GAGCTT	5.577473664562302
GAGCTA	0.9953779592769487
GAGCAT	0.9953779592769487
GAGCAA	7.460841294616494
CGTGTT	0.0
CGTGTA	0.0
CGTGAT	0.9295789440937171
CGTGAA	0.0
GACACT	1.6351040184976398
GACACA	0.0
GACAGT	0.0
GACAGA	0.0
GACATC	0.8175520092488199
GACATG	0.0
GACAAC	0.8754213461259482
GACAAG	0.0
AGAAGC	1.065834470659499
AGAAGG	2.5953288068042526
ATCCCT	0.6271060903230183
ATCCCA	4.700464754299115
ATCCGT	0.763508099025289
ATCCGA	0.0
CGTCTT	0.0
CGTCTA	0.0
CGTCAT	0.0
CGTCAA	0.0
GACTCT	0.0
GACTCA	0.8175520092488199
GACTGT	0.0
GACTGA	0.9953779592769489
GACTTC	2.2905242970758675
GACTTG	0.0
GACTAC	0.0
GACTAG	0.9953779592769489
GCCATT	1.5270161980505779
GCCATA	1.6351040184976393
GCCAAT	1.6351040184976393
GCCAAA	2.6262640383778444
GCCTTT	1.426073474671855
GCCTTA	1.5270161980505779
GCCTAT	1.5270161980505779
GCCTAA	0.8175520092488197
CGGATT	1.8591578881874342
CGGATA	0.0
CCTGAT	1.5270161980505779
CCTGAA	2.452656027746459
GACGTT	0.0
GACGTA	0.9953779592769489
GACGAT	1.9907559185538979
GACGAA	0.0
GCGTAT	0.0
GCGTAA	0.0
CGCATT	0.7635080990252889
CGCATA	0.8175520092488197
CGGTTT	0.8681295434048912
CGGTTA	2.788736832281151
CGGTAT	0.9295789440937171
CGGTAA	0.9953779592769485
GACCTT	0.0
GACCTA	1.6351040184976398
GACCAT	1.6351040184976398
GACCAA	0.8754213461259482
CCTGTT	0.7130367373359275
CCTGTA	0.7635080990252889
CGGAAT	0.0
CGGAAA	1.065834470659499
ATCCTC	1.2542121806460367
ATCCTG	1.5270161980505783
ATCCAC	1.3429899297997467
ATCCAG	2.4526560277464595
CGAAGT	0.0
CGAAGA	0.0
CGAATC	0.8175520092488197
CGAATG	1.9907559185538974
CGAAAC	0.875421346125948
CGAAAG	1.065834470659499
GCGAAT	0.0
GCGAAA	0.0
GTAAGC	0.9953779592769487
GTAAGG	0.0
GCGTTT	0.8681295434048912
GCGTTA	0.9295789440937171
ATCGCT	0.0
ATCGCA	0.8175520092488197
ATCGGT	1.8591578881874342
ATCGGA	1.9907559185538974
ATCGTC	0.0
ATCGTG	0.0
ATCGAC	0.0
ATCGAG	0.9953779592769487
ATCTCC	4.389742632261129
ATCTCG	1.5270161980505783
GTAACC	1.6351040184976393
GTAACG	0.9953779592769487
CGCAAT	1.6351040184976393
CGCAAA	1.7508426922518965
GCGATT	0.0
GCGATA	1.9907559185538974
ATCTGC	1.5270161980505783
ATCTGG	0.0
ATCACC	0.0
ATCACG	0.8175520092488199
ATCAGC	0.8175520092488197
ATCAGG	1.9907559185538974
ATGCCT	1.5270161980505783
ATGCCA	2.4526560277464595
GTAGTC	0.9295789440937171
GTAGTG	1.1317719018377677
GTAGAC	0.9953779592769485
GTAGAG	1.2118828779158473
GTATCC	0.7635080990252892
GTATCG	0.0
GTATGC	1.8591578881874344
GTATGG	0.0
GCTCAT	1.5270161980505779
GCTCAA	0.8175520092488197
GTACGT	0.9295789440937171
GTACGA	0.0
GTACTC	0.0
GTACTG	0.0
GTACAC	0.0
GTACAG	0.0
GTAGCT	0.9295789440937171
GTAGCA	0.0
GTAGGT	0.0
GTAGGA	1.2118828779158473
ATGCGT	0.9295789440937172
ATGCGA	0.0
ATGCTC	0.7635080990252892
ATGCTG	0.9295789440937172
ATGCAC	0.8175520092488199
ATGCAG	0.9953779592769489
ATGGCT	1.8591578881874344
ATGGCA	0.0
ATGGGT	5.658859509188839
ATGGGA	0.0
ATGGTC	2.7887368322811517
ATGGTG	1.1317719018377679
GTTAGC	0.0
GTTAGG	0.0
GTACCT	0.763508099025289
GTACCA	0.8175520092488197
GCTCTT	0.7130367373359275
GCTCTA	2.290524297075867
ATGGAC	0.0
ATGGAG	1.2118828779158473
ATGTCC	3.0540323961011566
ATGTCG	0.0
ATGTGC	0.0
ATGTGG	0.0
ATGACC	4.0877600462440995
ATGACG	0.9953779592769489
ATGAGC	1.9907559185538974
ATGAGG	0.0
ATTCCC	1.2542121806460367
ATTCCG	1.5270161980505783
ATTCGC	0.7635080990252892
ATTCGG	0.0
GTTTGC	0.0
GTTTGG	0.0
GTTACC	0.7635080990252892
GTTACG	0.9295789440937172
ATTGCC	1.5270161980505783
ATTGCG	0.9295789440937172
ATTGGC	1.8591578881874344
ATTGGG	2.2635438036755358
ATACCC	1.3429899297997467
ATACCG	0.8175520092488199
ATACGC	0.0
ATACGG	0.0
GCTTGT	0.0
GCTTGA	1.8591578881874342
GTTGGT	2.1139132520666295
GTTGGA	1.1317719018377677
GTTGTC	0.0
GTTGTG	0.0
GTTGAC	0.0
GTTGAG	2.2635438036755353
GTTTCC	0.7130367373359275
GTTTCG	0.8681295434048915
ATAGCC	1.6351040184976393
ATAGCG	0.0
ATAGGC	0.0
ATAGGG	3.635648633747542
GTTCTC	2.1391102120077825
GTTCTG	0.8681295434048912
GTTCAC	0.0
GTTCAG	2.788736832281151
GTTGCT	0.0
GTTGCA	0.0
GCTGTT	2.604388630214674
GCTGTA	0.0
GCTGAT	0.9295789440937171
GCTGAA	2.9861338778308455
GCTTCT	2.1391102120077825
GCTTCA	1.527016198050578
GCTAGT	0.0
GCTAGA	1.9907559185538974
GTGAGT	0.0
GTGAGA	0.0
GTGATC	0.0
GTGATG	2.2635438036755353
GTGAAC	0.0
GTGAAG	0.0
GTTCCT	2.1391102120077825
GTTCCA	0.763508099025289
GTTCGT	0.0
GTTCGA	1.8591578881874342
CGATGT	0.9295789440937171
CGATGA	0.9953779592769485
CGATTC	0.0
CGATTG	0.0
CGATAC	0.0
CGATAG	0.0
GTGTAC	1.8591578881874342
GTGTAG	1.1317719018377677
GTGACT	0.0
GTGACA	0.0
GCTTTC	1.426073474671855
GCTTTG	0.8681295434048912
GCTTAC	0.763508099025289
GCTTAG	0.0
GCTACT	0.763508099025289
GCTACA	2.452656027746459
CGCTTT	1.426073474671855
CGCTTA	0.0
GTGGTT	0.0
GTGGTA	1.1317719018377674
GTGGAT	1.1317719018377674
GTGGAA	1.211882877915847
GTGTCT	0.8681295434048912
GTGTCA	0.0
GTGTGT	0.0
GTGTGA	2.263543803675535
GTGTTC	0.0
GTGTTG	0.0
CGAACT	0.0
CGAACA	0.0
AACCCT	2.0144848946996197
AACCCA	1.438051694422625
AACCGT	0.0
AACCGA	0.0
AACCTC	0.6714949648998733
AACCTG	1.6351040184976393
AACCAC	0.0
AACCAG	1.750842692251896
CGAGTT	0.0
CGAGTA	0.9953779592769485
GCACAT	0.8175520092488197
GCACAA	3.501685384503793
CCTTAC	0.0
CCTTAG	0.763508099025289
GTGCTT	0.8681295434048912
GTGCTA	0.0
GTGCAT	0.0
GTGCAA	0.9953779592769485
GCTATC	0.0
GCTATG	0.0
GCTAAC	0.0
GCTAAG	0.0
GTCAAC	0.0
GTCAAG	0.9953779592769487
CCTTCT	0.0
CCTTCA	3.1355304516150917
CCTTGT	0.7130367373359275
CCTTGA	1.527016198050578
CCTTTC	0.585651522463554
CCTTTG	2.1391102120077825
CGCTAT	0.0
CGCTAA	0.0
GCACTT	0.7635080990252889
GCACTA	0.0
GCAGTT	0.9295789440937171
GCAGTA	1.990755918553897
GCAGAT	0.0
GCAGAA	1.065834470659499
GTCTAC	0.0
GTCTAG	0.0
GTCACT	0.763508099025289
GTCACA	0.8175520092488197
GTCAGT	0.0
GTCAGA	0.9953779592769487
GTCATC	0.763508099025289
GTCATG	0.0
CGAGAT	0.9953779592769485
CGAGAA	2.131668941318998
CGATCT	2.290524297075867
CGATCA	2.452656027746459
AACGCT	0.8175520092488197
AACGCA	0.875421346125948
AACGGT	0.0
AACGGA	1.065834470659499
AACGTC	0.0
AACGTG	0.0
AACGAC	0.0
AACGAG	1.065834470659499
GCATAC	0.8175520092488197
GCATAG	0.9953779592769485
GTCGAT	0.9295789440937171
GTCGAA	0.9953779592769485
GTCTCT	0.7130367373359275
GTCTCA	1.527016198050578
GTCTGT	0.0
GTCTGA	0.0
GTCTTC	0.7130367373359275
GTCTTG	0.8681295434048912
AACTCC	1.3429899297997465
AACTCG	2.452656027746459
AACTGC	3.2702080369952786
AACTGG	0.9953779592769485
GCAAAC	2.626264038377844
GCAAAG	1.065834470659499
GTCCTT	1.426073474671855
GTCCTA	1.5270161980505779
GTCCAT	0.7635080990252889
GTCCAA	0.8175520092488197
GTCGTT	1.7362590868097825
GTCGTA	0.0
GCATCT	0.7635080990252889
GCATCA	3.2702080369952786
GCATGT	0.0
GCATGA	1.990755918553897
GCATTC	3.054032396101156
GCATTG	0.0
AACACC	0.0
AACACG	0.0
AACAGC	1.750842692251896
AACAGG	2.131668941318998
GGAATC	0.9953779592769485
GGAATG	1.2118828779158473
GGAAAC	2.131668941318998
GGAAAG	0.0
GCAACT	0.0
GCAACA	0.8754213461259482
GCAAGT	0.0
GCAAGA	1.065834470659499
GCAATC	0.0
GCAATG	0.9953779592769487
CCAAGT	0.0
CCAAGA	0.8754213461259482
GGATGT	0.0
GGATGA	6.059414389579236
GGATTC	0.0
GGATTG	1.1317719018377677
GGATAC	0.0
GGATAG	0.0
GGAACT	2.9861338778308455
GGAACA	2.131668941318998
GGAAGT	1.2118828779158473
GGAAGA	2.5953288068042517
AAGCCT	0.8175520092488197
AAGCCA	1.7508426922518965
AAGCGT	0.0
AAGCGA	1.065834470659499
AAGCTC	0.8175520092488197
AAGCTG	1.9907559185538974
AAGCAC	1.750842692251896
AAGCAG	0.0
CCAATC	1.3429899297997465
CCAATG	2.452656027746459
CCAAAC	2.1570775416339374
CCAAAG	1.750842692251896
GGAGTT	2.2635438036755353
GGAGTA	2.4237657558316945
GGAGAT	1.2118828779158473
GGAGAA	2.5953288068042517
GGATCT	1.8591578881874342
GGATCA	2.986133877830846
CCAACT	1.3429899297997465
CCAACA	2.1570775416339374
GGCTTT	2.604388630214674
GGCTTA	0.9295789440937171
GGCTAT	0.9295789440937171
GGCTAA	0.0
GGCATT	0.9295789440937171
GGCATA	0.9953779592769487
CCTAAC	0.0
CCTAAG	1.6351040184976393
GGACTT	0.9295789440937171
GGACTA	0.0
GGACAT	0.0
GGACAA	1.065834470659499
CCTACT	1.2542121806460367
CCTACA	0.0
CCTAGT	1.5270161980505779
CCTAGA	0.8175520092488197
CCTATC	0.0
CCTATG	3.0540323961011557
GGCAAT	0.0
GGCAAA	2.131668941318998
CCATCT	1.8813182709690548
CCATCA	4.02896978939924
CCATGT	0.0
CCATGA	3.2702080369952786
CCATTC	1.2542121806460367
CCATTG	0.0
CGACTT	2.290524297075867
CGACTA	0.0
CGACAT	0.0
CGACAA	0.0
AAGGCT	0.9953779592769485
AAGGCA	1.065834470659499
AAGGGT	1.2118828779158473
AAGGGA	3.892993210206378
AAGGTC	0.9953779592769485
AAGGTG	1.2118828779158473
AAGGAC	1.065834470659499
AAGGAG	0.0
GGTTAC	0.0
GGTTAG	0.0
GGTACT	0.0
GGTACA	0.9953779592769487
GGTAGT	0.0
GGTAGA	0.0
GGTATC	0.9295789440937171
GGTATG	0.0
GGTAAC	0.0
GGTAAG	1.2118828779158473
AAGTCC	0.8175520092488197
AAGTCG	0.9953779592769485
AAGTGC	0.0
AAGTGG	0.0
CCATAC	0.0
CCATAG	0.8175520092488197
CCAGTT	0.0
CCAGTA	0.8175520092488197
GGTGAT	1.1317719018377674
GGTGAA	1.211882877915847
GGTTCT	0.8681295434048912
GGTTCA	0.9295789440937171
GGTTGT	1.0569566260333148
GGTTGA	1.1317719018377674
GGTTTC	1.7362590868097822
GGTTTG	2.1139132520666295
CCACAT	0.0
CCACAA	1.4380516944226251
GGGTTT	3.170869878099944
GGGTTA	2.263543803675535
GGGTAT	2.263543803675535
GGGTAA	0.0
CCAGAT	0.8175520092488197
CCAGAA	5.252528076755689
CCACTT	1.2542121806460367
CCACTA	1.3429899297997465
GGTCTT	2.604388630214674
GGTCTA	0.9295789440937171
GGTCAT	1.8591578881874342
GGTCAA	2.9861338778308455
GGTGTT	3.170869878099944
GGTGTA	1.1317719018377674
AAGACC	0.875421346125948
AAGACG	1.065834470659499
AAGAGC	1.065834470659499
AAGAGG	1.2976644034021259
AATCCC	2.01448489469962
AATCCG	0.8175520092488199
AATCGC	0.0
AATCGG	1.9907559185538974
AATGCC	1.6351040184976393
AATGCG	0.9953779592769487
AATGGC	0.9953779592769487
AATGGG	3.635648633747542
GGGATT	2.2635438036755353
GGGATA	0.0
GGGAAT	2.4237657558316945
GGGAAA	2.5953288068042517
AAACCC	2.8761033888452503
AAACCG	0.0
AAACGC	0.0
AAACGG	0.0
CCCCTT	11.706450095086097
CCCCTA	4.1783585568713475
CCCCAT	6.267537835307021
CCCCAA	6.7111772053757015
GGGACT	0.0
GGGACA	0.0
GGGAGT	4.59056592195483
GGGAGA	0.0
GGGATC	0.0
GGGATG	4.59056592195483
GGGAAC	8.074680298922443
GGGAAG	4.915503054747588
GGTCCT	2.892139433927531
GGTCCA	3.0968556957728883
GGTCGT	7.042418867839951
GGTCGA	3.770453583088742
CCACAC	0.0
CCACAG	0.0
GGGTCT	7.042418867839951
GGGTCA	11.311360749266226
GGGTGT	0.0
GGGTGA	0.0
GGGTTC	10.563628301759927
GGGTTG	0.0
GGGTAC	0.0
GGGTAG	0.0
CCAGAC	8.170927103672193
CCAGAG	0.0
GGGGTT	4.287108613117344
GGGGTA	0.0
GGGGAT	9.18113184390966
GGGGAA	9.831006109495176
CCACCT	4.1783585568713475
CCACCA	0.0
CCACGT	2.543597206303351
CCACGA	2.7236423678907316
CCACTC	0.0
CCACTG	0.0
GGTCTC	2.892139433927531
GGTCTG	0.0
GGTCAC	0.0
GGTCAG	0.0
GGTGCT	3.5212094339199753
GGTGCA	3.770453583088742
GGTGGT	0.0
GGTGGA	4.59056592195483
GGTGTC	3.5212094339199753
GGTGTG	0.0
GGGCTT	7.042418867839951
GGGCTA	7.540907166177484
GGGCAT	3.770453583088743
GGGCAA	8.074680298922443
CCAGCT	10.174388825213402
CCAGCA	2.723642367890731
CCAGGT	3.096855695772889
CCAGGA	0.0
CCAGTC	0.0
CCAGTG	0.0
GGTGAC	0.0
GGTGAG	0.0
GGTTCC	8.676418301782594
GGTTCG	3.5212094339199753
GGTTGC	0.0
GGTTGG	0.0
GGTACC	0.0
GGTACG	0.0
GGTAGC	0.0
GGTAGG	0.0
CCTACC	0.0
CCTACG	0.0
CCTAGC	2.5435972063033505
CCTAGG	0.0
GGCAAC	0.0
GGCAAG	0.0
CCATCC	2.0891792784356737
CCATCG	0.0
CCATGC	0.0
CCATGG	3.0968556957728883
GGCTTC	2.892139433927531
GGCTTG	0.0
GGCTAC	3.0968556957728883
GGCTAG	0.0
GGCACT	0.0
GGCACA	3.316062527254105
GGCAGT	0.0
GGCAGA	0.0
GGCATC	3.096855695772889
GGCATG	0.0
GGACCT	0.0
GGACCA	0.0
GGACGT	0.0
GGACGA	4.0373401494612216
GGACTC	0.0
GGACTG	3.770453583088742
GGACAC	0.0
GGACAG	4.0373401494612216
GGCGTT	7.042418867839951
GGCGTA	0.0
GGCGAT	3.770453583088743
GGCGAA	0.0
GGCTCT	2.892139433927531
GGCTCA	3.0968556957728883
GGCTGT	0.0
GGCTGA	3.770453583088742
GGAGCT	11.311360749266228
GGAGCA	20.18670074730611
GGAGGT	4.59056592195483
GGAGGA	9.831006109495176
GGAGTC	0.0
GGAGTG	0.0
GGAGAC	0.0
GGAGAG	0.0
GGATCC	3.096855695772889
GGATCG	3.770453583088743
CGCCTT	0.0
CGCCTA	2.5435972063033505
CGCCAT	2.5435972063033505
CGCCAA	0.0
GGCCTT	0.0
GGCCTA	0.0
GGCCAT	6.193711391545778
GGCCAA	9.948187581762316
CCAACC	4.4741181369171334
CCAACG	0.0
CCAAGC	2.723642367890731
CCAAGG	0.0
GGATGC	0.0
GGATGG	0.0
GGAACC	3.3160625272541044
GGAACG	0.0
GGAAGC	4.0373401494612216
GGAAGG	9.831006109495176
GTCCCT	2.375453849664073
GTCCCA	2.5435972063033505
GTCCGT	0.0
GTCCGA	0.0
GCAACC	0.0
GCAACG	0.0
GCAAGC	0.0
GCAAGG	0.0
GTCCTC	0.0
GTCCTG	2.8921394339275306
GTCCAC	0.0
GTCCAG	3.0968556957728883
GTCGCT	2.892139433927531
GTCGCA	3.0968556957728883
GTCGGT	0.0
GTCGGA	0.0
GTCGTC	5.784278867855062
GTCGTG	0.0
GCATCC	0.0
GCATCG	0.0
GCATGC	3.0968556957728883
GCATGG	0.0
GTCGAC	3.0968556957728883
GTCGAG	0.0
GTCTCC	0.0
GTCTCG	0.0
GTCTGC	0.0
GTCTGG	0.0
CGCGTT	0.0
CGCGTA	0.0
CGCGAT	3.096855695772889
CGCGAA	0.0
GCAGCT	3.0968556957728883
GCAGCA	3.3160625272541044
GCAGGT	3.770453583088742
GCAGGA	4.0373401494612216
GCAGTC	3.0968556957728883
GCAGTG	0.0
GCAGAC	0.0
GCAGAG	0.0
GTCACC	0.0
GTCACG	0.0
GTCAGC	0.0
GTCAGG	0.0
CCTTCC	0.0
CCTTCG	0.0
CCTTGC	7.12636154899222
CCTTGG	5.784278867855062
CGCTAC	0.0
CGCTAG	0.0
GCACCT	2.5435972063033505
GCACCA	0.0
GCACGT	0.0
GCACGA	0.0
GCACTC	0.0
GCACTG	3.0968556957728883
GCACAC	0.0
GCACAG	0.0
GTGCCT	0.0
GTGCCA	3.0968556957728883
GTGCGT	0.0
GTGCGA	0.0
GTGCTC	0.0
GTGCTG	0.0
GTGCAC	0.0
GTGCAG	0.0
CGCTCT	2.375453849664073
CGCTCA	0.0
CGCTGT	2.892139433927531
CGCTGA	3.0968556957728883
CGCTTC	0.0
CGCTTG	0.0
GTGGCT	3.5212094339199753
GTGGCA	0.0
GTGGGT	0.0
GTGGGA	0.0
GTGGTC	0.0
GTGGTG	0.0
GTGGAC	0.0
GTGGAG	4.59056592195483
GTGTCC	0.0
GTGTCG	3.5212094339199753
GTGTGC	0.0
GTGTGG	4.2871086131173435
GTGACC	0.0
GTGACG	3.770453583088743
GCTACC	0.0
GCTACG	0.0
GCTAGC	0.0
GCTAGG	0.0
GTGAGC	3.770453583088743
GTGAGG	0.0
GTTCCC	0.0
GTTCCG	0.0
GTTCGC	0.0
GTTCGG	3.5212094339199753
GTTGCC	2.8921394339275315
GTTGCG	0.0
GCTGTC	0.0
GCTGTG	0.0
GCTGAC	3.0968556957728883
GCTGAG	0.0
GCTTCC	0.0
GCTTCG	0.0
GCTTGC	0.0
GCTTGG	0.0
GTTGGC	0.0
GTTGGG	0.0
GTACCC	0.0
GTACCG	0.0
GCTCCT	4.750907699328146
GCTCCA	0.0
GCTCGT	0.0
GCTCGA	6.193711391545777
GCTCTC	0.0
GCTCTG	2.8921394339275306
GCTCAC	2.5435972063033505
GCTCAG	0.0
GCTGCT	5.784278867855062
GCTGCA	0.0
GCTGGT	7.042418867839951
GCTGGA	3.770453583088742
GTACGC	0.0
GTACGG	0.0
GTAGCC	0.0
GTAGCG	0.0
GTAGGC	0.0
GTAGGG	4.59056592195483
CGCAAC	2.723642367890731
CGCAAG	0.0
GCGACT	0.0
GCGACA	0.0
GCGAGT	0.0
GCGAGA	0.0
GCGATC	0.0
GCGATG	3.770453583088743
GCGAAC	0.0
GCGAAG	0.0
GACCCT	5.087194412606702
GACCCA	0.0
GACCGT	0.0
GACCGA	0.0
GCGTTC	0.0
GCGTTG	3.5212094339199753
GCGTAC	0.0
GCGTAG	0.0
CGCACT	0.0
CGCACA	0.0
CGCAGT	3.096855695772889
CGCAGA	3.316062527254105
CGCATC	0.0
CGCATG	0.0
CGGGTT	3.5212094339199753
CGGGTA	0.0
CGGGAT	0.0
CGGGAA	0.0
CGGCTT	0.0
CGGCTA	0.0
CGGCAT	3.096855695772889
CGGCAA	0.0
GCGGTT	3.5212094339199753
GCGGTA	0.0
GCGGAT	0.0
GCGGAA	0.0
GCGTCT	0.0
GCGTCA	0.0
GCGTGT	0.0
GCGTGA	3.770453583088742
CGGTCT	0.0
CGGTCA	0.0
CGGTGT	0.0
CGGTGA	0.0
CGGTTC	0.0
CGGTTG	0.0
CGGTAC	0.0
CGGTAG	0.0
GCGCTT	0.0
GCGCTA	0.0
GCGCAT	3.096855695772889
GCGCAA	0.0
GACCTC	0.0
GACCTG	3.0968556957728897
GACCAC	2.7236423678907316
GACCAG	0.0
CCTGCT	0.0
CCTGCA	2.5435972063033505
CCTGGT	5.784278867855062
CCTGGA	6.193711391545777
CCTGTC	0.0
CCTGTG	0.0
CGGAAC	0.0
CGGAAG	0.0
GCCACT	5.087194412606701
GCCACA	0.0
GCCAGT	0.0
GCCAGA	9.948187581762316
GCCATC	2.5435972063033505
GCCATG	3.0968556957728883
GCCAAC	0.0
GCCAAG	6.63212505450821
GCCTTC	0.0
GCCTTG	0.0
GCCTAC	0.0
GCCTAG	3.0968556957728883
CGGACT	0.0
CGGACA	0.0
CGGAGT	0.0
CGGAGA	0.0
CGGATC	0.0
CGGATG	3.770453583088743
CCTGAC	0.0
CCTGAG	0.0
GACGCT	0.0
GACGCA	3.3160625272541058
GACGGT	0.0
GACGGA	0.0
GACGTC	3.0968556957728897
GACGTG	0.0
GACGAC	0.0
GACGAG	0.0
CGTCTC	2.375453849664073
CGTCTG	0.0
CGTCAC	0.0
CGTCAG	0.0
GCCGTT	0.0
GCCGTA	0.0
GCCGAT	0.0
GCCGAA	0.0
GCCTCT	2.375453849664073
GCCTCA	2.5435972063033505
GCCTGT	0.0
GCCTGA	6.193711391545777
GACTCC	2.543597206303351
GACTCG	0.0
GACTGC	0.0
GACTGG	0.0
CGTGTC	2.892139433927531
CGTGTG	0.0
CGTGAC	0.0
CGTGAG	0.0
GCCCTT	0.0
GCCCTA	0.0
GCCCAT	0.0
GCCCAA	0.0
CGTCCT	2.375453849664073
CGTCCA	0.0
CGTCGT	2.892139433927531
CGTCGA	0.0
GACACC	2.7236423678907316
GACACG	0.0
GACAGC	9.948187581762317
GACAGG	0.0
CGTGCT	0.0
CGTGCA	0.0
CGTGGT	0.0
CGTGGA	0.0
GAGCCT	6.193711391545778
GAGCCA	0.0
GAGCGT	0.0
GAGCGA	0.0
GAGCTC	6.193711391545778
GAGCTG	3.770453583088743
GAGCAC	0.0
GAGCAG	12.112020448383664
GAGGCT	0.0
GAGGCA	0.0
GAGGGT	4.590565921954831
GAGGGA	0.0
GAGGTC	3.770453583088744
GAGGTG	0.0
GAGGAC	0.0
GAGGAG	24.577515273737944
GAGTCC	0.0
GAGTCG	0.0
GAGTGC	0.0
GAGTGG	0.0
GAGACC	3.316062527254105
GAGACG	0.0
GAGAGC	0.0
GAGAGG	0.0
GATCCC	5.087194412606702
GATCCG	0.0
GATCGC	0.0
GATCGG	0.0
GATGCC	0.0
GATGCG	0.0
GATGGC	3.770453583088744
GATGGG	0.0
GAACCC	0.0
GAACCG	3.3160625272541058
GAACGC	0.0
GAACGG	0.0
GAAGCC	3.316062527254105
GAAGCG	0.0
GAAGGC	4.037340149461222
GAAGGG	9.831006109495178
CAAGGC	3.3160625272541058
CAAGGG	4.037340149461222
CCTCCT	0.0
CCTCCA	2.0891792784356737
CCTCGT	0.0
CCTCGA	2.5435972063033505
CCTCTC	0.0
CCTCTG	2.375453849664073
CAACGC	0.0
CAACGG	0.0
CAAGCC	0.0
CAAGCG	0.0
CCTCAC	0.0
CCTCAG	2.5435972063033505
TCCCCT	7.804300063390731
TCCCCA	2.0891792784356737
TCCCGT	0.0
TCCCGA	0.0
TCCCTC	3.9021500316953657
TCCCTG	2.375453849664073
TCCCAC	4.1783585568713475
TCCCAG	5.087194412606701
TCCGCT	2.375453849664073
TCCGCA	2.5435972063033505
TCCGGT	2.892139433927531
TCCGGA	3.0968556957728883
TCCGTC	0.0
TCCGTG	0.0
TCCGAC	2.5435972063033505
TCCGAG	0.0
TCCTCC	3.9021500316953666
TCCTCG	2.3754538496640736
CAACCC	4.4741181369171334
CAACCG	0.0
TCCTGC	0.0
TCCTGG	2.892139433927531
TCCACC	0.0
TCCACG	2.5435972063033505
TCCAGC	7.6307916189100515
TCCAGG	0.0
TCGCCT	2.375453849664073
TCGCCA	0.0
TCGCGT	0.0
TCGCGA	0.0
TCGCTC	2.375453849664073
TCGCTG	0.0
TCGCAC	0.0
TCGCAG	3.0968556957728883
CCGACT	2.5435972063033505
CCGACA	0.0
CCGAGT	0.0
CCGAGA	0.0
CCGATC	0.0
CCGATG	0.0
CCGAAC	0.0
CCGAAG	0.0
TCGGCT	0.0
TCGGCA	0.0
TCGGGT	3.5212094339199753
TCGGGA	0.0
TCGGTC	0.0
TCGGTG	0.0
TCGGAC	0.0
TCGGAG	3.770453583088742
CATGGC	0.0
CATGGG	3.770453583088743
TCGTCC	0.0
TCGTCG	5.784278867855062
TCGTGC	0.0
TCGTGG	0.0
TCGACC	2.543597206303351
TCGACG	0.0
TCGAGC	3.096855695772889
TCGAGG	11.311360749266228
TCTCCC	7.804300063390733
TCTCCG	7.126361548992221
TCTCGC	0.0
TCTCGG	2.892139433927531
CATCGC	0.0
CATCGG	0.0
CATGCC	0.0
CATGCG	0.0
TCTGCC	4.750907699328146
TCTGCG	0.0
TCTGGC	0.0
TCTGGG	0.0
TCACCC	0.0
TCACCG	0.0
TCACGC	2.543597206303351
TCACGG	0.0
TCAGCC	5.087194412606702
TCAGCG	0.0
TCAGGC	0.0
TCAGGG	3.770453583088743
CAGAGC	0.0
CAGAGG	0.0
CATCCC	0.0
CATCCG	2.5435972063033514
TGCCCT	0.0
TGCCCA	0.0
TGCCGT	0.0
TGCCGA	0.0
TGCCTC	0.0
TGCCTG	2.8921394339275306
TGCCAC	2.5435972063033505
TGCCAG	6.193711391545777
TGCGCT	0.0
TGCGCA	0.0
TGCGGT	3.5212094339199753
TGCGGA	0.0
CAGTGC	0.0
CAGTGG	0.0
CAGACC	0.0
CAGACG	0.0
CAGGCT	0.0
CAGGCA	0.0
CAGGGT	0.0
CAGGGA	4.037340149461222
CAGGTC	0.0
CAGGTG	3.770453583088744
CAGGAC	0.0
CAGGAG	4.037340149461222
CAGTCC	2.543597206303351
CAGTCG	0.0
TGCGTC	0.0
TGCGTG	0.0
TGCGAC	0.0
TGCGAG	0.0
TGCTCC	2.375453849664073
TGCTCG	0.0
TGCTGC	2.892139433927531
TGCTGG	7.042418867839951
TGCACC	2.543597206303351
TGCACG	0.0
TGCAGC	0.0
TGCAGG	0.0
CAGCCT	2.543597206303351
CAGCCA	5.447284735781463
CAGCGT	0.0
CAGCGA	0.0
CAGCTC	0.0
CAGCTG	6.193711391545779
CAGCAC	2.7236423678907316
CAGCAG	0.0
CCGTCT	2.375453849664073
CCGTCA	0.0
CCGTGT	0.0
CCGTGA	0.0
CCGTTC	2.375453849664073
CCGTTG	0.0
CGTTCC	0.0
CGTTCG	2.892139433927531
CGTTGC	0.0
CGTTGG	0.0
CCGTAC	0.0
CCGTAG	0.0
TGGCCT	0.0
TGGCCA	6.193711391545777
TGGCGT	7.042418867839951
TGGCGA	0.0
TGGCTC	8.676418301782594
TGGCTG	3.5212094339199753
TGGCAC	3.0968556957728883
TGGCAG	0.0
CACACC	0.0
CACACG	0.0
CACAGC	0.0
CACAGG	0.0
CCGGTT	2.892139433927531
CCGGTA	6.193711391545778
CCGGAT	0.0
CCGGAA	0.0
TGGGCT	7.042418867839951
TGGGCA	7.540907166177484
TGGGGT	0.0
TGGGGA	9.18113184390966
TGGGTC	14.084837735679901
TGGGTG	0.0
TGGGAC	0.0
TGGGAG	0.0
TGGTCC	5.784278867855062
TGGTCG	3.5212094339199753
TGGTGC	3.5212094339199753
TGGTGG	0.0
TGGACC	0.0
TGGACG	3.770453583088743
TGGAGC	15.081814332354972
TGGAGG	0.0
CACGAC	0.0
CACGAG	0.0
CACTCC	0.0
CACTCG	2.5435972063033505
CACTGC	0.0
CACTGG	3.0968556957728883
TGTCCC	2.375453849664073
TGTCCG	0.0
TGTCGC	2.892139433927531
TGTCGG	0.0
CACCTC	0.0
CACCTG	0.0
CACCAC	0.0
CACCAG	0.0
CACGCT	0.0
CACGCA	2.723642367890731
CACGGT	0.0
CACGGA	3.316062527254105
CACGTC	2.5435972063033505
CACGTG	0.0
TGTGCC	0.0
TGTGCG	0.0
TGTGGC	0.0
TGTGGG	0.0
TGACCC	2.543597206303351
TGACCG	0.0
TGACGC	0.0
TGACGG	3.770453583088743
TGAGCC	3.096855695772889
TGAGCG	0.0
TGAGGC	0.0
TGAGGG	0.0
CACCCT	0.0
CACCCA	2.237059068458567
CACCGT	0.0
CACCGA	0.0
TTCCCC	1.9510750158476833
TTCCCG	0.0
TTCCGC	7.12636154899222
TTCCGG	2.892139433927531
TTCGCC	0.0
TTCGCG	0.0
TTCGGC	2.892139433927531
TTCGGG	0.0
TTGCCC	2.375453849664073
TTGCCG	0.0
TTGCGC	0.0
TTGCGG	3.5212094339199753
TTGGCC	5.784278867855063
TTGGCG	7.042418867839952
TTGGGC	3.521209433919976
TTGGGG	17.148434452469377
TACCCC	6.267537835307022
TACCCG	0.0
TACCGC	5.087194412606702
TACCGG	0.0
TACGCC	0.0
TACGCG	0.0
TACGGC	0.0
TACGGG	0.0
TAGCCC	0.0
TAGCCG	6.193711391545779
TAGCGC	0.0
TAGCGG	0.0
TAGGCC	0.0
TAGGCG	0.0
TAGGGC	0.0
TAGGGG	9.181131843909663
CTAGGC	0.0
CTAGGG	0.0
CCGCTT	2.375453849664073
CCGCTA	0.0
CCGCAT	0.0
CCGCAA	2.723642367890731
ACCCCT	2.0891792784356737
ACCCCA	4.474118136917134
ACCCGT	0.0
ACCCGA	0.0
ACCCTC	2.0891792784356737
ACCCTG	0.0
ACCCAC	0.0
ACCCAG	0.0
CTACGC	0.0
CTACGG	0.0
CTAGCC	0.0
CTAGCG	0.0
ACCGCT	2.5435972063033505
ACCGCA	0.0
ACCGGT	0.0
ACCGGA	0.0
ACCGTC	0.0
ACCGTG	0.0
ACCGAC	0.0
ACCGAG	0.0
ACCTCC	0.0
ACCTCG	0.0
ACCTGC	2.5435972063033505
ACCTGG	6.193711391545777
ACCACC	2.2370590684585667
ACCACG	2.723642367890731
CTACCC	0.0
CTACCG	0.0
ACCAGC	2.723642367890731
ACCAGG	3.316062527254105
ACGCCT	0.0
ACGCCA	0.0
ACGCGT	0.0
ACGCGA	0.0
ACGCTC	0.0
ACGCTG	3.0968556957728897
ACGCAC	0.0
ACGCAG	3.3160625272541058
CCCACT	0.0
CCCACA	2.237059068458567
CCCAGT	0.0
CCCAGA	5.447284735781463
CCCATC	6.267537835307021
CCCATG	0.0
CCCAAC	4.4741181369171334
CCCAAG	0.0
ACGGCT	0.0
ACGGCA	0.0
ACGGGT	0.0
ACGGGA	0.0
ACGGTC	0.0
ACGGTG	0.0
ACGGAC	0.0
ACGGAG	0.0
ACGTCC	2.543597206303351
ACGTCG	3.0968556957728897
ACGTGC	0.0
ACGTGG	0.0
CTTGGC	0.0
CTTGGG	7.042418867839951
ACGACC	0.0
ACGACG	0.0
ACGAGC	0.0
ACGAGG	0.0
ACTCCC	4.1783585568713475
ACTCCG	2.5435972063033514
ACTCGC	0.0
ACTCGG	0.0
ACTGCC	2.543597206303351
ACTGCG	3.096855695772889
ACTGGC	0.0
ACTGGG	11.311360749266228
CTTCGC	0.0
CTTCGG	0.0
CTTGCC	0.0
CTTGCG	0.0
ACACCC	2.2370590684585667
ACACCG	0.0
ACACGC	0.0
ACACGG	0.0
ACAGCC	5.447284735781463
ACAGCG	0.0
ACAGGC	0.0
ACAGGG	0.0
CTGAGC	0.0
CTGAGG	0.0
CTTCCC	1.9510750158476833
CTTCCG	0.0
AGCCCT	0.0
AGCCCA	0.0
AGCCGT	3.0968556957728897
AGCCGA	0.0
AGCCTC	5.087194412606702
AGCCTG	0.0
AGCCAC	2.7236423678907316
AGCCAG	3.3160625272541058
AGCGCT	0.0
AGCGCA	3.3160625272541058
AGCGGT	0.0
AGCGGA	0.0
CTGTGC	0.0
CTGTGG	0.0
CTGACC	0.0
CTGACG	0.0
AGCGTC	0.0
AGCGTG	0.0
AGCGAC	0.0
AGCGAG	0.0
AGCTCC	0.0
AGCTCG	3.0968556957728897
AGCTGC	0.0
AGCTGG	7.540907166177488
CTGGCT	0.0
CTGGCA	3.0968556957728883
CTGGGT	0.0
CTGGGA	0.0
CTGGTC	2.892139433927531
CTGGTG	7.042418867839951
CTGGAC	3.0968556957728883
CTGGAG	3.770453583088742
CTGTCC	0.0
CTGTCG	0.0
AGCACC	0.0
AGCACG	0.0
AGCAGC	6.6321250545082115
AGCAGG	8.074680298922445
CCCTCT	3.9021500316953666
CCCTCA	4.1783585568713475
CCCTGT	0.0
CCCTGA	0.0
CCCTTC	1.9510750158476833
CCCTTG	2.3754538496640736
CTGCCT	2.375453849664073
CTGCCA	5.087194412606701
CTGCGT	0.0
CTGCGA	0.0
CTGCTC	0.0
CTGCTG	5.784278867855061
CTGCAC	7.6307916189100515
CTGCAG	0.0
CCCTAC	0.0
CCCTAG	2.5435972063033505
AGGCCT	0.0
AGGCCA	6.63212505450821
AGGCGT	3.770453583088743
AGGCGA	0.0
AGGCTC	0.0
AGGCTG	0.0
AGGCAC	0.0
AGGCAG	0.0
CGTACC	0.0
CGTACG	3.096855695772889
CGTAGC	0.0
CGTAGG	0.0
CCCGTT	0.0
CCCGTA	2.5435972063033505
CCCGAT	0.0
CCCGAA	0.0
AGGGCT	0.0
AGGGCA	0.0
AGGGGT	4.590565921954831
AGGGGA	9.831006109495178
AGGGTC	3.770453583088744
AGGGTG	0.0
AGGGAC	0.0
AGGGAG	0.0
CTCACC	2.0891792784356737
CTCACG	0.0
CTCAGC	2.5435972063033505
CTCAGG	0.0
AGGTCC	0.0
AGGTCG	3.770453583088743
AGGTGC	11.311360749266228
AGGTGG	4.59056592195483
AGGACC	0.0
AGGACG	0.0
AGGAGC	12.112020448383667
AGGAGG	9.831006109495178
AGTCCC	2.543597206303351
AGTCCG	0.0
AGTCGC	0.0
AGTCGG	0.0
CTCGAC	0.0
CTCGAG	12.387422783091553
CTCTCC	3.9021500316953666
CTCTCG	2.3754538496640736
CTCTGC	4.750907699328146
CTCTGG	2.892139433927531
AGTGCC	0.0
AGTGCG	0.0
AGTGGC	3.770453583088744
AGTGGG	0.0
CTCCTC	0.0
CTCCTG	2.375453849664073
CTCCAC	0.0
CTCCAG	2.5435972063033505
CTCGCT	0.0
CTCGCA	2.5435972063033505
CTCGGT	0.0
CTCGGA	0.0
CTCGTC	0.0
CTCGTG	2.8921394339275306
AGACCC	2.7236423678907316
AGACCG	0.0
AGACGC	3.3160625272541058
AGACGG	0.0
AGAGCC	3.316062527254105
AGAGCG	0.0
AGAGGC	8.074680298922445
AGAGGG	0.0
ATCCCC	6.267537835307022
ATCCCG	0.0
ATCCGC	0.0
ATCCGG	6.193711391545778
CGAAGC	0.0
CGAAGG	0.0
CTCCCT	7.804300063390731
CTCCCA	2.0891792784356737
CTCCGT	2.375453849664073
CTCCGA	5.087194412606701
ATCGCC	2.543597206303351
ATCGCG	0.0
ATCGGC	0.0
ATCGGG	0.0
ATGCCC	0.0
ATGCCG	0.0
ATGCGC	0.0
ATGCGG	0.0
ATGGCC	0.0
ATGGCG	3.770453583088744
ATGGGC	3.770453583088744
ATGGGG	4.590565921954831
CGATGC	0.0
CGATGG	0.0
CGAACC	0.0
CGAACG	0.0
AACCCC	8.948236273834265
AACCCG	0.0
AACCGC	2.7236423678907307
AACCGG	3.3160625272541036
CGAGCT	3.0968556957728883
CGAGCA	0.0
CGAGGT	3.770453583088742
CGAGGA	8.074680298922443
CGAGTC	0.0
CGAGTG	0.0
CGAGAC	0.0
CGAGAG	0.0
CGATCC	0.0
CGATCG	0.0
AACGCC	0.0
AACGCG	0.0
AACGGC	0.0
AACGGG	0.0
AAGCCC	0.0
AAGCCG	3.316062527254105
AAGCGC	0.0
AAGCGG	0.0
CGACCT	2.5435972063033505
CGACCA	0.0
CGACGT	0.0
CGACGA	0.0
CGACTC	2.5435972063033505
CGACTG	0.0
CGACAC	0.0
CGACAG	0.0
AAGGCC	6.632125054508209
AAGGCG	0.0
AAGGGC	0.0
AAGGGG	14.746509164242765
CTGCGG	0.0
CTGCGC	9.635048788309135
CTGCCG	0.0
CTGCCC	0.0
CTCGGG	11.730770754576099
CTCGGC	0.0
CTCGCG	0.0
CTCGCC	0.0
CTCCGG	9.635048788309135
CTCCGC	0.0
CTCCCG	0.0
CTCCCC	19.499789062882183
CGAGGG	0.0
CGAGGC	0.0
CGAGCG	0.0
CGAGCC	0.0
AGGGGG	18.619737289461114
AGGGGC	15.293289841119186
AGGGCG	0.0
AGGGCC	0.0
CCCGAG	0.0
CCCGAC	0.0
CCCGTG	0.0
CCCGTC	0.0
CCCGGA	0.0
CCCGGT	0.0
ACGGGG	0.0
ACGGGC	12.561117835795647
CCCGCA	0.0
CCCGCT	0.0
ACGGCG	0.0
ACGGCC	0.0
CAGCGG	0.0
CAGCGC	10.317052964007436
CAGCCG	20.634105928014872
CAGCCC	0.0
CACGGG	0.0
CACGGC	0.0
CACGCG	0.0
CACGCC	0.0
CACCGG	0.0
CACCGC	0.0
CACCCG	0.0
CACCCC	0.0
CTGGGG	14.28233375044149
CTGGGC	23.461541509152198
CTGGCG	0.0
CTGGCC	0.0
GCCCGA	0.0
GCCCGT	9.635048788309135
CCCAGG	0.0
CCCAGC	25.421682191087985
GCCCCA	25.421682191087985
GCCCCT	15.827462166862873
CCCACG	8.473894063695994
CCCACC	0.0
CGTGGG	0.0
CGTGGC	0.0
CGTGCG	0.0
CGTGCC	0.0
CAGGGG	0.0
CAGGGC	0.0
CAGGCG	0.0
CAGGCC	0.0
GCCGGA	0.0
GCCGGT	46.9230830183044
ACGCGG	0.0
ACGCGC	0.0
GCCGCA	0.0
GCCGCT	0.0
ACGCCG	0.0
ACGCCC	0.0
CGTCGG	0.0
CGTCGC	19.27009757661827
CGTCCG	0.0
CGTCCC	0.0
GCCCAG	0.0
GCCCAC	0.0
GCCCTG	0.0
GCCCTC	0.0
GCCAGG	0.0
GCCAGC	0.0
GCCACG	0.0
GCCACC	8.473894063695994
CGGAGG	15.293289841119183
CGGAGC	12.561117835795645
CGGACG	0.0
CGGACC	0.0
GCCTGG	0.0
GCCTGC	0.0
GCCTCG	9.635048788309135
GCCTCC	0.0
GCCGAG	0.0
GCCGAC	0.0
GCCGTG	0.0
GCCGTC	9.635048788309136
GCGCAG	0.0
GCGCAC	0.0
GCGCTG	11.7307707545761
GCGCTC	0.0
GCGCGA	0.0
GCGCGT	0.0
ACCGGG	0.0
ACCGGC	10.317052964007436
GCGCCA	0.0
GCGCCT	9.635048788309135
ACCGCG	10.317052964007434
ACCGCC	8.473894063695994
CGGTGG	0.0
CGGTGC	0.0
CGGTCG	23.461541509152198
CGGTCC	0.0
CGGCCA	10.317052964007436
CGGCCT	9.635048788309135
AGGCGG	0.0
AGGCGC	0.0
CGGGAG	0.0
CGGGAC	0.0
CGGGTG	0.0
CGGGTC	0.0
CGGGGA	0.0
CGGGGT	0.0
AGGCCG	0.0
AGGCCC	10.317052964007436
CGGGCA	0.0
CGGGCT	0.0
CCCTGG	9.635048788309136
CCCTGC	0.0
GCGGGA	0.0
GCGGGT	0.0
CCCTCG	0.0
CCCTCC	6.499929687627396
GCGGCA	0.0
GCGGCT	0.0
AGCGGG	0.0
AGCGGC	0.0
CGGCAG	0.0
CGGCAC	0.0
CGGCTG	0.0
CGGCTC	9.635048788309136
CGGCGA	0.0
CGGCGT	0.0
AGCGCG	0.0
AGCGCC	0.0
GCGAGG	0.0
GCGAGC	0.0
GCGACG	0.0
GCGACC	0.0
CGCAGG	0.0
CGCAGC	0.0
CGCACG	0.0
CGCACC	0.0
GCGTGG	0.0
GCGTGC	0.0
GCGTCG	0.0
GCGTCC	0.0
GCGGAG	0.0
GCGGAC	0.0
GCGGTG	0.0
GCGGTC	0.0
GCACGG	0.0
GCACGC	0.0
GCACCG	0.0
GCACCC	0.0
CGCTGG	0.0
CGCTGC	9.635048788309135
CGCTCG	0.0
CGCTCC	0.0
GCTGGG	0.0
GCTGGC	11.730770754576099
GCTGCG	0.0
GCTGCC	0.0
GCTCGG	0.0
GCTCGC	0.0
GCTCCG	0.0
GCTCCC	0.0
GCAGGG	0.0
GCAGGC	0.0
GCAGCG	0.0
GCAGCC	0.0
CGCGAG	0.0
CGCGAC	0.0
CGCGTG	0.0
CGCGTC	0.0
CGCGGA	0.0
CGCGGT	0.0
AGCCGG	37.68335350738694
AGCCGC	10.317052964007436
CGCGCA	0.0
CGCGCT	0.0
AGCCCG	0.0
AGCCCC	0.0
GGCCCA	0.0
GGCCCT	0.0
CGACGG	0.0
CGACGC	0.0
CGCCAG	0.0
CGCCAC	0.0
CGCCTG	0.0
CGCCTC	7.913731083431436
CGCCGA	0.0
CGCCGT	0.0
CGACCG	0.0
CGACCC	0.0
CGCCCA	0.0
CGCCCT	0.0
CCCCAG	25.421682191087985
CCCCAC	0.0
GGCGGA	0.0
GGCGGT	0.0
CCCCTG	0.0
CCCCTC	12.999859375254788
GGCGCA	0.0
GGCGCT	11.730770754576099
CCCCGA	0.0
CCCCGT	0.0
GGCCAG	0.0
GGCCAC	10.317052964007436
GGCCTG	11.7307707545761
GGCCTC	0.0
GGCCGA	0.0
GGCCGT	0.0
CCCCCA	20.880055822118333
CCCCCT	19.499789062882183
GGGCCA	12.561117835795645
GGGCCT	0.0
GGCAGG	0.0
GGCAGC	0.0
GGCACG	0.0
GGCACC	0.0
GGCTGG	0.0
GGCTGC	0.0
GGCTCG	11.730770754576099
GGCTCC	9.635048788309135
GGCGAG	0.0
GGCGAC	0.0
GGCGTG	14.28233375044149
GGCGTC	0.0
GGGGCA	15.293289841119183
GGGGCT	28.56466750088298
CCAGGG	0.0
CCAGGC	0.0
CCAGCG	10.317052964007434
CCAGCC	8.473894063695994
GGGCAG	0.0
GGGCAC	0.0
GGGCTG	0.0
GGGCTC	0.0
GGGCGA	15.293289841119186
GGGCGT	0.0
GGGTGG	0.0
GGGTGC	0.0
GGGTCG	0.0
GGGTCC	0.0
CCACGG	10.317052964007436
CCACGC	0.0
CCACCG	0.0
CCACCC	0.0
GGGGAG	37.23947457892222
GGGGAC	0.0
GGGGTG	0.0
GGGGTC	0.0
GGGGGA	37.23947457892222
GGGGGT	0.0
GGACGG	0.0
GGACGC	0.0
GGACCG	0.0
GGACCC	0.0
GGTGGG	0.0
GGTGGC	0.0
GGTGCG	0.0
GGTGCC	23.461541509152198
GGTCGG	0.0
GGTCGC	11.730770754576099
GGTCCG	0.0
GGTCCC	0.0
GGGAGG	18.61973728946111
GGGAGC	0.0
GGGACG	0.0
GGGACC	0.0
GTGCGG	0.0
GTGCGC	0.0
GTGCCG	0.0
GTGCCC	9.635048788309135
GTCGGG	0.0
GTCGGC	0.0
GTCGCG	0.0
GTCGCC	19.27009757661827
GTCCGG	0.0
GTCCGC	0.0
GTCCCG	0.0
GTCCCC	0.0
GGAGGG	18.61973728946111
GGAGGC	0.0
GGAGCG	0.0
GGAGCC	0.0
GACGGG	15.293289841119186
GACGGC	0.0
GACGCG	0.0
GACGCC	0.0
CCTGGG	0.0
CCTGGC	0.0
CCTGCG	0.0
CCTGCC	0.0
GACCGG	0.0
GACCGC	0.0
GACCCG	0.0
GACCCC	0.0
GTGGGG	0.0
GTGGGC	0.0
GTGGCG	0.0
GTGGCC	0.0
TCCCGG	0.0
TCCCGC	0.0
TCCCCG	0.0
TCCCCC	12.999859375254788
CCTCGG	0.0
CCTCGC	7.913731083431436
CCTCCG	0.0
CCTCCC	12.999859375254788
GAGGGG	0.0
GAGGGC	0.0
GAGGCG	15.293289841119186
GAGGCC	12.561117835795647
GAGCGG	0.0
GAGCGC	0.0
GAGCCG	0.0
GAGCCC	0.0
TCGGGG	0.0
TCGGGC	0.0
TCGGCG	0.0
TCGGCC	9.635048788309135
CCGAGG	0.0
CCGAGC	0.0
CCGACG	0.0
CCGACC	0.0
TCGCGG	0.0
TCGCGC	0.0
TCGCCG	0.0
TCGCCC	15.827462166862873
TCCGGG	0.0
TCCGGC	19.27009757661827
TCCGCG	0.0
TCCGCC	7.913731083431436
TGGCGG	0.0
TGGCGC	11.730770754576099
TGGCCG	0.0
TGGCCC	0.0
CCGTGG	0.0
CCGTGC	0.0
CCGTCG	0.0
CCGTCC	0.0
TGCGGG	0.0
TGCGGC	0.0
TGCGCG	0.0
TGCGCC	9.635048788309135
TGCCGG	0.0
TGCCGC	0.0
TGCCCG	0.0
TGCCCC	15.827462166862873
TGGGGG	34.77777575346901
TGGGGC	28.56466750088298
TGGGCG	0.0
TGGGCC	0.0
CCGGAG	12.561117835795645
CCGGAC	0.0
CCGGTG	0.0
CCGGTC	19.270097576618273
CCGGGA	0.0
CCGGGT	0.0
CCGGCA	10.317052964007436
CCGGCT	9.635048788309135
ACCCGG	0.0
ACCCGC	0.0
ACCCCG	0.0
ACCCCC	27.84007442949111
CCGCAG	0.0
CCGCAC	0.0
CCGCTG	9.635048788309135
CCGCTC	0.0
CCGCGA	10.317052964007436
CCGCGT	0.0
CCGCCA	8.473894063695994
CCGCCT	0.0
CCCGGG	0.0
CCCGGC	0.0
CCCGCG	0.0
CCCGCC	0.0
GCCCGG	0.0
GCCCGC	0.0
GCCCCG	0.0
GCCCCC	0.0
GCCGGG	0.0
GCCGGC	0.0
GCCGCG	0.0
GCCGCC	64.19757226367771
GCGCGG	0.0
GCGCGC	0.0
GCGCCG	0.0
GCGCCC	0.0
CGGCCG	0.0
CGGCCC	0.0
CGGGGG	0.0
CGGGGC	0.0
CGGGCG	47.581033224785415
CGGGCC	0.0
GCGGGG	0.0
GCGGGC	0.0
GCGGCG	0.0
GCGGCC	0.0
CGGCGG	0.0
CGGCGC	0.0
CGCGGG	0.0
CGCGGC	0.0
CGCGCG	0.0
CGCGCC	0.0
GGCCCG	39.08060144642488
GGCCCC	0.0
CGCCGG	39.08060144642488
CGCCGC	32.09878613183886
CGCCCG	0.0
CGCCCC	79.0928516709243
GGCGGG	0.0
GGCGGC	0.0
GGCGCG	0.0
GGCGCC	0.0
GGCCGG	0.0
GGCCGC	0.0
CCGGCG	0.0
CCGGCC	32.09878613183886
CCGCCG	64.19757226367771
CCGCCC	26.3642838903081
GGGGCG	0.0
GGGGCC	47.581033224785415
GGGGGG	70.53085164776718
GGGGGC	57.93039612867171
GGGCCG	0.0
GGGCCC	0.0
CCGGGG	0.0
CCGGGC	0.0
GGGCGG	0.0
GGGCGC	0.0
CCCCGG	0.0
CCCCGC	0.0
CCGCGG	0.0
CCGCGC	0.0
CCCCCG	0.0
CCCCCC	86.61704055647293
