	Smithornis_sharpei 5-mer OE values GC sorted
AAAAA	1.5045866599272102
AAAAT	1.2764751456226573
AATAT	0.6257031672332669
AATAA	0.9928140021509557
AATTA	1.00807732498693
AATTT	1.0223582099719561
ATAAA	0.9644478878037855
ATAAT	0.9037934637813855
ATATT	0.8093669162277987
ATATA	0.7299870284388114
ATTAA	1.042838612055445
ATTAT	0.9797599512231246
ATTTT	1.4616583688619447
ATTTA	0.7667686574789672
TTATT	1.0440416920442461
TTATA	1.0649564687207875
TTTTT	1.599277597755848
TTTTA	1.2006479458508827
TTTAA	0.8093669162277985
TTTAT	1.1484458612486708
TTAAA	1.2166450473980186
TTAAT	0.8093669162277984
AAATA	0.709152858679254
AAATT	0.9733160379184151
TAAAT	0.5561805930962372
TAAAA	1.5034040604000187
TAATT	0.9371616924742932
TAATA	0.799509602575841
TATTT	0.8874354382376093
TATTA	0.8093669162277987
TATAA	0.6952257413702966
TATAT	0.7241703987301357
GAAAT	1.019192019615342
GAAAA	1.4970369527362009
ATACT	0.8987232142460521
ATACA	0.3404985617124468
GAATA	1.019192019615342
GAATT	1.1657053509563426
ATTAC	0.802431441291118
ATTAG	0.9159113471799837
ATTTG	0.8162942556028948
ATTTC	0.865339659182073
ATTGA	0.9991760151054366
ATTGT	0.6122206917021711
ATTCA	0.5135561224263154
ATTCT	1.6913456974922334
GATAA	0.7474074810512507
GATAT	0.9159113471799836
GATTA	0.4995880075527183
GATTT	1.0203678195036183
ATGAA	1.9704379045896612
ATGAT	1.4154993547327022
ATGTA	0.8326466792545306
ATGTT	0.2040735639007237
ATAAC	0.8119581086989116
ATAAG	0.4756229424871596
AATTC	0.6098478953812497
AATTG	1.1657053509563429
AATAG	1.5627610967435244
AATAC	0.5500361381508756
AATGA	1.5627610967435244
AATGT	0.6661173434036245
AACAT	0.785765911644108
AACAA	1.261037327431243
GTAAT	1.4154993547327022
GTAAA	0.8832997503332963
TCATT	1.2980094887731088
TCATA	0.898723214246052
TCAAT	0.9629177295493414
TCAAA	1.100072276301751
TCTTT	1.1086328993209016
TCTTA	1.219342247029284
GTATA	0.7493820113290776
GTATT	0.5101839097518093
ATCAA	1.178648867466162
ATCAT	1.251793048414144
ATCTA	0.9950149872009862
ATCTT	0.9046732800539853
GTTAA	0.5828526754781713
GTTAT	0.5101839097518092
TGATA	0.9159113471799837
TGATT	1.2244413834043424
CATAA	0.8381503057537151
CATAT	0.7061396683361837
CATTA	1.123404017807565
CATTT	0.9833405217978097
AGAAA	1.6079285788648083
AGAAT	1.019192019615342
GTTTA	0.9183310375532567
GTTTT	0.37512327125740014
TGTAA	0.9159113471799836
TGTAT	0.7142574736525329
TGTTA	0.6122206917021712
TGTTT	0.6252054520956669
TGAAA	1.2230304235384104
TGAAT	1.332234686807249
TTTCT	1.4942443425629544
TTTCA	1.2980094887731088
TTCTT	2.0726615074260337
TTCTA	1.0226741426697221
TTCAT	1.4946775931326708
TTCAA	0.9629177295493414
AGATT	0.08326466792545305
AGATA	0.6794613464102279
AGTTT	1.2244413834043422
AGTTA	0.6661173434036244
AGTAT	0.7493820113290774
AGTAA	1.0871381542563645
TTGAA	0.6661173434036244
TTGAT	0.8162942556028947
TTGTA	0.7142574736525329
TTGTT	0.6252054520956668
TTTAG	0.8162942556028947
TTTAC	1.1013413844135473
TTACT	0.8653396591820726
TTACA	0.9629177295493414
TTTTG	0.7502465425148
TTTTC	1.301438620941928
TCTAA	0.898723214246052
TCTAT	0.7866724174382478
ATATG	0.7493820113290776
ATATC	0.6098478953812497
ATAGA	1.0871381542563647
ATAGT	0.9991760151054367
AACTT	0.9950149872009862
AACTA	0.9691112910277332
AAAAG	1.4970369527362013
AAAAC	1.325157869504018
TTATC	1.4553439722607588
TTATG	0.5101839097518092
TTAAG	0.49958800755271826
TTAAC	1.1555012754592096
CAAAA	1.1541697573099512
CAAAT	0.7071893204796972
CAATA	0.8905346998633223
CAATT	0.7061396683361838
TTTGT	0.7502465425148002
TTTGA	0.6122206917021711
TACAT	0.8666259565944073
TACAA	0.5762283352056792
CTATA	0.5777506377296049
CTATT	1.219342247029284
TTAGA	0.8326466792545304
TTAGT	0.9183310375532564
TAGTA	1.248970018881796
TAGTT	1.3264781653547042
TATAC	0.7703341836394733
TATAG	0.9991760151054367
TATTG	1.1224046014539804
TATTC	1.1013413844135473
TATGA	1.582028690583608
TATGT	0.40814712780144735
TATCA	0.9629177295493415
TATCT	1.062007763541635
TACTA	0.7703341836394733
TACTT	1.1013413844135473
TAGAT	0.33305867170181225
TAGAA	2.038384039230684
CTAAA	1.4143786409593941
CTAAT	1.219695790762499
CTTTT	1.2050357601314148
CTTTA	1.0620077635416345
ACATT	0.9950149872009862
ACATA	0.7071893204796972
ACAAT	0.6809971234248936
ACAAA	1.1541697573099512
ACTTT	1.0620077635416345
ACTTA	1.0592095025042756
TAAAC	1.3619942468497872
TAAAG	1.019192019615342
TAATG	0.9159113471799837
TAATC	1.4122793366723678
TAAGA	0.33973067320511396
TAAGT	0.33305867170181225
ACTAA	1.3096098527401798
ACTAT	0.7061396683361837
TAACT	0.5456533800779602
TAACA	1.1000722763017512
CTTAA	1.2838903060657885
CTTAT	1.4553439722607584
AAGTA	0.6115152117692052
AAGTT	0.33305867170181225
AAGAA	1.4415911396718974
AAGAT	0.7474074810512508
AATCT	0.9629177295493415
AATCA	0.9691112910277332
AAATG	1.0871381542563647
AAATC	0.8905346998633223
AAAGA	1.33069951354329
AAAGT	0.5435690771281824
AAACA	1.2824108414555013
AAACT	1.231033261575769
AAACC	1.4406910917884208
AAACG	0.9215381983468828
AAAGC	1.382307297520324
AAAGG	1.992163237608183
AATCC	1.281798854878528
AATCG	1.3802555954147944
CACTT	0.9187592032622207
CACTA	1.0399500143354095
CACAT	0.7497314056836674
CACAA	0.7894197763224223
AAGCT	1.5684722675168117
AAGCA	1.382307297520324
AAGGT	1.3020259754023205
AAGGA	1.8593523551009712
AAGTC	0.5019111256053798
AAGTG	0.9765194815517404
AAGAC	0.9727347649217096
AAGAG	1.5937305900865464
CTCTT	1.4890862873226958
CTCTA	0.8298470223013606
CTCAT	1.333682714412901
CTCAA	1.0641348983897212
CTGTT	0.8479521446876176
CTGTA	0.7688344492004131
CTGAT	1.230135118720661
CTGAA	0.8783444698094145
GCATT	1.460785453480785
GCATA	0.6273889070067246
GCAAT	1.882166721020174
GCAAA	0.8191450651972291
ACCTT	1.185495746144801
ACCTA	1.112504666498345
ACCAT	0.7739162897379792
ACCAA	1.1051876868513912
CTTAC	1.0373087778767007
CTTAG	1.3070185636407023
GCTTT	1.0363859546181993
GCTTA	1.5376688984008262
GCTAT	0.9226013390404958
GCTAA	1.1920389233127768
ACGTT	0.6919510042803717
ACGTA	0.5019111256053796
ACGAT	0.3764333442040348
ACGAA	0.6143587988979219
ACTCT	1.0373087778767007
ACTCA	0.6771767535207317
ACTGT	0.6919510042803718
ACTGA	1.1920389233127768
TAACC	1.6687569997475176
TAACG	0.4391722349047073
TAAGC	1.1920389233127768
TAAGG	0.9765194815517404
ACTTC	0.9483965969158408
ACTTG	1.3839020085607436
ACTAC	0.7497314056836673
ACTAG	1.1920389233127768
ACACT	1.1608744346069686
ACACA	0.6907423042821195
ACAGT	0.941083360510087
ACAGA	0.563162232323095
CTTCT	1.4527671095831178
CTTCA	1.6004192572954812
CTTGT	0.7537352397223268
CTTGA	0.7688344492004131
CTTTC	0.9442986212290264
CTTTG	1.036385954618199
ACATC	0.6288069854121081
ACATG	1.1920389233127768
ACAAC	0.6118003266498774
ACAAG	1.0751278980713632
CCTTT	1.0169369767081824
CCTTA	1.333682714412901
CTAGT	1.1532516738006198
CTAGA	1.0665611419114318
TATCC	0.5927478730724006
TATCG	0.6919510042803719
TATGC	0.8457178941204546
TATGG	0.9972307571740585
GGTAT	1.3961230600436823
GGTAA	1.4647792223276106
CGATT	0.23065033476012395
CGATA	0.6273889070067246
TAGCT	0.9994847839605372
TAGCA	1.6312111582174842
TAGGT	0.5983384543044352
TAGGA	4.394337666982832
TAGTC	0.9994847839605374
TAGTG	0.0
TAGAC	0.7528666884080696
TAGAG	1.3020259754023205
GGAAT	2.441298703879351
GGAAA	1.1952979425649102
TACCT	0.9483965969158408
TACCA	0.7255465216293554
TACGT	0.5381841144402892
TACGA	0.6901277977073972
TACTC	0.6816600540332607
TACTG	0.6150675593603306
TACAC	0.5078825651405489
TACAG	0.941083360510087
GGTTT	2.444115129722593
GGTTA	0.5983384543044352
CTATC	0.7409348413405006
CTATG	1.5376688984008262
CTAAC	1.4510930432587108
CTAAG	0.8783444698094145
CCTAT	1.185495746144801
CCTAA	1.6687569997475173
AGCTT	1.8452026780809916
AGCTA	1.3802555954147941
AGCAT	1.2547778140134493
AGCAA	1.8942729632685924
CAAGT	0.3764333442040348
CAAGA	1.4847004306699778
TTAGC	0.9226013390404957
TTAGG	1.5955692114784934
CGAAT	0.6273889070067247
CGAAA	0.9215381983468828
GGATT	2.5927999686525527
GGATA	0.6510129877011602
CAATC	1.2092442027155925
CAATG	1.066561141911432
CAAAC	1.2630716421158759
CAAAG	1.0239313314965364
CTACT	0.8891218096086007
CTACA	0.8464709419009145
AGGTT	1.1966769086088702
AGGTA	1.9530389631034806
AGGAT	2.2785454569540606
AGGAA	2.6562176501442436
AGTCT	0.4613006695202479
AGTCA	1.0038222512107593
TTTGC	1.224819764548781
TTTGG	1.2220575648612964
TTACC	1.0669461715303208
TTACG	0.5381841144402892
AGTGT	1.396123060043682
AGTGA	0.6510129877011602
AGTTC	0.46130066952024795
AGTTG	0.9972307571740585
AGTAC	0.3136944535033623
AGTAG	2.1157922100287707
AGACT	0.43917223490470725
AGACA	1.177521031221017
AGAGT	1.4647792223276104
AGAGA	0.6640544125360609
AGATC	0.2509555628026898
AGATG	1.1392727284770303
TTGCT	0.7537352397223268
TTGCA	0.9226013390404958
TTGGT	2.688526642694852
TTGGA	2.193907665782929
TTGTC	0.5653014297917451
TTGTG	0.7332345389167778
TTGAC	0.8457178941204546
TTGAG	0.5983384543044351
TTTCC	0.8716602657498705
TTTCG	0.8479521446876175
GTCTT	0.8479521446876178
GTCTA	0.6150675593603306
GTCAT	0.6919510042803719
GTCAA	0.8783444698094146
TTCCT	1.7070013537601634
TTCCA	0.8298470223013606
TTCGT	0.8479521446876176
TTCGA	0.6150675593603305
TTCTC	1.4164479318435397
TTCTG	1.2248197645487808
TTCAC	1.0965835651839408
TTCAG	0.5381841144402892
AGAAC	1.1775210312210167
AGAAG	3.05465029766588
CATGT	0.38441722460020655
CATGA	1.631211158217484
CATTC	1.0965835651839408
CATTG	1.0763682288805785
CATAC	0.6529918694664198
CATAG	1.1293000326121043
GTTCT	0.659518334757036
GTTCA	0.6919510042803719
GTTGT	0.24441151297225933
GTTGA	0.3988923028696235
TGACT	1.922086123001033
TGACA	0.6273889070067247
TGAGT	0.9972307571740587
TGAGA	1.1392727284770305
TGATC	1.0763682288805787
TGATG	2.193907665782929
TGAAC	0.8783444698094146
TGAAG	1.3020259754023205
TGTCT	0.8479521446876178
TGTCA	0.46130066952024795
TGTGT	0.24441151297225933
TGTGA	0.5983384543044352
TGTTC	0.3768676198611634
TGTTG	0.733234538916778
TGTAC	0.5381841144402892
TGTAG	1.5955692114784936
GTGTT	0.48882302594451865
GTGTA	1.1966769086088704
GTGAT	1.3961230600436823
GTGAA	0.8137662346264504
GTTAC	0.5381841144402892
GTTAG	0.5983384543044351
GTACT	0.23065033476012398
GTACA	0.4391722349047073
GTAGT	0.9972307571740587
GTAGA	1.7902857161781907
CCAAT	0.8948407100095385
CCAAA	1.0459812036272096
TGGTT	2.199703616750334
TGGTA	1.1966769086088704
TGGAT	1.1966769086088704
TGGAA	1.9530389631034808
CAACT	1.0399500143354095
CAACA	0.8683617539546645
ATCCT	1.6300566509491012
ATCCA	0.5562523332491724
ATCGT	0.6150675593603306
ATCGA	0.5019111256053798
ATCTC	0.8298470223013609
ATCTG	0.9994847839605372
ATCAC	1.0641348983897214
ATCAG	0.6901277977073972
CAGTT	0.5381841144402891
CAGTA	0.8783444698094144
GTAAC	0.5019111256053798
GTAAG	1.1392727284770305
CGTTT	1.1306028595834903
CGTTA	0.38441722460020655
TGCTT	0.659518334757036
TGCTA	1.15325167380062
TGCAT	0.6919510042803719
TGCAA	1.1293000326121045
CCATT	0.8298470223013606
CCATA	0.8222860578466027
GTTTC	2.0727719092363985
GTTTG	1.2220575648612966
GACTT	1.5376688984008262
GACTA	1.1293000326121043
GACAT	0.941083360510087
GACAA	0.563162232323095
TCAGT	0.4613006695202479
TCAGA	0.5019111256053796
TCATC	1.6596940446027213
TCATG	1.0763682288805785
TCAAC	1.2092442027155923
TCAAG	0.6901277977073971
GTATC	0.38441722460020666
GTATG	0.9972307571740587
GAGAT	0.6510129877011602
GAGAA	1.8593523551009705
TCTGT	0.5653014297917451
TCTGA	1.460785453480785
TCTTC	1.6706821760205852
TCTTG	1.5074704794446534
TCTAC	0.8298470223013606
TCTAG	1.3070185636407023
TCACT	0.9483965969158408
TCACA	0.9915802462267856
CGTAT	0.07688344492004132
CGTAA	0.5646500163060522
CAGAT	0.1882166721020174
CAGAA	1.0239313314965364
CATCT	0.8002096286477406
CATCA	1.4510930432587108
ATGCT	1.2301351187206613
ATGCA	1.0038222512107595
ATGGT	0.3988923028696235
ATGGA	1.1392727284770305
ATGTC	0.5381841144402894
ATGTG	0.5983384543044352
ATGAC	1.5057333768161392
ATGAG	1.9530389631034808
GATTC	0.9226013390404959
GATTG	0.1994461514348117
GATAC	0.5646500163060522
GATAG	0.6510129877011602
TCGTT	0.47108452482645424
TCGTA	0.30753377968016526
TCGAT	0.4613006695202479
TCGAA	0.6273889070067246
TCTCT	0.8353410880102927
TCTCA	1.0965835651839408
GAGTT	1.396123060043682
GAGTA	0.8137662346264503
ATTCC	0.7409348413405007
ATTCG	0.9226013390404959
ATTGC	0.5381841144402892
ATTGG	2.991692271522176
GAATC	0.8783444698094145
GAATG	2.1157922100287707
GAAAC	1.0239313314965361
GAAAG	1.5937305900865462
TCCTT	1.5980438205414296
TCCTA	2.015342768446162
TCCAT	0.5927478730724005
TCCAA	0.798101173792291
GATCT	0.8457178941204545
GATCA	0.7528666884080696
GATGT	0.9972307571740585
GATGA	2.2785454569540606
ATACC	0.7497314056836674
ATACG	0.5646500163060523
ATAGC	1.2547778140134493
ATAGG	1.4647792223276106
AATGC	1.066561141911432
AATGG	1.4647792223276106
GAACT	1.0038222512107593
GAACA	0.563162232323095
GAAGT	1.4647792223276104
GAAGA	1.3281088250721218
AACCT	1.5236476954216462
AACCA	1.4604265861964811
AACGT	0.7528666884080696
AACGA	0.5119656657482682
AACTC	0.9915802462267859
AACTG	0.8783444698094146
AACAC	0.7696842819143618
AACAG	1.4847004306699778
CCCTT	1.0125437863935771
CCCTA	1.6971869437965292
CCCAT	1.138901764916092
CCCAA	1.4213947060322083
GAACC	1.2763702734829196
GAACG	0.49053018162119905
GAAGC	1.594223090268897
GAAGG	3.817506759304879
CGCTT	0.21297379488975596
CGCTA	0.4634457488593556
CGCAT	0.6372379046816139
CGCAA	0.6145486501954798
TCCCT	1.0399098346744844
TCCCA	0.7592678432773947
TCCGT	0.5679301197060159
TCCGA	0.5793071860741945
TCCTC	2.2713820073153212
TCCTG	0.8518951795590238
TCCAC	0.8262620647430471
TCCAG	0.8689607791112917
GATCC	0.40551503025193614
GATCG	0.3005603843094973
GATGC	0.9016811529284917
GATGG	1.169541999320671
TCGCT	0.21297379488975596
TCGCA	0.6372379046816139
TCGGT	0.9208051614450208
TCGGA	1.5028019215474864
TCGTC	0.6389213846692678
TCGTG	0.7366441291560165
TCGAC	0.6372379046816139
TCGAG	0.4508405764642459
TCTCC	1.3135703174835593
TCTCG	0.28396505985300796
CGGTT	0.7366441291560166
CGGTA	0.3005603843094973
CGGAT	0.7514009607737432
CGGAA	0.9810603632423981
GAGCT	1.5028019215474864
GAGCA	1.9621207264847962
GAGGT	4.678167997282684
GAGGA	3.817506759304879
GAGTC	1.0519613450832404
GAGTG	1.5593893324275612
GAGAC	0.8584278178370983
GAGAG	0.6362511265508131
TCTGC	1.1358602394120318
TCTGG	0.9208051614450207
TCACC	0.8932562862086996
TCACG	0.4634457488593556
CGTAC	0.4634457488593556
CGTAG	0.9016811529284918
GACCT	0.7530993418964528
GACCA	0.8509135156552798
GACGT	0.30056038430949733
GACGA	0.49053018162119916
GACTC	0.5793071860741945
GACTG	0.4508405764642459
GACAC	0.8036405425633198
GACAG	0.9810603632423981
TCAGC	0.8110300605038723
TCAGG	1.202241537237989
TGCCT	1.7037903591180479
TGCCA	0.8689607791112917
TGCGT	0.36832206457800837
TGCGA	0.30056038430949733
CGTCT	0.4259475897795119
CGTCA	0.521376467466775
CGTGT	0.18416103228900416
CGTGA	0.4508405764642459
CGTTC	0.28396505985300796
CGTTG	0.5524830968670124
TGCTC	0.780903914595772
TGCTG	0.7366441291560166
TGCAC	0.6951686232890334
TGCAG	0.9016811529284919
CCACT	0.8932562862086996
CCACA	0.9111504525847489
CCAGT	0.6951686232890334
CCAGA	0.7090945963793999
CCATC	1.2058959863817444
CCATG	0.8110300605038723
GTACC	0.5793071860741945
GTACG	0.30056038430949733
GTAGC	1.5028019215474866
GTAGG	1.949236665534452
CCAAC	1.3667256788771234
CCAAG	1.2763702734829199
TGGCT	2.20993238746805
TGGCA	1.202241537237989
TGGGT	0.9554777149359875
TGGGA	1.169541999320671
TGGTC	0.5524830968670125
TGGTG	0.9554777149359875
TGGAC	1.0519613450832406
TGGAG	3.1187786648551232
TGTCC	0.35495632481626
TGTCG	0.3683220645780083
TGTGC	0.7366441291560166
TGTGG	1.4332165724039814
GTGTC	0.5524830968670125
GTGTG	0.47773885746799377
GTGAC	0.30056038430949733
GTGAG	0.0
GTTCC	0.35495632481626
GTTCG	0.3683220645780083
GTTGC	1.289127226023029
GTTGG	1.910955429871975
TGACC	1.04275293493355
TGACG	0.30056038430949733
TGAGC	2.4044830744759786
TGAGG	2.7289313317482327
GTCCT	1.06486897444878
GTCCA	0.4634457488593556
GTCGT	0.18416103228900418
GTCGA	0.9016811529284919
GTCTC	0.496938854742764
GTCTG	0.7366441291560166
GTCAC	0.4634457488593556
GTCAG	0.6011207686189947
GTGCT	0.9208051614450208
GTGCA	1.0519613450832406
GTGGT	0.9554777149359875
GTGGA	1.949236665534452
TTCCC	0.6841512070226872
TTCCG	0.07099126496325199
TTCGC	0.4259475897795119
TTCGG	2.2099323874680494
TTGCC	1.7747816240812997
TTGCG	0.7366441291560165
TTGGC	2.025771355179046
TTGGG	1.910955429871975
CGAAC	0.4254567578276399
CGAAG	0.9810603632423981
GGACT	1.6530821137022353
GGACA	1.4715905448635975
GGAGT	3.5086259979620134
GGAGA	2.545004506203253
GGATC	1.5028019215474866
GGATG	1.169541999320671
GGAAC	1.4715905448635975
GGAAG	1.5906278163770329
TACCC	1.049576136295222
TACCG	0.6951686232890334
TACGC	0.521376467466775
TACGG	1.0519613450832406
GGTTC	1.6574492906010374
GGTTG	1.4332165724039814
GGTAC	0.30056038430949733
GGTAG	1.5593893324275616
CGACT	0.4634457488593556
CGACA	0.28363783855175995
CGAGT	0.0
CGAGA	0.8584278178370985
CGATC	0.2317228744296778
CGATG	1.0519613450832406
TAGCC	2.2592980256893584
TAGCG	0.45084057646424597
TAGGC	3.005603843094973
TAGGG	1.169541999320671
CTCTC	1.0399098346744844
CTCTG	1.1358602394120318
CTCAC	0.7146050289669597
CTCAG	0.8110300605038723
GGGTT	2.8664331448079627
GGGTA	0.7796946662137808
GGGAT	1.949236665534452
GGGAA	0.31812556327540664
GGTCT	1.289127226023029
GGTCA	0.6011207686189945
GGTGT	1.4332165724039814
GGTGA	1.5593893324275616
CTGTC	0.4259475897795119
CTGTG	0.7366441291560165
CTGAC	1.04275293493355
CTGAG	3.0056038430949727
GGCTT	3.3148985812020753
GGCTA	1.0519613450832406
GGCAT	1.5028019215474866
GGCAA	0.8584278178370985
CTCCT	2.4629443452816737
CTCCA	1.0272447291400046
CTCGT	0.28396505985300796
CTCGA	0.4634457488593556
GCACT	0.7530993418964528
GCACA	0.6618216232874399
GCAGT	0.9016811529284919
GCAGA	1.2263254540529978
GCATC	0.8110300605038723
GCATG	1.0519613450832406
GCAAC	1.1345513542070398
GCAAG	0.6131627270264988
CTGCT	0.5679301197060159
CTGCA	0.5793071860741945
CTGGT	0.9208051614450208
CTGGA	1.5028019215474864
ACCCT	1.4738728722443544
ACCCA	1.2391646155152585
ACCGT	0.5793071860741945
ACCGA	0.37818378473567993
ACCTC	1.0942389506056571
ACCTG	0.6951686232890334
ACCAC	0.8018123982745791
ACCAG	0.8981864887472398
ACGCT	0.521376467466775
ACGCA	0.2836378385517599
ACGGT	0.15028019215474864
ACGGA	0.7357952724317985
GCTCT	0.9228864445222759
GCTCA	0.521376467466775
GCTGT	0.3683220645780083
GCTGA	1.3525217293927378
GCTTC	1.1358602394120318
GCTTG	0.9208051614450207
GCTAC	0.7530993418964528
GCTAG	1.202241537237989
ACGTC	0.405515030251936
ACGTG	0.45084057646424586
ACGAC	0.47272973091959986
ACGAG	1.1036929086476979
ACTCC	0.9825819148295696
ACTCG	0.2317228744296778
ACTGC	0.6951686232890334
ACTGG	1.0519613450832406
ACACC	0.5466902715508493
ACACG	0.23636486545979993
ACAGC	1.5600081120346798
ACAGG	2.575283453511295
GCGTT	0.18416103228900416
GCGTA	0.15028019215474864
GCGAT	0.4508405764642459
GCGAA	0.6131627270264988
CTTCC	1.2862042692026519
CTTCG	0.8518951795590238
CTTGC	1.5618078291915438
CTTGG	2.394093419757054
CCTCT	1.4230345106071893
CCTCA	1.3622158364682668
CCTGT	0.8518951795590238
CCTGA	1.2165450907558084
CCTTC	1.6145968485735418
CCTTG	0.9938777094855278
CTAGC	2.2592980256893584
CTAGG	4.658685956797208
GCCTT	1.7747816240812997
GCCTA	1.7379215582225833
GCCAT	1.564129402400325
GCCAA	1.2290973003909595
CCTAC	1.183564579226527
CCTAG	3.359981679230328
AGCCT	2.0855058698671
AGCCA	1.5127351389427197
AGCGT	0.15028019215474867
AGCGA	0.3678976362158994
AGCTC	0.6372379046816139
AGCTG	1.5028019215474864
AGCAC	0.5200027040115599
AGCAG	2.8205485443218943
CAAGC	0.9927324349311598
CAAGG	0.9810603632423981
CTACC	0.9825819148295696
CTACG	0.9268914977187112
CCGTT	0.6389213846692678
CCGTA	0.6372379046816139
CCGAT	0.521376467466775
CCGAA	0.8509135156552797
AGGCT	1.6530821137022351
AGGCA	1.471590544863597
AGGGT	1.9492366655344515
AGGGA	0.6362511265508131
AGGTC	1.0519613450832404
AGGTG	2.728931331748232
AGGAC	2.452650908105995
AGGAG	7.316887955334351
AGTCC	0.7530993418964528
AGTCG	0.9016811529284918
AGTGC	0.0
AGTGG	1.9492366655344515
AGACC	0.7090945963793998
AGACG	1.2263254540529975
AGAGC	0.6131627270264988
AGAGG	2.2268789429278457
CATGC	0.9268914977187112
CATGG	0.9016811529284918
CAACC	1.567178778445768
CAACG	0.3309108116437199
ATCCC	0.7592678432773947
ATCCG	1.158614372148389
ATCGC	0.9268914977187112
ATCGG	1.8033623058569839
CAGCT	1.1006836535409694
CAGCA	1.0400054080231196
CAGGT	1.3525217293927378
CAGGA	2.943181089727194
CAGTC	0.7530993418964527
CAGTG	0.9016811529284917
CAGAC	0.8036405425633197
CAGAG	0.49053018162119905
CATCC	1.1612331720713094
CATCG	0.6372379046816139
ATGCC	0.9268914977187112
ATGCG	0.30056038430949733
ATGGC	1.6530821137022353
ATGGG	1.169541999320671
AACCC	1.8040778961178026
AACCG	0.8981864887472397
AACGC	0.4254567578276399
AACGG	0.6131627270264988
CACCT	0.8709248790534821
CACCA	0.5284672624991543
CACGT	0.3475843116445167
CACGA	0.5672756771035199
CACTC	0.8262620647430471
CACTG	1.2744758093632278
CACAC	0.7471433711194941
CACAG	1.3236432465748798
AAGCC	1.1818243272989999
AAGCG	0.36789763621589927
AAGGC	1.8394881810794967
AAGGG	1.2725022531016263
CCCCA	1.2283299216291454
CCCCT	1.2371986016030259
CCCGT	0.48141930926783794
CCCGA	0.8730015055548604
CCCAG	1.0039517313880895
CCCAC	0.925454050542507
CCCTG	0.8558565498094897
CCCTC	1.5258782753103985
CACCC	1.009586236955462
CACCG	0.30555052694420115
CACGC	0.08730015055548607
CACGG	0.5661712695782382
CAGGG	1.7624706731772215
CAGGC	1.472045300903419
CAGCG	0.4529370156625904
CAGCC	1.6150527852764918
GCCAC	0.9166515808326035
GCCAG	0.6794055234938856
GCCTG	1.526393496830123
GCCTC	1.9256772370713517
GCCCA	1.3968024088877766
GCCCT	2.086150340160631
GCCGT	0.8325782709982489
GCCGA	0.566171269578238
GCGTC	0.41628913549912444
GCGTG	0.7199405632406602
GCGAC	0.1132342539156476
GCGAG	1.1749804487848143
GCGGA	0.5874902243924072
GCGGT	2.5197919713423103
GCGCT	0.41628913549912444
GCGCA	0.566171269578238
GGCCA	1.4720453009034191
GGCCT	3.0527869936602463
GGCGT	1.0799108448609902
GGCGA	1.4687255609810181
CTGCC	1.2837848247142345
CTGCG	0.1387630451663748
CTGGC	1.2488674064973733
CTGGG	1.4398811264813205
GCTCC	0.6953834467202104
GCTCG	0.1387630451663748
GCTGC	0.8325782709982489
GCTGG	2.5197919713423107
GCAGG	3.8186864585506473
GCAGC	1.0191082852408286
GCACG	0.11323425391564762
GCACC	0.39285067749968733
GGGTC	1.0799108448609902
GGGTG	2.8014361495409017
GGGAC	0.29374511219620364
GGGAG	1.524029840006506
GGGGA	2.286044760009759
GGGGT	2.8014361495409017
GGGCT	2.1598216897219804
GGGCA	0.5874902243924073
CTCGG	0.2775260903327496
CTCGC	0.6418924123571172
CTCCG	0.9093475841725828
CTCCC	1.299058531683177
GGCAG	0.8812353365886109
GGCAC	1.0191082852408286
GGCTG	2.5197919713423116
GGCTC	0.9713413161646238
CGGCA	0.7926397774095332
CGGCT	1.387630451663748
CGGGT	1.4398811264813203
CGGGA	0.2937451121962036
GTGCC	0.693815225831874
GTGCG	0.3599702816203301
GTGGC	0.0
GTGGG	1.8676240996939344
CGTCC	0.534910343630931
CGTCG	0.8325782709982489
CGTGC	0.693815225831874
CGTGG	0.3599702816203301
GACCC	0.8293514302771177
GACCG	0.4529370156625905
GACGC	1.1323425391564763
GACGG	0.5874902243924073
CGACC	0.5238009033329164
CGACG	0.4529370156625905
CGAGC	1.1323425391564763
CGAGG	2.0562157853734253
GGTCC	0.5550521806654992
GGTCG	1.0799108448609902
GGTGC	3.239732534582971
GGTGG	0.0
GGACC	1.0191082852408286
GGACG	0.5874902243924073
GGAGC	3.5249413463544434
GGAGG	9.90619396004229
GTCGG	1.439881126481321
GTCGC	0.832578270998249
GTCCG	0.27752609033274966
GTCCC	0.4279282749047449
GAGCC	1.472045300903419
GAGCG	1.1749804487848143
GAGGC	2.643706009765832
GAGGG	0.7620149200032529
CGGAG	2.6437060097658325
CGGAC	0.6794055234938856
CGGTG	1.4398811264813205
CGGTC	0.693815225831874
TGCGG	0.35997028162033023
TGCGC	0.4162891354991245
TGCCG	0.832578270998249
TGCCC	1.337275859077328
CCAGG	1.1323425391564763
CCAGC	1.1349019572213188
CCACG	0.48015082805517323
CCACC	0.942280487825098
TCGCC	1.2837848247142345
TCGCG	0.2775260903327496
TCGGC	1.8039195871628726
TCGGG	0.7199405632406602
TCCGG	0.693815225831874
TCCGC	0.9093475841725828
TCCCG	0.10698206872618621
TCCCC	1.1547186948294907
CGCTC	0.37443724054165173
CGCTG	0.41628913549912444
CGCAC	0.2182503763887151
CGCAG	0.6794055234938856
CGCGA	0.3397027617469428
CGCGT	0.1387630451663748
CGCCT	1.0163296528987689
CGCCA	0.8730015055548604
CCGCA	0.5674509786106593
CCGCT	0.3209462061785586
CCGGT	0.2775260903327496
CCGGA	1.132342539156476
ACGCC	0.5238009033329163
ACGCG	0.3397027617469428
ACGGC	1.132342539156476
ACGGG	0.5874902243924072
CCTCC	2.3094373896589815
CCTCG	0.9093475841725828
CCTGC	0.48141930926783794
CCTGG	1.2488674064973733
AGCCC	1.5277526347210062
AGCCG	1.2455767930721238
AGCGC	0.33970276174694286
AGCGG	2.0562157853734253
AGGCC	3.1705591096381327
AGGCG	1.7624706731772215
AGGGC	1.1749804487848143
AGGGG	2.2860447600097586
CCGAG	0.9058740313251809
CCGAC	0.34920060222194416
CCGTG	0.1387630451663748
CCGTC	0.6418924123571172
TGGCC	1.387630451663748
TGGCG	0.3599702816203301
TGGGC	1.0799108448609902
TGGGG	4.669060249234836
ACCGG	0.6794055234938857
ACCGC	0.7857013549993747
ACCCG	0.7857013549993744
ACCCC	1.2283299216291454
CGGCC	0.94100604335587
CGGCG	1.6273987550845297
CGGGG	1.4072315086339426
CGGGC	1.0849325033896864
GGGGC	2.8144630172678857
GGGGG	9.126376584280825
GGGCG	0.7036157543169714
GGGCC	1.62739875508453
GCGCC	0.41822490815816443
GCGCG	0.0
GCGGG	2.8144630172678853
GCGGC	0.2712331258474216
GGCCC	1.6728996326326582
GGCCG	0.5424662516948433
GGCGG	1.4072315086339429
GGCGC	1.0849325033896866
GCCGG	1.8986318809319513
GCCGC	1.1501184974349523
GCCCG	1.045562270395411
GCCCC	0.8464013978763346
CCCGC	0.5239627701139214
CCCGG	0.5227811351977055
CCCCG	0.6851820839951281
CCCCC	1.1963409716407338
CGCGC	0.20911245407908222
CGCGG	1.0849325033896866
CGCCG	1.045562270395411
CGCCC	1.047925540227843
CCGGC	0.8364498163163289
CCGGG	0.8136993775422648
CCGCG	0.5227811351977055
CCGCC	1.4106689964605577
