	Urechis_caupo 5-mer OE values GC sorted
AAAAA	1.3008932403536033
AAAAT	1.1660419303346028
AATAT	1.089446759972633
AATAA	1.408050632856879
AATTA	1.0667499524732031
AATTT	1.2175718366736397
ATAAA	0.8360300632587719
ATAAT	1.1802339899703524
ATATT	1.1473273076347759
ATATA	0.771691454980615
ATTAA	1.0440531449737733
ATTAT	1.3814757377643219
ATTTT	1.4976468451245866
ATTTA	1.0536679355829575
TTATT	1.5942692222293986
TTATA	1.1239124646218213
TTTTT	1.1961494363493221
TTTTA	1.2077797138101505
TTTAA	0.9834234065440935
TTTAT	1.3285576851911656
TTAAA	1.0667499524732031
TTAAT	1.1239124646218213
AAATA	1.2980466771649353
AAATT	1.0440531449737733
TAAAT	0.930569107476624
TAAAA	1.078038765781048
TAATT	1.732698382958641
TAATA	1.0667499524732031
TATTT	1.4251800622959776
TATTA	1.4048905807772765
TATAA	1.225627604969212
TATAT	1.194156993660685
GAAAT	1.2492614366314623
GAAAA	1.2575268714673984
ATACT	0.8202436079924681
ATACA	0.4122689717565822
GAATA	1.1531644030444268
GAATT	1.2887830335433135
ATTAC	0.850623000881078
ATTAG	0.9913715642640872
ATTTG	1.7386487604949605
ATTTC	1.0655761309752643
ATTGA	0.6443915167716567
ATTGT	0.9715978367471839
ATTCA	0.5164496791063687
ATTCT	1.7864070431055896
GATAA	0.4804851679351778
GATAT	0.3965486257056349
GATTA	0.8922344078376786
GATTT	1.43182839099585
ATGAA	1.2012129198379444
ATGAT	0.7930972514112699
ATGTA	0.545254360345248
ATGTT	0.9204611084973321
ATAAC	1.2368069152697467
ATAAG	0.672679235109249
AATTC	1.306313894210227
AATTG	1.487057346396131
AATAG	1.3934069870120156
AATAC	0.6478512413317721
AATGA	1.057067369457391
AATGT	0.6939600949848611
AACAT	0.9717768619976581
AACAA	1.3701476674095792
GTAAT	0.9913715642640872
GTAAA	0.7687762686962845
TCATT	0.8461928098921216
TCATA	0.5164496791063689
TCAAT	0.6379672506608085
TCAAA	0.9717768619976581
TCTTT	1.7782578406508687
TCTTA	0.9715547076539174
GTATA	0.5948229385584524
GTATT	0.8181876519976286
ATCAA	0.7067468087255695
ATCAT	0.425311500440539
ATCTA	1.0936581439899578
ATCTT	1.159597554296611
GTTAA	0.7930972514112699
GTTAT	0.6136407389982214
TGATA	0.6443915167716567
TGATT	1.3806916627459982
CATAA	0.530060106544177
CATAT	0.5164496791063687
CATTA	0.8506230008810778
CATTT	1.128257079856162
AGAAA	1.4438271487218277
AGAAT	1.2012129198379444
GTTTA	0.6647774672480732
GTTTT	0.5802993705683615
TGTAA	0.545254360345248
TGTAT	0.715914195497925
TGTTA	1.0227345649970356
TGTTT	0.8440718117357984
TGAAA	1.2973099534249801
TGAAT	0.7930972514112699
TTTCT	1.713593919172655
TTTCA	0.8775332843325705
TTCTT	1.6165980369553348
TTCTA	1.661045145343794
TTCAT	0.7208309121303257
TTCAA	0.8202436079924681
AGATT	0.7930972514112699
AGATA	0.5765822015222134
AGTTT	0.4090938259988143
AGTTA	0.545254360345248
AGTAT	0.941802986050883
AGTAA	1.2012129198379444
TTGAA	0.8922344078376786
TTGAT	1.0227345649970356
TTGTA	0.9715978367471839
TTGTT	0.5802993705683615
TTTAG	1.2784182062462945
TTTAC	0.8461928098921216
TTACT	1.0028951820943661
TTACA	0.8202436079924681
TTTTG	1.055089764669748
TTTTC	1.3579423510424813
TCTAA	1.2455551084330074
TCTAT	1.2536189776179578
ATATG	0.7930972514112699
ATATC	0.7594848222152483
ATAGA	0.9609703358703556
ATAGT	0.7435286731980655
AACTT	0.6075878577721986
AACTA	0.9717768619976581
AAAAG	1.5835523566626497
AAAAC	1.0561554936282171
TTATC	0.7835118610112237
TTATG	1.0227345649970356
TTAAG	0.545254360345248
TTAAC	0.6379672506608085
CAAAA	1.370147667409579
CAAAT	0.8539857272100629
CAATA	0.9717768619976579
CAATT	0.7898642151038582
TTTGT	0.8968262999692858
TTTGA	1.1250080214967393
TACAT	0.6379672506608085
TACAA	0.6478512413317721
CTATA	1.5189696444304968
CTATT	1.5356832475819984
TTAGA	0.545254360345248
TTAGT	1.0227345649970356
TAGTA	1.9827431285281745
TAGTT	0.5625040107483696
TATAC	0.5772084648835887
TATAG	0.9913715642640872
TATTG	1.5852385757454053
TATTC	0.9402142332134684
TATGA	0.8426658296244742
TATGT	0.8181876519976286
TATCA	0.5468290719949788
TATCT	1.5356832475819981
TACTA	1.0328993582127377
TACTT	1.0969166054157131
TAGAT	0.7930972514112699
TAGAA	1.2012129198379444
CTAAA	1.1190157804821517
CTAAT	1.5797284302077164
CTTTT	1.2609464688251615
CTTTA	1.284959452058407
ACATT	0.850623000881078
ACATA	0.6772990250286707
ACAAT	0.5006123228472783
ACAAA	1.1703344659123487
ACTTT	0.6894904376898767
ACTTA	0.8506230008810778
TAAAC	0.9717768619976581
TAAAG	0.7687762686962845
TAATG	0.8922344078376786
TAATC	1.0025199653241277
TAAGA	1.057067369457391
TAAGT	0.3965486257056349
ACTAA	1.2368069152697465
ACTAT	1.0632787511013475
TAACT	0.850623000881078
TAACA	1.1779113478759493
CTTAA	0.6987260364380286
CTTAT	1.0342356565348152
AAGTA	0.7687762686962845
AAGTT	0.4956857821320436
AAGAA	1.5835523566626497
AAGAT	1.1531644030444268
AATCT	0.9417611795469077
AATCA	0.7361945924224682
AAATG	0.7207277519027667
AAATC	0.8539857272100632
AAAGA	1.4438271487218277
AAAGT	0.672679235109249
AAACA	1.08470023669925
AAACT	0.8539857272100629
AAACC	1.6428916040852033
AAACG	0.5610613283718755
AAAGC	1.3091430995343762
AAAGG	1.525760814234527
AATCC	0.9459717616931222
AATCG	0.6431233861510772
CACTT	0.6505989970994518
CACTA	1.2612956822574963
CACAT	0.7488943113403886
CACAA	0.7641356298070715
AAGCT	1.41487144953237
AAGCA	0.6857416235656256
AAGGT	0.524676579022794
AAGGA	1.3223260390032567
AAGTC	0.5144987089208618
AAGTG	0.31480594741367635
AAGAC	1.3091430995343762
AAGAG	1.6274782018501621
CTCTT	1.5521068192314211
CTCTA	1.6264974927486298
CTCAT	0.7319238717368834
CTCAA	1.024802741834216
CTGTT	1.2320256782557768
CTGTA	0.5971222962770857
CTGAT	1.1278976707456063
CTGAA	1.350559110917262
GCATT	1.3269384361713017
GCATA	0.45018637030575415
GCAAT	1.4148714495323702
GCAAA	1.2468029519375015
ACCTT	1.260535556880188
ACCTA	1.1430492120458562
ACCAT	0.7883098014109353
ACCAA	1.337237352162375
CTTAC	0.9758984956491779
CTTAG	1.0615507489370415
GCTTT	1.0266880652131476
GCTTA	0.5307753744685207
GCTAT	2.0567545760655177
GCTAA	1.0289974178417238
ACGTT	0.33173460904282537
ACGTA	0.45018637030575404
ACGAT	0.3858740316906463
ACGAA	0.9351022139531259
ACTCT	1.0165609329678935
ACTCA	0.670063331199295
ACTGT	0.7298161398942158
ACTGA	0.8360604019964004
TAACC	1.3007111723280431
TAACG	0.3858740316906463
TAAGC	0.707435724766185
TAAGG	0.4197412632182351
ACTTC	0.9352360583304619
ACTTG	0.6634692180856507
ACTAC	1.0248027418342156
ACTAG	1.41487144953237
ACACT	0.7883098014109352
ACACA	0.9933763187491926
ACAGT	0.6431233861510771
ACAGA	0.4363810331781254
CTTCT	1.4262603203748194
CTTCA	0.9352360583304621
CTTGT	0.5475669681136787
CTTGA	0.7961630617027811
CTTTC	1.6779533180880228
CTTTG	1.4373632912984065
ACATC	0.630647841128748
ACATG	0.9646850792266158
ACAAC	1.0697898817298999
ACAAG	1.3714832471312512
CCTTT	2.055492814657828
CCTTA	1.1792106822427566
CTAGT	1.1942445925541716
CTAGA	1.1576220950719394
TATCC	0.772586309055599
TATCG	0.3980815308513904
TATGC	0.7298161398942158
TATGG	1.6238256940807292
GGTAT	0.541275231360243
GGTAA	1.1542884738501467
CGATT	0.39808153085139053
CGATA	0.32156169307553867
TAGCT	0.862509983511346
TAGCA	2.1866195129136625
TAGGT	0.541275231360243
TAGGA	3.357930105745881
TAGTC	0.5971222962770857
TAGTG	0.6495302776322917
TAGAC	0.7717480633812926
TAGAG	0.9444178422410291
GGAAT	2.938188842527646
GGAAA	1.1188912637719863
TACCT	1.2605355568801881
TACCA	0.6306478411287483
TACGT	0.39808153085139053
TACGA	0.9003727406115083
TACTC	0.8945736210117464
TACTG	0.729816139894216
TACAC	0.670063331199295
TACAG	0.45018637030575404
GGTTT	1.0051181966871094
GGTTA	0.8660403701763889
CTATC	1.423185306155051
CTATG	1.2605915143627366
CTAAC	1.182464702116403
CTAAG	0.9646850792266158
CCTAT	1.91113455397964
CCTAA	1.4189576425396837
AGCTT	0.5971222962770858
AGCTA	1.4148714495323702
AGCAT	1.1576220950719394
AGCAA	1.8702044279062522
CAAGT	0.6431233861510771
CAAGA	1.8702044279062517
TTAGC	0.7298161398942158
TTAGG	2.165100925440972
CGAAT	0.45018637030575415
CGAAA	0.810421918759376
GGATT	1.6238256940807292
GGATA	0.6296118948273527
CAATC	0.5518168609876546
CAATG	0.8360604019964004
CAAAC	1.1462034447106069
CAAAG	1.3091430995343762
CTACT	1.2198731195614723
CTACA	0.8277252914814821
AGGTT	0.3247651388161458
AGGTA	0.8394825264364703
AGGAT	1.469094421263823
AGGAA	2.949804240853419
AGTCT	0.3980815308513904
AGTCA	0.5788110475359695
TTTGC	1.8480385173836653
TTTGG	1.7868767941104169
TTACC	0.935236058330462
TTACG	0.7298161398942158
AGTGT	0.43302018508819445
AGTGA	0.7345472106319115
AGTTC	0.5307753744685206
AGTTG	0.541275231360243
AGTAC	0.7717480633812926
AGTAG	1.8888356844820582
AGACT	0.9646850792266158
AGACA	1.2468029519375012
AGAGT	0.31480594741367635
AGAGA	1.2206086513876215
AGATC	0.45018637030575404
AGATG	1.7839003686774995
TTGCT	1.2320256782557768
TTGCA	1.3932853579798665
TTGGT	0.6700787977914063
TTGGA	2.2733559717130207
TTGTC	0.5475669681136787
TTGTG	0.8934383970552084
TTGAC	0.33173460904282537
TTGAG	0.8660403701763889
TTTCC	1.3843114874226188
TTTCG	0.5475669681136787
GTCTT	0.8897963231847278
GTCTA	0.9952038271284761
GTCAT	0.7298161398942158
GTCAA	0.3858740316906463
TTCCT	1.4682091533270198
TTCCA	0.9352360583304619
TTCGT	0.41067522608525897
TTCGA	0.7961630617027808
TTCTC	1.5101579862792203
TTCTG	1.2320256782557768
TTCAC	0.772586309055599
TTCAG	0.4644284526599555
AGAAC	1.2468029519375012
AGAAG	1.7291955894657973
CATGT	0.5307753744685206
CATGA	0.8360604019964004
CATTC	0.8945736210117461
CATTG	0.6634692180856507
CATAC	0.630647841128748
CATAG	1.0289974178417236
GTTCT	0.8897963231847278
GTTCA	0.5307753744685206
GTTGT	0.2233595992638021
GTTGA	0.43302018508819445
TGACT	0.5971222962770857
TGACA	0.6431233861510772
TGAGT	0.3247651388161458
TGAGA	0.8394825264364703
TGATC	0.3980815308513904
TGATG	1.2990605552645833
TGAAC	0.9003727406115081
TGAAG	1.469094421263823
TGTCT	1.163579807241567
TGTCA	0.7961630617027808
TGTGT	0.11167979963190106
TGTGA	0.6495302776322917
TGTTC	0.7529045811563081
TGTTG	0.4467191985276042
TGTAC	0.33173460904282537
TGTAG	1.407315601536632
GTGTT	0.4467191985276042
GTGTA	0.43302018508819445
GTGAT	0.541275231360243
GTGAA	0.7345472106319115
GTTAC	0.928856905319911
GTTAG	0.10825504627204861
GTACT	0.862509983511346
GTACA	0.3215616930755386
GTAGT	1.407315601536632
GTAGA	1.364159105459264
CCAAT	1.024802741834216
CCAAA	1.2990305706720215
TGGTT	0.7817585974233073
TGGTA	0.6495302776322917
TGGAT	1.1908055089925347
TGGAA	2.098706316091176
CAACT	0.5912323510582015
CAACA	1.222617007691314
ATCCT	0.9352360583304621
ATCCA	0.5912323510582015
ATCGT	0.26538768723426037
ATCGA	0.6431233861510773
ATCTC	1.2198731195614723
ATCTG	0.729816139894216
ATCAC	0.5518168609876547
ATCAG	0.9646850792266158
CAGTT	0.33173460904282537
CAGTA	0.8360604019964004
GTAAC	0.9003727406115081
GTAAG	0.524676579022794
CGTTT	0.2737834840568394
CGTTA	0.26538768723426037
TGCTT	0.5475669681136787
TGCTA	1.2605915143627364
TGCAT	0.5971222962770857
TGCAA	1.0289974178417236
CCATT	0.8539111836930305
CCATA	0.7883098014109352
GTTTC	0.41067522608525897
GTTTG	0.7817585974233073
GACTT	0.7961630617027811
GACTA	1.672120803992801
GACAT	0.5788110475359697
GACAA	1.1221226567437512
TCAGT	0.19904076542569527
TCAGA	0.8360604019964005
TCATC	0.6505989970994519
TCATG	0.39808153085139053
TCAAC	0.670063331199295
TCAAG	0.7717480633812926
GTATC	0.4644284526599555
GTATG	0.43302018508819445
GAGAT	0.31480594741367635
GAGAA	1.3223260390032567
TCTGT	0.821350452170518
TCTGA	1.1278976707456065
TCTTC	1.5101579862792207
TCTTG	1.0266880652131476
TCTAC	1.3011979941989038
TCTAG	2.0567545760655177
TCACT	0.8132487463743149
TCACA	0.47298588084656124
CGTAT	0.06634692180856509
CGTAA	0.5144987089208619
CAGAT	0.5788110475359695
CAGAA	1.3091430995343762
CATCT	0.935236058330462
CATCA	0.6306478411287482
ATGCT	0.7961630617027808
ATGCA	0.6431233861510772
ATGGT	0.9742954164484375
ATGGA	0.6296118948273527
ATGTC	0.7961630617027808
ATGTG	0.9742954164484375
ATGAC	1.157622095071939
ATGAG	1.049353158045588
GATTC	0.862509983511346
GATTG	0.541275231360243
GATAC	0.8360604019964004
GATAG	0.524676579022794
TCGTT	0.13689174202841967
TCGTA	0.3980815308513904
TCGAT	0.5307753744685206
TCGAA	0.6431233861510772
TCTCT	2.0974416476100286
TCTCA	0.9352360583304621
GAGTT	0.6495302776322917
GAGTA	0.524676579022794
ATTCC	0.935236058330462
ATTCG	0.7298161398942158
ATTGC	1.4596322797884316
ATTGG	2.3816110179850694
GAATC	0.9003727406115081
GAATG	1.2592237896547054
GAAAC	1.184462804340626
GAAAG	1.0171738761563514
TCCTT	1.090669656757215
TCCTA	1.748484804704777
TCCAT	0.7319238717368834
TCCAA	0.5518168609876547
GATCT	0.7298161398942158
GATCA	0.5144987089208618
GATGT	1.2990605552645833
GATGA	1.7839003686774995
ATACC	0.7488943113403885
ATACG	0.6431233861510772
ATAGC	1.6721208039928008
ATAGG	0.9444178422410291
AATGC	0.707435724766185
AATGG	1.1542884738501467
GAACT	1.2862467723021545
GAACA	1.184462804340626
GAAGT	0.524676579022794
GAAGA	1.2206086513876215
AACCT	1.3401266623985901
AACCA	1.337237352162375
AACGT	0.19293701584532316
AACGA	0.4363810331781254
AACTC	1.0248027418342158
AACTG	0.8360604019964004
AACAC	1.0697898817298999
AACAG	1.2468029519375015
CCCTT	1.8504895638261998
CCCTA	2.3213141754114193
CCCAT	0.896871385954412
CCCAA	1.7387361672672175
GAACC	1.168181107090838
GAACG	0.8168847047029049
GAAGC	2.17835921254108
GAAGG	1.9993065788726374
CGCTT	0.355218099219093
CGCTA	0.8608126065407026
CGCAT	0.4304063032703513
CGCAA	0.7509735688441102
TCCCT	1.4150802546906234
TCCCA	1.0551428070051905
TCCGT	0.17760904960954646
TCCGA	0.688650085232562
TCCTC	0.8163924546292057
TCCTG	0.7104361984381858
TCCAC	0.791357105253893
TCCAG	0.6886500852325621
GATCC	0.7747313458866323
GATCG	0.5618184296266565
GATGC	0.9831822518466491
GATGG	1.3750377207674431
TCGCT	0.44402262402386616
TCGCA	0.6025688245784917
TCGGT	0.43469407531730964
TCGGA	0.2809092148133283
TCGTC	0.44402262402386605
TCGTG	0.14489802510576985
TCGAC	0.6025688245784917
TCGAG	0.4213638222199924
TCTCC	1.0885232728389411
TCTCG	0.7104361984381858
CGGTT	0.7244901255288495
CGGTA	0.5618184296266567
CGGAT	0.842727644439985
CGGAA	0.6807372539190876
GAGCT	1.5450006814733055
GAGCA	1.7699168601896271
GAGGT	0.22917295346124053
GAGGA	4.665048684036153
GAGTC	0.14045460740666416
GAGTG	0.6875188603837216
GAGAC	1.4976219586219923
GAGAG	0.6664355262908791
TCTGC	1.243263347266825
TCTGG	0.7244901255288494
TCACC	1.0023856666549311
TCACG	0.6886500852325621
CGTAC	0.34432504261628105
CGTAG	1.4045460740666418
GACCT	1.3773001704651242
GACCA	1.0012980917921468
GACGT	0.5618184296266566
GACGA	0.816884704702905
GACTC	0.08608126065407025
GACTG	0.5618184296266566
GACAC	0.6675320611947646
GACAG	0.816884704702905
TCAGC	0.8608126065407025
TCAGG	1.2640914666599774
TGCCT	1.243263347266825
TGCCA	0.5164875639244215
TGCGT	0.28979605021153976
TGCGA	0.8427276444399849
CGTCT	0.710436198438186
CGTCA	0.34432504261628105
CGTGT	0.1448980251057699
CGTGA	0.28090921481332837
CGTTC	0.26641357441431973
CGTTG	0.5795921004230796
TGCTC	1.3320678720715982
TGCTG	1.014286175740389
TGCAC	0.7747313458866323
TGCAG	2.247273718506626
CCACT	0.7913571052538929
CCACA	0.8182287845963376
CCAGT	0.5164875639244215
CCAGA	1.5853886453375656
CCATC	0.896871385954412
CCATG	0.688650085232562
GTACC	0.5164875639244215
GTACG	0.4213638222199924
GTAGC	1.2640914666599774
GTAGG	2.291729534612405
CCAAC	1.1250645788199645
CCAAG	0.8344150764934557
TGGCT	2.318368401692318
TGGCA	1.825909896286634
TGGGT	1.4185383723886884
TGGGA	1.3750377207674431
TGGTC	0.4346940753173096
TGGTG	0.7092691861943442
TGGAC	0.42136382221999247
TGGAG	1.1458647673062026
TGTCC	0.7992407232429589
TGTCG	0.0
TGTGC	1.3040822259519287
TGTGG	1.182115310323907
GTGTC	0.5795921004230794
GTGTG	0.0
GTGAC	0.7022730370333208
GTGAG	0.45834590692248106
GTTCC	0.44402262402386605
GTTCG	0.2897960502115397
GTTGC	0.0
GTTGG	2.1278075585830325
TGACC	1.5494626917732646
TGACG	0.14045460740666413
TGAGC	1.4045460740666416
TGAGG	2.062556581151165
GTCCT	0.799240723242959
GTCCA	0.344325042616281
GTCGT	0.14489802510576988
GTCGA	0.0
GTCTC	0.35521809921909286
GTCTG	0.5795921004230794
GTCAC	0.7747313458866323
GTCAG	0.7022730370333207
GTGCT	1.0142861757403892
GTGCA	0.9831822518466491
GTGGT	0.23642306206478142
GTGGA	0.9166918138449621
TTCCC	0.7075401273453116
TTCCG	1.0656542976572785
TTCGC	0.6216316736334125
TTCGG	0.8693881506346192
TTGCC	1.4208723968763715
TTGCG	0.2897960502115397
TTGGC	1.8836743263750082
TTGGG	3.7827689930365027
CGAAC	0.8344150764934557
CGAAG	0.5445898031352701
GGACT	1.966364503693298
GGACA	0.9530321554867223
GGAGT	1.8333836276899242
GGAGA	0.444290350860586
GGATC	1.825909896286634
GGATG	2.062556581151165
GGAAC	2.042211761757262
GGAAG	1.5550162280120512
TACCC	1.1606570877057099
TACCG	0.5164875639244215
TACGC	0.6025688245784917
TACGG	1.4045460740666416
GGTTC	0.8693881506346192
GGTTG	0.47284612412956284
GGTAC	0.8427276444399849
GGTAG	0.9166918138449621
CGACT	0.4304063032703513
CGACA	0.3337660305973823
CGAGT	0.14045460740666416
CGAGA	1.0891796062705401
CGATC	0.5164875639244215
CGATG	0.5618184296266566
TAGCC	2.065950255697686
TAGCG	0.4213638222199924
TAGGC	1.1236368592533132
TAGGG	3.6667672553798485
CTCTC	1.6872110729003587
CTCTG	1.3320678720715984
CTCAC	0.8968713859544122
CTCAG	0.6886500852325621
GGGTT	2.364230620647814
GGGTA	1.8333836276899245
GGGAT	2.7500754415348863
GGGAA	1.5550162280120512
GGTCT	0.7244901255288494
GGTCA	0.8427276444399849
GGTGT	1.4185383723886884
GGTGA	0.9166918138449621
CTGTC	1.243263347266825
CTGTG	0.5795921004230794
CTGAC	0.8608126065407025
CTGAG	1.4045460740666413
GGCTT	1.4489802510576988
GGCTA	1.6854552888799699
GGCAT	0.9831822518466491
GGCAA	1.361474507838175
CTCCT	1.3606540910486764
CTCCA	0.6858428245533739
CTCGT	0.2664135744143197
CTCGA	0.5164875639244215
GCACT	1.032975127848843
GCACA	0.41720753824672785
GCAGT	1.9663645036932982
GCAGA	2.0422117617572626
GCATC	0.6025688245784917
GCATG	0.7022730370333208
GCAAC	0.7509735688441102
GCAAG	1.906064310973445
CTGCT	1.0656542976572787
CTGCA	1.032975127848843
CTGGT	0.43469407531730964
CTGGA	1.1236368592533132
ACCCT	2.0047713333098622
ACCCA	0.9205073826708798
ACCGT	0.7747313458866323
ACCGA	0.16688301529869112
ACCTC	0.9496285263046715
ACCTG	1.5494626917732646
ACCAC	0.7670894855590666
ACCAG	1.0012980917921468
ACGCT	0.5164875639244215
ACGCA	0.75097356884411
ACGGT	0.8427276444399848
ACGGA	1.7699168601896271
GCTCT	1.2432633472668253
GCTCA	1.291218909811054
GCTGT	1.1591842008461593
GCTGA	1.545000681473306
GCTTC	0.5328271488286395
GCTTG	0.2897960502115398
GCTAC	0.5164875639244215
GCTAG	1.4045460740666418
ACGTC	0.344325042616281
ACGTG	0.14045460740666413
ACGAC	0.8344150764934556
ACGAG	0.8168847047029049
ACTCC	0.9496285263046715
ACTCG	0.1721625213081405
ACTGC	0.6025688245784917
ACTGG	0.4213638222199924
ACACC	0.8182287845963376
ACACG	0.4172075382467278
ACAGC	0.8344150764934555
ACAGG	1.6337694094058097
GCGTT	0.5795921004230796
GCGTA	0.5618184296266567
GCGAT	0.5618184296266567
GCGAA	0.5445898031352701
CTTCC	1.197375600122835
CTTCG	0.8880452480477323
CTTGC	0.7104361984381858
CTTGG	1.304082225951929
CCTCT	1.8504895638261998
CCTCA	0.7385999649036333
CCTGT	1.243263347266825
CCTGA	1.4633814311191942
CCTTC	1.3062279274067292
CCTTG	0.8880452480477323
CTAGC	2.410275298313967
CTAGG	3.0900013629466114
GCCTT	1.8648950209002382
GCCTA	1.4633814311191944
GCCAT	0.9468938671947729
GCCAA	0.7509735688441102
CCTAC	1.4244427894570075
CCTAG	1.9798689950436161
AGCCT	1.8937877343895457
AGCCA	1.6688301529869114
AGCGT	0.5618184296266566
AGCGA	0.27229490156763503
AGCTC	1.2051376491569834
AGCTG	1.825909896286634
AGCAC	0.584090553545419
AGCAG	3.1313913680278027
CAAGC	0.917856584142801
CAAGG	0.9530321554867223
CTACC	1.4244427894570075
CTACG	1.1190563885029134
CCGTT	0.3552180992190929
CCGTA	0.5164875639244215
CCGAT	0.25824378196221076
CCGAA	0.4172075382467278
AGGCT	1.5450006814733055
AGGCA	0.8168847047029049
AGGGT	1.3750377207674431
AGGGA	1.777161403442344
AGGTC	0.7022730370333208
AGGTG	0.45834590692248106
AGGAC	1.7699168601896274
AGGAG	5.997919736617912
AGTCC	0.5164875639244215
AGTCG	0.5618184296266565
AGTGC	0.7022730370333208
AGTGG	0.9166918138449621
AGACC	1.5853886453375656
AGACG	1.08917960627054
AGAGC	1.6337694094058097
AGAGG	1.5550162280120512
CATGC	0.688650085232562
CATGG	0.7022730370333207
CAACC	1.1250645788199642
CAACG	0.584090553545419
ATCCC	1.1606570877057099
ATCCG	0.34432504261628105
ATCGC	0.688650085232562
ATCGG	0.42136382221999247
CAGCT	1.032975127848843
CAGCA	1.6688301529869112
CAGGT	0.983182251846649
CAGGA	2.314506663324897
CAGTC	0.6025688245784917
CAGTG	1.123636859253313
CAGAC	1.50194713768822
CAGAG	0.8168847047029049
CATCC	0.6330856842031143
CATCG	0.43040630327035123
ATGCC	0.8608126065407025
ATGCG	0.7022730370333207
ATGGC	1.825909896286634
ATGGG	2.062556581151165
AACCC	1.6364575691926755
AACCG	0.9178565841428012
AACGC	0.8344150764934556
AACGG	1.08917960627054
CACCT	0.8441142456041524
CACCA	0.9716466817081509
CACGT	0.344325042616281
CACGA	0.8344150764934556
CACTC	0.6858428245533739
CACTG	0.5164875639244215
CACAC	0.7159501865217955
CACAG	0.5006490458960734
AAGCC	1.9191546759349478
AAGCG	0.40844235235145243
AAGGC	1.08917960627054
AAGGG	1.9993065788726374
CCCCA	2.0534793594302596
CCCCT	2.542131804181356
CCCGT	0.8065308332353667
CCCGA	0.33505624227034086
CCCAG	2.122022867712159
CCCAC	0.6160438078290777
CCCTG	1.958717737857319
CCCTC	2.0478283978127587
CACCC	0.8898410557531123
CACCG	0.5584270704505682
CACGC	0.44674165636045454
CACGG	1.275621617169605
CAGGG	1.1893541526270734
CAGGC	1.275621617169605
CAGCG	0.0
CAGCC	2.2337082818022727
GCCAC	1.005168726811023
GCCAG	1.2756216171696053
GCCTG	1.8799673485047177
GCCTC	1.1521869046219524
GCCCA	1.2285395549912501
GCCCT	2.7652485710926857
GCCGT	0.7519869394018871
GCCGA	0.36446331919131586
GCGTC	0.18799673485047178
GCGTG	0.0
GCGAC	0.18223165959565787
GCGAG	0.8920156144703053
GCGGA	0.0
GCGGT	1.5337256556493766
GCGCT	0.5639902045514154
GCGCA	0.5466949787869737
GGCCA	0.7289266383826314
GGCCT	3.007947757607548
GGCGT	0.6134902622597505
GGCGA	0.8920156144703052
CTGCC	1.1521869046219524
CTGCG	0.3759934697009435
CTGGC	2.4439575530561326
CTGGG	1.226980524519501
GCTCC	1.497842976008538
GCTCG	0.37599346970094355
GCTGC	0.7519869394018871
GCTGG	2.7607061801688775
GCAGG	3.2707239197244524
GCAGC	2.5512432343392106
GCACG	0.5466949787869737
GCACC	1.1168541409011365
GGGTC	1.2269805245195011
GGGTG	1.0010022306687762
GGGAC	0.8920156144703052
GGGAG	0.9703056699299312
GGGGA	4.36637551468469
GGGGT	4.504510038009493
GGGCT	2.1472159179091266
GGGCA	3.568062457881221
CTCGG	0.5639902045514152
CTCGC	0.46087476184878096
CTCCG	0.46087476184878096
CTCCC	2.0478283978127587
GGCAG	1.7840312289406104
GGCAC	2.004548255552237
GGCTG	2.1472159179091266
GGCTC	1.8799673485047175
CGGCA	0.5466949787869737
CGGCT	0.9399836742523588
CGGGT	0.9202353933896259
CGGGA	0.2973385381567684
GTGCC	0.3759934697009435
GTGCG	0.6134902622597505
GTGGC	0.9202353933896257
GTGGG	1.5015033460031642
CGTCC	0.3456560713865857
CGTCG	0.37599346970094355
CGTGC	0.5639902045514154
CGTGG	0.3067451311298753
GACCC	2.1220228677121593
GACCG	0.5466949787869737
GACGC	0.18223165959565787
GACGG	0.5946770763135368
CGACC	1.005168726811023
CGACG	0.36446331919131575
CGAGC	0.7289266383826315
CGAGG	1.1893541526270737
GGTCC	0.3759934697009435
GGTCG	0.6134902622597505
GGTGC	0.0
GGTGG	0.500501115334388
GGACC	0.7289266383826314
GGACG	0.5946770763135367
GGAGC	2.9733853815676836
GGAGG	7.277292524474483
GTCGG	0.6134902622597505
GTCGC	0.9399836742523587
GTCCG	0.3759934697009435
GTCCC	0.5760934523109762
GAGCC	1.8223165959565786
GAGCG	0.5946770763135367
GAGGC	1.4866926907838418
GAGGG	3.8812226797197242
CGGAG	0.2973385381567684
CGGAC	1.457853276765263
CGGTG	1.2269805245195011
CGGTC	0.5639902045514154
TGCGG	0.0
TGCGC	0.5639902045514152
TGCCG	0.5639902045514152
TGCCC	1.7282803569329286
CCAGG	0.5466949787869736
CCAGC	2.0103374536220455
CCACG	1.0051687268110228
CCACC	0.5475944958480692
TCGCC	1.1521869046219524
TCGCG	0.3759934697009435
TCGGC	1.3159771439533021
TCGGG	0.6134902622597505
TCCGG	0.3759934697009435
TCCGC	1.1521869046219524
TCCCG	0.5760934523109762
TCCCC	1.271065902090678
CGCTC	0.5760934523109762
CGCTG	0.9399836742523588
CGCAC	0.335056242270341
CGCAG	1.640084936360921
CGCGA	0.18223165959565793
CGCGT	0.18799673485047178
CGCCT	0.6913121427731714
CGCCA	0.670112484540682
CCGCA	0.7817978986307954
CCGCT	1.1521869046219524
CCGGT	0.3759934697009435
CCGGA	0.9111582979782893
ACGCC	0.5584270704505682
ACGCG	0.3644633191913157
ACGGC	0.9111582979782893
ACGGG	0.8920156144703051
CCTCC	1.41229544676742
CCTCG	0.46087476184878096
CCTGC	1.2674055950841476
CCTGG	2.0679640833551893
AGCCC	3.238877008613296
AGCCG	1.0933899575739474
AGCGC	0.18223165959565787
AGCGG	0.2973385381567684
AGGCC	1.6400849363609207
AGGCG	0.5946770763135367
AGGGC	2.0813697670973785
AGGGG	7.7624453594394485
CCGAG	0.9111582979782893
CCGAC	0.22337082818022727
CCGTG	0.9399836742523587
CCGTC	0.8065308332353667
TGGCC	1.6919706136542456
TGGCG	1.226980524519501
TGGGC	3.0674513112987523
TGGGG	5.00501115334388
ACCGG	0.9111582979782893
ACCGC	1.0051687268110228
ACCCG	0.33505624227034086
ACCCC	1.8481314234872332
CGGCC	0.7317443896555473
CGGCG	1.5919356538255547
CGGGG	1.298742000150802
CGGGC	1.193951740369166
GGGGC	6.49371000075401
GGGGG	7.416829601319913
GGGCG	1.9481130002262028
GGGCC	3.1838713076511085
GCGCC	0.9756591862073963
GCGCG	0.7959678269127773
GCGGG	1.948113000226203
GCGGC	0.39798391345638867
GGCCC	1.4634887793110942
GGCCG	1.1939517403691657
GGCGG	2.5974840003016038
GGCGC	1.5919356538255542
GCCGG	0.7959678269127773
GCCGC	1.4634887793110947
GCCCG	0.7317443896555473
GCCCC	3.4382591788332064
CCCGC	0.2989790590289744
CCCGG	0.24391479655184906
CCCCG	0.2989790590289744
CCCCC	2.1072265982165845
CGCGC	0.9756591862073963
CGCGG	1.5919356538255547
CGCCG	0.48782959310369817
CGCCC	1.6443848246593595
CCGGC	0.4878295931036981
CCGGG	0.39798391345638856
CCGCG	0.9756591862073962
CCGCC	0.8969371770869232
