	Vidua_chalybeata 6-mer OE values GC sorted
AATTAA	1.2997800808754865
AATTAT	0.7938903214275522
AATTTA	0.4763341928565314
AATTTT	1.0667774293555905
ATTTAA	0.47633419285653145
ATTTAT	0.8534219434844726
ATTTTA	1.0667774293555905
ATTTTT	0.8600790711766149
TAAAAA	0.7914188505036572
TAAAAT	0.5908091276706756
ATTAAA	0.5908091276706756
ATTAAT	1.1114464499985734
ATTATA	1.4290025785695943
ATTATT	1.280132915226709
TAAATA	0.8271327787389459
TAAATT	0.6351122571420418
TAATAA	1.0634564298072162
TAATAT	0.6351122571420418
TAATTA	0.9526683857130628
TAATTT	0.6400664576133543
ATATTA	0.6351122571420418
ATATTT	0.42671097174223627
TATAAA	0.5908091276706756
TATAAT	0.15877806428551047
ATATAA	0.11816182553413512
ATATAT	0.4763341928565314
TATTAA	1.5877806428551047
TATTAT	1.0667774293555907
ATAAAA	0.6155479948361778
ATAAAT	0.7089709532048107
ATAATA	0.8271327787389459
ATAATT	0.3175561285710209
TTTTTA	0.8600790711766149
TTTTTT	4.237630847364134
TATTTA	0.6400664576133543
TATTTT	1.7201581423532297
TATATA	0.31755612857102095
TATATT	1.280132915226709
AAAAAA	0.5889698716157785
AAAAAT	1.1431605618386163
TTAAAA	0.8271327787389459
TTAAAT	0.6351122571420419
TTATAA	0.9526683857130629
TTATAT	0.6400664576133545
TTATTA	0.6400664576133543
TTATTT	1.1467720949021531
TTAATA	0.31755612857102095
TTAATT	1.0667774293555907
TTTATA	0.42671097174223627
TTTATT	0.5733860474510766
TTTTAA	0.42671097174223627
TTTTAT	0.8600790711766149
TTTAAA	1.1114464499985734
TTTAAT	0.4267109717422363
AAATTA	1.0634564298072162
AAATTT	0.3175561285710209
AATAAA	0.9672897061711366
AATAAT	0.7089709532048107
AATATA	0.4726473021365405
AATATT	0.6351122571420418
AAATAA	0.5276125670024382
AAATAT	0.5908091276706756
AAAATA	0.7034834226699176
AAAATT	0.4726473021365406
AAAACT	0.9743366787237637
AAAACA	1.1865213594590873
AAAAGT	0.5511086336045349
AAAAGA	1.0936859573118798
AAAATC	1.3286409255324054
AAAATG	0.9185143893408915
AAATCT	0.8331586693815992
AAATCA	0.8857606170216035
AAATAC	0.4428803085108016
AAATAG	0.9185143893408912
AAACTT	1.4282720046541701
AAACTA	1.0629127404259242
TTGAAT	0.0
TTGAAA	0.0
AATATC	0.4760906682180567
AATATG	0.0
AATAAC	0.7086084936172826
AATAAG	0.7348115114727131
AAATGT	0.9873912228331545
AAATGA	0.7348115114727131
AAATTC	0.35706800116354254
AAATTG	0.7405434171248659
TTAGAT	0.33169779314356745
TTAGAA	0.49369561141657725
TTATCT	0.6447295184625316
TTATCA	0.7996740315913267
TTTAAC	0.15993480631826534
TTTAAG	0.9950933794307023
TTACTT	0.0
TTACTA	0.3198696126365307
TTACAT	1.1195436442278575
TTACAA	0.35706800116354254
AAGTTT	0.6633955862871349
AAGTTA	0.9873912228331545
AAGTAT	1.974782445666309
AAGTAA	0.7348115114727131
TTTTAC	0.6447295184625316
TTTTAG	0.8914272149239402
TTTACT	0.42981967897502105
TTTACA	0.6397392252730614
TTTAGT	0.4457136074619701
TTTAGA	0.0
TTTATC	0.6447295184625316
TTTATG	0.8914272149239402
AAGATT	0.9873912228331545
AAGATA	0.18370287786817827
AAGAAT	0.1837028778681783
AAGAAA	1.5038181913038349
TTATGT	0.4457136074619701
TTATGA	0.9950933794307021
TTATTC	0.21490983948751052
TTATTG	0.8914272149239402
TTATAC	0.7996740315913267
TTATAG	1.3267911725742698
TTAACT	0.6397392252730615
TTAACA	1.190226670545142
TTAGTT	1.3371408223859103
TTAGTA	0.3316977931435674
TTAAAC	0.5951133352725709
TTAAAG	1.2342390285414433
CTATTT	1.289459036925063
CTATTA	0.9596088379095918
CTATAT	0.7996740315913266
CTATAA	0.5951133352725707
AAAAAC	0.7910142396393917
AAAAAG	0.82026446798391
TTAAGT	1.6584889657178372
TTAAGA	0.49369561141657725
TTAATC	0.47980441895479603
TTAATG	0.9950933794307023
TACTTT	0.8596393579500419
TACTTA	0.7996740315913266
TACTAT	2.8788265137287756
TACTAA	1.7853400058177122
TTCTTT	0.866344984655279
TTCTTA	0.6447295184625316
TTCATT	1.5043688764125736
TTCATA	0.7996740315913267
TTCAAT	0.7996740315913267
TTCAAA	0.7141360023270851
AACATT	1.309249337599656
AACATA	0.6200324319151224
AACAAT	1.1514888021280845
AACAAA	1.0546856528525221
TTGTTT	1.1978410708977958
TTGTTA	0.8914272149239402
TAGTTT	2.6742816447718205
TAGTTA	1.3267911725742696
TAGTAT	1.6584889657178372
TAGTAA	0.9873912228331545
CTAAAT	0.9521813364361132
CTAAAA	0.8857606170216032
TTCTAT	0.21490983948751052
TTCTAA	0.15993480631826534
TACATT	1.4394132568643878
TACATA	1.1902266705451414
TACAAT	1.3092493375996557
TACAAA	0.531456370212962
AACTTT	0.3198696126365307
AACTTA	0.4760906682180567
AACTAT	0.8331586693815992
AACTAA	1.2400648638302447
CTAATT	1.599348063182653
CTAATA	1.7853400058177122
TATCAT	1.439413256864388
TATCAA	0.8331586693815992
TATGTT	0.4457136074619701
TATGTA	0.6633955862871348
TATCTT	0.8596393579500421
TATCTA	0.3198696126365307
TGAATT	1.3267911725742698
TGAATA	1.2342390285414433
TGAAAT	0.7405434171248659
TGAAAA	1.8370287786817825
TAGATT	0.0
TAGATA	0.9873912228331545
TAGAAT	1.7279346399580204
TAGAAA	1.2859201450772477
TATAAC	0.7141360023270851
TATAAG	0.24684780570828863
TATGAT	1.3267911725742698
TATGAA	1.974782445666309
TATTCT	2.793827913337637
TATTCA	1.2794784505461227
TATTGT	0.4457136074619701
TATTGA	0.6633955862871348
TATTTC	0.42981967897502105
TATTTG	0.4457136074619701
TATTAC	0.3198696126365307
TATTAG	0.0
TTTGAT	0.4457136074619701
TTTGAA	0.3316977931435674
TTTTCT	1.4439083077587982
TTTTCA	0.8596393579500421
TTTTGT	1.1978410708977958
TTTTGA	0.4457136074619701
TTTTTC	1.4439083077587982
TTTTTG	1.7967616063466938
AATCTT	1.1195436442278575
AATCTA	0.5951133352725709
AATCAT	1.4282720046541701
AATCAA	1.1514888021280845
TTGATT	0.4457136074619701
TTGATA	0.0
TAACAT	1.0712040034906276
TAACAA	1.1514888021280845
ATAAAC	0.9743366787237636
ATAAAG	0.7348115114727131
TATACT	0.7996740315913268
TATACA	0.8331586693815994
TATAGT	1.3267911725742698
TATAGA	0.49369561141657725
TATATC	0.3198696126365307
TATATG	0.9950933794307023
TAATCT	1.1195436442278572
TAATCA	1.4282720046541697
ATATAC	0.7141360023270851
ATATAG	0.7405434171248659
ATAACT	0.4760906682180567
ATAACA	0.7971845553194431
ATAAGT	0.0
ATAAGA	1.2859201450772477
ATAATC	0.9521813364361134
ATAATG	0.0
TAACTT	0.6397392252730614
TAACTA	0.5951133352725709
TAAACT	0.9521813364361134
TAAACA	1.2400648638302447
ATAGAT	0.49369561141657725
ATAGAA	1.2859201450772477
ATATCT	0.15993480631826532
ATATCA	0.7141360023270849
ATATGT	0.33169779314356745
ATATGA	1.2342390285414433
ATATTC	0.6397392252730613
ATATTG	0.3316977931435674
TAAGTT	0.9950933794307023
TAAGTA	0.7405434171248659
TAAGAT	0.24684780570828863
TAAGAA	0.9185143893408912
ATACTT	0.7996740315913267
ATACTA	1.6663173387631984
ATACAT	1.1902266705451419
ATACAA	0.8857606170216035
ATAGTT	1.6584889657178372
ATAGTA	1.7279346399580204
TAATGT	0.0
TAATGA	0.7405434171248659
TAATTC	0.9596088379095918
TAATTG	1.3267911725742696
TAATAC	0.5951133352725709
TAATAG	2.221630251374598
TTTCAT	0.42981967897502105
TTTCAA	1.2794784505461227
TTTGTT	1.7967616063466936
TTTGTA	0.8914272149239402
TTTCTT	1.1551266462070386
TTTCTA	0.8596393579500421
TTGTAT	0.8914272149239402
TTGTAA	1.3267911725742696
AATGTT	0.33169779314356745
AATGTA	0.49369561141657725
AATGAT	0.9873912228331545
AATGAA	1.4696230229454261
AATTCT	0.9596088379095918
AATTCA	0.4760906682180566
AATTGT	1.6584889657178372
AATTGA	1.2342390285414433
TAAAGT	0.49369561141657725
TAAAGA	0.9185143893408912
TAAATC	0.7141360023270851
TAAATG	0.7405434171248659
TGATTT	0.4457136074619702
TGATTA	0.33169779314356745
TGATAT	0.9950933794307023
TGATAA	0.7405434171248659
ATTAAC	1.6663173387631984
ATTAAG	1.4810868342497319
TAAAAC	0.797184555319443
TAAAAG	0.7348115114727131
ATTTAC	0.6397392252730614
ATTTAG	0.33169779314356745
ATTACT	0.31986961263653074
ATTACA	1.0712040034906278
ATTAGT	0.33169779314356745
ATTAGA	0.7405434171248659
ATTATC	1.1195436442278575
ATTATG	0.33169779314356745
TGTTTT	1.7967616063466938
TGTTTA	0.8914272149239404
TGTATT	0.4457136074619702
TGTATA	0.6633955862871349
TGTAAT	0.9950933794307023
TGTAAA	0.9873912228331545
ATTGTT	0.0
ATTGTA	0.9950933794307021
ATTGAT	1.3267911725742698
ATTGAA	1.2342390285414433
ATTTCT	0.21490983948751052
ATTTCA	0.7996740315913267
ATTTGT	0.0
ATTTGA	0.6633955862871348
ATTTTC	1.2894590369250631
ATTTTG	0.4457136074619701
CTTTTT	1.1551266462070386
CTTTTA	0.21490983948751052
CTTTAT	0.0
CTTTAA	0.6397392252730614
TGTTAT	1.3371408223859105
TGTTAA	0.6633955862871349
GTTTAT	0.8914272149239404
GTTTAA	1.3267911725742698
ATTCTT	2.793827913337637
ATTCTA	1.2794784505461227
ATTCAT	2.39902209477398
ATTCAA	0.5951133352725709
CTTATT	0.21490983948751052
CTTATA	0.3198696126365307
CTTAAT	0.47980441895479603
CTTAAA	0.35706800116354254
ACTTAT	0.15993480631826532
ACTTAA	0.2380453341090283
ACTTTT	0.21490983948751047
ACTTTA	0.15993480631826532
TCATTT	0.42981967897502094
TCATTA	1.7592828695009184
TCATAT	0.6397392252730613
TCATAA	0.7141360023270849
TCAATT	0.6397392252730613
TCAATA	0.7141360023270849
TCAAAT	0.2380453341090283
TCAAAA	0.9743366787237636
ATGAAT	2.221630251374598
ATGAAA	1.6533259008136043
GTTTTT	2.395682141795592
GTTTTA	0.4457136074619702
TCTTTT	0.866344984655279
TCTTTA	0.21490983948751052
TCTATT	0.8596393579500421
TCTATA	0.3198696126365307
TCTAAT	0.15993480631826534
TCTAAA	0.35706800116354254
ACTATT	2.3990220947739798
ACTATA	0.5951133352725707
ACTAAT	2.1424080069812548
ACTAAA	0.9743366787237636
ATGTTT	0.8914272149239402
ATGTTA	0.6633955862871348
ATGTAT	0.33169779314356745
ATGTAA	0.0
ATGATT	0.9950933794307023
ATGATA	1.4810868342497319
CATTAT	2.079152482137449
CATTAA	0.7141360023270849
ACAATT	0.7141360023270851
ACAATA	0.5314563702129621
ACAAAT	0.8857606170216035
ACAAAA	1.25243921276237
TCTTAT	0.21490983948751052
TCTTAA	0.3198696126365307
ACATTT	1.1195436442278575
ACATTA	1.1902266705451419
ACATAT	0.35706800116354254
ACATAA	0.7086084936172827
GTTATT	0.4457136074619702
GTTATA	1.6584889657178372
GTTAAT	0.33169779314356745
GTTAAA	1.4810868342497319
GATAAT	0.49369561141657725
GATAAA	0.9185143893408912
GAATTT	1.3267911725742698
GAATTA	0.9873912228331545
GAATAT	0.24684780570828863
GAATAA	1.1022172672090695
GAAAAT	0.5511086336045349
GAAAAA	1.2303967019758648
CATAAT	0.9521813364361132
CATAAA	0.6200324319151223
GAAATT	0.49369561141657725
GAAATA	0.36740575573635653
CATATT	0.0
CATATA	0.7141360023270849
CATTTT	0.8596393579500419
CATTTA	0.6397392252730613
AGTAAT	1.7279346399580204
AGTAAA	0.7348115114727131
AGTTTT	0.8914272149239404
AGTTTA	1.3267911725742698
AGTTAT	0.9950933794307023
AGTTAA	1.7279346399580204
GATTTT	0.0
GATTTA	0.6633955862871349
GATTAT	0.0
GATTAA	1.2342390285414433
GATATT	0.33169779314356745
GATATA	0.24684780570828863
ATCATT	1.2794784505461225
ATCATA	1.547294671708684
ATCAAT	1.0712040034906274
ATCAAA	1.4172169872345652
AGATAT	0.49369561141657725
AGATAA	0.36740575573635653
CAAATT	0.8331586693815992
CAAATA	0.35430424680864137
CAATAT	0.23804533410902834
CAATAA	0.7086084936172827
CAATTT	0.7996740315913267
CAATTA	0.5951133352725709
GTATAT	0.6633955862871349
GTATAA	0.24684780570828863
ATCTTT	0.8596393579500419
ATCTTA	0.7996740315913266
ATCTAT	0.4798044189547959
ATCTAA	0.2380453341090283
AGTATT	0.6633955862871349
AGTATA	1.7279346399580204
AAACAT	0.8857606170216035
AAACAA	1.3183570660656527
GTAATT	0.6633955862871349
GTAATA	0.7405434171248659
CAAAAT	0.9743366787237637
CAAAAA	0.8569320929426743
AGAATT	0.24684780570828863
AGAATA	0.9185143893408912
AGAAAT	0.9185143893408915
AGAAAA	1.2303967019758648
GTAAAT	0.49369561141657725
GTAAAA	0.5511086336045348
GTATTT	0.0
GTATTA	1.3267911725742698
AGATTT	0.0
AGATTA	0.7405434171248659
AATTTC	0.6397392252730613
AATTTG	0.6633955862871348
AATTAC	0.5951133352725709
AATTAG	0.7405434171248659
AATACT	0.8331586693815992
AATACA	0.7971845553194431
AATAGT	1.2342390285414433
AATAGA	1.1022172672090695
AAAGTT	0.24684780570828863
AAAGTA	0.5511086336045348
AAAGAT	1.1022172672090698
AAAGAA	1.2303967019758648
AAAACC	1.0623693290044385
AAAACG	0.27541344036218446
AAAAGC	1.3770672018109222
AAAAGG	1.7135862881858699
AAATCC	1.5167631670079673
AAATCG	0.5551236121468992
AAACCT	1.4275418042427928
AAACCA	1.3943597443183253
AAACGT	0.5551236121468992
AAACGA	0.6885336009054611
AAACTC	0.6245495393562218
AAACTG	0.925206020244832
AAACAC	1.1951654951299933
AAACAG	1.3770672018109222
GACTTT	1.0023429094188863
GACTTA	0.49729232024208164
GACTAT	0.7459384803631223
GACTAA	1.1102472242937984
ATCCTT	0.644399902144299
ATCCTA	4.555811641634942
ATCCAT	0.9591182403441986
ATCCAA	1.3383204414776182
CGAATT	0.7459384803631223
CGAATA	0.5551236121468992
GTAAGT	1.031362521822146
GTAAGA	0.0
GTAATC	1.7405231208472858
GTAATG	1.547043782733219
GACATT	1.7405231208472853
GACATA	0.5551236121468992
GACAAT	0.7401648161958656
GACAAA	0.8262403210865534
AGAAGT	1.5350694557763953
AGAAGA	1.427988573488225
AGAATC	0.3700824080979328
AGAATG	1.9188368197204941
AGAAAC	0.6885336009054611
AGAAAG	1.9991840028835148
GTAAAC	0.925206020244832
GTAAAG	1.1513020918322965
CGAAAT	0.1850412040489664
CGAAAA	0.9639470412676456
ATCGTT	0.33411430313962864
ATCGTA	0.24864616012104077
ATCGAT	0.49729232024208153
ATCGAA	0.925206020244832
GTATTC	1.0023429094188863
GTATTG	0.6929384513623472
GTATAC	1.243230800605204
GTATAG	2.062725043644292
AGATAC	0.3700824080979328
AGATAG	0.7675347278881977
AGAACT	1.850412040489664
AGAACA	0.8262403210865534
CAAAGT	0.3700824080979328
CAAAGA	1.1016537614487378
CAAATC	0.98143499041692
CAAATG	0.1850412040489664
CAAAAC	1.1951654951299933
CAAAAG	1.1016537614487378
GAGTTT	1.3858769027246944
GAGTTA	2.062725043644292
GAGTAT	1.0313625218221458
GAGTAA	1.5350694557763953
AGAGTT	1.5470437827332189
AGAGTA	0.7675347278881977
AGAGAT	1.1513020918322965
AGAGAA	0.28559771469764494
AGATCT	0.24864616012104077
AGATCA	0.5551236121468992
AGATGT	0.5156812609110729
AGATGA	1.1513020918322965
AGATTC	0.0
AGATTG	0.5156812609110729
GAGATT	0.0
GAGATA	0.3837673639440988
GAGAAT	1.1513020918322965
GAGAAA	0.5711954293952899
AGACTT	0.49729232024208153
AGACTA	0.1850412040489664
AGACAT	0.925206020244832
AGACAA	0.5508268807243689
CAATGT	0.7459384803631223
CAATGA	1.850412040489664
CAATTC	1.1988978004302482
CAATTG	0.9945846404841631
CAATAC	0.8922136276517454
CAATAG	0.7401648161958656
GTAACT	0.49729232024208153
GTAACA	0.1850412040489664
ATCTCT	1.1276998287525233
ATCTCA	1.318787580473273
ATCTGT	0.33411430313962864
ATCTGA	1.491876960726244
ATCTTC	1.4498997798246727
ATCTTG	1.0023429094188858
ATCTAC	0.599448900215124
ATCTAG	0.4972923202420814
GATGTT	0.6929384513623472
GATGTA	0.0
AGTACT	1.9891692809683261
AGTACA	0.1850412040489664
AGTAGT	2.062725043644292
AGTAGA	2.686371547608692
AGTATC	1.9891692809683266
AGTATG	1.031362521822146
AGTAAC	0.925206020244832
AGTAAG	0.0
CAAACT	1.159877715947269
CAAACA	1.3943597443183253
AGTTCT	0.3341143031396287
AGTTCA	0.7459384803631224
AGTTGT	0.0
AGTTGA	0.515681260911073
AGTTTC	0.3341143031396287
AGTTTG	2.0788153540870415
AGTTAC	0.7459384803631224
AGTTAG	1.031362521822146
GATCTT	1.0023429094188863
GATCTA	0.24864616012104082
GATCAT	1.2432308006052037
GATCAA	1.4803296323917312
GATGAT	1.0313625218221458
GATGAA	1.9188368197204941
GATTCT	2.6729144251170296
GATTCA	1.4918769607262448
GATTGT	0.0
GATTGA	1.031362521822146
GATTTC	0.3341143031396287
GATTTG	0.6929384513623472
CTCTTT	1.0823775849955715
CTCTTA	0.6443999021442992
AGTGTT	2.771753805449389
AGTGTA	1.5470437827332189
AGTGAT	1.5470437827332189
AGTGAA	2.302604183664593
GATTAC	0.9945846404841633
GATTAG	0.515681260911073
GATACT	1.9891692809683261
GATACA	0.7401648161958656
GATAGT	1.031362521822146
GATAGA	0.7675347278881978
GATATC	0.49729232024208164
GATATG	1.031362521822146
AGTCTT	0.3341143031396287
AGTCTA	0.7459384803631224
AGTCAT	0.49729232024208153
AGTCAA	0.0
ATCACT	0.7193386802581488
ATCACA	1.3383204414776182
ATCAGT	0.745938480363122
ATCAGA	0.7401648161958654
ATCATC	2.277905820817471
ATCATG	1.7405231208472849
ATCAAC	1.0706563531820943
ATCAAG	0.9252060202448318
GTAGTT	0.6929384513623472
GTAGTA	2.578406304555365
GTAGAT	1.5470437827332189
GTAGAA	3.0701389115527906
GAAGAT	1.1513020918322965
GAAGAA	0.5711954293952899
GAATCT	0.9945846404841631
GAATCA	1.1102472242937984
GATAAC	0.3700824080979328
GATAAG	0.7675347278881977
GAACTT	0.24864616012104077
GAACTA	1.4803296323917312
GAACAT	0.7401648161958656
GAACAA	1.1016537614487378
AGGATT	4.641131348199656
AGGATA	3.0701389115527906
AGGAAT	4.605208367329186
AGGAAA	1.427988573488225
GAATAC	0.7401648161958656
GAATAG	2.6863715476086916
GAAACT	0.7401648161958656
GAAACA	0.6885336009054611
CTCATT	0.9665998532164486
CTCATA	1.1988978004302482
AGGTTT	0.6929384513623472
AGGTTA	1.031362521822146
AGGTAT	1.5470437827332189
AGGTAA	1.1513020918322965
GAAGTT	0.5156812609110729
GAAGTA	1.5350694557763953
GAAAGT	1.1513020918322965
GAAAGA	1.1423908587905798
CAAGTT	0.2486461601210407
CAAGTA	1.8504120404896633
CAAGAT	0.37008240809793275
CAAGAA	1.2393604816298298
CGTATT	0.6682286062792574
CGTATA	0.0
CTCTAT	1.4498997798246729
CTCTAA	0.8392284603011737
GAATGT	1.5470437827332189
GAATGA	2.6863715476086916
GAATTC	0.49729232024208153
GAATTG	1.0313625218221458
CAACTT	0.7193386802581488
CAACTA	1.4275418042427928
CAACAT	0.7137709021213964
CAACAA	0.7967769967533288
CTCAAT	0.8392284603011737
CTCAAA	1.2490990787124436
CAATCT	1.318787580473273
CAATCA	0.8922136276517454
GAAATC	0.925206020244832
GAAATG	0.7675347278881977
GAAAAC	1.1016537614487378
GAAAAG	2.5703794322788047
TCCTAT	2.2553996575050466
TCCTAA	3.23702406116167
AGCATT	2.2378154410893667
AGCATA	0.7401648161958656
AGCAAT	2.220494448587597
AGCAAA	0.8262403210865534
CGTAAT	0.9945846404841631
CGTAAA	0.5551236121468992
CATAGT	0.9945846404841628
CATAGA	0.7401648161958654
CATATC	0.7193386802581487
CATATG	1.7405231208472849
CATAAC	0.6245495393562217
CATAAG	1.1102472242937982
TCCATT	0.9665998532164486
TCCATA	1.0790080203872234
TCCAAT	0.7193386802581488
TCCAAA	0.8029922648865709
CATTGT	0.6682286062792573
CATTGA	0.4972923202420814
CATTTC	0.644399902144299
CATTTG	0.33411430313962864
AGCTTT	1.3364572125585148
AGCTTA	0.9945846404841633
AGCTAT	2.4864616012104075
AGCTAA	1.1102472242937984
TCCTTT	0.4329510339982286
TCCTTA	0.6443999021442992
GTATCT	1.3364572125585148
GTATCA	1.4918769607262448
GTATGT	0.6929384513623472
GTATGA	1.5470437827332189
GTACTT	1.0023429094188863
GTACTA	2.7351077613314487
GTACAT	0.7459384803631223
GTACAA	0.3700824080979328
ATGCTT	2.004685818837772
ATGCTA	2.4864616012104075
ATGCAT	0.49729232024208153
ATGCAA	0.925206020244832
GTTAGT	2.0788153540870415
GTTAGA	0.515681260911073
GTTATC	1.0023429094188863
GTTATG	0.0
TCGTTT	0.44896075414209946
TCGTTA	1.0023429094188858
TCGTAT	1.3364572125585146
TCGTAA	0.49729232024208153
CATGTT	2.004685818837772
CATGTA	0.49729232024208153
CATGAT	2.2378154410893667
CATGAA	1.2952884283427648
CATTAC	1.0790080203872232
CATTAG	0.9945846404841628
CATACT	1.5585671405593227
CATACA	0.7137709021213964
CTGTAT	0.33411430313962864
CTGTAA	0.7459384803631223
TCTCAT	1.288799804288598
TCTCAA	1.4386773605162977
CATCTT	1.127699828752523
CATCTA	0.4795591201720992
CATCAT	2.517685380903521
CATCAA	1.2490990787124436
TCGATT	0.33411430313962864
TCGATA	0.0
TCGAAT	0.49729232024208153
TCGAAA	0.7401648161958656
CTGAAT	1.2432308006052037
CTGAAA	1.1102472242937984
CTGTTT	0.8979215082841989
CTGTTA	1.0023429094188858
CATTCT	2.2553996575050466
CATTCA	1.4386773605162977
TCTGAT	2.004685818837772
TCTGAA	0.49729232024208153
ACAAGT	0.7401648161958656
ACAAGA	0.9639470412676456
ACAATC	1.4275418042427928
ACAATG	1.6653708364406976
ACAAAC	0.5975827475649966
ACAAAG	0.6885336009054611
CTGATT	1.6705715156981433
CTGATA	0.7459384803631223
TCTCTT	1.0823775849955715
TCTCTA	1.2887998042885984
ACATGT	0.9945846404841631
ACATGA	1.2952884283427648
ACATTC	1.4386773605162977
ACATTG	1.4918769607262445
ACATAC	0.98143499041692
ACATAG	1.1102472242937984
ACAACT	0.8029922648865709
ACAACA	0.7303789136905514
TCTGTT	0.0
TCTGTA	1.3364572125585146
GTTAAC	0.9945846404841633
GTTAAG	1.031362521822146
ATGGTT	2.0788153540870415
ATGGTA	1.0313625218221458
ATGGAT	0.5156812609110729
ATGGAA	0.3837673639440988
ATGTCT	1.3364572125585146
ATGTCA	0.49729232024208153
ATGTGT	0.0
ATGTGA	1.0313625218221458
ATGTTC	1.0023429094188858
ATGTTG	1.3858769027246942
ACAGTT	0.4972923202420814
ACAGTA	0.555123612146899
ACAGAT	0.18504120404896637
ACAGAA	0.8262403210865533
ACATCT	0.7193386802581488
ACATCA	0.8922136276517454
TCTTCT	1.9482796529920285
TCTTCA	1.4498997798246733
TCTTGT	0.8979215082841989
TCTTGA	1.3364572125585146
TCTTTC	1.2988531019946858
TCTTTG	1.3468822624262986
TCTTAC	0.805499877680374
TCTTAG	2.3388001219774006
TCTACT	1.772099730896823
TCTACA	0.8392284603011737
TCTAGT	2.3388001219774006
TCTAGA	0.7459384803631223
TCTATC	1.1276998287525237
TCTATG	0.33411430313962864
TCTAAC	0.5994489002151241
TCTAAG	0.49729232024208153
ACACTT	0.8392284603011737
ACACTA	1.4275418042427928
ACACAT	0.7137709021213964
ACACAA	0.663980830627774
TCATTC	0.9665998532164484
TCATTG	1.3364572125585146
TCACTT	0.8054998776803737
TCACTA	1.3187875804732727
TCACAT	0.9591182403441986
TCACAA	1.3383204414776182
ACTAAC	1.338320441477618
ACTAAG	0.37008240809793275
CTTCTT	2.164755169991143
CTTCTA	2.2553996575050475
CTTCAT	1.7720997308968223
CTTCAA	1.0790080203872234
ATGTAC	0.49729232024208153
ATGTAG	1.5470437827332189
ATGACT	2.7351077613314483
ATGACA	1.1102472242937984
ATGAGT	2.5784063045553647
ATGAGA	0.3837673639440988
ATGATC	1.4918769607262445
ATGATG	2.0627250436442917
ATGAAC	1.2952884283427648
ATGAAG	1.1513020918322965
ACTACT	2.2779058208174714
ACTACA	1.159877715947269
ACTAGT	3.232400081573529
ACTAGA	0.7401648161958654
ACTATC	1.3187875804732727
ACTATG	2.2378154410893663
TCAGTT	0.0
TCAGTA	0.9945846404841631
TCAGAT	0.0
TCAGAA	0.925206020244832
TCATCT	1.4498997798246729
TCATCA	2.757464940989571
TCATGT	0.6682286062792573
TCATGA	1.491876960726244
TCAATC	0.9591182403441983
TCAATG	1.2432308006052035
ACTGTT	1.002342909418886
ACTGTA	0.49729232024208153
ACTGAT	1.7405231208472853
ACTGAA	0.7401648161958656
ACTTCT	1.1276998287525233
ACTTCA	1.7983467006453722
ACTTGT	1.0023429094188858
ACTTGA	0.4972923202420814
ACTTTC	1.6109997553607474
ACTTTG	1.670571515698143
ACTTAC	0.599448900215124
ACTTAG	1.2432308006052035
CAGAAT	0.37008240809793275
CAGAAA	0.8262403210865533
ACTCTT	0.644399902144299
ACTCTA	1.0790080203872232
ACTCAT	1.1988978004302482
ACTCAA	1.6059845297731419
TCATAC	1.198897800430248
TCATAG	2.2378154410893663
TCAACT	1.1988978004302482
TCAACA	0.8029922648865709
TCAAGT	1.491876960726244
TCAAGA	0.3700824080979327
CAGTAT	0.9945846404841631
CAGTAA	0.7401648161958656
CTTTCT	1.9482796529920285
CTTTCA	1.1276998287525237
ACGATT	0.4972923202420814
ACGATA	0.3700824080979327
ACGAAT	1.1102472242937982
ACGAAA	0.9639470412676455
TCAAAC	1.695205892538316
TCAAAG	0.9252060202448318
CAGATT	0.0
CAGATA	0.3700824080979327
TGCAAT	0.7459384803631223
TGCAAA	0.925206020244832
TGCTTT	1.3468822624262986
TGCTTA	1.0023429094188863
TGCTAT	1.3364572125585148
TGCTAA	1.9891692809683266
CGTTAT	0.0
CGTTAA	0.7459384803631224
ACGTAT	0.0
ACGTAA	0.3700824080979328
CTTGTT	0.8979215082841989
CTTGTA	1.670571515698143
CTTGAT	0.6682286062792573
CTTGAA	0.0
CAGTTT	0.0
CAGTTA	0.7459384803631223
TGGTAT	2.0788153540870415
TGGTAA	0.515681260911073
CACTAT	1.4386773605162977
CACTAA	0.98143499041692
CACATT	0.9591182403441986
CACATA	0.7137709021213964
CACAAT	0.8029922648865709
CACAAA	0.995971245941661
CGTTTT	0.4489607541420995
CGTTTA	0.3341143031396287
CTTACT	0.805499877680374
CTTACA	0.8392284603011737
ACGTTT	0.6682286062792573
ACGTTA	0.24864616012104077
TGCATT	0.3341143031396287
TGCATA	0.0
ATTCCT	2.2553996575050475
ATTCCA	1.4386773605162977
ATTCGT	1.6705715156981433
ATTCGA	1.9891692809683261
ATTCTC	2.7386995841132715
ATTCTG	1.002342909418886
GTTTGT	0.9311249676362588
GTTTGA	0.6929384513623472
GTTTTC	0.4489607541420995
GTTTTG	0.0
GTTTAC	1.0023429094188863
GTTTAG	0.0
TGGATT	2.771753805449389
TGGATA	0.515681260911073
TGGAAT	1.0313625218221458
TGGAAA	0.0
CTTTGT	1.7958430165683978
CTTTGA	1.0023429094188858
CTTTTC	0.0
CTTTTG	0.897921508284199
CTTTAC	0.1610999755360748
CTTTAG	0.0
TGGTTT	2.7933749029087767
TGGTTA	1.3858769027246944
TGTGTT	0.0
TGTGTA	0.0
TGTGAT	1.3858769027246944
TGTGAA	1.031362521822146
CACTTT	1.288799804288598
CACTTA	0.23977956008604964
TGTCTT	0.0
TGTCTA	0.3341143031396287
TGTCAT	0.6682286062792574
TGTCAA	0.7459384803631224
ACCATT	1.5585671405593227
ACCATA	0.8029922648865709
ACCAAT	0.8922136276517454
ACCAAA	0.7967769967533288
GTTACT	0.6682286062792574
GTTACA	0.49729232024208164
ATTCAC	0.7193386802581488
ATTCAG	0.9945846404841631
ATTGCT	0.33411430313962864
ATTGCA	0.9945846404841631
ATTGGT	1.3858769027246942
ATTGGA	2.0627250436442917
ATTGTC	1.670571515698143
ATTGTG	0.0
CTTAAC	0.23977956008604964
CTTAAG	1.2432308006052037
TGTTCT	1.795843016568398
TGTTCA	2.338800121977401
TGTTGT	0.9311249676362588
TGTTGA	0.6929384513623472
TGTTTC	0.4489607541420995
TGTTTG	0.0
TGTTAC	0.0
TGTTAG	1.3858769027246944
TGTATC	0.0
TGTATG	0.6929384513623472
TGTAAC	0.24864616012104082
TGTAAG	0.0
ACCTTT	0.16109997553607475
ACCTTA	0.4795591201720993
ACCTAT	1.1988978004302482
ACCTAA	1.5167631670079673
CTTAGT	1.002342909418886
CTTAGA	0.9945846404841631
CTTATC	0.6443999021442992
CTTATG	0.33411430313962864
TGATGT	0.0
TGATGA	3.0940875654664377
TGACTT	1.6705715156981435
TGACTA	3.2324000815735308
TGACAT	0.9945846404841631
TGACAA	0.3700824080979328
CTATCT	0.644399902144299
CTATCA	1.1988978004302482
CTACTT	1.4498997798246727
CTACTA	5.275150321893091
CTACAT	1.1988978004302482
CTACAA	1.159877715947269
TGTACT	1.0023429094188863
TGTACA	0.49729232024208164
TGTAGT	1.3858769027246944
TGTAGA	1.031362521822146
ATTGAC	0.49729232024208153
ATTGAG	0.0
ATTTCC	0.4832999266082244
ATTTCG	0.6682286062792573
ATTTGC	0.6682286062792573
ATTTGG	0.6929384513623471
TGAAGT	0.515681260911073
TGAAGA	0.7675347278881978
CTAGTT	1.3364572125585146
CTAGTA	3.7296924018156115
CTAGAT	0.24864616012104077
CTAGAA	1.6653708364406976
TGAGTT	1.3858769027246944
TGAGTA	1.5470437827332189
TGAGAT	0.5156812609110729
TGAGAA	1.5350694557763953
TGATCT	1.6705715156981435
TGATCA	2.7351077613314487
ATTACC	0.9591182403441987
ATTACG	0.24864616012104082
ATTAGC	0.7459384803631224
ATTAGG	0.515681260911073
TGATTC	2.338800121977401
TGATTG	0.6929384513623472
TGATAC	1.243230800605204
TGATAG	1.547043782733219
TGAACT	0.7459384803631223
TGAACA	1.2952884283427648
ATACCT	0.8392284603011737
ATACCA	0.5353281765910473
ATACGT	0.24864616012104077
ATACGA	0.7401648161958656
ATACTC	1.1988978004302482
ATACTG	0.9945846404841631
GTTGTT	0.9311249676362588
GTTGTA	2.0788153540870415
GTTGAT	0.6929384513623472
GTTGAA	0.0
GTTTCT	0.4489607541420995
GTTTCA	0.6682286062792574
ATACAC	0.5353281765910473
ATACAG	0.3700824080979328
ATAGCT	1.2432308006052037
ATAGCA	1.4803296323917312
ATAGGT	0.5156812609110729
ATAGGA	4.605208367329186
ATAGTC	0.49729232024208153
ATAGTG	0.5156812609110729
TAAACC	1.0706563531820945
TAAACG	0.925206020244832
TAAAGC	1.6653708364406976
TAAAGG	0.7675347278881977
ATAGAC	0.7401648161958656
ATAGAG	0.3837673639440988
ATATCC	0.35966934012907437
ATATCG	0.9945846404841628
ATATGC	1.2432308006052037
ATATGG	0.5156812609110729
TAAGGT	0.5156812609110729
TAAGGA	0.3837673639440988
TAAGTC	0.7459384803631223
TAAGTG	0.5156812609110729
TAAGAC	0.7401648161958656
TAAGAG	0.3837673639440988
TAATCC	1.798346700645372
TAATCG	2.735107761331448
TAATGC	0.7459384803631223
TAATGG	2.5784063045553647
ATAACC	0.7137709021213964
ATAACG	0.3700824080979328
ATAAGC	0.7401648161958656
ATAAGG	0.7675347278881977
GTTCTT	0.897921508284199
GTTCTA	0.3341143031396287
TAACCT	1.0790080203872234
TAACCA	0.98143499041692
TAACGT	0.24864616012104077
TAACGA	0.0
TAACTC	0.23977956008604964
TAACTG	1.4918769607262445
TAACAC	0.98143499041692
TAACAG	2.03545324453863
TAAGCT	2.2378154410893667
TAAGCA	0.5551236121468992
GTTCAT	1.0023429094188863
GTTCAA	0.9945846404841633
GTGATT	0.6929384513623472
GTGATA	2.578406304555365
GTGAAT	0.0
GTGAAA	3.4539062754968892
CGATTT	0.0
CGATTA	0.9945846404841633
CGATAT	0.24864616012104077
CGATAA	0.3700824080979328
TATACC	0.8392284603011739
TATACG	0.7459384803631224
TATAGC	0.9945846404841633
TATAGG	1.547043782733219
TATTCC	1.4498997798246733
TATTCG	2.3388001219774006
TATTGC	0.33411430313962864
TATTGG	0.6929384513623471
GTGTAT	0.0
GTGTAA	0.515681260911073
GCTTTT	0.4489607541420995
GCTTTA	0.3341143031396287
GCTTAT	1.0023429094188863
GCTTAA	0.7459384803631224
GCTAAT	1.4918769607262445
GCTAAA	1.4803296323917312
GTGTTT	0.0
GTGTTA	0.0
AACCTT	0.8392284603011737
AACCTA	1.6059845297731419
AACCAT	1.0706563531820945
AACCAA	1.2615635781927705
CCTTAT	0.48329992660822446
CCTTAA	0.7193386802581491
TATCAC	0.8392284603011737
TATCAG	0.9945846404841631
TATGCT	0.6682286062792573
TATGCA	0.7459384803631223
TATGGT	0.0
TATGGA	1.0313625218221458
TATGTC	1.0023429094188858
TATGTG	0.0
TATGAC	2.2378154410893667
TATGAG	2.0627250436442917
TATCTC	0.805499877680374
TATCTG	0.33411430313962864
TGAATC	0.7459384803631224
TGAATG	1.031362521822146
TGAAAC	1.2952884283427648
TGAAAG	1.5350694557763953
CTAAGT	0.745938480363122
CTAAGA	0.3700824080979327
CTAATC	3.2370240611616694
CTAATG	1.2432308006052035
TAGACT	0.7459384803631223
TAGACA	0.5551236121468992
TAGAGT	0.5156812609110729
TAGAGA	1.5350694557763953
TAGATC	0.49729232024208153
TAGATG	0.5156812609110729
TAGAAC	0.925206020244832
TAGAAG	2.6863715476086916
TATCCT	2.416499633041122
TATCCA	1.318787580473273
TATCGT	0.33411430313962864
TATCGA	0.7459384803631223
GCTATT	2.0046858188377725
GCTATA	0.7459384803631224
GTCAAT	0.49729232024208153
GTCAAA	0.1850412040489664
CCTTTT	0.43295103399822865
CCTTTA	0.32219995107214966
GTCTAT	0.3341143031396287
GTCTAA	0.24864616012104082
GTCATT	0.6682286062792574
GTCATA	0.24864616012104082
AACGTT	0.9945846404841628
AACGTA	0.3700824080979327
AACGAT	0.5551236121468991
AACGAA	0.5508268807243688
GCATTT	1.0023429094188863
GCATTA	0.7459384803631224
TTCCAT	1.288799804288598
TTCCAA	0.5994489002151241
TAGGAT	5.156812609110729
TAGGAA	4.221441003385087
TAGTCT	0.6682286062792573
TAGTCA	0.9945846404841631
TAGTGT	0.6929384513623471
TAGTGA	1.5470437827332189
TAGTTC	1.0023429094188858
TAGTTG	0.0
TAGTAC	0.9945846404841631
TAGTAG	7.735218913666094
TTCGAT	0.33411430313962864
TTCGAA	1.2432308006052037
TTCTCT	1.0823775849955715
TTCTCA	1.772099730896823
TAGCTT	1.6705715156981433
TAGCTA	0.7459384803631223
TAGCAT	0.7459384803631223
TAGCAA	1.4803296323917312
TAGGTT	0.6929384513623471
TAGGTA	1.5470437827332189
CTAAAC	1.6059845297731414
CTAAAG	1.1102472242937982
TTCCTT	0.8659020679964572
TTCCTA	3.0608995351854213
TTCACT	1.610999755360748
TTCACA	0.8392284603011737
TACAGT	0.2486461601210407
TACAGA	0.3700824080979327
TACATC	1.0790080203872232
TACATG	0.4972923202420814
TACAAC	0.6245495393562217
TACAAG	0.7401648161958655
TTCGTT	1.3468822624262984
TTCGTA	2.3388001219774
GCATAT	0.24864616012104077
GCATAA	0.3700824080979328
GTCTTT	0.4489607541420995
GTCTTA	1.0023429094188863
AACTCT	0.4795591201720993
AACTCA	0.7137709021213964
AACTGT	0.9945846404841631
AACTGA	0.7401648161958656
AACTTC	1.6784569206023474
AACTTG	0.7459384803631223
AACTAC	1.0706563531820945
AACTAG	1.4803296323917312
TACTAC	2.397795600860496
TACTAG	4.4756308821787325
TACACT	1.0790080203872234
TACACA	0.98143499041692
TTCTGT	0.8979215082841989
TTCTGA	2.672914425117029
TTCTTC	4.762461373980514
TTCTTG	0.4489607541420995
TTCTAC	2.577599608577197
TTCTAG	3.007028728256658
TTCAAC	1.1988978004302482
TTCAAG	1.2432308006052037
TACGTT	0.0
TACGTA	0.0
TACGAT	0.9945846404841631
TACGAA	1.6653708364406976
TACTCT	0.644399902144299
TACTCA	2.2779058208174714
TACTGT	1.0023429094188858
TACTGA	1.9891692809683257
TACTTC	1.127699828752523
TACTTG	0.33411430313962864
TTGCTT	0.44896075414209946
TTGCTA	1.0023429094188858
TTGCAT	0.6682286062792573
TTGCAA	0.9945846404841631
TTGGTT	1.8622499352725175
TTGGTA	0.0
CTAACT	0.8392284603011737
CTAACA	2.141312706364189
TACCTT	0.3221999510721495
TACCTA	1.198897800430248
TACCAT	1.1988978004302482
TACCAA	0.8029922648865709
TTCAGT	0.0
TTCAGA	0.7459384803631223
TTCATC	2.0942996819689723
TTCATG	2.004685818837772
GCAAAT	0.5551236121468992
GCAAAA	0.9639470412676456
AACACT	1.159877715947269
AACACA	0.995971245941661
AACAGT	0.5551236121468992
AACAGA	0.6885336009054611
AACATC	0.7137709021213964
AACATG	0.925206020244832
AACAAC	0.8631750798161063
AACAAG	1.5147739219920144
GGAATT	2.0627250436442917
GGAATA	1.9188368197204941
CTATGT	1.0023429094188858
CTATGA	3.4810462416945698
CTATTC	4.671899290546167
CTATTG	0.33411430313962864
CTATAC	0.7193386802581487
CTATAG	0.4972923202420814
GGAAAT	0.7675347278881977
GGAAAA	0.8567931440929349
GCAATT	1.2432308006052037
GCAATA	0.925206020244832
GGATTT	2.0788153540870415
GGATTA	1.031362521822146
GGATAT	0.0
GGATAA	1.5350694557763953
AAGCTT	1.2432308006052037
AAGCTA	2.220494448587597
AAGCAT	0.925206020244832
AAGCAA	0.9639470412676456
TTAAGC	1.7405231208472858
TTAAGG	1.031362521822146
TTGGAT	3.4646922568117358
TTGGAA	0.0
TTGTCT	0.44896075414209946
TTGTCA	1.3364572125585146
TTGTGT	0.0
TTGTGA	0.0
TTGTTC	0.8979215082841989
TTGTTG	0.0
TTATGC	0.0
TTATGG	0.0
TTAACC	0.8392284603011739
TTAACG	0.0
CCAATT	1.0790080203872234
CCAATA	0.6245495393562218
CCAAAT	0.7137709021213964
CCAAAA	0.8631750798161062
CCATTT	0.1610999755360748
CCATTA	0.9591182403441986
CCTAAT	3.8364729613767947
CCTAAA	1.7844272553034912
CCTATT	2.7386995841132715
CCTATA	0.9591182403441986
AAGGTT	0.0
AAGGTA	1.9188368197204941
AAGGAT	0.7675347278881977
AAGGAA	1.1423908587905798
GGTTAT	2.0788153540870415
GGTTAA	0.515681260911073
TTAGCT	1.002342909418886
TTAGCA	0.24864616012104077
TTAGGT	0.0
TTAGGA	1.5470437827332189
TTAGTC	1.0023429094188858
TTAGTG	0.6929384513623471
TTAGAC	0.7459384803631223
TTAGAG	1.0313625218221458
TTATCC	0.9665998532164488
TTATCG	1.002342909418886
TTACCT	0.6443999021442992
TTACCA	0.8392284603011737
TTACGT	0.0
TTACGA	0.7459384803631223
TTACTC	0.4832999266082244
TTACTG	2.004685818837772
TTACAC	0.9591182403441986
TTACAG	0.9945846404841631
GGTATT	2.0788153540870415
GGTATA	1.5470437827332189
GGTAAT	0.5156812609110729
GGTAAA	0.7675347278881977
AAGTCT	0.24864616012104077
AAGTCA	0.0
AAGTGT	1.0313625218221458
AAGTGA	2.302604183664593
AAGTTC	0.0
AAGTTG	0.0
AAGTAC	0.5551236121468992
AAGTAG	1.9188368197204941
TTTACC	0.4832999266082244
TTTACG	0.6682286062792573
TTTAGC	0.6682286062792573
TTTAGG	0.0
CCATAT	1.3187875804732732
CCATAA	1.0706563531820947
GGTTTT	0.0
GGTTTA	1.3858769027246944
AAGACT	0.1850412040489664
AAGACA	0.8262403210865534
AAGAGT	2.302604183664593
AAGAGA	0.8567931440929349
AAGATC	0.3700824080979328
AAGATG	1.9188368197204941
AAGAAC	1.3770672018109222
AAGAAG	0.8567931440929349
TTTGAC	0.6682286062792573
TTTGAG	2.0788153540870415
TTTTCC	0.2164755169991143
TTTTCG	0.897921508284199
TTTTGC	1.3468822624262986
TTTTGG	0.0
AATCCT	2.2779058208174714
AATCCA	1.159877715947269
AATCGT	0.24864616012104077
AATCGA	1.6653708364406976
AATCTC	1.4386773605162977
AATCTG	1.2432308006052037
AATCAC	0.8922136276517454
AATCAG	0.5551236121468992
AATGCT	1.9891692809683261
AATGCA	0.5551236121468992
AATGGT	2.5784063045553647
AATGGA	0.7675347278881977
TTGATC	1.3364572125585146
TTGATG	2.0788153540870415
TTTCAC	0.805499877680374
TTTCAG	1.002342909418886
TTTGCT	0.8979215082841989
TTTGCA	1.0023429094188858
TTTGGT	0.0
TTTGGA	1.3858769027246942
TTTGTC	0.897921508284199
TTTGTG	0.0
TTTCCT	0.8659020679964572
TTTCCA	0.4832999266082244
TTTCGT	0.8979215082841989
TTTCGA	0.33411430313962864
TTTCTC	0.8659020679964572
TTTCTG	1.795843016568398
TTGTAC	1.3364572125585146
TTGTAG	2.0788153540870415
TTGACT	0.33411430313962864
TTGACA	0.7459384803631223
TTGAGT	0.0
TTGAGA	0.5156812609110729
AATGTC	0.9945846404841631
AATGTG	1.5470437827332189
AATGAC	1.2952884283427648
AATGAG	1.9188368197204941
AATTCC	0.599448900215124
AATTCG	1.491876960726244
AATTGC	0.49729232024208153
AATTGG	0.5156812609110729
AATACC	0.4461068138258727
AATACG	0.5551236121468992
AATAGC	1.2952884283427648
AATAGG	2.6863715476086916
AAAGCT	1.1102472242937984
AAAGCA	1.1016537614487378
AAAGGT	0.3837673639440988
AAAGGA	3.4271725763717398
AAAGTC	0.0
AAAGTG	2.302604183664593
AAAGAC	0.5508268807243689
AAAGAG	1.7135862881858699
TTGAAC	0.7459384803631223
TTGAAG	1.5470437827332189
AAATGC	0.3700824080979328
AAATGG	0.3837673639440988
AAAGCC	2.0806492748220626
AAAGCG	0.0
AAAGGC	0.8630351186856364
AAAGGG	0.0
TTTCCC	0.6490945333332339
TTTCCG	1.0096452542344379
TTTCGC	0.3365484180781459
TTTCGG	2.0939600978476447
TTGACC	1.2522880802108398
TTGACG	0.0
TTGAGC	0.5194381412628024
TTGAGG	1.0772919860146233
TTTGCC	1.0096452542344376
TTTGCG	0.6979866992825483
TTTGGC	1.3959733985650966
TTTGGG	1.4475938860667086
TTACCC	0.7245792611342629
TTACCG	0.250457616042168
TTACGC	0.500915232084336
TTACGG	0.0
TTAGCC	1.001830464168672
TTAGCG	0.5194381412628024
TTAGGC	0.5194381412628024
TTAGGG	1.0772919860146233
TTGGAC	0.0
TTGGAG	5.386459930073116
TTGTCC	0.6730968361562918
TTGTCG	0.0
TTGTGC	0.0
TTGTGG	0.0
CTATGC	1.5027456962530077
CTATGG	1.0388762825256046
TTGCTC	1.0096452542344376
TTGCTG	0.0
TTGCAC	0.250457616042168
TTGCAG	2.5971907063140116
TTGGCT	1.3959733985650964
TTGGCA	0.0
TTGGGT	1.4475938860667084
TTGGGA	0.0
TTGGTC	0.6979866992825483
TTGGTG	1.4475938860667086
CTAACC	1.348070475368751
CTAACG	0.5591678409163742
TACCCT	0.24152642037808755
TACCCA	1.0784563802950005
TACCGT	0.5009152320843359
TACCGA	0.37277856061091613
TACCTC	1.2076321018904377
TACCTG	0.7513728481265037
TACCAC	0.8987136502458339
TACCAG	1.3047249621382064
TTCAGC	1.7532033122951758
TTCAGG	2.0777525650512096
TTGCCT	1.0096452542344376
TTGCCA	0.7513728481265038
TTGCGT	0.0
TTGCGA	0.5194381412628024
TACGCT	0.5009152320843359
TACGCA	0.37277856061091613
TACGGT	0.0
TACGGA	1.5462528605539074
TACGTC	1.001830464168672
TACGTG	0.5194381412628024
TACGAC	0.3727785606109162
TACGAG	2.3193792908308613
TACTCC	1.207632101890438
TACTCG	0.0
TACTGC	1.7532033122951756
TACTGG	1.0388762825256046
TACACC	0.6290995551720837
TACACG	0.7455571212218323
TTCTGC	1.0096452542344376
TTCTGG	0.0
TTCACC	0.4830528407561752
TTCACG	0.500915232084336
TACAGC	0.9319464015272902
TACAGG	1.932816075692384
TAGCCT	3.506406624590351
TAGCCA	3.168617765192787
TAGCGT	1.0388762825256048
TAGCGA	0.0
TTCGCT	0.0
TTCGCA	1.0018304641686717
TTCGGT	1.3959733985650966
TTCGGA	2.5971907063140116
TTCGTC	1.3461936723125836
TTCGTG	1.3959733985650966
TTCGAC	1.7532033122951758
TTCGAG	1.0388762825256048
TTCTCC	2.10955723333301
TTCTCG	0.33654841807814595
TAGCTC	0.7513728481265038
TAGCTG	3.6360669888396164
TAGCAC	0.5591678409163743
TAGCAG	2.705942505969338
TAGGCT	2.5971907063140116
TAGGCA	0.7731264302769537
TAGGGT	1.0772919860146233
TAGGGA	2.4051456025792786
TAGGTC	0.0
TAGGTG	0.0
TTCCCT	0.32454726666661693
TTCCCA	0.603816050945219
TTCCGT	0.3365484180781459
TTCCGA	0.25045761604216793
TTCCTC	1.2981890666664677
TTCCTG	1.6827420903907298
TTCCAC	1.3283953120794818
TTCCAG	0.0
TAGGAC	3.8656321513847685
TAGGAG	12.025728012896394
TAGTCC	3.5064066245903516
TAGTCG	1.558314423788407
TAGTGC	0.0
TAGTGG	0.0
TAGACC	0.7455571212218324
TAGACG	1.5462528605539074
TAGAGC	0.0
TAGAGG	1.6034304017195191
TATCCC	0.4830528407561752
TATCCG	0.250457616042168
TATCGC	1.001830464168672
TATCGG	1.558314423788407
CTAAGC	1.4911142424436643
CTAAGG	0.7731264302769536
TATGCC	2.2541185443795118
TATGCG	0.0
TATGGC	0.5194381412628024
TATGGG	0.0
TAACCC	0.7189709201966672
TAACCG	1.1183356818327483
TAACGC	0.5591678409163743
TAACGG	0.38656321513847686
TAAGCC	1.1183356818327486
TAAGCG	0.7731264302769537
TAAGGC	0.38656321513847686
TAAGGG	3.2068608034390382
TGAACC	1.3047249621382067
TGAACG	0.7731264302769537
TGAAGC	1.1596896454154308
TGAAGG	0.8017152008597597
CTAGGT	1.0388762825256048
CTAGGA	8.890953948184968
CTAGTC	4.257779472716855
CTAGTG	1.0388762825256048
CTAGAC	0.5591678409163743
CTAGAG	1.1596896454154306
CTATCC	2.415264203780876
CTATCG	1.0018304641686717
TGAGTC	1.038876282525605
TGAGTG	3.23187595804387
TGAGAC	0.0
TGAGAG	0.0
TGATCC	1.25228808021084
TGATCG	0.5194381412628025
TGATGC	2.07775256505121
TGATGG	2.1545839720292466
TGACCT	1.001830464168672
TGACCA	0.9319464015272905
TGACGT	0.5194381412628024
TGACGA	0.38656321513847686
TGACTC	1.25228808021084
TGACTG	0.5194381412628025
TGACAC	1.1183356818327486
TGACAG	1.1596896454154306
TGAGCT	0.0
TGAGCA	1.5462528605539074
TGAGGT	1.0772919860146233
TGAGGA	4.0085760042987975
ACCCTT	0.7245792611342629
ACCCTA	1.6176845704425016
ACCCAT	0.9885850152704176
ACCCAA	0.8694635485724352
CTACGT	0.7513728481265038
CTACGA	2.0502820833600386
CTACTC	2.0529745732137443
CTACTG	1.7532033122951753
CTACAC	1.5278132054179177
CTACAG	1.1183356818327483
TGTACC	1.001830464168672
TGTACG	1.038876282525605
TGTAGC	1.5583144237884075
TGTAGG	2.1545839720292466
CTAGCT	1.7532033122951756
CTAGCA	1.6775035227491226
ACCGTT	0.0
ACCGTA	0.7455571212218323
ACCGAT	0.7455571212218323
ACCGAA	0.5548398066192166
ACCTCT	0.7245792611342629
ACCTCA	0.9885850152704176
ACCTGT	0.5009152320843359
ACCTGA	0.7455571212218323
ACCTTC	0.9661056815123504
ACCTTG	1.0018304641686717
ACCTAC	1.5278132054179177
ACCTAG	1.6775035227491226
ACCACT	0.8088422852212508
ACCACA	1.0701089828583819
CTTAGC	0.7513728481265038
CTTAGG	2.0777525650512096
TGTTCC	0.0
TGTTCG	1.3959733985650968
TGTTGC	0.0
TGTTGG	2.8951877721334176
CACCAT	0.9885850152704176
CACCAA	0.9363453600010841
CACGTT	0.25045761604216793
CACGTA	0.5591678409163742
TGTGCT	0.0
TGTGCA	0.0
TGTGGT	0.0
TGTGGA	3.23187595804387
TGTGTC	0.0
TGTGTG	0.0
TGTGAC	1.038876282525605
TGTGAG	0.0
TGTCCT	0.673096836156292
TGTCCA	0.500915232084336
TGTCGT	0.6979866992825484
TGTCGA	0.0
TGTCTC	1.0096452542344379
TGTCTG	1.3959733985650968
TGTCAC	0.751372848126504
TGTCAG	0.0
CACCTT	0.7245792611342629
CACCTA	1.3480704753687514
CTACCT	1.4491585222685253
CTACCA	1.5278132054179174
ACCAGT	0.5591678409163742
ACCAGA	0.8322597099288249
ACCATC	1.2581991103441674
ACCATG	0.9319464015272904
ACCAAC	1.2707544171443286
ACCAAG	0.9709696615836291
ACGCTT	1.0018304641686717
ACGCTA	0.9319464015272904
ACGCAT	0.37277856061091613
ACGCAA	0.41612985496441246
TGGATC	1.038876282525605
TGGATG	0.0
TGGAAC	0.38656321513847686
TGGAAG	0.8017152008597596
CACGAT	0.18638928030545807
CACGAA	0.6935497582740208
CACTCT	0.7245792611342629
CACTCA	1.0784563802950011
CACTGT	0.25045761604216793
CACTGA	1.1183356818327483
CACTTC	1.0868688917013942
CACTTG	0.5009152320843359
CCCATT	1.0868688917013942
CCCATA	1.2581991103441679
CTTTGC	0.3365484180781459
CTTTGG	2.0939600978476447
CTTACC	0.7245792611342629
CTTACG	0.500915232084336
TGGTCT	3.4899334964127418
TGGTCA	1.038876282525605
TGGTGT	0.0
TGGTGA	0.0
TGGTTC	0.6979866992825484
TGGTTG	2.8951877721334176
TGGTAC	0.0
TGGTAG	1.0772919860146233
TGGACT	0.0
TGGACA	0.7731264302769537
TGGAGT	1.0772919860146233
TGGAGA	0.0
CACTAC	1.1683277453195842
CACTAG	2.2366713636654967
CACACT	1.3480704753687514
CACACA	0.3344090571432443
CACAGT	1.1183356818327483
CACAGA	0.2774199033096083
CACATC	0.8987136502458339
CACATG	1.1183356818327483
TGGGTT	0.0
TGGGTA	1.0772919860146233
TGGGAT	3.2318759580438696
TGGGAA	0.8017152008597596
CGTTCT	0.0
CGTTCA	0.0
CGTTGT	0.6979866992825484
CGTTGA	0.0
CGTTTC	0.336548418078146
CGTTTG	1.3959733985650968
CCGTAT	0.250457616042168
CCGTAA	0.7455571212218324
TGGCTT	1.3959733985650968
TGGCTA	0.5194381412628025
TGGCAT	1.0388762825256048
TGGCAA	1.1596896454154306
CCCAAT	1.0784563802950011
CCCAAA	1.471399851430275
ACGGTT	0.5194381412628024
ACGGTA	0.0
ACGGAT	1.1596896454154306
ACGGAA	0.28767837289521214
ACGTCT	0.25045761604216793
ACGTCA	0.18638928030545807
ACGTGT	0.0
ACGTGA	0.38656321513847686
ACGTTC	0.250457616042168
ACGTTG	0.5194381412628024
CAGCTT	1.0018304641686717
CAGCTA	1.3047249621382064
CAGCAT	0.9319464015272904
CAGCAA	1.2483895648932375
TGCATC	1.001830464168672
TGCATG	1.038876282525605
TGCAAC	0.7455571212218324
TGCAAG	1.1596896454154306
CCGTTT	0.33654841807814595
CCGTTA	0.0
CACAAC	0.7356999257151375
CACAAG	0.9709696615836291
TGCTTC	0.673096836156292
TGCTTG	0.6979866992825484
TGCTAC	1.753203312295176
TGCTAG	4.15550513010242
TGCACT	0.751372848126504
TGCACA	0.5591678409163743
TGCAGT	1.558314423788407
TGCAGA	0.38656321513847686
CGTTAC	0.500915232084336
CGTTAG	0.5194381412628025
CAGACT	0.18638928030545804
CAGACA	0.5548398066192165
CAGGTT	0.5194381412628024
CAGGTA	0.7731264302769537
CAGGAT	2.705942505969338
CAGGAA	0.8630351186856364
CAGTCT	0.7513728481265038
CAGTCA	0.5591678409163742
TGCGTT	1.3959733985650968
TGCGTA	0.0
TGCGAT	0.0
TGCGAA	0.38656321513847686
TGCTCT	1.346193672312584
TGCTCA	1.001830464168672
TGCTGT	0.0
TGCTGA	0.5194381412628025
ACGTAC	0.9319464015272905
ACGTAG	1.5462528605539074
CTTGGT	0.6979866992825483
CTTGGA	0.5194381412628024
CTTGTC	0.0
CTTGTG	0.0
CTTGAC	1.001830464168672
CTTGAG	0.0
CTTTCC	1.2981890666664677
CTTTCG	1.0096452542344379
CATCCT	2.656790624158963
CATCCA	1.0784563802950005
TGCCTT	1.0096452542344379
TGCCTA	1.001830464168672
TGCCAT	1.502745696253008
TGCCAA	0.7455571212218324
CAGTGT	1.0388762825256048
CAGTGA	0.38656321513847686
CAGTTC	0.0
CAGTTG	0.5194381412628024
CAGTAC	0.5591678409163743
CAGTAG	2.705942505969338
ACGACT	0.18638928030545804
ACGACA	0.27741990330960825
ACGAGT	0.0
ACGAGA	1.7260702373712729
ACGATC	0.3727785606109161
ACGATG	1.1596896454154304
ACGAAC	0.8322597099288249
ACGAAG	0.0
ACTCCT	2.2945009935918317
ACTCCA	1.2581991103441672
CAGAGT	0.7731264302769537
CAGAGA	0.28767837289521214
CAGATC	0.18638928030545804
CAGATG	0.3865632151384768
CAGAAC	1.1096796132384332
CAGAAG	2.3014269831616967
ACTCGT	0.25045761604216793
ACTCGA	0.18638928030545807
ACTCTC	0.12076321018904378
ACTCTG	0.25045761604216793
ACTCAC	1.348070475368751
ACTCAG	0.9319464015272904
ACTGCT	1.0018304641686717
ACTGCA	1.1183356818327483
ACTGGT	1.0388762825256048
ACTGGA	0.0
ACTGTC	0.500915232084336
ACTGTG	2.0777525650512096
TCAACC	1.348070475368751
TCAACG	1.1183356818327483
TCAAGC	1.4911142424436643
TCAAGG	1.932816075692384
ACTGAC	1.1183356818327486
ACTGAG	0.7731264302769537
ACTTCC	0.9661056815123504
ACTTCG	0.5009152320843359
ACTTGC	1.0018304641686717
ACTTGG	0.5194381412628023
ACTACC	1.1683277453195842
ACTACG	1.3047249621382064
ACTAGC	3.355007045498245
ACTAGG	4.638758581661722
TCAGAC	0.7455571212218324
TCAGAG	0.38656321513847686
TCATCC	1.5699217324575694
TCATCG	0.7513728481265038
TCATGC	1.5027456962530077
TCATGG	3.116628847576814
TCACGT	0.5009152320843359
TCACGA	0.18638928030545807
TCACTC	0.9661056815123502
TCACTG	1.0018304641686717
TCACAC	0.8088422852212506
TCACAG	2.2366713636654967
TCAGCT	1.0018304641686717
TCAGCA	0.9319464015272904
TCAGGT	0.5194381412628024
TCAGGA	2.705942505969338
TCAGTC	0.500915232084336
TCAGTG	0.0
CTTCGT	2.355838926547021
CTTCGA	1.2522880802108396
CTTCTC	1.2981890666664677
CTTCTG	1.3461936723125838
CTTCAC	1.0868688917013942
CTTCAG	1.0018304641686717
TCTAGC	1.5027456962530077
TCTAGG	2.0777525650512096
TCACCT	0.6038160509452188
TCACCA	0.6290995551720836
CTTGCT	1.3461936723125836
CTTGCA	1.2522880802108396
ACACCT	1.0784563802950011
ACACCA	1.0701089828583819
ACACGT	0.37277856061091613
ACACGA	0.6935497582740208
ACACTC	1.4379418403933344
ACACTG	0.7455571212218323
ACACAC	0.8025817371437864
ACACAG	0.5548398066192166
ACAGCT	0.9319464015272902
ACAGCA	1.5258094682028456
ACAGGT	1.5462528605539074
ACAGGA	2.5891053560569093
ACAGTC	0.9319464015272902
ACAGTG	0.3865632151384768
ACAGAC	0.5548398066192166
ACAGAG	0.5753567457904242
ACATCC	0.9885850152704173
ACATCG	0.9319464015272904
ACATGC	0.5591678409163743
ACATGG	1.1596896454154306
TCTTGC	0.3365484180781459
TCTTGG	0.6979866992825483
TCTACC	1.207632101890438
TCTACG	1.2522880802108398
ACAACC	0.9363453600010841
ACAACG	0.13870995165480415
ACAAGC	1.3870995165480418
ACAAGG	0.5753567457904243
CATGCT	2.0036609283373434
CATGCA	0.37277856061091613
TCTGCT	1.3461936723125836
TCTGCA	0.25045761604216793
TCTGGT	0.6979866992825483
TCTGGA	0.5194381412628024
TCTGTC	0.0
TCTGTG	0.6979866992825483
TCTGAC	1.001830464168672
TCTGAG	3.6360669888396164
TCTTCC	2.2718308666663183
TCTTCG	2.0192905084688757
CTGAGT	2.5971907063140116
CTGAGA	0.7731264302769537
CTGATC	2.003660928337344
CTGATG	2.0777525650512096
TCTCAC	0.8453424713233066
TCTCAG	1.0018304641686717
CATCGT	0.5009152320843359
CATCGA	0.5591678409163742
CATCTC	1.5699217324575692
CATCTG	1.0018304641686717
CATCAC	1.2581991103441674
CATCAG	1.3047249621382064
TCGAGT	0.0
TCGAGA	0.38656321513847686
TCGATC	0.250457616042168
TCGATG	1.0388762825256048
TCGAAC	0.5591678409163743
TCGAAG	0.7731264302769537
TCTCCT	1.785009966666393
TCTCCA	1.3283953120794818
TCTCGT	0.0
TCTCGA	0.0
TCTCTC	0.8113681666665423
TCTCTG	1.6827420903907298
CTGAAC	1.1183356818327486
CTGAAG	0.38656321513847686
CTTCCT	2.758651766666244
CTTCCA	1.0868688917013942
AGCCTT	2.50457616042168
AGCCTA	3.541396325803704
AGCCAT	3.91417488641462
AGCCAA	2.0806492748220626
CTGTGT	0.0
CTGTGA	2.0777525650512096
CTGTTC	1.3461936723125836
CTGTTG	0.6979866992825483
TCGTCT	1.3461936723125836
TCGTCA	0.5009152320843359
TCGTGT	0.0
TCGTGA	0.5194381412628024
TCGTTC	0.3365484180781459
TCGTTG	0.0
TCGTAC	0.500915232084336
TCGTAG	2.5971907063140116
TCGACT	1.0018304641686717
TCGACA	0.37277856061091613
TCGGTT	2.0939600978476447
TCGGTA	0.0
TCGGAT	0.5194381412628024
TCGGAA	2.705942505969338
CATGGT	2.5971907063140116
CATGGA	0.7731264302769537
CATGTC	0.500915232084336
CATGTG	0.5194381412628024
CATGAC	1.1183356818327486
CATGAG	2.3193792908308613
CATTCC	1.0868688917013942
CATTCG	2.0036609283373434
CATACC	0.8987136502458339
CATACG	0.7455571212218323
TCGCTT	0.3365484180781459
TCGCTA	0.7513728481265038
TCGCAT	1.0018304641686717
TCGCAA	0.37277856061091613
CCGATT	1.001830464168672
CCGATA	0.5591678409163743
CCGAAT	1.3047249621382067
CCGAAA	0.5548398066192167
CTGTAC	0.7513728481265038
CTGTAG	1.0388762825256048
CTGACT	2.504576160421679
CTGACA	0.7455571212218323
AGCGTT	0.5194381412628025
AGCGTA	0.0
AGCGAT	0.3865632151384769
AGCGAA	0.8630351186856366
AGCTCT	1.001830464168672
AGCTCA	0.7455571212218324
AGCTGT	0.5194381412628024
AGCTGA	1.9328160756923842
CTGGTT	2.0939600978476447
CTGGTA	1.558314423788407
TCCATC	1.3283953120794818
TCCATG	2.0036609283373434
TCCAAC	0.8088422852212506
TCCAAG	2.795839204581871
CATTGC	1.5027456962530077
CATTGG	3.116628847576814
CTGGAT	0.0
CTGGAA	0.7731264302769537
CTGTCT	0.3365484180781459
CTGTCA	0.5009152320843359
AGCTTC	1.502745696253008
AGCTTG	0.0
AGCTAC	1.4911142424436648
AGCTAG	0.7731264302769537
AGCACT	0.5591678409163742
AGCACA	0.6935497582740208
AGCAGT	2.7059425059693383
AGCAGA	1.726070237371273
CAACCT	1.0784563802950011
CAACCA	1.7389270971448705
TCCTGT	1.6827420903907293
TCCTGA	1.7532033122951756
TCCTTC	0.9736417999998508
TCCTTG	0.33654841807814595
TCCTAC	3.2606066751041825
TCCTAG	7.26327086522287
TCCACT	1.4491585222685257
TCCACA	0.8088422852212508
TCCAGT	0.5009152320843359
TCCAGA	0.5591678409163742
AGCATC	0.5591678409163743
AGCATG	0.38656321513847686
AGCAAC	0.9709696615836292
AGCAAG	1.1507134915808486
CCCTTT	0.32454726666661693
CCCTTA	0.2415264203780876
CGTAAC	0.1863892803054581
CGTAAG	0.38656321513847686
CTGCTT	0.6730968361562918
CTGCTA	3.2559490085481833
TCCGAT	0.7513728481265038
TCCGAA	0.5591678409163742
TCCTCT	1.785009966666393
TCCTCA	1.4491585222685257
CATAGC	1.8638928030545805
CATAGG	1.5462528605539072
CAACAC	0.7356999257151375
CAACAG	1.3870995165480415
CAAGCT	0.9319464015272902
CAAGCA	1.3870995165480413
CCTCAT	1.6906849426466133
CCTCAA	0.9885850152704176
TCCCTT	0.32454726666661693
TCCCTA	1.811448152835657
TCCCAT	0.603816050945219
TCCCAA	1.2581991103441679
TCCGTT	0.0
TCCGTA	0.25045761604216793
CTGCAT	0.5009152320843359
CTGCAA	0.5591678409163742
CCCTAT	2.294500993591832
CCCTAA	2.4265268556637523
AGGCTT	4.674943271365222
AGGCTA	1.1596896454154306
AGGCAT	0.7731264302769537
AGGCAA	1.1507134915808486
CTCAAC	1.6176845704425011
CTCAAG	1.3047249621382064
CGTACT	1.753203312295176
CGTACA	0.1863892803054581
CGTAGT	0.5194381412628024
CGTAGA	1.5462528605539074
CCTCTT	0.8113681666665423
CCTCTA	1.207632101890438
CAACGT	0.37277856061091613
CAACGA	0.5548398066192166
CAACTC	0.7189709201966672
CAACTG	0.5591678409163742
GAAAGC	2.013748610266485
GAAAGG	1.7898970890911647
CAAGGT	1.1596896454154306
CAAGGA	0.8630351186856364
CAAGTC	0.18638928030545804
CAAGTG	1.932816075692384
CAAGAC	0.8322597099288249
CAAGAG	1.1507134915808483
CAATCC	1.0784563802950007
CAATCG	1.6775035227491226
CGTATC	0.500915232084336
CGTATG	0.5194381412628025
AGGGTT	1.0772919860146233
AGGGTA	1.6034304017195193
AGGGAT	4.810291205158557
AGGGAA	1.1932647260607767
CTCTAC	1.0868688917013942
CTCTAG	1.5027456962530077
CTCACT	1.207632101890438
CTCACA	1.1683277453195844
CTCAGT	0.7513728481265038
CTCAGA	0.5591678409163742
GAATGC	0.38656321513847686
GAATGG	2.4051456025792786
GAAACC	1.5258094682028458
GAAACG	0.5753567457904243
CTCATC	1.6906849426466133
CTCATG	1.2522880802108396
AGGTCT	1.0388762825256048
AGGTCA	0.38656321513847686
AGGTGT	1.0772919860146233
AGGTGA	3.2068608034390382
AGGTTC	1.038876282525605
AGGTTG	0.0
AGGTAC	1.9328160756923842
AGGTAG	1.6034304017195191
GAAGCT	1.1596896454154308
GAAGCA	0.8630351186856365
GAAGGT	2.4051456025792786
GAAGGA	2.983161815151942
GAAGTC	0.0
GAAGTG	0.8017152008597596
GAAGAC	0.28767837289521214
GAAGAG	1.1932647260607765
GAATCC	0.9319464015272905
GAATCG	1.1596896454154306
GAACCT	1.3047249621382064
GAACCA	0.5548398066192166
GAACGT	0.3865632151384769
GAACGA	0.8630351186856365
GAACTC	0.9319464015272905
GAACTG	1.9328160756923842
GAACAC	0.5548398066192167
GAACAG	0.8630351186856364
AGGACT	7.344701087631061
AGGACA	2.5891053560569093
AGGAGT	7.215436807737836
AGGAGA	3.5797941781823304
AGGATC	1.5462528605539074
AGGATG	1.6034304017195191
AGGAAC	1.7260702373712729
AGGAAG	0.5966323630303882
AGTCCT	3.506406624590352
AGTCCA	0.9319464015272905
AGTCGT	1.0388762825256048
AGTCGA	1.1596896454154306
GATACC	0.1863892803054581
GATACG	1.5462528605539074
GATAGC	1.5462528605539076
GATAGG	1.6034304017195193
AGTCTC	0.751372848126504
AGTCTG	0.0
AGTCAC	1.3047249621382067
AGTCAG	0.7731264302769537
CTCGAT	0.25045761604216793
CTCGAA	0.0
CTCTCT	0.9736417999998508
CTCTCA	0.8453424713233066
CTCTGT	0.6730968361562918
CTCTGA	0.5009152320843359
CTCTTC	0.9736417999998508
CTCTTG	0.6730968361562919
GATGAC	1.9328160756923842
GATGAG	3.2068608034390382
GATTCC	2.003660928337344
GATTCG	0.5194381412628025
GATTGC	0.0
GATTGG	1.0772919860146233
AGTGCT	1.0388762825256048
AGTGCA	0.7731264302769537
AGTGGT	2.1545839720292466
AGTGGA	0.8017152008597596
AGTGTC	0.0
AGTGTG	0.0
AGTGAC	0.38656321513847686
AGTGAG	1.6034304017195191
AGTTCC	0.0
AGTTCG	0.0
AGTTGC	0.0
AGTTGG	0.0
AGTACC	0.3727785606109162
AGTACG	0.38656321513847686
GATCTC	0.500915232084336
GATCTG	1.038876282525605
GATCAC	0.5591678409163743
GATCAG	1.9328160756923842
GATGCT	2.0777525650512096
GATGCA	0.7731264302769537
GATGGT	2.1545839720292466
GATGGA	0.8017152008597596
GATGTC	0.5194381412628025
GATGTG	0.0
AGTAGC	4.252195366523246
AGTAGG	5.612006406018318
CTCCTT	0.4868208999999254
CTCCTA	3.019080254726095
CAAACC	1.538281662858924
CAAACG	0.41612985496441246
GAGATC	1.5462528605539074
GAGATG	1.6034304017195191
GAGAAC	1.1507134915808486
GAGAAG	2.386529452121553
GATCCT	1.502745696253008
GATCCA	0.9319464015272905
GATCGT	0.5194381412628024
GATCGA	0.38656321513847686
CTCCAT	1.4491585222685257
CTCCAA	1.1683277453195844
CTCGTT	0.0
CTCGTA	0.25045761604216793
AGACCT	0.37277856061091613
AGACCA	0.41612985496441246
AGACGT	1.9328160756923847
AGACGA	0.8630351186856365
AGACTC	0.0
AGACTG	1.1596896454154306
AGACAC	0.5548398066192167
AGACAG	0.8630351186856364
GAGACT	0.3865632151384769
GAGACA	0.8630351186856365
GAGAGT	0.0
GAGAGA	0.0
CAATGC	1.1183356818327486
CAATGG	2.3193792908308613
GAGGTT	3.23187595804387
GAGGTA	2.405145602579279
GAGGAT	3.2068608034390382
GAGGAA	3.5797941781823304
GAGTCT	0.5194381412628024
GAGTCA	1.5462528605539074
GAGTGT	2.1545839720292466
GAGTGA	1.6034304017195191
GAGTTC	0.5194381412628025
GAGTTG	0.0
GAGTAC	0.7731264302769537
GAGTAG	1.6034304017195191
AGAGCT	1.5462528605539076
AGAGCA	0.5753567457904243
AGAGGT	2.4051456025792786
AGAGGA	2.983161815151942
AGAGTC	0.38656321513847686
AGAGTG	2.4051456025792786
AGAGAC	0.8630351186856364
AGAGAG	0.5966323630303882
AGATCC	0.5591678409163743
AGATCG	0.7731264302769537
AGATGC	0.7731264302769537
AGATGG	2.4051456025792786
AGAACC	0.9709696615836292
AGAACG	1.1507134915808486
CAAAGC	0.4161298549644125
CAAAGG	1.4383918644760607
GAGCTT	0.0
GAGCTA	1.5462528605539074
GAGCAT	1.5462528605539074
GAGCAA	1.4383918644760607
CGTGTT	0.6979866992825484
CGTGTA	0.0
CGTGAT	1.558314423788407
CGTGAA	0.0
GACACT	1.1183356818327483
GACACA	0.41612985496441246
GACAGT	0.3865632151384769
GACAGA	1.1507134915808486
GACATC	0.9319464015272905
GACATG	1.5462528605539074
GACAAC	0.5548398066192167
GACAAG	0.28767837289521214
AGAAGC	2.5891053560569093
AGAAGG	2.386529452121553
ATCCCT	1.3283953120794816
ATCCCA	1.0784563802950005
ATCCGT	0.25045761604216793
ATCCGA	0.7455571212218323
CGTCTT	1.0096452542344379
CGTCTA	0.0
CGTCAT	0.500915232084336
CGTCAA	0.3727785606109162
GACTCT	0.250457616042168
GACTCA	1.6775035227491228
GACTGT	1.558314423788407
GACTGA	0.38656321513847686
GACTTC	0.500915232084336
GACTTG	2.07775256505121
GACTAC	1.3047249621382067
GACTAG	3.479068936246292
GCCATT	1.25228808021084
GCCATA	1.4911142424436648
GCCAAT	0.9319464015272905
GCCAAA	1.2483895648932377
GCCTTT	1.0096452542344379
GCCTTA	1.001830464168672
GCCTAT	1.502745696253008
GCCTAA	2.050282083360039
CGGATT	1.558314423788407
CGGATA	1.1596896454154306
CCTGAT	1.25228808021084
CCTGAA	1.6775035227491228
GACGTT	0.0
GACGTA	2.3193792908308617
GACGAT	0.3865632151384769
GACGAA	0.2876783728952122
GCGTAT	0.0
GCGTAA	0.38656321513847686
CGCATT	0.500915232084336
CGCATA	0.3727785606109162
CGGTTT	0.6979866992825483
CGGTTA	0.0
CGGTAT	0.5194381412628024
CGGTAA	0.38656321513847686
GACCTT	0.500915232084336
GACCTA	1.863892803054581
GACCAT	1.4911142424436648
GACCAA	0.8322597099288251
CCTGTT	2.0192905084688757
CCTGTA	0.500915232084336
CGGAAT	1.9328160756923842
CGGAAA	1.7260702373712729
ATCCTC	1.5699217324575692
ATCCTG	1.7532033122951753
ATCCAC	0.8987136502458339
ATCCAG	1.4911142424436645
CGAAGT	0.0
CGAAGA	0.28767837289521214
CGAATC	1.1183356818327486
CGAATG	1.5462528605539074
CGAAAC	0.6935497582740209
CGAAAG	1.1507134915808486
GCGAAT	0.38656321513847686
GCGAAA	0.5753567457904243
GTAAGC	0.3865632151384769
GTAAGG	0.8017152008597597
GCGTTT	0.6979866992825483
GCGTTA	1.0388762825256048
ATCGCT	0.7513728481265038
ATCGCA	0.7455571212218323
ATCGGT	0.5194381412628024
ATCGGA	2.705942505969338
ATCGTC	0.500915232084336
ATCGTG	0.5194381412628024
ATCGAC	1.3047249621382067
ATCGAG	0.7731264302769537
ATCTCC	1.6906849426466133
ATCTCG	0.0
GTAACC	0.7455571212218324
GTAACG	0.0
CGCAAT	0.9319464015272905
CGCAAA	0.41612985496441257
GCGATT	0.0
GCGATA	1.1596896454154306
ATCTGC	1.0018304641686717
ATCTGG	0.5194381412628023
ATCACC	1.0784563802950007
ATCACG	0.18638928030545807
ATCAGC	1.1183356818327483
ATCAGG	2.319379290830861
ATGCCT	2.2541185443795113
ATGCCA	0.5591678409163742
GTAGTC	0.5194381412628025
GTAGTG	0.0
GTAGAC	1.5462528605539074
GTAGAG	0.8017152008597596
GTATCC	0.500915232084336
GTATCG	0.0
GTATGC	1.5583144237884075
GTATGG	0.0
GCTCAT	0.751372848126504
GCTCAA	0.9319464015272905
GTACGT	0.5194381412628024
GTACGA	1.1596896454154306
GTACTC	0.751372848126504
GTACTG	1.5583144237884077
GTACAC	0.0
GTACAG	0.38656321513847686
GTAGCT	1.558314423788407
GTAGCA	1.1596896454154306
GTAGGT	1.0772919860146233
GTAGGA	6.4137216068780765
ATGCGT	0.0
ATGCGA	0.0
ATGCTC	1.2522880802108398
ATGCTG	0.5194381412628024
ATGCAC	0.3727785606109162
ATGCAG	0.38656321513847686
ATGGCT	0.5194381412628024
ATGGCA	1.1596896454154306
ATGGGT	0.0
ATGGGA	2.4051456025792786
ATGGTC	3.6360669888396164
ATGGTG	0.0
GTTAGC	0.5194381412628025
GTTAGG	0.0
GTACCT	0.500915232084336
GTACCA	1.1183356818327486
GCTCTT	1.0096452542344379
GCTCTA	1.001830464168672
ATGGAC	1.1596896454154306
ATGGAG	1.6034304017195191
ATGTCC	1.001830464168672
ATGTCG	0.0
ATGTGC	0.5194381412628024
ATGTGG	1.0772919860146233
ATGACC	1.3047249621382067
ATGACG	1.1596896454154306
ATGAGC	3.092505721107815
ATGAGG	4.0085760042987975
ATTCCC	0.603816050945219
ATTCCG	0.0
ATTCGC	1.5027456962530077
ATTCGG	1.558314423788407
GTTTGC	2.093960097847645
GTTTGG	1.4475938860667088
GTTACC	0.250457616042168
GTTACG	0.0
ATTGCC	1.001830464168672
ATTGCG	0.0
ATTGGC	1.0388762825256048
ATTGGG	1.0772919860146233
ATACCC	0.44935682512291697
ATACCG	0.9319464015272904
ATACGC	0.7455571212218324
ATACGG	1.9328160756923842
GCTTGT	0.0
GCTTGA	0.0
GTTGGT	1.4475938860667086
GTTGGA	3.23187595804387
GTTGTC	0.0
GTTGTG	0.0
GTTGAC	0.5194381412628025
GTTGAG	0.0
GTTTCC	0.673096836156292
GTTTCG	0.0
ATAGCC	2.236671363665497
ATAGCG	0.0
ATAGGC	1.1596896454154306
ATAGGG	0.0
GTTCTC	0.336548418078146
GTTCTG	1.3959733985650968
GTTCAC	0.751372848126504
GTTCAG	1.5583144237884077
GTTGCT	0.0
GTTGCA	0.0
GCTGTT	0.6979866992825484
GCTGTA	0.5194381412628025
GCTGAT	1.0388762825256048
GCTGAA	1.1596896454154306
GCTTCT	2.3558389265470217
GCTTCA	1.001830464168672
GCTAGT	1.0388762825256048
GCTAGA	0.7731264302769537
GTGAGT	0.0
GTGAGA	0.8017152008597596
GTGATC	2.07775256505121
GTGATG	1.0772919860146233
GTGAAC	1.1596896454154306
GTGAAG	0.0
GTTCCT	0.336548418078146
GTTCCA	0.0
GTTCGT	1.3959733985650968
GTTCGA	0.5194381412628025
CGATGT	0.5194381412628024
CGATGA	1.5462528605539074
CGATTC	0.751372848126504
CGATTG	0.0
CGATAC	0.3727785606109162
CGATAG	1.1596896454154306
GTGTAC	1.038876282525605
GTGTAG	1.0772919860146233
GTGACT	1.0388762825256048
GTGACA	0.7731264302769537
GCTTTC	2.692387344625168
GCTTTG	1.3959733985650968
GCTTAC	1.25228808021084
GCTTAG	1.038876282525605
GCTACT	2.2541185443795118
GCTACA	0.7455571212218324
CGCTTT	0.33654841807814595
CGCTTA	1.001830464168672
GTGGTT	0.0
GTGGTA	0.0
GTGGAT	1.0772919860146233
GTGGAA	0.8017152008597596
GTGTCT	0.0
GTGTCA	0.0
GTGTGT	0.0
GTGTGA	0.0
GTGTTC	2.7919467971301937
GTGTTG	1.4475938860667088
CGAACT	0.7455571212218323
CGAACA	0.2774199033096083
AACCCT	1.527813205417918
AACCCA	1.1369907942870308
AACCGT	0.7455571212218323
AACCGA	1.1096796132384332
AACCTC	1.0784563802950007
AACCTG	1.3047249621382064
AACCAC	1.2038726057156797
AACCAG	1.803229371512454
CGAGTT	0.5194381412628025
CGAGTA	0.0
GCACAT	0.7455571212218324
GCACAA	0.693549758274021
CCTTAC	0.6038160509452192
CCTTAG	0.0
GTGCTT	0.0
GTGCTA	0.5194381412628025
GTGCAT	0.5194381412628024
GTGCAA	1.1596896454154306
GCTATC	2.2541185443795118
GCTATG	1.038876282525605
GCTAAC	1.4911142424436648
GCTAAG	0.7731264302769537
GTCAAC	0.0
GTCAAG	1.5462528605539074
CCTTCT	2.1095572333330104
CCTTCA	0.6038160509452192
CCTTGT	0.673096836156292
CCTTGA	0.0
CCTTTC	0.48682089999992545
CCTTTG	0.336548418078146
CGCTAT	1.25228808021084
CGCTAA	1.3047249621382067
GCACTT	0.500915232084336
GCACTA	1.6775035227491228
GCAGTT	0.5194381412628025
GCAGTA	2.7059425059693383
GCAGAT	0.7731264302769538
GCAGAA	1.438391864476061
GTCTAC	0.751372848126504
GTCTAG	1.5583144237884077
GTCACT	0.500915232084336
GTCACA	1.6775035227491228
GTCAGT	0.0
GTCAGA	0.0
GTCATC	0.500915232084336
GTCATG	1.038876282525605
CGAGAT	0.3865632151384769
CGAGAA	1.7260702373712733
CGATCT	0.0
CGATCA	0.1863892803054581
AACGCT	0.5591678409163742
AACGCA	0.4161298549644124
AACGGT	0.38656321513847686
AACGGA	0.5753567457904243
AACGTC	0.18638928030545804
AACGTG	0.0
AACGAC	0.13870995165480415
AACGAG	1.1507134915808483
GCATAC	0.5591678409163743
GCATAG	0.38656321513847686
GTCGAT	0.0
GTCGAA	0.38656321513847686
GTCTCT	1.68274209039073
GTCTCA	0.500915232084336
GTCTGT	0.0
GTCTGA	1.5583144237884077
GTCTTC	0.336548418078146
GTCTTG	1.3959733985650968
AACTCC	0.8088422852212506
AACTCG	0.18638928030545807
AACTGC	1.3047249621382067
AACTGG	1.5462528605539074
GCAAAC	0.6935497582740209
GCAAAG	1.1507134915808486
GTCCTT	0.6730968361562919
GTCCTA	3.7568642406325194
GTCCAT	1.502745696253008
GTCCAA	1.1183356818327486
GTCGTT	0.6979866992825484
GTCGTA	2.07775256505121
GCATCT	1.502745696253008
GCATCA	0.9319464015272905
GCATGT	0.5194381412628024
GCATGA	1.9328160756923842
GCATTC	1.753203312295176
GCATTG	0.0
AACACC	1.003227171429733
AACACG	0.13870995165480415
AACAGC	1.9419393231672584
AACAGG	3.4521404747425457
GGAATC	2.705942505969338
GGAATG	2.4051456025792786
GGAAAC	1.7260702373712729
GGAAAG	1.1932647260607765
GCAACT	0.5591678409163742
GCAACA	0.5548398066192166
GCAAGT	1.1596896454154308
GCAAGA	0.5753567457904243
GCAATC	1.863892803054581
GCAATG	0.7731264302769537
CCAAGT	0.7455571212218323
CCAAGA	1.3870995165480415
GGATGT	0.0
GGATGA	2.4051456025792786
GGATTC	6.752695836416432
GGATTG	1.0772919860146233
GGATAC	3.092505721107815
GGATAG	1.6034304017195191
GGAACT	0.7731264302769538
GGAACA	1.1507134915808486
GGAAGT	0.8017152008597596
GGAAGA	0.0
AAGCCT	3.168617765192787
AAGCCA	1.803229371512454
AAGCGT	0.3865632151384769
AAGCGA	0.5753567457904243
AAGCTC	0.7455571212218324
AAGCTG	0.7731264302769537
AAGCAC	0.5548398066192167
AAGCAG	2.301426983161697
CCAATC	0.7189709201966672
CCAATG	1.6775035227491226
CCAAAC	1.8058089085735194
CCAAAG	0.5548398066192166
GGAGTT	1.0772919860146233
GGAGTA	4.008576004298798
GGAGAT	1.6034304017195191
GGAGAA	1.1932647260607767
GGATCT	1.0388762825256048
GGATCA	2.3193792908308613
CCAACT	0.9885850152704176
CCAACA	1.1369907942870308
GGCTTT	2.7919467971301937
GGCTTA	1.038876282525605
GGCTAT	0.5194381412628024
GGCTAA	1.1596896454154306
GGCATT	0.5194381412628025
GGCATA	0.3865632151384769
CCTAAC	1.8872986655162522
CCTAAG	1.6775035227491228
GGACTT	1.558314423788407
GGACTA	3.8656321513847685
GGACAT	2.3193792908308613
GGACAA	2.301426983161697
CCTACT	4.589001987183665
CCTACA	1.9771700305408355
CCTAGT	4.007321856674688
CCTAGA	1.3047249621382067
CCTATC	1.3283953120794818
CCTATG	3.2559490085481833
GGCAAT	0.7731264302769538
GGCAAA	1.438391864476061
CCATCT	0.8453424713233068
CCATCA	1.6176845704425018
CCATGT	1.001830464168672
CCATGA	1.863892803054581
CCATTC	2.1737377834027884
CCATTG	1.5027456962530077
CGACTT	0.250457616042168
CGACTA	0.1863892803054581
CGACAT	0.7455571212218324
CGACAA	0.13870995165480418
AAGGCT	1.1596896454154308
AAGGCA	0.0
AAGGGT	1.6034304017195191
AAGGGA	0.5966323630303884
AAGGTC	0.38656321513847686
AAGGTG	1.6034304017195191
AAGGAC	2.8767837289521214
AAGGAG	2.983161815151941
GGTTAC	0.0
GGTTAG	0.0
GGTACT	1.0388762825256048
GGTACA	0.7731264302769537
GGTAGT	0.0
GGTAGA	2.4051456025792786
GGTATC	1.038876282525605
GGTATG	3.23187595804387
GGTAAC	0.0
GGTAAG	2.4051456025792786
AAGTCC	0.3727785606109162
AAGTCG	0.38656321513847686
AAGTGC	1.1596896454154306
AAGTGG	1.6034304017195191
CCATAC	0.9885850152704178
CCATAG	1.1183356818327486
CCAGTT	0.250457616042168
CCAGTA	0.7455571212218324
GGTGAT	3.2318759580438696
GGTGAA	3.2068608034390382
GGTTCT	0.6979866992825484
GGTTCA	1.5583144237884077
GGTTGT	2.895187772133417
GGTTGA	0.0
GGTTTC	1.3959733985650968
GGTTTG	1.4475938860667088
CCACAT	1.0784563802950011
CCACAA	0.8025817371437864
GGGTTT	0.0
GGGTTA	0.0
GGGTAT	4.309167944058493
GGGTAA	0.8017152008597596
CCAGAT	0.1863892803054581
CCAGAA	1.1096796132384334
CCACTT	0.8453424713233066
CCACTA	1.0784563802950011
GGTCTT	2.093960097847645
GGTCTA	2.07775256505121
GGTCAT	0.5194381412628024
GGTCAA	0.7731264302769537
GGTGTT	0.0
GGTGTA	1.0772919860146233
AAGACC	0.5548398066192167
AAGACG	1.1507134915808486
AAGAGC	0.28767837289521214
AAGAGG	1.7898970890911647
AATCCC	0.9885850152704173
AATCCG	1.1183356818327483
AATCGC	1.863892803054581
AATCGG	2.3193792908308613
AATGCC	0.1863892803054581
AATGCG	0.0
AATGGC	1.1596896454154306
AATGGG	4.0085760042987975
GGGATT	3.2318759580438696
GGGATA	1.6034304017195191
GGGAAT	0.0
GGGAAA	1.1932647260607763
AAACCC	1.3376362285729773
AAACCG	0.6935497582740208
AAACGC	0.13870995165480418
AAACGG	0.8630351186856364
CCCCTT	0.6082150175740376
CCCCTA	1.6294698491382096
CCCCAT	1.2673654382186077
CCCCAA	0.943166894448945
GGGACT	0.8075559174304402
GGGACA	3.004894972547603
GGGAGT	3.3496713044271775
GGGAGA	1.2464041492491689
GGGATC	2.4226677522913205
GGGATG	1.6748356522135892
GGGAAC	0.0
GGGAAG	1.2464041492491689
GGTCCT	1.0464447830501395
GGTCCA	0.7787588697613333
GGTCGT	2.1702807110892754
GGTCGA	0.8075559174304403
CCACAC	0.6736906388921035
CCACAG	0.5588819677870713
GGGTCT	1.0851403555446377
GGGTCA	0.8075559174304402
GGGTGT	0.0
GGGTGA	3.3496713044271784
GGGTTC	2.1702807110892754
GGGTTG	2.2505336359923778
GGGTAC	0.0
GGGTAG	0.0
CCAGAC	0.978043443627375
CCAGAG	1.4488709463108176
GGGGTT	2.2505336359923778
GGGGTA	0.0
GGGGAT	0.0
GGGGAA	0.0
CCACCT	1.357891540948508
CCACCA	1.2126431500057862
CCACGT	0.3754943553392932
CCACGA	1.2574844275209105
CCACTC	1.176839335488707
CCACTG	0.7509887106785864
GGTCTC	0.0
GGTCTG	1.085140355544638
GGTCAC	1.168138304642
GGTCAG	0.0
GGTGCT	0.0
GGTGCA	2.422667752291321
GGTGGT	0.0
GGTGGA	0.0
GGTGTC	1.0851403555446377
GGTGTG	0.0
GGGCTT	1.0851403555446377
GGGCTA	2.4226677522913205
GGGCAT	0.0
GGGCAA	0.0
CCAGCT	0.9387358883482332
CCAGCA	1.3972049194676786
CCAGGT	0.7787588697613336
CCAGGA	0.2897741892621635
CCAGTC	0.5632415330089399
CCAGTG	0.7787588697613336
GGTGAC	0.8075559174304403
GGTGAG	1.6748356522135892
GGTTCC	0.5232223915250699
GGTTCG	1.085140355544638
GGTTGC	1.0851403555446377
GGTTGG	6.751600907977134
GGTACC	0.7787588697613333
GGTACG	0.0
GGTAGC	0.8075559174304403
GGTAGG	0.0
CCTACC	1.3578915409485086
CCTACG	1.3142302436875266
CCTAGC	4.130437908732226
CCTAGG	6.230070958090669
GGCAAC	0.28977418926216353
GGCAAG	0.0
CCATCC	2.172626465517614
CCATCG	0.7509887106785866
CCATGC	0.9387358883482332
CCATGG	0.3893794348806668
GGCTTC	3.6625567406754893
GGCTTG	0.0
GGCTAC	0.7787588697613333
GGCTAG	0.8075559174304403
GGCACT	1.1681383046420004
GGCACA	0.8693225677864905
GGCAGT	0.8075559174304405
GGCAGA	2.4039159780380834
GGCATC	1.1681383046420004
GGCATG	1.615111834860881
GGACCT	1.168138304642
GGACCA	1.4488709463108174
GGACGT	0.0
GGACGA	0.6009789945095206
GGACTC	3.504414913926
GGACTG	2.422667752291321
GGACAC	1.159096757048654
GGACAG	1.2019579890190413
GGCGTT	0.0
GGCGTA	0.8075559174304405
GGCGAT	1.6151118348608806
GGCGAA	0.6009789945095207
GGCTCT	0.5232223915250698
GGCTCA	1.9468971744033332
GGCTGT	1.0851403555446377
GGCTGA	2.422667752291321
GGAGCT	0.0
GGAGCA	3.0048949725476035
GGAGGT	6.699342608854358
GGAGGA	13.710445641740863
GGAGTC	4.845335504582643
GGAGTG	5.024506956640768
GGAGAC	1.2019579890190415
GGAGAG	1.246404149249169
GGATCC	0.7787588697613333
GGATCG	0.8075559174304403
CGCCTT	1.5136936135186547
CGCCTA	0.7509887106785865
CGCCAT	1.1264830660178795
CGCCAA	0.13972049194676783
GGCCTT	1.0464447830501395
GGCCTA	3.8937943488066664
GGCCAT	1.5575177395226671
GGCCAA	1.738645135572981
CCAACC	1.6168575333410482
CCAACG	0.13972049194676783
CCAAGC	1.8163663953079818
CCAAGG	0.8693225677864904
GGATGC	0.8075559174304403
GGATGG	0.0
GGAACC	0.2897741892621635
GGAACG	0.6009789945095207
GGAAGC	0.6009789945095207
GGAAGG	4.985616596996676
GTCCCT	0.0
GTCCCA	1.3142302436875264
GTCCGT	0.0
GTCCGA	1.168138304642
GCAACC	1.2574844275209105
GCAACG	0.0
GCAAGC	1.159096757048654
GCAAGG	0.0
GTCCTC	1.0091290756791031
GTCCTG	0.5232223915250698
GTCCAC	0.18774717766964663
GTCCAG	0.0
GTCGCT	0.5232223915250698
GTCGCA	0.3893794348806667
GTCGGT	2.1702807110892754
GTCGGA	1.6151118348608806
GTCGTC	0.5232223915250699
GTCGTG	0.0
GCATCC	0.5632415330089399
GCATCG	0.0
GCATGC	0.3893794348806667
GCATGG	0.8075559174304403
GTCGAC	1.168138304642
GTCGAG	0.0
GTCTCC	0.5045645378395517
GTCTCG	0.5232223915250699
GTCTGC	1.0464447830501398
GTCTGG	0.0
CGCGTT	0.0
CGCGTA	0.3893794348806667
CGCGAT	1.1681383046420004
CGCGAA	0.0
GCAGCT	2.7256560441646673
GCAGCA	0.8693225677864905
GCAGGT	1.615111834860881
GCAGGA	4.807831956076167
GCAGTC	1.5575177395226671
GCAGTG	1.615111834860881
GCAGAC	0.8693225677864906
GCAGAG	1.2019579890190417
GTCACC	0.9387358883482332
GTCACG	0.0
GTCAGC	1.5575177395226667
GTCAGG	0.0
CCTTCC	1.3380730386628832
CCTTCG	1.0091290756791034
CCTTGC	2.0182581513582067
CCTTGG	1.0464447830501398
CGCTAC	0.37549435533929326
CGCTAG	0.0
GCACCT	0.18774717766964663
GCACCA	0.5588819677870714
GCACGT	0.0
GCACGA	0.0
GCACTC	0.37549435533929326
GCACTG	0.3893794348806668
GCACAC	0.5588819677870714
GCACAG	0.28977418926216353
GTGCCT	0.5232223915250698
GTGCCA	0.3893794348806667
GTGCGT	1.0851403555446377
GTGCGA	0.0
GTGCTC	0.0
GTGCTG	1.085140355544638
GTGCAC	0.3893794348806667
GTGCAG	1.6151118348608806
CGCTCT	0.2522822689197758
CGCTCA	0.18774717766964663
CGCTGT	0.5232223915250698
CGCTGA	0.0
CGCTTC	0.5045645378395516
CGCTTG	0.0
GTGGCT	0.0
GTGGCA	1.6151118348608806
GTGGGT	0.0
GTGGGA	5.024506956640767
GTGGTC	2.1702807110892754
GTGGTG	0.0
GTGGAC	1.6151118348608806
GTGGAG	0.0
GTGTCC	0.5232223915250699
GTGTCG	0.0
GTGTGC	0.0
GTGTGG	0.0
GTGACC	0.0
GTGACG	0.0
GCTACC	0.9387358883482332
GCTACG	0.3893794348806668
GCTAGC	1.5575177395226667
GCTAGG	2.422667752291321
GTGAGC	0.8075559174304403
GTGAGG	1.6748356522135892
GTTCCC	0.0
GTTCCG	0.5232223915250699
GTTCGC	0.5232223915250699
GTTCGG	0.0
GTTGCC	0.5232223915250699
GTTGCG	0.0
GCTGTC	0.5232223915250699
GCTGTG	0.0
GCTGAC	1.168138304642
GCTGAG	0.8075559174304403
GCTTCC	0.5045645378395517
GCTTCG	2.0928895661002795
GCTTGC	0.5232223915250699
GCTTGG	0.0
GTTGGC	0.0
GTTGGG	2.2505336359923778
GTACCC	0.18774717766964663
GTACCG	1.1681383046420004
GCTCCT	0.2522822689197758
GCTCCA	0.5632415330089399
GCTCGT	0.0
GCTCGA	0.0
GCTCTC	0.2522822689197758
GCTCTG	1.0464447830501395
GCTCAC	0.7509887106785865
GCTCAG	0.7787588697613336
GCTGCT	1.5696671745752093
GCTGCA	1.168138304642
GCTGGT	2.1702807110892754
GCTGGA	0.0
GTACGC	0.0
GTACGG	0.0
GTAGCC	4.283173783687333
GTAGCG	0.8075559174304403
GTAGGC	0.0
GTAGGG	5.024506956640767
CGCAAC	0.5588819677870714
CGCAAG	0.5795483785243271
GCGACT	0.0
GCGACA	0.8693225677864904
GCGAGT	0.0
GCGAGA	0.0
GCGATC	1.168138304642
GCGATG	0.0
GCGAAC	0.579548378524327
GCGAAG	0.0
GACCCT	0.37549435533929326
GACCCA	1.2574844275209107
GACCGT	1.1681383046420004
GACCGA	0.2897741892621635
GCGTTC	0.0
GCGTTG	0.0
GCGTAC	0.3893794348806667
GCGTAG	0.0
CGCACT	0.9387358883482332
CGCACA	0.41916147584030355
CGCAGT	1.1681383046420004
CGCAGA	0.2897741892621635
CGCATC	0.7509887106785865
CGCATG	1.1681383046420004
CGGGTT	1.0851403555446377
CGGGTA	1.6151118348608804
CGGGAT	0.0
CGGGAA	0.0
CGGCTT	0.5232223915250697
CGGCTA	0.0
CGGCAT	1.168138304642
CGGCAA	0.2897741892621635
GCGGTT	0.0
GCGGTA	1.6151118348608804
GCGGAT	1.6151118348608804
GCGGAA	0.6009789945095206
GCGTCT	1.0464447830501395
GCGTCA	0.7787588697613333
GCGTGT	0.0
GCGTGA	0.8075559174304402
CGGTCT	0.0
CGGTCA	0.7787588697613333
CGGTGT	1.0851403555446377
CGGTGA	2.4226677522913205
CGGTTC	0.5232223915250698
CGGTTG	3.255421066633913
CGGTAC	0.3893794348806667
CGGTAG	0.8075559174304403
GCGCTT	0.5232223915250697
GCGCTA	1.5575177395226663
GCGCAT	0.3893794348806667
GCGCAA	0.8693225677864904
GACCTC	0.37549435533929326
GACCTG	1.1681383046420004
GACCAC	0.2794409838935357
GACCAG	0.28977418926216353
CCTGCT	1.7659758824384308
CCTGCA	0.3754943553392933
CCTGGT	1.0464447830501398
CCTGGA	1.1681383046420006
CCTGTC	0.5045645378395517
CCTGTG	2.0928895661002795
CGGAAC	0.2897741892621635
CGGAAG	1.802936983528562
GCCACT	0.37549435533929326
GCCACA	0.8383229516806071
GCCAGT	0.0
GCCAGA	0.8693225677864905
GCCATC	3.567196375723286
GCCATG	1.9468971744033339
GCCAAC	1.6766459033612144
GCCAAG	0.0
GCCTTC	3.0273872270373094
GCCTTG	1.0464447830501395
GCCTAC	2.8162076650446997
GCCTAG	2.336276609284001
CGGACT	1.9468971744033332
CGGACA	1.159096757048654
CGGAGT	2.4226677522913205
CGGAGA	0.0
CGGATC	0.7787588697613333
CGGATG	0.8075559174304403
CCTGAC	1.1264830660178797
CCTGAG	1.5575177395226671
GACGCT	0.7787588697613336
GACGCA	1.159096757048654
GACGGT	0.0
GACGGA	0.6009789945095209
GACGTC	0.3893794348806668
GACGTG	0.0
GACGAC	0.28977418926216353
GACGAG	2.4039159780380834
CGTCTC	1.0091290756791031
CGTCTG	1.0464447830501395
CGTCAC	0.5632415330089399
CGTCAG	0.7787588697613336
GCCGTT	0.0
GCCGTA	1.9468971744033332
GCCGAT	0.3893794348806668
GCCGAA	0.2897741892621635
GCCTCT	1.0091290756791031
GCCTCA	1.8774717766964664
GCCTGT	1.5696671745752093
GCCTGA	3.1150354790453334
GACTCC	1.6897245990268197
GACTCG	0.3893794348806668
GACTGC	0.7787588697613333
GACTGG	1.6151118348608806
CGTGTC	0.0
CGTGTG	0.0
CGTGAC	0.0
CGTGAG	0.0
GCCCTT	0.7568468067593274
GCCCTA	6.571151218437632
GCCCAT	0.7509887106785864
GCCCAA	1.9560868872547497
CGTCCT	1.0091290756791031
CGTCCA	0.7509887106785865
CGTCGT	0.5232223915250698
CGTCGA	0.0
GACACC	0.838322951680607
GACACG	0.579548378524327
GACAGC	0.2897741892621635
GACAGG	1.8029369835285622
CGTGCT	0.0
CGTGCA	0.7787588697613333
CGTGGT	0.0
CGTGGA	0.0
GAGCCT	2.336276609284
GAGCCA	2.028419324835144
GAGCGT	0.8075559174304402
GAGCGA	1.802936983528562
GAGCTC	0.7787588697613333
GAGCTG	2.422667752291321
GAGCAC	0.579548378524327
GAGCAG	3.605873967057124
GAGGCT	1.6151118348608806
GAGGCA	1.8029369835285622
GAGGGT	0.0
GAGGGA	1.2464041492491693
GAGGTC	0.8075559174304405
GAGGTG	3.349671304427179
GAGGAC	3.6058739670571245
GAGGAG	9.971233193993353
GAGTCC	1.168138304642
GAGTCG	0.8075559174304403
GAGTGC	1.6151118348608806
GAGTGG	5.024506956640767
GAGACC	0.579548378524327
GAGACG	0.6009789945095207
GAGAGC	1.8029369835285622
GAGAGG	1.246404149249169
GATCCC	0.37549435533929326
GATCCG	0.7787588697613336
GATCGC	0.7787588697613333
GATCGG	0.8075559174304403
GATGCC	1.168138304642
GATGCG	0.0
GATGGC	0.0
GATGGG	3.3496713044271784
GAACCC	1.5369254114144462
GAACCG	0.579548378524327
GAACGC	0.8693225677864905
GAACGG	0.6009789945095207
GAAGCC	2.0284193248351445
GAAGCG	0.6009789945095207
GAAGGC	1.2019579890190415
GAAGGG	0.0
CAAGGC	1.159096757048654
CAAGGG	0.0
CCTCCT	2.554503073810958
CCTCCA	1.357891540948508
CCTCGT	0.2522822689197758
CCTCGA	0.18774717766964663
CCTCTC	1.338073038662883
CCTCTG	0.5045645378395516
CAACGC	0.13972049194676783
CAACGG	0.2897741892621635
CAAGCC	2.5149688550418206
CAAGCG	0.5795483785243268
CCTCAC	0.9052610272990054
CCTCAG	1.3142302436875262
TCCCCT	1.2164300351480752
TCCCCA	0.5431566163794032
TCCCGT	0.25228226891977573
TCCCGA	0.18774717766964658
TCCCTC	0.6082150175740376
TCCCTG	0.5045645378395516
TCCCAC	0.9052610272990054
TCCCAG	1.1264830660178795
TCCGCT	0.0
TCCGCA	0.5632415330089398
TCCGGT	0.5232223915250697
TCCGGA	0.7787588697613331
TCCGTC	0.5045645378395515
TCCGTG	0.0
TCCGAC	0.5632415330089398
TCCGAG	1.168138304642
TCCTCC	2.311217066781343
TCCTCG	0.0
CAACCC	1.1452740861165758
CAACCG	0.9780434436273748
TCCTGC	1.7659758824384302
TCCTGG	0.5232223915250698
TCCACC	1.0863132327588063
TCCACG	0.7509887106785864
TCCAGC	0.7509887106785864
TCCAGG	0.7787588697613333
TCGCCT	1.009129075679103
TCGCCA	1.5019774213571726
TCGCGT	0.5232223915250697
TCGCGA	0.0
TCGCTC	0.25228226891977573
TCGCTG	0.0
TCGCAC	0.3754943553392932
TCGCAG	0.7787588697613333
CCGACT	0.7509887106785865
CCGACA	0.2794409838935357
CCGAGT	0.3893794348806668
CCGAGA	1.159096757048654
CCGATC	0.18774717766964663
CCGATG	0.7787588697613336
CCGAAC	0.6986024597338394
CCGAAG	0.28977418926216353
TCGGCT	1.0464447830501395
TCGGCA	0.0
TCGGGT	0.0
TCGGGA	0.8075559174304402
TCGGTC	0.5232223915250698
TCGGTG	1.0851403555446377
TCGGAC	1.9468971744033332
TCGGAG	3.2302236697217612
CATGGC	1.5575177395226667
CATGGG	0.0
TCGTCC	0.5045645378395515
TCGTCG	0.0
TCGTGC	1.0464447830501395
TCGTGG	0.0
TCGACC	1.6897245990268195
TCGACG	0.7787588697613333
TCGAGC	1.5575177395226667
TCGAGG	0.0
TCTCCC	0.9731440281184602
TCTCCG	1.0091290756791031
TCTCGC	0.25228226891977573
TCTCGG	0.5232223915250698
CATCGC	0.3754943553392932
CATCGG	1.9468971744033332
CATGCC	0.7509887106785864
CATGCG	0.3893794348806667
TCTGCC	1.2614113445988786
TCTGCG	1.0464447830501395
TCTGGC	0.5232223915250698
TCTGGG	1.0851403555446377
TCACCC	1.4484176436784084
TCACCG	0.37549435533929315
TCACGC	0.3754943553392932
TCACGG	0.7787588697613333
TCAGCC	2.252966132035759
TCAGCG	0.7787588697613333
TCAGGC	1.5575177395226667
TCAGGG	3.2302236697217612
CAGAGC	0.8693225677864904
CAGAGG	2.4039159780380825
CATCCC	1.2673654382186073
CATCCG	0.5632415330089398
TGCCCT	1.7659758824384306
TGCCCA	0.7509887106785865
TGCCGT	1.0464447830501395
TGCCGA	0.7787588697613333
TGCCTC	1.261411344598879
TGCCTG	3.662556740675489
TGCCAC	0.7509887106785865
TGCCAG	0.7787588697613336
TGCGCT	0.5232223915250698
TGCGCA	0.0
TGCGGT	0.0
TGCGGA	0.8075559174304403
CAGTGC	0.3893794348806667
CAGTGG	0.8075559174304403
CAGACC	1.397204919467678
CAGACG	0.8693225677864903
CAGGCT	1.9468971744033332
CAGGCA	2.318193514097308
CAGGGT	3.230223669721761
CAGGGA	3.004894972547603
CAGGTC	1.5575177395226667
CAGGTG	1.6151118348608806
CAGGAC	2.318193514097308
CAGGAG	4.206852961566645
CAGTCC	0.938735888348233
CAGTCG	1.168138304642
TGCGTC	0.0
TGCGTG	0.0
TGCGAC	0.3893794348806667
TGCGAG	0.8075559174304403
TGCTCC	0.5045645378395517
TGCTCG	0.5232223915250699
TGCTGC	0.5232223915250699
TGCTGG	0.0
TGCACC	0.18774717766964663
TGCACG	0.0
TGCAGC	1.9468971744033332
TGCAGG	2.422667752291321
CAGCCT	1.877471776696466
CAGCCA	1.9560868872547497
CAGCGT	1.168138304642
CAGCGA	0.579548378524327
CAGCTC	0.7509887106785864
CAGCTG	2.336276609284
CAGCAC	0.27944098389353567
CAGCAG	3.767064460408125
CCGTCT	0.5045645378395516
CCGTCA	0.7509887106785865
CCGTGT	0.5232223915250698
CCGTGA	0.0
CCGTTC	0.0
CCGTTG	0.0
CGTTCC	0.25228226891977584
CGTTCG	0.5232223915250699
CGTTGC	0.0
CGTTGG	0.0
CCGTAC	0.9387358883482332
CCGTAG	0.7787588697613336
TGGCCT	0.5232223915250698
TGGCCA	1.9468971744033332
TGGCGT	1.0851403555446377
TGGCGA	0.0
TGGCTC	0.5232223915250699
TGGCTG	2.170280711089276
TGGCAC	0.3893794348806667
TGGCAG	2.422667752291321
CACACC	0.8084287666705241
CACACG	0.4191614758403035
CACAGC	1.3972049194676783
CACAGG	0.8693225677864904
CCGGTT	0.5232223915250698
CCGGTA	0.7787588697613333
CCGGAT	1.1681383046420004
CCGGAA	1.738645135572981
TGGGCT	2.1702807110892754
TGGGCA	1.6151118348608806
TGGGGT	0.0
TGGGGA	0.0
TGGGTC	0.0
TGGGTG	2.2505336359923778
TGGGAC	2.422667752291321
TGGGAG	5.024506956640767
TGGTCC	0.5232223915250699
TGGTCG	3.2554210666339136
TGGTGC	1.0851403555446377
TGGTGG	0.0
TGGACC	1.168138304642
TGGACG	0.8075559174304403
TGGAGC	2.422667752291321
TGGAGG	6.699342608854357
CACGAC	0.5588819677870713
CACGAG	1.4488709463108174
CACTCC	1.538943746408309
CACTCG	0.7509887106785864
CACTGC	1.1264830660178795
CACTGG	0.0
TGTCCC	1.0091290756791034
TGTCCG	0.0
TGTCGC	0.0
TGTCGG	0.0
CACCTC	0.9052610272990054
CACCTG	0.3754943553392932
CACCAC	1.1452740861165758
CACCAG	0.4191614758403035
CACGCT	0.5632415330089398
CACGCA	0.13972049194676783
CACGGT	0.3893794348806667
CACGGA	1.159096757048654
CACGTC	0.3754943553392932
CACGTG	0.0
TGTGCC	1.0464447830501398
TGTGCG	0.0
TGTGGC	1.0851403555446377
TGTGGG	2.2505336359923778
TGACCC	0.9387358883482332
TGACCG	1.1681383046420004
TGACGC	0.3893794348806667
TGACGG	0.0
TGAGCC	3.8937943488066664
TGAGCG	0.8075559174304403
TGAGGC	1.6151118348608806
TGAGGG	1.6748356522135892
CACCCT	0.8147349245691048
CACCCA	0.8084287666705241
CACCGT	0.7509887106785864
CACCGA	0.13972049194676783
TTCCCC	1.2164300351480752
TTCCCG	0.0
TTCCGC	0.5045645378395515
TTCCGG	0.5232223915250698
TTCGCC	1.5136936135186545
TTCGCG	0.0
TTCGGC	0.5232223915250698
TTCGGG	0.0
TTGCCC	1.009129075679103
TTGCCG	0.5232223915250698
TTGCGC	0.5232223915250698
TTGCGG	1.0851403555446377
TTGGCC	1.0464447830501393
TTGGCG	2.1702807110892754
TTGGGC	0.0
TTGGGG	4.5010672719847555
TACCCC	0.9052610272990051
TACCCG	0.37549435533929315
TACCGC	0.5632415330089398
TACCGG	0.7787588697613333
TACGCC	0.7509887106785864
TACGCG	0.3893794348806667
TACGGC	1.5575177395226667
TACGGG	0.0
TAGCCC	3.754943553392932
TAGCCG	2.7256560441646664
TAGCGC	0.3893794348806667
TAGCGG	1.6151118348608806
TAGGCC	1.5575177395226667
TAGGCG	1.6151118348608806
TAGGGC	0.0
TAGGGG	1.6748356522135892
CTAGGC	3.504414913926
CTAGGG	0.8075559174304403
CCGCTT	0.2522822689197758
CCGCTA	0.37549435533929326
CCGCAT	0.7509887106785864
CCGCAA	0.838322951680607
ACCCCT	0.9957871300289058
ACCCCA	1.0779050222273654
ACCCGT	0.1877471776696466
ACCCGA	0.838322951680607
ACCCTC	0.36210441091960216
ACCCTG	0.3754943553392932
ACCCAC	1.0779050222273654
ACCCAG	1.3972049194676783
CTACGC	0.5632415330089398
CTACGG	1.168138304642
CTAGCC	5.820162507759044
CTAGCG	1.168138304642
ACCGCT	0.3754943553392932
ACCGCA	0.6986024597338392
ACCGGT	0.3893794348806667
ACCGGA	1.4488709463108174
ACCGTC	1.3142302436875262
ACCGTG	0.7787588697613333
ACCGAC	0.27944098389353567
ACCGAG	0.579548378524327
ACCTCC	1.4484176436784086
ACCTCG	0.1877471776696466
ACCTGC	0.938735888348233
ACCTGG	1.5575177395226667
ACCACC	1.1452740861165758
ACCACG	0.6986024597338392
CTACCC	1.2673654382186073
CTACCG	0.0
ACCAGC	1.8163663953079818
ACCAGG	0.579548378524327
ACGCCT	1.1264830660178795
ACGCCA	0.27944098389353567
ACGCGT	0.0
ACGCGA	0.0
ACGCTC	0.1877471776696466
ACGCTG	0.0
ACGCAC	0.27944098389353567
ACGCAG	0.8693225677864904
CCCACT	1.176839335488707
CCCACA	0.47158344722447243
CCCAGT	0.938735888348233
CCCAGA	1.2574844275209105
CCCATC	0.8147349245691048
CCCATG	0.3754943553392932
CCCAAC	0.8757978305597345
CCCAAG	1.1177639355741427
ACGGCT	0.7787588697613333
ACGGCA	0.579548378524327
ACGGGT	0.8075559174304402
ACGGGA	0.0
ACGGTC	0.0
ACGGTG	0.8075559174304403
ACGGAC	0.8693225677864904
ACGGAG	2.4039159780380825
ACGTCC	0.5632415330089398
ACGTCG	1.168138304642
ACGTGC	0.0
ACGTGG	0.0
CTTGGC	1.0464447830501395
CTTGGG	0.0
ACGACC	0.2794409838935356
ACGACG	0.8693225677864903
ACGAGC	1.7386451355729808
ACGAGG	4.206852961566645
ACTCCC	0.9957871300289057
ACTCCG	0.18774717766964658
ACTCGC	0.7509887106785864
ACTCGG	0.0
ACTGCC	2.0652189543661126
ACTGCG	0.3893794348806667
ACTGGC	1.168138304642
ACTGGG	2.422667752291321
CTTCGC	0.5045645378395515
CTTCGG	1.0464447830501395
CTTGCC	0.7568468067593273
CTTGCG	1.0464447830501395
ACACCC	0.6063215750028931
ACACCG	0.4191614758403035
ACACGC	0.13972049194676783
ACACGG	0.579548378524327
ACAGCC	1.8163663953079816
ACAGCG	0.2897741892621634
ACAGGC	2.318193514097308
ACAGGG	1.2019579890190413
CTGAGC	1.9468971744033332
CTGAGG	1.6151118348608806
CTTCCC	0.9731440281184602
CTTCCG	0.2522822689197758
AGCCCT	5.256920974750106
AGCCCA	2.5149688550418214
AGCCGT	1.5575177395226671
AGCCGA	0.2897741892621635
AGCCTC	2.065218954366113
AGCCTG	2.7256560441646673
AGCCAC	1.3972049194676788
AGCCAG	1.4488709463108176
AGCGCT	0.3893794348806668
AGCGCA	1.159096757048654
AGCGGT	0.8075559174304405
AGCGGA	1.8029369835285627
CTGTGC	0.5232223915250698
CTGTGG	4.340561422178551
CTGACC	0.938735888348233
CTGACG	0.0
AGCGTC	1.5575177395226671
AGCGTG	1.615111834860881
AGCGAC	0.5795483785243271
AGCGAG	0.6009789945095209
AGCTCC	0.7509887106785865
AGCTCG	0.3893794348806668
AGCTGC	2.7256560441646664
AGCTGG	4.037779587152202
CTGGCT	1.5696671745752093
CTGGCA	1.5575177395226667
CTGGGT	1.0851403555446377
CTGGGA	3.230223669721761
CTGGTC	0.5232223915250698
CTGGTG	0.0
CTGGAC	0.3893794348806667
CTGGAG	0.8075559174304403
CTGTCC	0.25228226891977573
CTGTCG	0.5232223915250698
AGCACC	0.4191614758403035
AGCACG	0.0
AGCAGC	3.7670644604081254
AGCAGG	4.807831956076166
CCCTCT	0.8515010246036527
CCCTCA	0.8147349245691048
CCCTGT	1.0091290756791031
CCCTGA	0.9387358883482332
CCCTTC	0.8515010246036527
CCCTTG	1.261411344598879
CTGCCT	1.5136936135186545
CTGCCA	1.689724599026819
CTGCGT	0.5232223915250697
CTGCGA	0.7787588697613331
CTGCTC	0.7568468067593273
CTGCTG	0.0
CTGCAC	0.5632415330089398
CTGCAG	1.5575177395226667
CCCTAC	2.0821003627877124
CCCTAG	3.191702020383992
AGGCCT	4.283173783687333
AGGCCA	1.7386451355729808
AGGCGT	0.0
AGGCGA	1.2019579890190413
AGGCTC	0.7787588697613333
AGGCTG	0.8075559174304403
AGGCAC	1.4488709463108174
AGGCAG	1.2019579890190413
CGTACC	0.7509887106785865
CGTACG	0.3893794348806668
CGTAGC	1.168138304642
CGTAGG	2.422667752291321
CCCGTT	0.2522822689197758
CCCGTA	0.37549435533929326
CCCGAT	0.3754943553392932
CCCGAA	1.2574844275209105
AGGGCT	1.6151118348608806
AGGGCA	0.0
AGGGGT	1.6748356522135894
AGGGGA	1.2464041492491693
AGGGTC	2.4226677522913214
AGGGTG	1.6748356522135894
AGGGAC	0.6009789945095207
AGGGAG	1.246404149249169
CTCACC	0.8147349245691048
CTCACG	0.7509887106785864
CTCAGC	1.1264830660178795
CTCAGG	2.336276609284
AGGTCC	0.0
AGGTCG	2.422667752291321
AGGTGC	0.8075559174304403
AGGTGG	0.0
AGGACC	1.738645135572981
AGGACG	0.0
AGGAGC	6.009789945095207
AGGAGG	12.464041492491692
AGTCCC	0.5632415330089399
AGTCCG	0.7787588697613336
AGTCGC	0.7787588697613333
AGTCGG	0.8075559174304403
CTCGAC	0.0
CTCGAG	0.3893794348806667
CTCTCC	0.6082150175740376
CTCTCG	0.0
CTCTGC	0.7568468067593273
CTCTGG	1.5696671745752093
AGTGCC	0.0
AGTGCG	1.6151118348608806
AGTGGC	0.0
AGTGGG	5.024506956640767
CTCCTC	2.067931059751728
CTCCTG	1.7659758824384304
CTCCAC	1.357891540948508
CTCCAG	0.5632415330089398
CTCGCT	0.25228226891977573
CTCGCA	0.18774717766964658
CTCGGT	0.0
CTCGGA	1.1681383046419997
CTCGTC	0.25228226891977573
CTCGTG	0.0
AGACCC	1.5369254114144462
AGACCG	1.159096757048654
AGACGC	1.159096757048654
AGACGG	0.0
AGAGCC	0.0
AGAGCG	0.6009789945095207
AGAGGC	0.0
AGAGGG	2.492808298498338
ATCCCC	0.6336827191093036
ATCCCG	0.18774717766964658
ATCCGC	1.1264830660178795
ATCCGG	0.3893794348806667
CGAAGC	0.2897741892621635
CGAAGG	0.6009789945095207
CTCCCT	1.338073038662883
CTCCCA	0.9957871300289058
CTCCGT	0.25228226891977573
CTCCGA	0.7509887106785863
ATCGCC	1.6897245990268195
ATCGCG	0.7787588697613333
ATCGGC	1.5575177395226667
ATCGGG	2.422667752291321
ATGCCC	0.5632415330089398
ATGCCG	0.7787588697613333
ATGCGC	0.3893794348806667
ATGCGG	0.0
ATGGCC	1.5575177395226667
ATGGCG	0.0
ATGGGC	3.230223669721761
ATGGGG	0.0
CGATGC	0.7787588697613333
CGATGG	0.0
CGAACC	1.2574844275209105
CGAACG	0.2897741892621635
AACCCC	1.2800122138949965
AACCCG	0.4191614758403035
AACCGC	0.9780434436273748
AACCGG	0.2897741892621635
CGAGCT	1.9468971744033339
CGAGCA	1.738645135572981
CGAGGT	0.8075559174304405
CGAGGA	1.8029369835285627
CGAGTC	0.0
CGAGTG	0.0
CGAGAC	0.5795483785243271
CGAGAG	1.2019579890190417
CGATCC	0.9387358883482332
CGATCG	0.3893794348806668
AACGCC	0.2794409838935356
AACGCG	0.0
AACGGC	0.8693225677864904
AACGGG	0.0
AAGCCC	1.8163663953079818
AAGCCG	0.8693225677864904
AAGCGC	0.579548378524327
AAGCGG	0.0
CGACCT	1.501977421357173
CGACCA	0.5588819677870714
CGACGT	0.3893794348806668
CGACGA	0.579548378524327
CGACTC	1.1264830660178797
CGACTG	0.3893794348806668
CGACAC	0.4191614758403036
CGACAG	0.28977418926216353
AAGGCC	1.738645135572981
AAGGCG	0.6009789945095207
AAGGGC	0.6009789945095207
AAGGGG	0.0
CTGCGG	1.6268783704676124
CTGCGC	0.0
CTGCCG	1.1766485146834869
CTGCCC	1.7020347092191157
CTCGGG	0.0
CTCGGC	0.39221617156116234
CTCGCG	0.39221617156116234
CTCGCC	0.3782299353820257
CTCCGG	1.5688646862446494
CTCCGC	0.18911496769101285
CTCCCG	0.18911496769101288
CTCCCC	1.0030417141817238
CGAGGG	1.2554845475757546
CGAGGC	3.0267864619948455
CGAGCG	0.605357292398969
CGAGCC	1.1675410969197906
AGGGGG	0.0
AGGGGC	2.510969095151509
AGGGCG	0.0
AGGGCC	1.210714584797938
CCCGAG	1.1675410969197904
CCCGAC	0.422215182911226
CCCGTG	0.0
CCCGTC	0.37822993538202576
CCCGGA	0.2918852742299476
CCCGGT	0.7844323431223248
ACGGGG	0.0
ACGGGC	0.0
CCCGCA	0.562953577214968
CCCGCT	0.18911496769101288
ACGGCG	1.210714584797938
ACGGCC	0.8756558226898428
CAGCGG	0.605357292398969
CAGCGC	0.8756558226898428
CAGCCG	1.459426371149738
CAGCCC	2.251814308859872
CACGGG	0.605357292398969
CACGGC	0.5837705484598952
CACGCG	0.0
CACGCC	0.281476788607484
CACCGG	0.5837705484598952
CACCGC	0.562953577214968
CACCCG	0.422215182911226
CACCCC	1.085757857895433
CTGGGG	0.0
CTGGGC	0.8134391852338062
CTGGCG	0.8134391852338063
CTGGCC	1.5688646862446496
GCCCGA	2.0431969196096333
GCCCGT	0.3922161715611624
CCCAGG	1.459426371149738
CCCAGC	0.985168760126194
GCCCCA	0.985168760126194
GCCCCT	0.37822993538202576
CCCACG	0.985168760126194
CCCACC	1.085757857895433
CGTGGG	0.0
CGTGGC	0.8134391852338063
CGTGCG	0.0
CGTGCC	0.3922161715611624
CAGGGG	0.0
CAGGGC	1.2107145847979377
CAGGCG	0.605357292398969
CAGGCC	1.7513116453796855
GCCGGA	3.026786461994845
GCCGGT	0.0
ACGCGG	0.605357292398969
ACGCGC	0.0
GCCGCA	1.459426371149738
GCCGCT	1.176648514683487
ACGCCG	0.2918852742299476
ACGCCC	0.140738394303742
CGTCGG	0.8134391852338063
CGTCGC	1.5688646862446496
CGTCCG	0.3922161715611624
CGTCCC	0.37822993538202576
GCCCAG	0.5837705484598952
GCCCAC	0.985168760126194
GCCCTG	1.176648514683487
GCCCTC	1.891149676910129
GCCAGG	1.210714584797938
GCCAGC	2.0431969196096333
GCCACG	0.5837705484598953
GCCACC	1.266645548733678
CGGAGG	2.5109690951515082
CGGAGC	3.632143754393813
CGGACG	0.605357292398969
CGGACC	0.2918852742299476
GCCTGG	2.440317555701419
GCCTGC	1.9610808578058119
GCCTCG	0.3922161715611624
GCCTCC	1.3238047738370902
GCCGAG	1.8160718771969069
GCCGAC	0.29188527422994764
GCCGTG	0.0
GCCGTC	1.176648514683487
GCGCAG	0.605357292398969
GCGCAC	0.0
GCGCTG	0.0
GCGCTC	0.0
GCGCGA	0.0
GCGCGT	0.0
ACCGGG	0.605357292398969
ACCGGC	0.2918852742299476
GCGCCA	0.0
GCGCCT	0.7844323431223247
ACCGCG	0.2918852742299476
ACCGCC	0.985168760126194
CGGTGG	0.0
CGGTGC	0.8134391852338062
CGGTCG	0.8134391852338063
CGGTCC	0.0
CGGCCA	0.5837705484598952
CGGCCT	1.1766485146834869
AGGCGG	1.2554845475757541
AGGCGC	0.6053572923989688
CGGGAG	0.0
CGGGAC	0.6053572923989688
CGGGTG	0.0
CGGGTC	1.6268783704676124
CGGGGA	1.2554845475757541
CGGGGT	0.0
AGGCCG	0.0
AGGCCC	0.8756558226898428
CGGGCA	0.0
CGGGCT	0.0
CCCTGG	1.176648514683487
CCCTGC	0.5673449030730386
GCGGGA	0.0
GCGGGT	1.6870372923179058
CCCTCG	0.18911496769101288
CCCTCC	0.9118561038015672
GCGGCA	0.605357292398969
GCGGCT	0.0
AGCGGG	1.2554845475757546
AGCGGC	0.0
CGGCAG	0.0
CGGCAC	0.0
CGGCTG	0.8134391852338062
CGGCTC	1.5688646862446494
CGGCGA	0.605357292398969
CGGCGT	0.8134391852338063
AGCGCG	0.0
AGCGCC	0.29188527422994764
GCGAGG	1.2554845475757541
GCGAGC	0.6053572923989688
GCGACG	0.0
GCGACC	0.2918852742299476
CGCAGG	1.8160718771969069
CGCAGC	0.5837705484598953
CGCACG	0.0
CGCACC	0.0
GCGTGG	1.6870372923179058
GCGTGC	0.0
GCGTCG	0.0
GCGTCC	0.3922161715611624
GCGGAG	1.2554845475757541
GCGGAC	0.6053572923989688
GCGGTG	3.3740745846358116
GCGGTC	1.6268783704676124
GCACGG	0.0
GCACGC	0.0
GCACCG	0.0
GCACCC	0.0
CGCTGG	0.8134391852338063
CGCTGC	0.0
CGCTCG	0.0
CGCTCC	0.18911496769101288
GCTGGG	1.6870372923179062
GCTGGC	2.440317555701419
GCTGCG	0.0
GCTGCC	0.7844323431223248
GCTCGG	1.6268783704676126
GCTCGC	0.0
GCTCCG	0.7844323431223248
GCTCCC	0.37822993538202576
GCAGGG	1.2554845475757546
GCAGGC	2.4214291695958763
GCAGCG	1.210714584797938
GCAGCC	2.335082193839581
CGCGAG	0.0
CGCGAC	0.0
CGCGTG	0.0
CGCGTC	0.0
CGCGGA	0.0
CGCGGT	2.440317555701419
AGCCGG	3.6321437543938138
AGCCGC	2.626967468069529
CGCGCA	0.2918852742299476
CGCGCT	0.3922161715611624
AGCCCG	0.8756558226898429
AGCCCC	0.9851687601261941
GGCCCA	1.1675410969197904
GGCCCT	1.176648514683487
CGACGG	0.605357292398969
CGACGC	0.5837705484598953
CGCCAG	1.1675410969197904
CGCCAC	0.281476788607484
CGCCTG	0.7844323431223248
CGCCTC	0.7564598707640515
CGCCGA	0.2918852742299476
CGCCGT	0.7844323431223248
CGACCG	0.0
CGACCC	0.28147678860748404
CGCCCA	0.140738394303742
CGCCCT	2.4584945799831677
CCCCAG	1.1259071544299362
CCCCAC	0.6785986611846457
GGCGGA	1.2554845475757543
GGCGGT	3.3740745846358124
CCCCTG	1.512919741528103
CCCCTC	0.7294848830412538
GGCGCA	0.0
GGCGCT	1.6268783704676126
CCCCGA	0.5629535772149681
CCCCGT	0.3782299353820259
GGCCAG	0.605357292398969
GGCCAC	0.8756558226898429
GGCCTG	2.440317555701419
GGCCTC	0.7844323431223248
GGCCGA	1.210714584797938
GGCCGT	0.0
CCCCCA	1.1536177240138976
CCCCCT	1.4589697660825078
GGGCCA	0.605357292398969
GGGCCT	1.6268783704676126
GGCAGG	1.2554845475757546
GGCAGC	0.0
GGCACG	0.0
GGCACC	0.29188527422994764
GGCTGG	0.0
GGCTGC	0.0
GGCTCG	0.0
GGCTCC	0.3922161715611624
GGCGAG	0.0
GGCGAC	0.605357292398969
GGCGTG	0.0
GGCGTC	0.8134391852338064
GGGGCA	0.0
GGGGCT	0.0
CCAGGG	2.421429169595876
CCAGGC	1.1675410969197906
CCAGCG	1.1675410969197906
CCAGCC	1.6888607316449042
GGGCAG	1.2554845475757541
GGGCAC	0.6053572923989688
GGGCTG	0.0
GGGCTC	0.0
GGGCGA	1.2554845475757541
GGGCGT	0.0
GGGTGG	0.0
GGGTGC	0.0
GGGTCG	0.0
GGGTCC	2.4403175557014185
CCACGG	1.1675410969197904
CCACGC	0.422215182911226
CCACCG	0.844430365822452
CCACCC	1.0178979917769684
GGGGAG	2.603820039823115
GGGGAC	1.2554845475757543
GGGGTG	0.0
GGGGTC	0.0
GGGGGA	0.0
GGGGGT	0.0
GGACGG	0.0
GGACGC	0.6053572923989688
GGACCG	0.605357292398969
GGACCC	0.2918852742299476
GGTGGG	0.0
GGTGGC	0.0
GGTGCG	0.0
GGTGCC	0.0
GGTCGG	3.3740745846358124
GGTCGC	1.6268783704676126
GGTCCG	0.0
GGTCCC	0.0
GGGAGG	5.207640079646229
GGGAGC	0.0
GGGACG	0.0
GGGACC	0.0
GTGCGG	0.0
GTGCGC	0.8134391852338063
GTGCCG	0.0
GTGCCC	0.3922161715611624
GTCGGG	0.0
GTCGGC	0.0
GTCGCG	0.8134391852338063
GTCGCC	1.9610808578058119
GTCCGG	0.0
GTCCGC	0.0
GTCCCG	0.3922161715611624
GTCCCC	0.18911496769101288
GGAGGG	2.6038200398231153
GGAGGC	2.510969095151509
GGAGCG	3.7664536427272632
GGAGCC	6.658930216388659
GACGGG	0.0
GACGGC	0.0
GACGCG	0.0
GACGCC	0.5837705484598953
CCTGGG	0.8134391852338064
CCTGGC	1.9610808578058123
CCTGCG	0.7844323431223249
CCTGCC	1.7020347092191166
GACCGG	1.8160718771969069
GACCGC	0.29188527422994764
GACCCG	0.0
GACCCC	1.1259071544299362
GTGGGG	0.0
GTGGGC	1.6870372923179058
GTGGCG	0.0
GTGGCC	0.0
TCCCGG	0.0
TCCCGC	0.18911496769101285
TCCCCG	0.18911496769101288
TCCCCC	1.0942273245618805
CCTCGG	0.3922161715611624
CCTCGC	0.0
CCTCCG	0.5673449030730386
CCTCCC	1.1854129349420373
GAGGGG	7.811460119469346
GAGGGC	1.2554845475757546
GAGGCG	0.0
GAGGCC	2.421429169595876
GAGCGG	2.5109690951515082
GAGCGC	0.0
GAGCCG	3.0267864619948446
GAGCCC	2.0431969196096333
TCGGGG	1.6870372923179058
TCGGGC	0.8134391852338062
TCGGCG	0.8134391852338063
TCGGCC	1.176648514683487
CCGAGG	1.210714584797938
CCGAGC	1.4594263711497382
CCGACG	0.29188527422994764
CCGACC	0.28147678860748404
TCGCGG	0.8134391852338062
TCGCGC	0.7844323431223247
TCGCCG	0.39221617156116234
TCGCCC	1.7020347092191157
TCCGGG	1.6268783704676124
TCCGGC	0.39221617156116234
TCCGCG	0.39221617156116234
TCCGCC	0.9455748384550643
TGGCGG	1.6870372923179062
TGGCGC	0.8134391852338063
TGGCCG	0.0
TGGCCC	1.5688646862446496
CCGTGG	0.0
CCGTGC	0.3922161715611624
CCGTCG	1.176648514683487
CCGTCC	0.9455748384550645
TGCGGG	0.0
TGCGGC	1.6268783704676126
TGCGCG	0.8134391852338063
TGCGCC	0.3922161715611624
TGCCGG	0.8134391852338063
TGCCGC	0.3922161715611624
TGCCCG	1.176648514683487
TGCCCC	0.5673449030730386
TGGGGG	0.0
TGGGGC	3.3740745846358116
TGGGCG	0.0
TGGGCC	1.6268783704676126
CCGGAG	1.210714584797938
CCGGAC	0.5837705484598953
CCGGTG	0.8134391852338063
CCGGTC	0.0
CCGGGA	0.0
CCGGGT	2.440317555701419
CCGGCA	0.2918852742299476
CCGGCT	0.7844323431223248
ACCCGG	0.2918852742299476
ACCCGC	0.0
ACCCCG	0.844430365822452
ACCCCC	1.3571973223692912
CCGCAG	0.8756558226898428
CCGCAC	0.562953577214968
CCGCTG	0.7844323431223248
CCGCTC	0.18911496769101288
CCGCGA	0.8756558226898428
CCGCGT	0.0
CCGCCA	0.422215182911226
CCGCCT	0.7564598707640515
CCCGGG	0.6097674873972743
CCCGGC	0.0
CCCGCG	0.588023478069074
CCCGCC	0.1417637123604027
GCCCGG	0.6097674873972743
GCCCGC	0.294011739034537
GCCCCG	0.294011739034537
GCCCCC	0.9923459865228189
GCCGGG	1.2646310991110072
GCCGGC	1.2195349747945485
GCCGCG	1.2195349747945485
GCCGCC	1.176046956138148
GCGCGG	0.0
GCGCGC	0.6097674873972743
GCGCCG	0.0
GCGCCC	0.8820352171036108
CGGCCG	2.4390699495890966
CGGCCC	0.0
CGGGGG	0.0
CGGGGC	0.0
CGGGCG	0.0
CGGGCC	2.439069949589097
GCGGGG	0.0
GCGGGC	1.2646310991110068
GCGGCG	0.0
GCGGCC	1.2195349747945485
CGGCGG	0.0
CGGCGC	0.6097674873972743
CGCGGG	1.2646310991110072
CGCGGC	0.6097674873972743
CGCGCG	0.0
CGCGCC	0.294011739034537
GGCCCG	0.6097674873972743
GGCCCC	1.176046956138148
CGCCGG	0.6097674873972743
CGCCGC	0.294011739034537
CGCCCG	0.8820352171036109
CGCCCC	0.4252911370812081
GGCGGG	0.0
GGCGGC	0.0
GGCGCG	0.0
GGCGCC	1.2195349747945485
GGCCGG	0.0
GGCCGC	1.829302462191823
CCGGCG	0.0
CCGGCC	0.294011739034537
CCGCCG	0.8820352171036109
CCGCCC	0.9923459865228189
GGGGCG	7.868368762977751
GGGGCC	1.2646310991110072
GGGGGG	0.0
GGGGGC	0.0
GGGCCG	1.264631099111007
GGGCCC	3.0488374369863713
CCGGGG	0.0
CCGGGC	1.2195349747945485
GGGCGG	2.622789587659249
GGGCGC	1.2646310991110068
CCCCGG	0.5880234780690741
CCCCGC	0.8505822741624163
CCGCGG	1.829302462191823
CCGCGC	0.0
CCCCCG	0.8505822741624163
CCCCCC	1.5037933675040418
